classificacao,cidade,id_lote,codigo_legado,nome_legado,nome_oficial,logradouro_legado,endereco_oficial,unidades_sobrepostas,total_unidades_legado,total_unidades_geo,qtd_lotes,qtd_codigos
AUTO_ALIAS_1A1_TOTAIS_IGUAIS,goiania,143682,6177,ABI FAICAL I,,AV INES PEREIRA DE MARIA,"AV INES PEREIRA DE MARIA  CASA 01 , BAIRRO JD SÃO JOSÉ",2,2,2,1,1
AUTO_ALIAS_1A1_TOTAIS_IGUAIS,goiania,154671,1475,ADELINO ALVES II,,R  FV28,"R FV28  CASA 01 , BAIRRO RES FORTE VILLE - EXTENSÃO",2,2,2,1,1
AUTO_ALIAS_1A1_TOTAIS_IGUAIS,goiania,259850,10806,AFONSO MENDES II,,R  RB13,"R RB13 CASA01 , BAIRRO RES RECANTO DO BOSQUE",2,2,2,1,1
AUTO_ALIAS_1A1_TOTAIS_IGUAIS,goiania,130757,5950,AGC-HORTENCIAS,,R  DAS HORTENCIAS,"R DAS HORTENSIAS  CASA 01 , BAIRRO BRO JARDIM BOTÂNICO",3,3,3,1,1
AUTO_ALIAS_1A1_TOTAIS_IGUAIS,goiania,292675,6391,AGNELO CANDIDO PEREIRA,,R  OM23,"R OM23 C-1 , BAIRRO RES ORLANDO DE MORAIS",4,4,4,1,1
AUTO_ALIAS_1A1_TOTAIS_IGUAIS,goiania,107355,5412,AGP PEIXOTO,,R  CRP9,"R CRP9  CASA02 , BAIRRO RES PRIMAVERA",2,2,2,1,1
AUTO_ALIAS_1A1_TOTAIS_IGUAIS,goiania,140058,6100,AG´REZIO I,,R  JOSE ERNESTO MORAES,"R JOSE ERNESTO MORAES  CASA 01 , BAIRRO RES BUENA VISTA IV",2,2,2,1,1
AUTO_ALIAS_1A1_TOTAIS_IGUAIS,goiania,258790,1227,AGUAS CLARAS,,AV HORACIO COSTA SILVA,"AV HORACIO COSTA SILVA CASA 01 , BAIRRO JD BALNEÁRIO MEIA PONTE",2,2,2,1,1
AUTO_ALIAS_1A1_TOTAIS_IGUAIS,goiania,346115,4895,AGUIAR RESIDENCE I,,R  AB13,"R AB13 CASA 01 , BAIRRO RES ALICE BARBOSA",2,2,2,1,1
AUTO_ALIAS_1A1_TOTAIS_IGUAIS,goiania,345863,6234,A.J.B VIII,,R  OM24,"R OM24 CASA 01 , BAIRRO RES ORLANDO DE MORAIS",2,2,2,1,1
AUTO_ALIAS_1A1_TOTAIS_IGUAIS,goiania,300443,6236,ALASCA IV,,R  SH5,"R SH5 CASA 01 , BAIRRO BRO SANTO HILÁRIO - EXPANSÃO",2,2,2,1,1
AUTO_ALIAS_1A1_TOTAIS_IGUAIS,goiania,273485,7069,ALASCA VII,,R  PEDRO BRANT,"R PEDRO BRANT CASA 01 , BAIRRO BRO SANTO HILÁRIO - EXPANSÃO",2,2,2,1,1
AUTO_ALIAS_1A1_TOTAIS_IGUAIS,goiania,156730,5949,ALBUQUERQUE AGUIAR,,R  ARMINDA MARIA DE LIMA,"R ARMINDA MARIA DE LIMA  CASA 01 , BAIRRO RES KÁTIA",2,2,2,1,1
AUTO_ALIAS_1A1_TOTAIS_IGUAIS,goiania,51095,5819,ALCANTOS REIS,,R  SANTA LUZIA,"R SANTA LUZIA LT 04A . , BAIRRO JD NOVA ESPERANÇA",2,2,2,1,1
AUTO_ALIAS_1A1_TOTAIS_IGUAIS,goiania,137853,1688,ALCIVANDO GONCALVES,,R  CON JOSE TRINDADE DA F.E SILVA,"R CON JOSE TRINDADE DA F.E SILVA  CASA 01 , BAIRRO JD SÃO JOSÉ",2,2,2,1,1
AUTO_ALIAS_1A1_TOTAIS_IGUAIS,goiania,14393,1850,ALDO SALATIEL SILVA IV,,R  ELMIRO CESAR DE OLIVEIRA,"R ELMIRO CESAR DE OLIVEIRA CASA 01 , BAIRRO S ESTRELA DALVA",2,2,2,1,1
AUTO_ALIAS_1A1_TOTAIS_IGUAIS,goiania,15712,11083,ALDO SALATIEL SILVA V,,R  ELMIRO CESAR DE OLIVEIRA,"R ELMIRO CESAR DE OLIVEIRA CASA 01 , BAIRRO S ESTRELA DALVA",2,2,2,1,1
AUTO_ALIAS_1A1_TOTAIS_IGUAIS,goiania,312257,5782,ALESSANDRA J.N.P,,R  SANTA RITA,"SOB 01 , BAIRRO RES CLEA BORGES",2,2,2,1,1
AUTO_ALIAS_1A1_TOTAIS_IGUAIS,goiania,357809,5385,ALEXANDRE O GRANDE,,R  SR39,"R SR39 CASA 01 , BAIRRO RES PAULO ESTRELA",3,3,3,1,1
AUTO_ALIAS_1A1_TOTAIS_IGUAIS,goiania,172779,1533,ALEX MENDES III,,R  ILHEUS,"R ILHEUS  CASA 01 , BAIRRO RES CAMPOS DOURADOS",2,2,2,1,1
AUTO_ALIAS_1A1_TOTAIS_IGUAIS,goiania,156438,2032,ALEX MENESES DA COSTA I,,R  RV10,"R RV10  CASA 01 , BAIRRO RES RIO VERDE",2,2,2,1,1
AUTO_ALIAS_1A1_TOTAIS_IGUAIS,goiania,392111,11487,ALICE BARBOSA,,R  AB12,"R AB12 CASA 01 , BAIRRO RES ALICE BARBOSA",2,2,2,1,1
AUTO_ALIAS_1A1_TOTAIS_IGUAIS,goiania,389165,6041,ALICE DIAMOND RESIDENCE,,R  AB8,"R AB8 CASA 01 , BAIRRO RES ALICE BARBOSA",2,2,2,1,1
AUTO_ALIAS_1A1_TOTAIS_IGUAIS,goiania,312992,10228,ALICE DIAMOND RESIDENCE II,,R  AB2,"R AB2 CASA 01 , BAIRRO RES ALICE BARBOSA",2,2,2,1,1
AUTO_ALIAS_1A1_TOTAIS_IGUAIS,goiania,97299,2009,ALISON 4,,AL ANICUNS,"AL ANICUNS  CASA01 , BAIRRO RES CIDADE VERDE",2,2,2,1,1
AUTO_ALIAS_1A1_TOTAIS_IGUAIS,goiania,276566,2261,ALMEIDA RORIZ II,,AV DR. JOSE NETO CARNEIRO,"AV DR. JOSE NETO CARNEIRO CASA 01 , BAIRRO S CRIMÉIA LESTE",3,3,3,1,1
AUTO_ALIAS_1A1_TOTAIS_IGUAIS,goiania,319941,1690,ALOISIO PEREIRA 15,,R  CARVALHO RAMOS,"R CARVALHO RAMOS CASA 01 , BAIRRO PRQ DAS AMENDOEIRAS",2,2,2,1,1
AUTO_ALIAS_1A1_TOTAIS_IGUAIS,goiania,81902,1604,ALOYSIO TELES CARDOSO I,,R  JR10,"R JR10  CASA 01 , BAIRRO JD REAL",3,3,3,1,1
AUTO_ALIAS_1A1_TOTAIS_IGUAIS,goiania,59142,2004,ALTO DO ORIENTE I,,R  RB15,"R RB15 LT 19 CS 01 , BAIRRO S ALTO DO VALE",4,4,4,1,1
AUTO_ALIAS_1A1_TOTAIS_IGUAIS,goiania,178649,6939,ALVES DE ALMEIDA,,R  I-12,"R I-12  CASA 01 , BAIRRO JD IPANEMA",2,2,2,1,1
AUTO_ALIAS_1A1_TOTAIS_IGUAIS,goiania,291148,7147,ALVES DOS REIS I,,R  JI2,"R JI2 C-1 , BAIRRO JD IPÊ",2,2,2,1,1
AUTO_ALIAS_1A1_TOTAIS_IGUAIS,goiania,77785,10111,ALVES FERREIRA IV,,R  CC1,"R CC1 CASA 01 , BAIRRO RES CARLA CRISTINA",2,2,2,1,1
AUTO_ALIAS_1A1_TOTAIS_IGUAIS,goiania,136299,2027,ALVES LEANDRO,,R  JUCA RODRIGUES,"R JUCA RODRIGUES  CASA 01 , BAIRRO RES BUENA VISTA III",3,3,3,1,1
AUTO_ALIAS_1A1_TOTAIS_IGUAIS,goiania,322938,8637,AMADEUS SANTOS I,,R  ACP08,"R ACP08 CASA 02 , BAIRRO RES ANTONIO CARLOS PIRES",2,2,2,1,1
AUTO_ALIAS_1A1_TOTAIS_IGUAIS,goiania,18369,5117,AMARAL 02-03/16,,R  11,"R 11 CASA 01 , BAIRRO S ESTRELA DALVA",2,2,2,1,1
AUTO_ALIAS_1A1_TOTAIS_IGUAIS,goiania,368748,6997,AMARAL-53,,R  BM1,"R BM1 CASA 01 , BAIRRO RES BRISAS DA MATA",2,2,2,1,1
AUTO_ALIAS_1A1_TOTAIS_IGUAIS,goiania,368925,6996,AMARAL-54,,R  BM1,"R BM1 C-1 , BAIRRO RES BRISAS DA MATA",2,2,2,1,1
AUTO_ALIAS_1A1_TOTAIS_IGUAIS,goiania,16418,7238,AMARAL II,,R  FERRARI,"R FERRARI CASA 01 , BAIRRO S ESTRELA DALVA",2,2,2,1,1
AUTO_ALIAS_1A1_TOTAIS_IGUAIS,goiania,30582,6529,AMARAL-TIRIRICA,,R  TIRIRICA,"R TIRIRICA LT 09 CS 01/02' , BAIRRO S PARQUE TREMENDÃO",2,2,2,1,1
AUTO_ALIAS_1A1_TOTAIS_IGUAIS,goiania,232935,6149,AMAZONIA I,,R  TIPITI,"R TIPITI  CASA 01 , BAIRRO PRQ AMAZÔNIA",2,2,2,1,1
AUTO_ALIAS_1A1_TOTAIS_IGUAIS,goiania,272668,8313,AMELIA,,R  9,"R 9 CASA 01 , BAIRRO RES PAULO ESTRELA",2,2,2,1,1
AUTO_ALIAS_1A1_TOTAIS_IGUAIS,goiania,105885,5416,AMELIANA CASTRO VI,,R  MARIA ISABEL DE FREITAS,"R MARIA ISABEL DE FREITAS  CASA 02 , BAIRRO RES ANA MORAES",2,2,2,1,1
AUTO_ALIAS_1A1_TOTAIS_IGUAIS,goiania,273102,5869,AMENDOEIRA PARQUE,,R  VIEIRA DA CUNHA,"R VIEIRA DA CUNHA S/N     AP 101 , BAIRRO PRQ DAS AMENDOEIRAS",4,4,4,1,1
AUTO_ALIAS_1A1_TOTAIS_IGUAIS,goiania,28082,1107,AMISTAD III,,R  JH37,"R JH37 CASA01 , BAIRRO S PARQUE TREMENDÃO",16,16,16,1,1
AUTO_ALIAS_1A1_TOTAIS_IGUAIS,goiania,48664,2199,ANADIR ROSA PIRES,,R  SN4,"R SN4 LT 24 CASA 01 , BAIRRO S NOROESTE",3,3,3,1,1
AUTO_ALIAS_1A1_TOTAIS_IGUAIS,goiania,333734,5775,ANA LUIZA DA CUNHA,,R  ANNA LUIZA DA CUNHA,"R ANNA LUIZA DA CUNHA SOBRADO 01 , BAIRRO RES VALE DO ARAGUAIA",2,2,2,1,1
AUTO_ALIAS_1A1_TOTAIS_IGUAIS,goiania,159538,1777,ANA LUIZA XV,,AL HERMINIO COELHO DE MORAES,"AL HERMINIO COELHO DE MORAES  CASA 01 , BAIRRO RES RIO VERDE",2,2,2,1,1
AUTO_ALIAS_1A1_TOTAIS_IGUAIS,goiania,62063,5427,ANA SOARES II,,R  E1,"R E1  CASA 01 , BAIRRO VL LUCY",2,2,2,1,1
AUTO_ALIAS_1A1_TOTAIS_IGUAIS,goiania,80404,5604,ANDRADE & LEMOS II,,AV PERIMETRAL OESTE,"AV PERIMETRAL OESTE CASA-01 , BAIRRO JD BONANZA",2,2,2,1,1
AUTO_ALIAS_1A1_TOTAIS_IGUAIS,goiania,172689,2144,ANDRADE MARTINS II,,R  DIAMANTINA,"R DIAMANTINA  CASA 01 , BAIRRO RES CAMPOS DOURADOS",3,3,3,1,1
AUTO_ALIAS_1A1_TOTAIS_IGUAIS,goiania,193243,10286,ANDREA BRASILEIRO,,R  GENERAL OSORIO,"R GENERAL OSORIO  SOB 01 , BAIRRO PRQ ANHANGÜERA",2,2,2,1,1
AUTO_ALIAS_1A1_TOTAIS_IGUAIS,goiania,167973,1821,ANGELICO FERNANDES,,R  AC8,"R AC8  CASA 01 , BAIRRO RES ANA CLARA",2,2,2,1,1
AUTO_ALIAS_1A1_TOTAIS_IGUAIS,goiania,237333,4556,ANNE CAROLINE,,R  T37,"R T37 S/N     SOBRADO 01 , BAIRRO S BUENO",3,3,3,1,1
AUTO_ALIAS_1A1_TOTAIS_IGUAIS,goiania,362162,1555,ANTONIA BORGES I,,R  PETROLINA,"R PETROLINA CASA 01 , BAIRRO S LESTE UNIVERSITÁRIO",2,2,2,1,1
AUTO_ALIAS_1A1_TOTAIS_IGUAIS,goiania,137321,2042,ANTONINO XIX,,R  PE NELSON ANTONINO,"R PE NELSON ANTONINO  CASA 01 , BAIRRO JD SÃO JOSÉ",2,2,2,1,1
AUTO_ALIAS_1A1_TOTAIS_IGUAIS,goiania,128833,1876,ANTONIO AMARAL IV,,R  SM28,"R SM28  CASA 01 , BAIRRO RES SÃO MARCOS",2,2,2,1,1
AUTO_ALIAS_1A1_TOTAIS_IGUAIS,goiania,256822,1977,ANTONIO DE MEDEIROS,,R  JOSE G BAILAO,"R JOSE G BAILAO CASA 01 , BAIRRO S CRIMÉIA LESTE",2,2,2,1,1
AUTO_ALIAS_1A1_TOTAIS_IGUAIS,goiania,224002,6861,AQUARIOS 09,,R  DOURADO,"R DOURADO  CASA 01 , BAIRRO RES AQUÁRIOS",2,2,2,1,1
AUTO_ALIAS_1A1_TOTAIS_IGUAIS,goiania,342960,1900,AQUINO DO BOSQUE,,R  RB11,"R RB11 CASA 01 , BAIRRO RES RECANTO DO BOSQUE",2,2,2,1,1
AUTO_ALIAS_1A1_TOTAIS_IGUAIS,goiania,105407,5402,ARIELA V,,VIA3 VIA,"VIATERCEIRA  C-1 , BAIRRO CH MARINGÁ",2,2,2,1,1
AUTO_ALIAS_1A1_TOTAIS_IGUAIS,goiania,81572,6302,ARIELA VI,,R  DO PRADO,"R DO PRADO C-1 , BAIRRO S BARRA DA TIJUCA",3,3,3,1,1
AUTO_ALIAS_1A1_TOTAIS_IGUAIS,goiania,148394,10478,ASA DELTA,,R  C226,"R C226  SOB 01 , BAIRRO BRO JARDIM AMÉRICA",2,2,2,1,1
AUTO_ALIAS_1A1_TOTAIS_IGUAIS,goiania,160841,5719,ASSIS COSTA-PLACE,,AV EF9,"AV EF9  LOJA 01 , BAIRRO JD ELI FORTE - COMPLEMENTO",2,2,2,1,1
AUTO_ALIAS_1A1_TOTAIS_IGUAIS,goiania,194956,5892,ATLANTICO I,,R  CARAMURU,"R CARAMURU  SOBRADO 001 , BAIRRO PRQ ANHANGÜERA",2,2,2,1,1
AUTO_ALIAS_1A1_TOTAIS_IGUAIS,goiania,188600,9370,ATLANTICO SUL I,,R  DO XAREU,"R DO XAREU  CASAS 01 , BAIRRO JD ATLÂNTICO",2,2,2,1,1
AUTO_ALIAS_1A1_TOTAIS_IGUAIS,goiania,385689,6064,ATLANTIDA,,R  RB15,"R RB15 S/N C-01 , BAIRRO RES RECANTO DO BOSQUE",2,2,2,1,1
AUTO_ALIAS_1A1_TOTAIS_IGUAIS,goiania,140203,1680,AVE CANTA PASSARO GORJEIA,,R  MARIA LUIZA DOS ANJOS,"R MARIA LUIZA DOS ANJOS  CASA 01 , BAIRRO JD SÃO JOSÉ",2,2,2,1,1
AUTO_ALIAS_1A1_TOTAIS_IGUAIS,goiania,39603,9304,AVELINO REIS,,R  VME,"R VME CASA 01 , BAIRRO VL MUTIRÃO I",2,2,2,1,1
AUTO_ALIAS_1A1_TOTAIS_IGUAIS,goiania,128824,5816,AX GODOY RESIDENCE II,,R  SM18,"R SM18  CASA 01 , BAIRRO RES SÃO MARCOS",2,2,2,1,1
AUTO_ALIAS_1A1_TOTAIS_IGUAIS,goiania,94411,10840,BALDUINO,,AL ANICUNS,"AL ANICUNS  CASA01 , BAIRRO RES CIDADE VERDE",2,2,2,1,1
AUTO_ALIAS_1A1_TOTAIS_IGUAIS,goiania,340393,5875,BALNEARIO III,,R  ALICE BANDEIRA,"R ALICE BANDEIRA CASA02 , BAIRRO JD BALNEÁRIO MEIA PONTE",3,3,3,1,1
AUTO_ALIAS_1A1_TOTAIS_IGUAIS,goiania,173601,1828,BARBARA E NATALIA III,,R  RI10,"R RI10  CASA 01 , BAIRRO RES ITAIPÚ",2,2,2,1,1
AUTO_ALIAS_1A1_TOTAIS_IGUAIS,goiania,18697,2054,BARBO FERREIRA I,,R  19A,"R 19A CASA 01 , BAIRRO S ESTRELA DALVA",2,2,2,1,1
AUTO_ALIAS_1A1_TOTAIS_IGUAIS,goiania,213250,9429,BARROS,,R  VV5,"R VV5  SOBRADO 01 , BAIRRO VLG VENEZA",2,2,2,1,1
AUTO_ALIAS_1A1_TOTAIS_IGUAIS,goiania,200266,6867,BARROS E SILVA I,,R  PRESIDENTE EPITACIO PESSOA,"R PRESIDENTE EPITACIO PESSOA  CASA 01 , BAIRRO JD PRESIDENTE - EXTENSÃO",2,2,2,1,1
AUTO_ALIAS_1A1_TOTAIS_IGUAIS,goiania,312181,5954,BATISTA OLIVEIRA I,,R  MP5,"R MP5 CASA 02 , BAIRRO RES MAR DEL PLATA",2,2,2,1,1
AUTO_ALIAS_1A1_TOTAIS_IGUAIS,goiania,371558,8735,BELO HORIZONTE I,,R  SR2,"R SR2 CASA 01 , BAIRRO RES BELO HORIZONTE",2,2,2,1,1
AUTO_ALIAS_1A1_TOTAIS_IGUAIS,goiania,363613,13966,BELO HORIZONTE II,,R  SR2,"R SR2 CASA 01 , BAIRRO RES BELO HORIZONTE",2,2,2,1,1
AUTO_ALIAS_1A1_TOTAIS_IGUAIS,goiania,12363,13784,BETEL,,R  C88,"R C88  CASA 01 , BAIRRO S SUDOESTE",2,2,2,1,1
AUTO_ALIAS_1A1_TOTAIS_IGUAIS,goiania,132708,2096,BLIAN KENNETH,,R  ELO3,"R ELO3  CASA 01 , BAIRRO PRQ ELDORADO OESTE",3,3,3,1,1
AUTO_ALIAS_1A1_TOTAIS_IGUAIS,goiania,181601,6489,BOAZ ESTRLA DE IPANEMA,,R  IMPERIAL,"R IMPERIAL  CASA 01 , BAIRRO JD IPANEMA",2,2,2,1,1
AUTO_ALIAS_1A1_TOTAIS_IGUAIS,goiania,259575,591,BOGOTA,,R  8,"R 8 820 AP-503 , BAIRRO S CENTRAL",70,70,70,1,1
AUTO_ALIAS_1A1_TOTAIS_IGUAIS,goiania,221874,268,BOM JESUS,,R  EF30,"R EF25  CASA 01 , BAIRRO RES ELI FORTE - EXTENSÃO",2,2,2,1,1
AUTO_ALIAS_1A1_TOTAIS_IGUAIS,goiania,305468,6390,BORGES SOUZA VERWAEST,,R  ACP01,"R ACP01 C-1 , BAIRRO RES ANTONIO CARLOS PIRES",3,3,3,1,1
AUTO_ALIAS_1A1_TOTAIS_IGUAIS,goiania,190347,8024,BORGHI COSTA,,R  CASTRO ALVES,"R CASTRO ALVES  SOBRADO 01 , BAIRRO VL REZENDE",2,2,2,1,1
AUTO_ALIAS_1A1_TOTAIS_IGUAIS,goiania,172366,1769,BOTELHO E PENACHIO,,R  RI3,"R RI3  CASA 01 , BAIRRO RES ITAIPÚ",4,4,4,1,1
AUTO_ALIAS_1A1_TOTAIS_IGUAIS,goiania,13780,6255,BOUWER X,,AV OTAVIO LUCIO,"AV OTAVIO LUCIO CASA 01 , BAIRRO S ESTRELA DALVA",2,2,2,1,1
AUTO_ALIAS_1A1_TOTAIS_IGUAIS,goiania,211181,12671,BOVO OLIVEIRA,,R  RPS2,"R RPS6  CASA 02 , BAIRRO RES PORTO SEGURO",2,2,2,1,1
AUTO_ALIAS_1A1_TOTAIS_IGUAIS,goiania,125493,5702,BRANDAO-176,,R  NATAN GUILHERME,"R NATAN GUILHERME  CASA 01 , BAIRRO JD DAS ROSAS",2,2,2,1,1
AUTO_ALIAS_1A1_TOTAIS_IGUAIS,goiania,181141,2116,BRASIL STIVAL,,R  ESPANHA,"R ESPANHA  CASA 01 , BAIRRO S CRISTINA",2,2,2,1,1
AUTO_ALIAS_1A1_TOTAIS_IGUAIS,goiania,327673,5785,BREGOLIN X,,R  BM25,"R BM25 CASA 02 , BAIRRO RES BRISAS DA MATA",2,2,2,1,1
AUTO_ALIAS_1A1_TOTAIS_IGUAIS,goiania,168100,5408,BRENO HENRIQUE ROCHA III,,R  RI-9,"R RI-9  CASA 01 , BAIRRO RES ITAIPÚ",3,3,3,1,1
AUTO_ALIAS_1A1_TOTAIS_IGUAIS,goiania,129151,5424,BUENO TELLES II,,R  CP 48,"R CP 48  CASA 01 , BAIRRO LOT CAROLINA PARQUE - COMPLEMENTO",2,2,2,1,1
AUTO_ALIAS_1A1_TOTAIS_IGUAIS,goiania,324309,6369,C3 PARK RESIDENCE VII,,R  FL47,"R FL47 C-1 , BAIRRO PRQ DAS FLORES",2,2,2,1,1
AUTO_ALIAS_1A1_TOTAIS_IGUAIS,goiania,165682,6343,CAIO BARBOZA RESINDENCE II,,AV RITA CAETANO,"AV RITA CAETANO  CASA 01 , BAIRRO RES SANTA FÉ I",3,3,3,1,1
AUTO_ALIAS_1A1_TOTAIS_IGUAIS,goiania,167284,6230,CAIO DORNELAS I,,R  PARATI,"R PARATI  CASA 01 , BAIRRO RES CAMPOS DOURADOS",2,2,2,1,1
AUTO_ALIAS_1A1_TOTAIS_IGUAIS,goiania,170751,7214,CAIO DORNELAS III,,R  CONGONHAS,"R CONGONHAS  C-1 , BAIRRO RES CAMPOS DOURADOS",2,2,2,1,1
AUTO_ALIAS_1A1_TOTAIS_IGUAIS,goiania,170760,6884,CAIO DORNELAS IV,,R  CONGONHAS,"R CONGONHAS  C-1 , BAIRRO RES CAMPOS DOURADOS",2,2,2,1,1
AUTO_ALIAS_1A1_TOTAIS_IGUAIS,goiania,170756,7274,CAIO DORNELAS VII,,R  PARATI,"R PARATI  CASA 01 , BAIRRO RES CAMPOS DOURADOS",2,2,2,1,1
AUTO_ALIAS_1A1_TOTAIS_IGUAIS,goiania,125750,2031,CAITANO OLIVEIRA,,R  NATAN GUILHERME,"R NATAN GUILHERME  CASA 01 , BAIRRO JD DAS ROSAS",2,2,2,1,1
AUTO_ALIAS_1A1_TOTAIS_IGUAIS,goiania,159143,5714,CAMILO RAMOS V,,R  AGENOR ALVES DE OLIVEIRA,"R AGENOR ALVES DE OLIVEIRA  C-1 , BAIRRO RES KÁTIA",2,2,2,1,1
AUTO_ALIAS_1A1_TOTAIS_IGUAIS,goiania,95314,6938,CAMPOS MARTINS,,R  DAS BANDEIRAS,"R DAS BANDEIRAS  CASA 01 , BAIRRO RES PETRÓPOLIS",2,2,2,1,1
AUTO_ALIAS_1A1_TOTAIS_IGUAIS,goiania,162035,2132,CANDIDO CARLOS II,,R  JAV8,"R JAV8  CASA 01 , BAIRRO JD ALPHAVILLE",2,2,2,1,1
AUTO_ALIAS_1A1_TOTAIS_IGUAIS,goiania,248568,687,CANDIDO PORTINARI,,R  GIOTO,"AV CANDIDO PORTINARI  CORMECIO , BAIRRO S GENTIL MEIRELLES",2,2,2,1,1
AUTO_ALIAS_1A1_TOTAIS_IGUAIS,goiania,158505,1553,CARDOSO DA COSTA II,,R  ALPHA17,"R ALPHA17  CASA 01 , BAIRRO LOT ALPHAVILLE RESIDENCIAL",3,3,3,1,1
AUTO_ALIAS_1A1_TOTAIS_IGUAIS,goiania,219394,6548,CARLOS ALMEIDA DA COSTA I,,R  MDV6,"R MDV6  CASA 1 , BAIRRO LOT MOINHO DOS VENTOS",2,2,2,1,1
AUTO_ALIAS_1A1_TOTAIS_IGUAIS,goiania,153546,1770,CARMELITA MOREIRA I,,R  SRM21,"R SRM 21  CASA 03 , BAIRRO RES VILLAGE SANTA RITA IV",4,4,4,1,1
AUTO_ALIAS_1A1_TOTAIS_IGUAIS,goiania,40901,5553,CARMO FERREIRA SILVA II,,R  JERUSALEM,"R JERUSALEM LT S/N CS 1 , BAIRRO S PARQUE TREMENDÃO",2,2,2,1,1
AUTO_ALIAS_1A1_TOTAIS_IGUAIS,goiania,190526,9092,CAROLINA 2,,AV SAO CARLOS,"AV SAO CARLOS  CASA-01 , BAIRRO JD PLANALTO",2,2,2,1,1
AUTO_ALIAS_1A1_TOTAIS_IGUAIS,goiania,165580,7578,CASA DIOGO & BELMIRO I,,R  LIBERDADE,"R LIBERDADE  CASA 01 , BAIRRO RES SANTA FÉ I",2,2,2,1,1
AUTO_ALIAS_1A1_TOTAIS_IGUAIS,goiania,164311,7953,CASA DIOGO & BELMIRO II,,R  DO LYCEU,"R DO LYCEU  CASA 01 , BAIRRO RES SANTA FÉ",2,2,2,1,1
AUTO_ALIAS_1A1_TOTAIS_IGUAIS,goiania,163486,5888,CASA FACIL 15,,AV MARIA CAROLINA,"AV MARIA CAROLINA  CASA 01 , BAIRRO RES RECANTO DAS EMAS",2,2,2,1,1
AUTO_ALIAS_1A1_TOTAIS_IGUAIS,goiania,163481,7394,CASA FACIL 25,,AV MARIA CAROLINA,"AV MARIA CAROLINA  CASA 01 , BAIRRO RES RECANTO DAS EMAS",2,2,2,1,1
AUTO_ALIAS_1A1_TOTAIS_IGUAIS,goiania,163495,5789,CASA FACIL 4,,R  EMA13,"R EMA13  CASA 01 , BAIRRO RES RECANTO DAS EMAS",2,2,2,1,1
AUTO_ALIAS_1A1_TOTAIS_IGUAIS,goiania,163496,5023,CASA FACIL 5,,R  EMA13,"R EMA13  CASA 01 , BAIRRO RES RECANTO DAS EMAS",2,2,2,1,1
AUTO_ALIAS_1A1_TOTAIS_IGUAIS,goiania,163490,6618,CASA FACIL 8,,R  EMA13,"R EMA13  CASA 01 , BAIRRO RES RECANTO DAS EMAS",2,2,2,1,1
AUTO_ALIAS_1A1_TOTAIS_IGUAIS,goiania,198722,5994,CASTRO CARRIJO,,R  ELCHE,"R ELCHE  CASA 01 , BAIRRO S TRÊS MARIAS",2,2,2,1,1
AUTO_ALIAS_1A1_TOTAIS_IGUAIS,goiania,188927,5811,CASTRO DE QUEIROZ III,,R  DO GOLFINHO,"R DO GOLFINHO  CASA-01 , BAIRRO JD ATLÂNTICO",2,2,2,1,1
AUTO_ALIAS_1A1_TOTAIS_IGUAIS,goiania,1501,1687,CASTRO E MARTINS I,,R  C53,"R C53  CASA01 , BAIRRO S SOL NASCENTE",2,2,2,1,1
AUTO_ALIAS_1A1_TOTAIS_IGUAIS,goiania,107813,7009,CASTRO E SILVA I,,R  CHILE,"R CHILE  CASA 01 , BAIRRO S DAS NAÇÕES",2,2,2,1,1
AUTO_ALIAS_1A1_TOTAIS_IGUAIS,goiania,153528,6178,CASTRO VIEIRA RESIDENCI,,R  DOS DUENDES,"R DOS DUENDES  CASA 01 , BAIRRO RES SANTA FÉ I",2,2,2,1,1
AUTO_ALIAS_1A1_TOTAIS_IGUAIS,goiania,393522,12956,CENTRO COMERCIAL CASELI,,AV ANHANGUERA,"AV ANHANGUERA  SALAS E BOXES , BAIRRO S CAMPINAS",2,2,2,1,1
AUTO_ALIAS_1A1_TOTAIS_IGUAIS,goiania,137839,2214,CEREWUTA MADRE RITA 26,,R  MADRE RITA BRETAS,"R MADRE RITA BRETAS  CASA 01 , BAIRRO JD SÃO JOSÉ",2,2,2,1,1
AUTO_ALIAS_1A1_TOTAIS_IGUAIS,goiania,140019,2135,CEREWUTA PEREIRA BORGES-34,,R  JOSE PEREIRA BORGES,"R JOSE PEREIRA BORGES  CASA 01 , BAIRRO JD SÃO JOSÉ",2,2,2,1,1
AUTO_ALIAS_1A1_TOTAIS_IGUAIS,goiania,137285,2200,CEREWUTA RPM II,,R  RMP11,"R RMP11  CASA 01 , BAIRRO RES MONTE PASCOAL",2,2,2,1,1
AUTO_ALIAS_1A1_TOTAIS_IGUAIS,goiania,158210,1866,CERRADO I,,R  FV36,"R FV36  CASA 01 , BAIRRO RES FIDÉLIS",2,2,2,1,1
AUTO_ALIAS_1A1_TOTAIS_IGUAIS,goiania,9143,2044,CERRADO VERDE I,,R  C45,"R C45  CS 01 , BAIRRO S SUDOESTE",2,2,2,1,1
AUTO_ALIAS_1A1_TOTAIS_IGUAIS,goiania,243701,7381,CESAR AUGUSTO,,R  T39,"R T39  SOBRADO 01 , BAIRRO S BUENO",2,2,2,1,1
AUTO_ALIAS_1A1_TOTAIS_IGUAIS,goiania,160436,1170,CESAR OLIVEIRA,,R  SRM18,"R SRM18  CASA01 , BAIRRO RES VILLAGE SANTA RITA II",2,2,2,1,1
AUTO_ALIAS_1A1_TOTAIS_IGUAIS,goiania,170553,6414,CEZAR V,,R  RI12,"R RI12  CASA 01 , BAIRRO RES ITAIPÚ",3,3,3,1,1
AUTO_ALIAS_1A1_TOTAIS_IGUAIS,goiania,388816,8184,CHAGAS LIMES,,R  JI4,"R JI4 CASA 01 , BAIRRO JD IPÊ",2,2,2,1,1
AUTO_ALIAS_1A1_TOTAIS_IGUAIS,goiania,222271,2043,CHAVES MESQUITA,,R  MDV2,"R MDV2  CASA 01 , BAIRRO LOT MOINHO DOS VENTOS",2,2,2,1,1
AUTO_ALIAS_1A1_TOTAIS_IGUAIS,goiania,95027,1544,CIDADE VERDE XX,,R  4A,"R 4A  CASA 01 , BAIRRO RES CIDADE VERDE",2,2,2,1,1
AUTO_ALIAS_1A1_TOTAIS_IGUAIS,goiania,156086,6150,CJ RES PQ SANTA RITA,,R  SR13,"R SR13  CASA A , BAIRRO PRQ SANTA RITA",2,2,2,1,1
AUTO_ALIAS_1A1_TOTAIS_IGUAIS,goiania,118862,1512,CLECIO ANTONIO II,,R  DA LIBERDADE,"R DA LIBERDADE  CASA 01 , BAIRRO PRQ INDUSTRIAL JOÃO BRAZ",3,3,3,1,1
AUTO_ALIAS_1A1_TOTAIS_IGUAIS,goiania,118691,2210,CLECIO ANTONIO III,,R  DA LIBERDADE,"R DA LIBERDADE  CASA 01 , BAIRRO PRQ INDUSTRIAL JOÃO BRAZ",3,3,3,1,1
AUTO_ALIAS_1A1_TOTAIS_IGUAIS,goiania,168782,1778,CLEICE MACEDO I,,R  W20,"R W20  CASA 01 , BAIRRO JD ITAIPÚ",2,2,2,1,1
AUTO_ALIAS_1A1_TOTAIS_IGUAIS,goiania,127209,4384,C´MORAIS FILHO RESIDENCE VIII,,R  SM28,"R SM28  CASA 01 , BAIRRO RES SÃO MARCOS",2,2,2,1,1
AUTO_ALIAS_1A1_TOTAIS_IGUAIS,goiania,218181,6099,C´MORAIS FILHO RESIDENCE XXI,,R  CV13,"R CV13  CASA 01 , BAIRRO RES CENTER VILLE",2,2,2,1,1
AUTO_ALIAS_1A1_TOTAIS_IGUAIS,goiania,183202,5188,C MORAIS RESIDENCE VII,,R  G1,"R G1  CASA 01 , BAIRRO S GRAJAÚ",2,2,2,1,1
AUTO_ALIAS_1A1_TOTAIS_IGUAIS,goiania,303320,1134,COD CARMELITA,,AV SERGIPE,"AV SERGIPE  , BAIRRO S CAMPINAS",7,7,7,1,1
AUTO_ALIAS_1A1_TOTAIS_IGUAIS,goiania,187641,50,COD REGINA CELIA,,R  DO DELFIM,"R DO DELFIM  CASA 01 , BAIRRO JD ATLÂNTICO",2,2,2,1,1
AUTO_ALIAS_1A1_TOTAIS_IGUAIS,goiania,133392,183,COD REO 18-11,,R  ELO19,"R ELO19  , BAIRRO PRQ ELDORADO OESTE",2,2,2,1,1
AUTO_ALIAS_1A1_TOTAIS_IGUAIS,goiania,140279,205,COD REO 18-35,,R  ELO18,"R ELO18  , BAIRRO PRQ ELDORADO OESTE",2,2,2,1,1
AUTO_ALIAS_1A1_TOTAIS_IGUAIS,goiania,140452,206,COD REO 18-36,,R  ELO18,"R ELO18  , BAIRRO PRQ ELDORADO OESTE",2,2,2,1,1
AUTO_ALIAS_1A1_TOTAIS_IGUAIS,goiania,140989,209,COD REO 18-39,,R  ELO18,"R ELO18  , BAIRRO PRQ ELDORADO OESTE",2,2,2,1,1
AUTO_ALIAS_1A1_TOTAIS_IGUAIS,goiania,141259,176,COD REO 18-4,,R  ELO19,"R ELO19  , BAIRRO PRQ ELDORADO OESTE",2,2,2,1,1
AUTO_ALIAS_1A1_TOTAIS_IGUAIS,goiania,141462,210,COD REO 18-40,,R  ELO18,"R ELO18  , BAIRRO PRQ ELDORADO OESTE",2,2,2,1,1
AUTO_ALIAS_1A1_TOTAIS_IGUAIS,goiania,141847,213,COD REO 18-43,,R  ELO18,"R ELO18  , BAIRRO PRQ ELDORADO OESTE",2,2,2,1,1
AUTO_ALIAS_1A1_TOTAIS_IGUAIS,goiania,142542,177,COD REO 18-5,,R  ELO19,"R ELO19  , BAIRRO PRQ ELDORADO OESTE",2,2,2,1,1
AUTO_ALIAS_1A1_TOTAIS_IGUAIS,goiania,139489,216,COD REO 19-31,,R  ELO19,"R ELO19  CASA01 , BAIRRO PRQ ELDORADO OESTE",2,2,2,1,1
AUTO_ALIAS_1A1_TOTAIS_IGUAIS,goiania,138954,83,COD REO 22-03,,R  ELO23,"R ELO23  CASA 1 , BAIRRO PRQ ELDORADO OESTE",2,2,2,1,1
AUTO_ALIAS_1A1_TOTAIS_IGUAIS,goiania,134547,95,COD REO 22-15,,R  ELO23,"R ELO23  CASA 01 , BAIRRO PRQ ELDORADO OESTE",2,2,2,1,1
AUTO_ALIAS_1A1_TOTAIS_IGUAIS,goiania,134881,96,COD REO 22-16,,R  ELO23,"R ELO23  CASA 01 , BAIRRO PRQ ELDORADO OESTE",2,2,2,1,1
AUTO_ALIAS_1A1_TOTAIS_IGUAIS,goiania,140964,115,COD REO 22-39,,R  ELO22,"R ELO22  CASA 01 , BAIRRO PRQ ELDORADO OESTE",2,2,2,1,1
AUTO_ALIAS_1A1_TOTAIS_IGUAIS,goiania,141742,118,COD REO 22-42,,R  ELO22,"R ELO22  CASA 01 , BAIRRO PRQ ELDORADO OESTE",2,2,2,1,1
AUTO_ALIAS_1A1_TOTAIS_IGUAIS,goiania,143527,124,COD REO 23-08,,R  ELO24,"R ELO24  CASA 02 , BAIRRO PRQ ELDORADO OESTE",2,2,2,1,1
AUTO_ALIAS_1A1_TOTAIS_IGUAIS,goiania,133380,127,COD REO 23-11,,R  ELO24,"R ELO24  CASA 01 , BAIRRO PRQ ELDORADO OESTE",2,2,2,1,1
AUTO_ALIAS_1A1_TOTAIS_IGUAIS,goiania,140628,149,COD REO 23-37,,R  ELO23,"R ELO23  CASA 01 , BAIRRO PRQ ELDORADO OESTE",2,2,2,1,1
AUTO_ALIAS_1A1_TOTAIS_IGUAIS,goiania,76442,3,COD RES CARMO MOURA,,R  24,"R 24 CASA 01 , BAIRRO S SANTOS DUMONT",2,2,2,1,1
AUTO_ALIAS_1A1_TOTAIS_IGUAIS,goiania,47860,1309,COD RES CRISTINA ROCHA,,R  PERSONA,"R PERSONA LT 21 . , BAIRRO JD NOVA ESPERANÇA",2,2,2,1,1
AUTO_ALIAS_1A1_TOTAIS_IGUAIS,goiania,125988,5398,COD.RES.FLORES VERDES,,R  SM3,"R SM3  CASA 01 , BAIRRO RES SÃO MARCOS",2,2,2,1,1
AUTO_ALIAS_1A1_TOTAIS_IGUAIS,goiania,184096,10314,COD RES PORTAL AZEVEDO E CABRAL 1,,R  JCA16,"R JCA16  CASA 02 , BAIRRO JD CARAVELAS 1ª ETAPA",2,2,2,1,1
AUTO_ALIAS_1A1_TOTAIS_IGUAIS,goiania,220895,1142,COD SILVA LEAO,,R  VB46,"R VB50  CASA01 , BAIRRO RES VEREDA DOS BURITIS",2,2,2,1,1
AUTO_ALIAS_1A1_TOTAIS_IGUAIS,goiania,248161,1843,COD VILA RICA,,R  1002,"R 1007 S/N APT 01 , BAIRRO S PEDRO LUDOVICO",3,3,3,1,1
AUTO_ALIAS_1A1_TOTAIS_IGUAIS,goiania,357893,1788,COD VILLA KARL MARX,,R  BM27,"R BM27 CASA 02 , BAIRRO RES BRISAS DA MATA",2,2,2,1,1
AUTO_ALIAS_1A1_TOTAIS_IGUAIS,goiania,28086,6199,COLISEU,,R  MS3,"R MS3 LT 56 CASA 01 , BAIRRO S MORADA DO SOL",2,2,2,1,1
AUTO_ALIAS_1A1_TOTAIS_IGUAIS,goiania,196226,11148,COMERCIAL E RES. ELZA SILVA,,AV DE CONTORNO SUL,"R GETULIO VARGAS  CASA-01 , BAIRRO PRQ ANHANGÜERA",6,6,6,1,1
AUTO_ALIAS_1A1_TOTAIS_IGUAIS,goiania,194040,14442,COMERCIAL E RESIDENCIAL MIRANTE DAS TORRES,,AV BELO HORIZONTE,"AV BELO HORIZONTE LT S/N . , BAIRRO JD ANA LÚCIA",3,3,3,1,1
AUTO_ALIAS_1A1_TOTAIS_IGUAIS,goiania,243464,13594,COMERCIAL ESPECE L'ATELIER,,R  135,"R 135  SALA 1 , BAIRRO S MARISTA",6,6,6,1,1
AUTO_ALIAS_1A1_TOTAIS_IGUAIS,goiania,365297,7089,COMERCIAL RES. MARISE NAJAR,,AV MATO GROSSO,"AV MATO GROSSO 348     LOJA , BAIRRO S CAMPINAS",2,2,2,1,1
AUTO_ALIAS_1A1_TOTAIS_IGUAIS,goiania,269100,1146,COML E RES OSNI TADEU,,R  1020,"R 1020 NS CASA 01 , BAIRRO S PEDRO LUDOVICO",2,2,2,1,1
AUTO_ALIAS_1A1_TOTAIS_IGUAIS,goiania,293244,12639,COML JOAO AIRES RIZERIO I,,AV ASSIS CHATEAUBRIAND,"AV ASSIS CHATEAUBRIAND  LOJA 01 , BAIRRO S OESTE",4,4,4,1,1
AUTO_ALIAS_1A1_TOTAIS_IGUAIS,goiania,144321,8218,COML/RESIDENCIAL ILDA,,R  C130,"R C130 S/N     CASA 01 , BAIRRO BRO JARDIM AMÉRICA",2,2,2,1,1
AUTO_ALIAS_1A1_TOTAIS_IGUAIS,goiania,259937,9179,COML RESIDENCIAL MELO,,R  3,"R 3  CASA01 , BAIRRO VL SÃO FRANCISCO",5,5,5,1,1
AUTO_ALIAS_1A1_TOTAIS_IGUAIS,goiania,209228,277,COM RES TAYNARA,,AL BERNARDO GUIMARAES,"AL BERNARDO GUIMARAES  CASA C1 , BAIRRO LOT FAIÇALVILLE",2,2,2,1,1
AUTO_ALIAS_1A1_TOTAIS_IGUAIS,goiania,102358,8937,COND ADRIANO DOS SANTOS I,,AV WAGNER STELITA CAMPOS,"AV WAGNER STELITA CAMPOS CASA 01 , BAIRRO CJ VERA CRUZ",2,2,2,1,1
AUTO_ALIAS_1A1_TOTAIS_IGUAIS,goiania,353383,7340,COND. ALICE DIAMOND RESIDENCE I,,R  AB12,"R AB12 CASA 01 , BAIRRO RES ALICE BARBOSA",2,2,2,1,1
AUTO_ALIAS_1A1_TOTAIS_IGUAIS,goiania,309023,1708,COND ALVES BITTENCOURT V,,R  JOAO NAVES DA CUNHA,"R JOAO NAVES DA CUNHA  CASA 01 , BAIRRO JD BALNEÁRIO MEIA PONTE",2,2,2,1,1
AUTO_ALIAS_1A1_TOTAIS_IGUAIS,goiania,18316,7667,COND AMARAL 19 DE NOVEMBRO,,R  19 DE NOVEMBRO,"R 19 DE NOVEMBRO CASA 02 , BAIRRO S ESTRELA DALVA",2,2,2,1,1
AUTO_ALIAS_1A1_TOTAIS_IGUAIS,goiania,29712,6054,COND. AMARAL ED-5,,R  ED5,"R ED5 CASA 01 , BAIRRO S ESTRELA DALVA",2,2,2,1,1
AUTO_ALIAS_1A1_TOTAIS_IGUAIS,goiania,18952,5956,COND.AMARAL I,,R  FERRARI,"R FERRARI CASA 01 , BAIRRO S ESTRELA DALVA",2,2,2,1,1
AUTO_ALIAS_1A1_TOTAIS_IGUAIS,goiania,304993,8990,COND BELO HORIZONTE PARQUE,,R  SEBASTIAO MANOEL M. PEREIRA,"R SEBASTIAO MANOEL M. PEREIRA CASA 01 , BAIRRO RES BELO HORIZONTE COMPLEMENTO",2,2,2,1,1
AUTO_ALIAS_1A1_TOTAIS_IGUAIS,goiania,90823,12101,COND BRUNO HENRIQUE,,AV MANOEL PEREIRA DUARTE,"AV MANOEL PEREIRA DUARTE  CASA 1 , BAIRRO BRO GOIÁ 2",2,2,2,1,1
AUTO_ALIAS_1A1_TOTAIS_IGUAIS,goiania,170759,7423,COND CAIO DORNELAS II,,R  CONGONHAS,"R CONGONHAS  C-1 , BAIRRO RES CAMPOS DOURADOS",2,2,2,1,1
AUTO_ALIAS_1A1_TOTAIS_IGUAIS,goiania,167285,7422,COND CAIO DORNELAS V,,R  PARATI,"R PARATI  CASA 01 , BAIRRO RES CAMPOS DOURADOS",2,2,2,1,1
AUTO_ALIAS_1A1_TOTAIS_IGUAIS,goiania,167288,8229,COND CAIO DORNELAS VI,,R  PARATI,"R PARATI  CASA 01 , BAIRRO RES CAMPOS DOURADOS",2,2,2,1,1
AUTO_ALIAS_1A1_TOTAIS_IGUAIS,goiania,170755,6768,COND CAIO DORNELAS VIII,,R  PARATI,"R PARATI  CASA 01 , BAIRRO RES CAMPOS DOURADOS",2,2,2,1,1
AUTO_ALIAS_1A1_TOTAIS_IGUAIS,goiania,163483,6153,COND CASA FACIL 17,,AV MARIA CAROLINA,"AV MARIA CAROLINA  CASA 01 , BAIRRO RES RECANTO DAS EMAS",2,2,2,1,1
AUTO_ALIAS_1A1_TOTAIS_IGUAIS,goiania,163482,5836,COND. CASA FACIL 23,,AV MARIA CAROLINA,"AV MARIA CAROLINA  CASA 01 , BAIRRO RES RECANTO DAS EMAS",2,2,2,1,1
AUTO_ALIAS_1A1_TOTAIS_IGUAIS,goiania,183063,8305,COND. CATARINA SIQUEIRA BARBOSA,,R  G7,"R G7  CASA 02 , BAIRRO S GRAJAÚ",2,2,2,1,1
AUTO_ALIAS_1A1_TOTAIS_IGUAIS,goiania,390519,4969,COND CENTRO MEDICO SAO FRANCISCO ASSIS,,R  9A,"R 9A RECEPCAO/ESPERA , BAIRRO S AEROPORTO",49,49,49,1,1
AUTO_ALIAS_1A1_TOTAIS_IGUAIS,goiania,303794,2304,COND CLOVES E MENDES,,AV REPUBLICA DO LIBANO,"AV REPUBLICA DO LIBANO 735 UN I - LOJ 01 , BAIRRO S AEROPORTO",2,2,2,1,1
AUTO_ALIAS_1A1_TOTAIS_IGUAIS,goiania,383249,1806,COND COMERCIAL BELLADRIKA,,AV SUCURI,"AV SUCURI SALAO , BAIRRO BRO SANTA GENOVEVA",6,6,6,1,1
AUTO_ALIAS_1A1_TOTAIS_IGUAIS,goiania,357666,2477,COND COMERCIAL CENTRO OESTE,,AV BERNARDO SAYAO,"AV BERNARDO SAYAO  SALA T-3 , BAIRRO S CENTRO OESTE",16,16,16,1,1
AUTO_ALIAS_1A1_TOTAIS_IGUAIS,goiania,4366,12538,COND COMERCIAL/RESIDENCIAL NUNES MELLO,,R  NATIVIDADE,"R NATIVIDADE LT 23 GALPAO , BAIRRO VL AURORA OESTE",2,2,2,1,1
AUTO_ALIAS_1A1_TOTAIS_IGUAIS,goiania,144449,1185,COND COML GALERIA AMERICA OFFICE,,R  C135,"R C135  SALA01 , BAIRRO BRO JARDIM AMÉRICA",14,14,14,1,1
AUTO_ALIAS_1A1_TOTAIS_IGUAIS,goiania,390588,8598,COND COML MANOEL SALES,,AV ANHANGUERA,"RODBR153 , BAIRRO S LESTE UNIVERSITÁRIO",10,10,10,1,1
AUTO_ALIAS_1A1_TOTAIS_IGUAIS,goiania,190659,1238,COND COM VILLAGE EURIPEDES AUGUSTO I,,R  SANTO AGOSTINHO,"R SANTO AGOSTINHO NS      LOJA 01 , BAIRRO JD EUROPA",14,14,14,1,1
AUTO_ALIAS_1A1_TOTAIS_IGUAIS,goiania,362410,7305,COND CONJUNTO HABITACIONAL,,R  SANTA LUZIA,"R SANTA LUZIA  CASA 01 , BAIRRO VL ABAJÁ",3,3,3,1,1
AUTO_ALIAS_1A1_TOTAIS_IGUAIS,goiania,164967,4325,COND.DAS MARAGARIDAS-92.23,,R  DAS MARGARIDAS,"R DAS MARGARIDAS  CASA 01 , BAIRRO RES SANTA FÉ I",2,2,2,1,1
AUTO_ALIAS_1A1_TOTAIS_IGUAIS,goiania,166991,8245,COND DO RESIDENCIAL ASF I,,R  RI-9,"R RI-9  CASA 01 , BAIRRO RES ITAIPÚ",2,2,2,1,1
AUTO_ALIAS_1A1_TOTAIS_IGUAIS,goiania,28935,6333,COND DUBAI,,R  SIRIOS,"R SIRIOS LT 69 CASA 01 , BAIRRO S MORADA DO SOL",2,2,2,1,1
AUTO_ALIAS_1A1_TOTAIS_IGUAIS,goiania,125291,13046,COND EURIPEDES SOUZA DINIZ I,,R  ORLANDO M. DE ABREU,"R ORLANDO M. DE ABREU  CASA 1 , BAIRRO JD MARQUES DE ABREU",2,2,2,1,1
AUTO_ALIAS_1A1_TOTAIS_IGUAIS,goiania,231455,8447,COND FLAVIO HUMBERTO CAMILO MARIANO,,R  SAMBURA,"R SAMBURA  CASA 01 , BAIRRO JD ATLÂNTICO",2,2,2,1,1
AUTO_ALIAS_1A1_TOTAIS_IGUAIS,goiania,208912,1019,COND.FLORESTA PARAISO,,AL PRESIDENTE BALDOMIR,"AL PRESIDENTE BALDOMIR  CASA 1A2 , BAIRRO JD PRESIDENTE",61,61,61,1,1
AUTO_ALIAS_1A1_TOTAIS_IGUAIS,goiania,61801,7991,COND FONTE DA JUVENTUDE,,R  FN4,"R FN4 LT 09 CS 01 , BAIRRO JD FONTE NOVA",2,2,2,1,1
AUTO_ALIAS_1A1_TOTAIS_IGUAIS,goiania,167022,12301,COND G7 INVESTIMENTOS,,R  RI-9,"R RI-9  CASA 01 , BAIRRO RES ITAIPÚ",2,2,2,1,1
AUTO_ALIAS_1A1_TOTAIS_IGUAIS,goiania,222407,6561,COND. GARCIA ROSA,,R  MDV20,"R MDV20  CASA 01 , BAIRRO LOT MOINHO DOS VENTOS",2,2,2,1,1
AUTO_ALIAS_1A1_TOTAIS_IGUAIS,goiania,87612,6870,COND GC 5,,AV ITACARE,"AV ITACARE CASA 01 , BAIRRO RES TEMPO NOVO",2,2,2,1,1
AUTO_ALIAS_1A1_TOTAIS_IGUAIS,goiania,248248,647,COND GENTIL,,R  PEDRO AMERICO,"R PEDRO AMERICO  SOB A , BAIRRO S GENTIL MEIRELLES",3,3,3,1,1
AUTO_ALIAS_1A1_TOTAIS_IGUAIS,goiania,266946,8033,COND. GUMERCINDO,,R  9,"R 9 CASA 01 , BAIRRO RES PAULO ESTRELA",2,2,2,1,1
AUTO_ALIAS_1A1_TOTAIS_IGUAIS,goiania,352454,119,COND. INCONFIDENTES,,AV DEPUTADO JAMEL CECILIO,"AV DEPUTADO JAMEL CECILIO 1083    APT-201 , BAIRRO S SUL",5,5,5,1,1
AUTO_ALIAS_1A1_TOTAIS_IGUAIS,goiania,383845,1183,COND. IRIS STEGER,,R  QUINTINO BOCAIUVA,"R QUINTINO BOCAIUVA 128     C1 , BAIRRO S CAMPINAS",4,4,4,1,1
AUTO_ALIAS_1A1_TOTAIS_IGUAIS,goiania,195877,9921,COND. JARDIM EUROPA XXII,,AV INGLATERRA,"AV INGLATERRA  CASA 02 , BAIRRO JD EUROPA",2,2,2,1,1
AUTO_ALIAS_1A1_TOTAIS_IGUAIS,goiania,84643,1383,COND JOAQUIM PORTUGAL I,,R  JOAQUIM PORTUGAL,"R JOAQUIM PORTUGAL CASA 01 , BAIRRO S MAYSA EXTENSÃO",3,3,3,1,1
AUTO_ALIAS_1A1_TOTAIS_IGUAIS,goiania,231144,9838,COND. JULIO CESAR DE AMORIM GODINHO,,AV LEBLON,"R DE ITAPOA  CASA 01 , BAIRRO JD ATLÂNTICO",3,3,3,1,1
AUTO_ALIAS_1A1_TOTAIS_IGUAIS,goiania,36497,1944,COND LIRA MEENT,,R  SC27,"R SC27 LT 25 CASA 01 , BAIRRO JD COLORADO",2,2,2,1,1
AUTO_ALIAS_1A1_TOTAIS_IGUAIS,goiania,281312,2538,COND LOURENCA RESIDENCE,,R  POSTALIS,"R POSTALIS  CASA 01 , BAIRRO RES MARIA LOURENÇA",2,2,2,1,1
AUTO_ALIAS_1A1_TOTAIS_IGUAIS,goiania,100999,6562,COND MARINA GOMES,,R  CRP13,"R CRP13  SALA COM. , BAIRRO RES PRIMAVERA",5,5,5,1,1
AUTO_ALIAS_1A1_TOTAIS_IGUAIS,goiania,138350,6947,COND.MENDES ROSA,,R  PE NELSON ANTONINO,"R PE NELSON ANTONINO  CASA 1 , BAIRRO JD SÃO JOSÉ",2,2,2,1,1
AUTO_ALIAS_1A1_TOTAIS_IGUAIS,goiania,333009,6621,COND MILLER,,R  104,"R 104 188     SALA01 , BAIRRO S SUL",5,5,5,1,1
AUTO_ALIAS_1A1_TOTAIS_IGUAIS,goiania,255285,1342,COND MODERNITE,,R  SR2,"R SR2 CASA01 , BAIRRO RES BELO HORIZONTE",2,2,2,1,1
AUTO_ALIAS_1A1_TOTAIS_IGUAIS,goiania,190250,1245,COND. MONTE CASTELO,,R  ISA LOSTRACCO,"R ISA LOSTRACCO  SALA 01 , BAIRRO JD PLANALTO",5,5,5,1,1
AUTO_ALIAS_1A1_TOTAIS_IGUAIS,goiania,195098,2651,COND NANDO,,R  SEVILHA,"R SEVILHA  CASA 01 , BAIRRO JD EUROPA",3,3,3,1,1
AUTO_ALIAS_1A1_TOTAIS_IGUAIS,goiania,320023,1593,COND NARUNA,,R  116B,"R 116B 60      CASA 02 , BAIRRO S SUL",2,2,2,1,1
AUTO_ALIAS_1A1_TOTAIS_IGUAIS,goiania,17093,1394,COND NILVA BORGES 1,,R  MEZENGA,"R MEZENGA CASA 01 , BAIRRO S ESTRELA DALVA",2,2,2,1,1
AUTO_ALIAS_1A1_TOTAIS_IGUAIS,goiania,308534,7987,COND OLIVEIRA,,R  MOREIRA,"R MOREIRA CASA 01 , BAIRRO BRO SANTA GENOVEVA",2,2,2,1,1
AUTO_ALIAS_1A1_TOTAIS_IGUAIS,goiania,348089,3365,CONDOMINIO ANDORINHAS,,R  DOS GERANIOS,"R DOS GERANIOS CASA01 , BAIRRO LOT GOIÂNIA 2",2,2,2,1,1
AUTO_ALIAS_1A1_TOTAIS_IGUAIS,goiania,331797,7898,CONDOMINIO AURORA,,AV DOS DIAMANTES,"R SR14 CASA 01 , BAIRRO S RECANTO DAS MINAS GERAIS",3,3,3,1,1
AUTO_ALIAS_1A1_TOTAIS_IGUAIS,goiania,129799,6650,CONDOMINIO CP-144,,R  CP14,"R CP14  CASA01 , BAIRRO RES SÃO MARCOS",2,2,2,1,1
AUTO_ALIAS_1A1_TOTAIS_IGUAIS,goiania,380415,6661,CONDOMINIO FERREIRA MACHADO X,,R  ITAPECURI,"R ITAPECURI CASA 01 , BAIRRO LOT GOIÂNIA 2",2,2,2,1,1
AUTO_ALIAS_1A1_TOTAIS_IGUAIS,goiania,60090,13808,CONDOMINIO LIMA,,R  ALV8,"R ALV8 LT 28 CS 01 , BAIRRO S ALTO DO VALE",2,2,2,1,1
AUTO_ALIAS_1A1_TOTAIS_IGUAIS,goiania,381660,12139,CONDOMINIO MARCOS REZENDE I,,R  SIRIEMA,"R SIRIEMA CASA-03 , BAIRRO BRO SANTA GENOVEVA",4,4,4,1,1
AUTO_ALIAS_1A1_TOTAIS_IGUAIS,goiania,60231,7023,CONDOMINIO MESSIAS III,,R  FN17,"R FN17 LT 03 CS 01 , BAIRRO JD FONTE NOVA",2,2,2,1,1
AUTO_ALIAS_1A1_TOTAIS_IGUAIS,goiania,396690,6387,CONDOMINIO OLIVS,,R  RB6,"R RB6 CASA 01 , BAIRRO RES RECANTO DO BOSQUE",2,2,2,1,1
AUTO_ALIAS_1A1_TOTAIS_IGUAIS,goiania,142383,9942,CONDOMINIO PORTAL CASTRO,,R  MONS PRIMO VIEIRA,"R MONS PRIMO VIEIRA  CASA 01 , BAIRRO JD SÃO JOSÉ",2,2,2,1,1
AUTO_ALIAS_1A1_TOTAIS_IGUAIS,goiania,359354,5680,CONDOMINIO RAPOSO,,R  RB48A,"R RB48A CASA 01 , BAIRRO RES RECANTO DO BOSQUE",2,2,2,1,1
AUTO_ALIAS_1A1_TOTAIS_IGUAIS,goiania,137952,8984,CONDOMINIO REO-032.26,,R  ELO34,"R ELO34 NS      CASA 02 , BAIRRO PRQ ELDORADO OESTE",2,2,2,1,1
AUTO_ALIAS_1A1_TOTAIS_IGUAIS,goiania,139250,14357,CONDOMINIO REO-22.30,,R  ELO22,"R ELO22 NS      CASA 01 , BAIRRO PRQ ELDORADO OESTE",2,2,2,1,1
AUTO_ALIAS_1A1_TOTAIS_IGUAIS,goiania,134545,14447,CONDOMINIO REO-24.15,,ESTGYN20,"ESTGYN20  CASA A , BAIRRO PRQ ELDORADO OESTE",2,2,2,1,1
AUTO_ALIAS_1A1_TOTAIS_IGUAIS,goiania,337413,11577,CONDOMINIO RES ESMERALDAS,,AV ESMERALDA,"AV ESMERALDA , BAIRRO S RECANTO DAS MINAS GERAIS",2,2,2,1,1
AUTO_ALIAS_1A1_TOTAIS_IGUAIS,goiania,336224,10347,CONDOMINIO RESIDENCIAL HARMONIA PALACE,,R  DA HARMONIA,"R DA HARMONIA CASA 01 , BAIRRO VL JARDIM POMPÉIA",2,2,2,1,1
AUTO_ALIAS_1A1_TOTAIS_IGUAIS,goiania,120760,3259,CONDOMINIO RESIDENCIAL MORADA WS SOLANGE I,,R  VALENTIN CAPUZZO,"R VALENTIN CAPUZZO  CASA 03 , BAIRRO LOT SOLANGE PARQUE I",3,3,3,1,1
AUTO_ALIAS_1A1_TOTAIS_IGUAIS,goiania,360951,1329,CONDOMINIO RESIDENCIAL TRINITA,,R  JEQUITIBA,"R JEQUITIBA APT 02A , BAIRRO BRO SANTA GENOVEVA",6,6,6,1,1
AUTO_ALIAS_1A1_TOTAIS_IGUAIS,goiania,269797,13577,CONDOMINIO RESIDENCIAL WENDER,,R  DOM PEDRO I,"R DOM PEDRO I CASA 01 , BAIRRO RES VILLE DE FRANCE",2,2,2,1,1
AUTO_ALIAS_1A1_TOTAIS_IGUAIS,goiania,330788,6733,CONDOMINIO VILA ODAIR 10,,R  FL46,"R FL46 CASA 01 , BAIRRO PRQ DAS FLORES",2,2,2,1,1
AUTO_ALIAS_1A1_TOTAIS_IGUAIS,goiania,343809,11511,COND ORLANDO RESIDENCE V,,AV SAMAMBAIA,"AV SAMAMBAIA CASA 01 , BAIRRO RES ANTONIO CARLOS PIRES",2,2,2,1,1
AUTO_ALIAS_1A1_TOTAIS_IGUAIS,goiania,28118,4463,COND.PAIVA VIII,,R  MS3,"R MS3 LT 57 CASA 01 , BAIRRO S MORADA DO SOL",2,2,2,1,1
AUTO_ALIAS_1A1_TOTAIS_IGUAIS,goiania,296293,5544,COND PEREIRA 10,,R  10,"R 10 CASA 1 , BAIRRO VL PEDROSO",2,2,2,1,1
AUTO_ALIAS_1A1_TOTAIS_IGUAIS,goiania,133012,4772,COND.PITUCHA 1,,R  JUAREZ AMORELLI,"R JUAREZ AMORELLI  C-01 , BAIRRO RES BUENA VISTA III",2,2,2,1,1
AUTO_ALIAS_1A1_TOTAIS_IGUAIS,goiania,133315,6016,COND PITUCHA 2,,R  JOAO MAXIMO BORGES,"R JOAO MAXIMO BORGES  CASA 01 , BAIRRO RES BUENA VISTA III",2,2,2,1,1
AUTO_ALIAS_1A1_TOTAIS_IGUAIS,goiania,373484,13979,COND PRATA 43,,R  DA PRATA,"R DA PRATA CASA 01 , BAIRRO LOT GOIÂNIA 2",2,2,2,1,1
AUTO_ALIAS_1A1_TOTAIS_IGUAIS,goiania,315826,1450,COND PROSPERIDADE,,R  W5,"R W5 CASA 01 , BAIRRO RES MORADA DO IPÊ",2,2,2,1,1
AUTO_ALIAS_1A1_TOTAIS_IGUAIS,goiania,335961,2493,COND RES 40 QUEIROZ,,R  TR10,"R TR10 CASA 01 , BAIRRO LOT TUPYNAMBÁ DOS REIS",2,2,2,1,1
AUTO_ALIAS_1A1_TOTAIS_IGUAIS,goiania,394121,10148,COND RES ABELHA,,R  CUIABA,"R CUIABA  , BAIRRO VL PERDIZ",2,2,2,1,1
AUTO_ALIAS_1A1_TOTAIS_IGUAIS,goiania,309354,9761,COND RES ABI XI,,AV ELZA PIRES,"AV ELZA PIRES CASA 01 , BAIRRO RES ORLANDO DE MORAIS",2,2,2,1,1
AUTO_ALIAS_1A1_TOTAIS_IGUAIS,goiania,357154,9184,COND RES AB QUATOZE,,R  AB14,"R AB14 CASA 01 , BAIRRO RES ALICE BARBOSA",2,2,2,1,1
AUTO_ALIAS_1A1_TOTAIS_IGUAIS,goiania,310531,2146,COND RES ACROBATA II,,R  1,"R 1 CASA 01 , BAIRRO RES PAULO ESTRELA",2,2,2,1,1
AUTO_ALIAS_1A1_TOTAIS_IGUAIS,goiania,359566,7557,COND RES ADELSO RECANTO,,R  RB16,"R RB16 CASA 01 , BAIRRO RES RECANTO DO BOSQUE",2,2,2,1,1
AUTO_ALIAS_1A1_TOTAIS_IGUAIS,goiania,369612,5634,COND RES ADEMAR FILHO,,R  RB13,"R RB13 CASA 01 , BAIRRO RES RECANTO DO BOSQUE",2,2,2,1,1
AUTO_ALIAS_1A1_TOTAIS_IGUAIS,goiania,310872,7918,COND RES ADILSON GALVAO DOURADO,,R  OM34,"R OM34 CASA 01 , BAIRRO RES ORLANDO DE MORAIS",3,3,3,1,1
AUTO_ALIAS_1A1_TOTAIS_IGUAIS,goiania,314774,8319,COND RES AGENOR DA SILVA,,R  CARACAS,"R CARACAS CASA 01 , BAIRRO JD NOVO MUNDO",2,2,2,1,1
AUTO_ALIAS_1A1_TOTAIS_IGUAIS,goiania,164607,8969,COND RES AGNALDO AFV,,R  BOA VISTA,"R BOA VISTA  CASA 01 , BAIRRO RES SANTA FÉ I",2,2,2,1,1
AUTO_ALIAS_1A1_TOTAIS_IGUAIS,goiania,60175,8569,COND RES AGREGAR X,,R  RP7,"R RP7 LT 29 CS 01 , BAIRRO RES RECREIO PANORAMA",2,2,2,1,1
AUTO_ALIAS_1A1_TOTAIS_IGUAIS,goiania,351266,9018,COND RES AKITAYA,,R  JEQUITIBA,"R SUCUPIRA CASA1A , BAIRRO BRO SANTA GENOVEVA",4,4,4,1,1
AUTO_ALIAS_1A1_TOTAIS_IGUAIS,goiania,88195,1485,COND RES ALBERTO ALVES III,,R  ARQUITETA ANA MARIA,"R ARQUITETA ANA MARIA CASA 01 , BAIRRO RES SOLAR VILLE",3,3,3,1,1
AUTO_ALIAS_1A1_TOTAIS_IGUAIS,goiania,177413,8876,COND RES AL'DOMINGOS RESIDENCI I,,R  BAIA FORMOSA,"R BAIA FORMOSA  CASA 01 , BAIRRO RES CAMPOS DOURADOS",2,2,2,1,1
AUTO_ALIAS_1A1_TOTAIS_IGUAIS,goiania,371936,8298,COND RES ALIRIO AMORIM,,R  RB2,"R RB2 C-1 , BAIRRO RES RECANTO DO BOSQUE",2,2,2,1,1
AUTO_ALIAS_1A1_TOTAIS_IGUAIS,goiania,219325,7418,COND RES ALMEIDA I,,R  RC15,"R RC15  SOB 02 , BAIRRO RES CANADÁ",2,2,2,1,1
AUTO_ALIAS_1A1_TOTAIS_IGUAIS,goiania,207800,7989,COND RES ALMEIDA IV,,R  F53,"R F53  CASA 01 , BAIRRO LOT FAIÇALVILLE",2,2,2,1,1
AUTO_ALIAS_1A1_TOTAIS_IGUAIS,goiania,47522,7376,COND RES ALMEIDA JUNIOR,,R  5 DE JULHO,"R 5 DE JULHO LT 20 CS 01 , BAIRRO JD GRAMADO",2,2,2,1,1
AUTO_ALIAS_1A1_TOTAIS_IGUAIS,goiania,222440,13984,COND RES ALMEIDA MDV-X,,R  MDV19,"R MDV19  CASA01 , BAIRRO LOT MOINHO DOS VENTOS",3,3,3,1,1
AUTO_ALIAS_1A1_TOTAIS_IGUAIS,goiania,261024,9973,COND. RES. ALMEIDA V,,R  BH1,"R BH1 CASA 01 , BAIRRO RES BELO HORIZONTE",2,2,2,1,1
AUTO_ALIAS_1A1_TOTAIS_IGUAIS,goiania,292769,7417,COND RES ALPHA,,AV NOVE DE JULHO,"AV NOVE DE JULHO CASA 01 , BAIRRO RES BRISAS DA MATA",2,2,2,1,1
AUTO_ALIAS_1A1_TOTAIS_IGUAIS,goiania,97330,1345,COND RES ALTERNATIVA X,,R  HAVAI,"R HAVAI  CASA 01 , BAIRRO JD LEBLON",3,3,3,1,1
AUTO_ALIAS_1A1_TOTAIS_IGUAIS,goiania,199918,8554,COND RES ALVES,,R  TARANCON,"R TARANCON  CASA 02 , BAIRRO S TRÊS MARIAS",2,2,2,1,1
AUTO_ALIAS_1A1_TOTAIS_IGUAIS,goiania,172900,12991,COND RES ALVES ABADIA,,R  ARMACAO DE BUZIOS,"R ARMACAO DE BUZIOS  CASA 01 , BAIRRO RES CAMPOS DOURADOS",2,2,2,1,1
AUTO_ALIAS_1A1_TOTAIS_IGUAIS,goiania,152563,8934,COND RES ALVES CORREA,,AV SERINGUEIRAS,"AV SERINGUEIRAS  CASA 01 , BAIRRO PRQ SANTA RITA",2,2,2,1,1
AUTO_ALIAS_1A1_TOTAIS_IGUAIS,goiania,9528,443,COND RES ALVES DA SILVA,,R  C74,"R C74  CASA 02 , BAIRRO S SUDOESTE",2,2,2,1,1
AUTO_ALIAS_1A1_TOTAIS_IGUAIS,goiania,361438,10587,COND RES ALVES GODOI,,R  BM27,"R BM27 CASA 01 , BAIRRO RES BRISAS DA MATA",2,2,2,1,1
AUTO_ALIAS_1A1_TOTAIS_IGUAIS,goiania,286128,2825,COND RES ALVES PAIN,,R  JARDINS BARCELONA,"R JARDINS BARCELONA CASA 01 , BAIRRO RES LICARDINO NEY",3,3,3,1,1
AUTO_ALIAS_1A1_TOTAIS_IGUAIS,goiania,17852,2680,COND RES AMARAL 16,,R  M3,"R M LT 16 CS 01 , BAIRRO S PARQUE TREMENDÃO",2,2,2,1,1
AUTO_ALIAS_1A1_TOTAIS_IGUAIS,goiania,158702,8728,COND RES A.M.C III,,R  EF3,"R EF3  CASA 02 , BAIRRO JD ELI FORTE",2,2,2,1,1
AUTO_ALIAS_1A1_TOTAIS_IGUAIS,goiania,106386,7531,COND RES AMELIANA CASTRO IV,,R  CARMINDO COELHO MORAES,"R CARMINDO COELHO MORAES  CASA 02 , BAIRRO RES ANA MORAES",2,2,2,1,1
AUTO_ALIAS_1A1_TOTAIS_IGUAIS,goiania,146513,1380,COND RES AMERICA,,R  C158,"R C158 S/N     CASA 02 , BAIRRO BRO JARDIM AMÉRICA",2,2,2,1,1
AUTO_ALIAS_1A1_TOTAIS_IGUAIS,goiania,286169,10677,COND RES AMISTAD I,,R  FL47,"R FL47 CASA 01 , BAIRRO PRQ DAS FLORES",2,2,2,1,1
AUTO_ALIAS_1A1_TOTAIS_IGUAIS,goiania,179920,2969,COND RES A MOREIRA I,,R  G 8,"R PR 16  CASA 01 , BAIRRO RES PORTAL DO ORIENTE",4,4,4,1,1
AUTO_ALIAS_1A1_TOTAIS_IGUAIS,goiania,96519,8188,COND RES A.M.P II,,R  CRAOS,"R CRAOS  CASA 01 , BAIRRO RES PETRÓPOLIS",2,2,2,1,1
AUTO_ALIAS_1A1_TOTAIS_IGUAIS,goiania,270388,1946,COND RES ANA SOPHIA III,,R  MARACANA,"R MARACANA CASA 01 , BAIRRO VL JARDIM POMPÉIA",2,2,2,1,1
AUTO_ALIAS_1A1_TOTAIS_IGUAIS,goiania,76534,8897,COND. RES. ANDRADE E LEMOS VII,,R  DO CIPO,"R DO CIPO CASA 1 , BAIRRO S BARRA DA TIJUCA",3,3,3,1,1
AUTO_ALIAS_1A1_TOTAIS_IGUAIS,goiania,30701,1404,COND RES ANDRELINA RESIDENCE,,R  ANDRELINA MONTEIRO,"R ANDRELINA MONTEIRO CASA 01 , BAIRRO S PARQUE TREMENDÃO",2,2,2,1,1
AUTO_ALIAS_1A1_TOTAIS_IGUAIS,goiania,127178,5658,COND RES ANNA LUIZA,,R  ANKO MARCIO FERREIRA,"R ANKO MARCIO FERREIRA  CASA 01 , BAIRRO RES DELLA PENA",2,2,2,1,1
AUTO_ALIAS_1A1_TOTAIS_IGUAIS,goiania,19530,2490,COND RES ANSELMO ALMEIDA I,,R  XVIII DE OUTUBRO,"R 18 DE OUTUBRO CASA 01 , BAIRRO S ESTRELA DALVA",2,2,2,1,1
AUTO_ALIAS_1A1_TOTAIS_IGUAIS,goiania,17335,7661,COND RES ANSELMO AMADEU BATISTA,,R  AMADEU BATISTA,"R AMADEU BATISTA LT 15 CS 01/02 , BAIRRO S PARQUE TREMENDÃO",2,2,2,1,1
AUTO_ALIAS_1A1_TOTAIS_IGUAIS,goiania,168350,9434,COND RES ANTONIO AMARAL RESIDENCI I,,AV PLATINA,"AV PLATINA  CASA 01 , BAIRRO CON DAS ESMERALDAS",2,2,2,1,1
AUTO_ALIAS_1A1_TOTAIS_IGUAIS,goiania,245504,2355,COND RES APARECIDA II,,AV MANOEL TAVARES GONCALVES,"AV MANOEL TAVARES GONCALVES CASA02 , BAIRRO RES LUCY PINHEIRO",2,2,2,1,1
AUTO_ALIAS_1A1_TOTAIS_IGUAIS,goiania,324265,13996,COND RES APRAIZ,,R  NOSSA SENHORA DAS GRACAS,"R NOSSA SENHORA DAS GRACAS CASA 1 , BAIRRO VL JARDIM POMPÉIA",4,4,4,1,1
AUTO_ALIAS_1A1_TOTAIS_IGUAIS,goiania,134973,2463,COND RES AQUINO SALES OLIVEIRA SILVA,,R  IRMA CIBELE DE AQUINO SALES,"R IRMA CIBELE DE AQUINO SALES  CASA01 , BAIRRO RES MONTE PASCOAL",2,2,2,1,1
AUTO_ALIAS_1A1_TOTAIS_IGUAIS,goiania,238202,10627,COND RES ARACA,,AV T15,"AV T15 1823    SOB 02 , BAIRRO S BUENO",3,3,3,1,1
AUTO_ALIAS_1A1_TOTAIS_IGUAIS,goiania,256179,7333,COND. RES. ARANTES MORAIS,,R  83A,"R 83A 98      A.ANX CASA1 , BAIRRO S SUL",2,2,2,1,1
AUTO_ALIAS_1A1_TOTAIS_IGUAIS,goiania,360571,8673,COND RES ARARA AZUL,,AV DO CAFE,"R BALSAMO SOBRADO 02 , BAIRRO BRO SANTA GENOVEVA",4,4,4,1,1
AUTO_ALIAS_1A1_TOTAIS_IGUAIS,goiania,379612,2715,COND RES ARARAPES II,,AV CRISTAL,"R  ARARAPES CASA 01 , BAIRRO BRO JARDIM CALIFÓRNIA",4,4,4,1,1
AUTO_ALIAS_1A1_TOTAIS_IGUAIS,goiania,356392,7822,COND RES ARARAS,,R  ARARAS,"R ARARAS CASA 01 , BAIRRO BRO SANTA GENOVEVA",2,2,2,1,1
AUTO_ALIAS_1A1_TOTAIS_IGUAIS,goiania,349357,7601,COND. RES. ARAUJO COSTA VII,,R  11,"R SR35 CASA 01 , BAIRRO RES PAULO ESTRELA",3,3,3,1,1
AUTO_ALIAS_1A1_TOTAIS_IGUAIS,goiania,369529,2320,COND RES ARCANJO DA SILVA,,R  BM1,"R BM1 CASA 01 , BAIRRO RES BRISAS DA MATA",2,2,2,1,1
AUTO_ALIAS_1A1_TOTAIS_IGUAIS,goiania,175536,2386,COND RES A.RIBEIRO,,R  SANTA CATARINA,"R SANTA CATARINA  CASA01 , BAIRRO RES ANA CLARA",2,2,2,1,1
AUTO_ALIAS_1A1_TOTAIS_IGUAIS,goiania,271450,1952,COND RES ARISTOTELES,,AV ARISTOTELES,"AV ARISTOTELES CASA 01 , BAIRRO JD MARILIZA",5,5,5,1,1
AUTO_ALIAS_1A1_TOTAIS_IGUAIS,goiania,197199,1415,COND RES ARJUNA,,R  V7,"R CASTRO ALVES  CASA 01 , BAIRRO VL REZENDE",2,2,2,1,1
AUTO_ALIAS_1A1_TOTAIS_IGUAIS,goiania,284057,1355,COND RES AROEIRA,,R  AROEIRA,"R AROEIRA CASA 01 , BAIRRO JD MARILIZA",2,2,2,1,1
AUTO_ALIAS_1A1_TOTAIS_IGUAIS,goiania,357840,8576,COND RES ARRUDA V,,R  VERONA,"R VERONA CASA 01 , BAIRRO JD ABAPORU",2,2,2,1,1
AUTO_ALIAS_1A1_TOTAIS_IGUAIS,goiania,216410,2654,COND RES ARTHUR CENTER VILLE,,R  CV19,"R CV19  CASA 01 , BAIRRO RES CENTER VILLE",2,2,2,1,1
AUTO_ALIAS_1A1_TOTAIS_IGUAIS,goiania,272643,2437,COND RES ATLANTA,,R  RSL12,"R RSL12 CASA01 , BAIRRO RES SÃO LEOPOLDO - COMPLEMENTO",3,3,3,1,1
AUTO_ALIAS_1A1_TOTAIS_IGUAIS,goiania,189350,8715,COND RES ATLANTICO 133-389,,R  DA OSTRA,"R DA OSTRA  CASA 01 , BAIRRO JD ATLÂNTICO",2,2,2,1,1
AUTO_ALIAS_1A1_TOTAIS_IGUAIS,goiania,236365,9301,COND RES ATTUX II,,R  DAS ROCAS,"R DAS ROCAS  CASA 01 , BAIRRO JD ATLÂNTICO",2,2,2,1,1
AUTO_ALIAS_1A1_TOTAIS_IGUAIS,goiania,197901,7106,COND. RES. ATUM I,,R  DO ATUM,"R DO ATUM  CASA 01 , BAIRRO JD ATLÂNTICO",2,2,2,1,1
AUTO_ALIAS_1A1_TOTAIS_IGUAIS,goiania,197907,8427,COND RES ATUM XI,,R  DO ATUM,"R C14  CASA 01 , BAIRRO JD ATLÂNTICO",2,2,2,1,1
AUTO_ALIAS_1A1_TOTAIS_IGUAIS,goiania,142737,10647,COND RES AUGUSTO DE ALBUQUERQUE,,R  RMP17,"R RMP17  CASA 01 , BAIRRO RES MONTE PASCOAL",2,2,2,1,1
AUTO_ALIAS_1A1_TOTAIS_IGUAIS,goiania,174644,8022,COND RES AVENIDA BRASIL VII,,AV BRASIL,"AV BRASIL  CASA 01 , BAIRRO JD ITAIPÚ",2,2,2,1,1
AUTO_ALIAS_1A1_TOTAIS_IGUAIS,goiania,125321,9105,COND RES AVILA V,,R  N15,"R N15  CASA 01 , BAIRRO S DAS NAÇÕES EXTENSÃO",3,3,3,1,1
AUTO_ALIAS_1A1_TOTAIS_IGUAIS,goiania,365538,8761,COND RES BACURI,,R  BACURI,"R BACURI CASA 01 , BAIRRO JD MARILIZA",2,2,2,1,1
AUTO_ALIAS_1A1_TOTAIS_IGUAIS,goiania,357811,2354,COND RES BAHIA,,R  7,"R 7 CASA01 , BAIRRO RES PAULO ESTRELA",2,2,2,1,1
AUTO_ALIAS_1A1_TOTAIS_IGUAIS,goiania,189371,7096,COND. RES. BARBOSA-324,,R  DA PALOMBETA,"R DA PALOMBETA  CASA 01 , BAIRRO JD ATLÂNTICO",2,2,2,1,1
AUTO_ALIAS_1A1_TOTAIS_IGUAIS,goiania,170245,7385,COND RES BARROS 15,,R  RI5,"R RI5  CASA01 , BAIRRO RES ITAIPÚ",4,4,4,1,1
AUTO_ALIAS_1A1_TOTAIS_IGUAIS,goiania,181148,9707,COND RES BATISTA 419,,R  RUY BARROSO,"R RUY BARROSO  CASA 01 , BAIRRO S CRISTINA",2,2,2,1,1
AUTO_ALIAS_1A1_TOTAIS_IGUAIS,goiania,85275,11838,COND RES BATISTAS I,,R  RB1,"R RB1 CASA 01 , BAIRRO S BARRA DA TIJUCA",2,2,2,1,1
AUTO_ALIAS_1A1_TOTAIS_IGUAIS,goiania,280898,10178,COND RES BELA VISTA,,R  J37,"R J37 CASA 1 , BAIRRO S JAÓ",2,2,2,1,1
AUTO_ALIAS_1A1_TOTAIS_IGUAIS,goiania,286166,9090,COND RES BELO PARK I,,R  FL36,"R FL36 CASA 01 , BAIRRO PRQ DAS FLORES",2,2,2,1,1
AUTO_ALIAS_1A1_TOTAIS_IGUAIS,goiania,138810,2551,COND RES BENFICA E SILVA II,,R  RMP19,"R RMP19  CASA 01 , BAIRRO RES MONTE PASCOAL",3,3,3,1,1
AUTO_ALIAS_1A1_TOTAIS_IGUAIS,goiania,376259,1784,COND RES BENTO CARDOSO III,,R  RB53A,"R RB53A CASA 01 , BAIRRO RES RECANTO DO BOSQUE",2,2,2,1,1
AUTO_ALIAS_1A1_TOTAIS_IGUAIS,goiania,291130,8548,COND RES BERNARDES XX,,AV ELZA PIRES DE CAMPOS,"AV ELZA PIRES DE CAMPOS CASA 01 , BAIRRO RES ANTONIO CARLOS PIRES",2,2,2,1,1
AUTO_ALIAS_1A1_TOTAIS_IGUAIS,goiania,317405,1489,COND RES BM-9,,R  BM9,"R BM23 CASA 02 , BAIRRO RES BRISAS DA MATA",2,2,2,1,1
AUTO_ALIAS_1A1_TOTAIS_IGUAIS,goiania,103458,7695,COND. RES. BOGOTA 02.23,,R  BOGOTA,"R BOGOTA  CASA 01 , BAIRRO S DAS NAÇÕES",3,3,3,1,1
AUTO_ALIAS_1A1_TOTAIS_IGUAIS,goiania,85297,8230,COND RES BOMTEMPO-3676,,R  XIQUE XIQUE,"R XIQUE-XIQUE  CASA 02 , BAIRRO LOT TROPICAL VILLE",2,2,2,1,1
AUTO_ALIAS_1A1_TOTAIS_IGUAIS,goiania,89584,8943,COND RES BOMTEMPO 59.073,,R  TN5,"R TN5 CASA 01 , BAIRRO RES TEMPO NOVO",2,2,2,1,1
AUTO_ALIAS_1A1_TOTAIS_IGUAIS,goiania,83091,7595,COND RES BONFIM 738,,R  PAJUCARA,"R PAJUCARA CASA 01 , BAIRRO S BARRA DA TIJUCA",2,2,2,1,1
AUTO_ALIAS_1A1_TOTAIS_IGUAIS,goiania,79631,8928,COND RES BORGES 26891,,R  8,"R 8 CASA 01 , BAIRRO S SANTOS DUMONT",3,3,3,1,1
AUTO_ALIAS_1A1_TOTAIS_IGUAIS,goiania,83412,8695,COND RES BORGES LBS I,,R  SV22,"R SV22 CASA 01 , BAIRRO RES SOLAR VILLE",2,2,2,1,1
AUTO_ALIAS_1A1_TOTAIS_IGUAIS,goiania,201334,10626,COND RES BORGES MMM-6,,R  MMM6,"R MMM6  CASA01 , BAIRRO S TRÊS MARIAS",2,2,2,1,1
AUTO_ALIAS_1A1_TOTAIS_IGUAIS,goiania,346491,7932,COND RES BORGES RODRIGUES XXXVI,,AL DA MATA,"AL DA MATA CASA 01 , BAIRRO RES BRISAS DA MATA",2,2,2,1,1
AUTO_ALIAS_1A1_TOTAIS_IGUAIS,goiania,177243,3032,COND RES BOTELHO-18,,R  FLORIANOPOLIS,"R FLORIANOPOLIS  C-1 , BAIRRO RES ANA CLARA",2,2,2,1,1
AUTO_ALIAS_1A1_TOTAIS_IGUAIS,goiania,129808,2556,COND RES BRANDAO SM 15,,R  SM15,"R SM15  CASA 01 , BAIRRO RES SÃO MARCOS",2,2,2,1,1
AUTO_ALIAS_1A1_TOTAIS_IGUAIS,goiania,174669,5711,COND RES BRASILIA I,,R  BRASILIA,"R BRASILIA  CASA 01 , BAIRRO JD ITAIPÚ",2,2,2,1,1
AUTO_ALIAS_1A1_TOTAIS_IGUAIS,goiania,195125,7748,COND. RES. BRAZ I,,R  BARCELONA,"R BARCELONA  CASA 01 , BAIRRO JD EUROPA",2,2,2,1,1
AUTO_ALIAS_1A1_TOTAIS_IGUAIS,goiania,349055,12995,COND RES BRISAS,,R  BM9,"R BM9 CASA 01 , BAIRRO RES BRISAS DA MATA",2,2,2,1,1
AUTO_ALIAS_1A1_TOTAIS_IGUAIS,goiania,199688,6890,COND RES BRITO I,,R  C8,"R C8  CASA 01 , BAIRRO S NOVO HORIZONTE",2,2,2,1,1
AUTO_ALIAS_1A1_TOTAIS_IGUAIS,goiania,308909,2301,COND RES BRITO NASCIMENTO VI,,R  FL47,"R FL47 CASA 01 , BAIRRO PRQ DAS FLORES",2,2,2,1,1
AUTO_ALIAS_1A1_TOTAIS_IGUAIS,goiania,154106,1401,COND RES BRMB,,R  ALPHA28,"R ALPHA28  CASA 1 , BAIRRO LOT ALPHAVILLE RESIDENCIAL",2,2,2,1,1
AUTO_ALIAS_1A1_TOTAIS_IGUAIS,goiania,328940,8864,COND RES BRUNO BATISTA,,R  AB2,"R AB2 CASA 01 , BAIRRO RES ALICE BARBOSA",2,2,2,1,1
AUTO_ALIAS_1A1_TOTAIS_IGUAIS,goiania,138172,8575,COND RES BUENA VISTA -357735,,R  JUAREZ AMORELLI,"R JUAREZ AMORELLI  CASA 01 , BAIRRO RES BUENA VISTA III",2,2,2,1,1
AUTO_ALIAS_1A1_TOTAIS_IGUAIS,goiania,59895,7429,COND RES C3 PARK RESIDENCE IX,,R  FN40,"R FN40 LT 26 CS 01 , BAIRRO JD FONTE NOVA",2,2,2,1,1
AUTO_ALIAS_1A1_TOTAIS_IGUAIS,goiania,203431,7664,COND RES CAIXETA,,R  OSVALDO CRUZ,"R OSVALDO CRUZ  CASA 01 , BAIRRO JD VILA BOA",2,2,2,1,1
AUTO_ALIAS_1A1_TOTAIS_IGUAIS,goiania,223062,1377,COND RES CALACA 16,,R  LAGO SUPERIOR,"R LAGO SUPERIOR  CASA 01 , BAIRRO RES CANADÁ",2,2,2,1,1
AUTO_ALIAS_1A1_TOTAIS_IGUAIS,goiania,164941,8435,COND RES CALOTA X,,R  DO LYCEU,"R DO LYCEU  CASA 01 , BAIRRO RES SANTA FÉ",2,2,2,1,1
AUTO_ALIAS_1A1_TOTAIS_IGUAIS,goiania,334444,12290,COND.RES. CAMARGO,,R  AB1,"R AB01 CASA 01 , BAIRRO RES ALICE BARBOSA",2,2,2,1,1
AUTO_ALIAS_1A1_TOTAIS_IGUAIS,goiania,177466,7922,COND. RES. CAMPOS DOURADOS UP01,,AV VILA RICA,"AV VILA RICA  CASA 01 , BAIRRO RES CAMPOS DOURADOS",2,2,2,1,1
AUTO_ALIAS_1A1_TOTAIS_IGUAIS,goiania,172051,9062,COND RES CAMPOS OLIVEIRA,,R  PEDRO VIEIRA DOS SANTOS,"R PEDRO VIEIRA DOS SANTOS  CASA 01 , BAIRRO JD ITAIPÚ",2,2,2,1,1
AUTO_ALIAS_1A1_TOTAIS_IGUAIS,goiania,100733,7044,COND. RES. CANDINE-043,,R  RT4,"R RT4  CASA 01 , BAIRRO RES TUZIMOTO",2,2,2,1,1
AUTO_ALIAS_1A1_TOTAIS_IGUAIS,goiania,50853,5779,COND RES CAPUAVA,,R  BARTOLOMEU BUENO,"R BARTOLOMEU BUENO LT 04 CS 01 , BAIRRO BRO CAPUAVA",2,2,2,1,1
AUTO_ALIAS_1A1_TOTAIS_IGUAIS,goiania,61099,7917,COND RES CARAVAGGIO,,R  ERONDINA M RODRIGUES,"R ERONDINA M RODRIGUES LT 41 CS 01 , BAIRRO RES BARRAVENTO",2,2,2,1,1
AUTO_ALIAS_1A1_TOTAIS_IGUAIS,goiania,107825,8422,COND RES CARCALHO 04.09,,AV VINICIUS DE MORAES,"AV VINICIUS DE MORAES  CASA 01 , BAIRRO RES TUZIMOTO",2,2,2,1,1
AUTO_ALIAS_1A1_TOTAIS_IGUAIS,goiania,389113,7347,COND. RES. CARDOSO-293,,R  AB12,"R AB12 CASA 01 , BAIRRO RES ALICE BARBOSA",2,2,2,1,1
AUTO_ALIAS_1A1_TOTAIS_IGUAIS,goiania,344598,8212,COND RES CARNEIRO MATOS I,,R  OM18,"R OM18 CASA 01 , BAIRRO RES ORLANDO DE MORAIS",2,2,2,1,1
AUTO_ALIAS_1A1_TOTAIS_IGUAIS,goiania,124680,6006,COND RES CAROLINA CP0514,,R  CP9,"R CP9  CASA 02 , BAIRRO LOT CAROLINA PARQUE",2,2,2,1,1
AUTO_ALIAS_1A1_TOTAIS_IGUAIS,goiania,203574,6076,COND RES CARRIJO E HORIZONTE,,R  B17,"R B17  CASA 01 , BAIRRO S NOVO HORIZONTE",2,2,2,1,1
AUTO_ALIAS_1A1_TOTAIS_IGUAIS,goiania,116469,8749,COND RES CARRIJO MATIAS,,R  RDR-1,"R RDR-4  CASA 01 , BAIRRO RES DOM RAFAEL",3,3,3,1,1
AUTO_ALIAS_1A1_TOTAIS_IGUAIS,goiania,167310,7494,COND RES CARVALHO EMILIANO III,,R  SAO JOAO DEL REI,"R SAO JOAO DEL REI  CASA 01 , BAIRRO RES CAMPOS DOURADOS",2,2,2,1,1
AUTO_ALIAS_1A1_TOTAIS_IGUAIS,goiania,168307,8789,COND RES CARVALHO EMILIANO V,,R  29,"R 29  CASA 01 , BAIRRO CON DAS ESMERALDAS",2,2,2,1,1
AUTO_ALIAS_1A1_TOTAIS_IGUAIS,goiania,170635,8804,COND RES CARVALHO EMILIANO VI,,R  PORTO SEGURO,"R PORTO SEGURO  CASA 01 , BAIRRO RES CAMPOS DOURADOS",2,2,2,1,1
AUTO_ALIAS_1A1_TOTAIS_IGUAIS,goiania,188466,8746,COND RES CASCALHO I,,R  DA MEDUSA,"R DA MEDUSA  CASA 01 , BAIRRO JD ATLÂNTICO",2,2,2,1,1
AUTO_ALIAS_1A1_TOTAIS_IGUAIS,goiania,130159,7637,COND RES CASSIMIRO E COUTO,,R  SANTA CRUZ DE LA SIERRA,"R SANTA CRUZ DE LA SIERRA  CASA 01 , BAIRRO RES NOVA AURORA",2,2,2,1,1
AUTO_ALIAS_1A1_TOTAIS_IGUAIS,goiania,25021,7256,COND. RES. CASTANHEIRA-32,,R  ALVARENGA,"R ALVARENGA LT 32 CS 01 , BAIRRO S MORADA DO SOL",2,2,2,1,1
AUTO_ALIAS_1A1_TOTAIS_IGUAIS,goiania,29719,8373,COND RES CASTRO I,,R  ANTONIO GROSSI,"R ANTONIO GROSSI LT 08 CASA 02 , BAIRRO S PARQUE TREMENDÃO",2,2,2,1,1
AUTO_ALIAS_1A1_TOTAIS_IGUAIS,goiania,135107,8110,COND RES CASTRO NUNES VIEIRA I,,R  SIANINHA RODRIGUES,"R SIANINHA RODRIGUES  CASA 01 , BAIRRO RES BUENA VISTA III",3,3,3,1,1
AUTO_ALIAS_1A1_TOTAIS_IGUAIS,goiania,342411,8935,COND RES CAVALCANTE FERNANDES 1,,R  OM07,"R OM07 CASA 01 , BAIRRO RES ORLANDO DE MORAIS",2,2,2,1,1
AUTO_ALIAS_1A1_TOTAIS_IGUAIS,goiania,352059,1364,COND RES CAVALCANTE X,,R  P16,"R P16  CASA 01 , BAIRRO S DOS FUNCIONÁRIOS",2,2,2,1,1
AUTO_ALIAS_1A1_TOTAIS_IGUAIS,goiania,131091,1361,COND RES C.C.M.I,,R  DONA MORENA,"R DONA MORENA  CASA 01 , BAIRRO JD MARQUES DE ABREU",2,2,2,1,1
AUTO_ALIAS_1A1_TOTAIS_IGUAIS,goiania,35412,2411,COND RES CELIA BORGES,,R  CS4A,"R CS4A LT 20 CASA 01 , BAIRRO JD COLORADO EXTENSÃO",3,3,3,1,1
AUTO_ALIAS_1A1_TOTAIS_IGUAIS,goiania,136125,3000,COND RES CEREWUTA 08-02,,R  MONS JOSE LIMA,"R MONS JOSE LIMA  CASA 02 , BAIRRO JD SÃO JOSÉ",2,2,2,1,1
AUTO_ALIAS_1A1_TOTAIS_IGUAIS,goiania,23762,2737,COND RES CEREWUTA 20-29,,R  20 DE JANEIRO,"R 20 DE JANEIRO CASA 1 , BAIRRO S ESTRELA DALVA",2,2,2,1,1
AUTO_ALIAS_1A1_TOTAIS_IGUAIS,goiania,128944,7493,COND RES CEREWUTA 36 - 32,,R  SM36,"R SM36  CASA 02 , BAIRRO RES SÃO MARCOS",2,2,2,1,1
AUTO_ALIAS_1A1_TOTAIS_IGUAIS,goiania,302756,13707,COND RES CEREWUTA 75568,,AL VITORIA REGIA,"AL VITORIA REGIA CASA01 , BAIRRO LOT GOIÂNIA 2",2,2,2,1,1
AUTO_ALIAS_1A1_TOTAIS_IGUAIS,goiania,134127,2335,COND RES CEREWUTA BORGES PEREIRA 19,,R  JOSE PEREIRA BORGES,"R JOSE PEREIRA BORGES  CASA02 , BAIRRO JD SÃO JOSÉ",2,2,2,1,1
AUTO_ALIAS_1A1_TOTAIS_IGUAIS,goiania,134149,2402,COND RES CEREWUTA BORGES PEREIRA 21,,R  JOSE PEREIRA BORGES,"R JOSE PEREIRA BORGES  CASA01 , BAIRRO JD SÃO JOSÉ",2,2,2,1,1
AUTO_ALIAS_1A1_TOTAIS_IGUAIS,goiania,348492,2218,COND RES CERRADO VERDE,,R  2,"R 2 CASA01 , BAIRRO RES PAULO ESTRELA",2,2,2,1,1
AUTO_ALIAS_1A1_TOTAIS_IGUAIS,goiania,349426,2343,COND RES CESAR AUGUSTO II,,R  BM20,"R BM20 CASA 01 , BAIRRO RES BRISAS DA MATA",3,3,3,1,1
AUTO_ALIAS_1A1_TOTAIS_IGUAIS,goiania,395360,2504,COND RES CESAR AUGUSTO III,,R  CR2,"R CR2  CASA 1 , BAIRRO RES ITÁLIA",2,2,2,1,1
AUTO_ALIAS_1A1_TOTAIS_IGUAIS,goiania,87001,9844,COND RES CESAR GUIMARAES,,R  SAO PAULO,"R SAO PAULO CASA 1 , BAIRRO JD PETRÓPOLIS",7,7,7,1,1
AUTO_ALIAS_1A1_TOTAIS_IGUAIS,goiania,174702,8253,COND RES CESAR XI,,R  SANTA CATARINA,"R SANTA CATARINA  CASA 01 , BAIRRO JD ITAIPÚ",3,3,3,1,1
AUTO_ALIAS_1A1_TOTAIS_IGUAIS,goiania,335940,8663,COND RES CHAGAS PEREIRA I,,R  9,"R 9 CASA 02 , BAIRRO RES PAULO ESTRELA",2,2,2,1,1
AUTO_ALIAS_1A1_TOTAIS_IGUAIS,goiania,70945,8916,COND RES CHRISTMAS-BV16B,,R  BV16B,"R BV16B CASA 01 , BAIRRO BRO BOA VISTA",2,2,2,1,1
AUTO_ALIAS_1A1_TOTAIS_IGUAIS,goiania,374810,8409,COND RES CLAUDINO X,,R  FRANCISCO BARBOSA,"R FRANCISCO BARBOSA CASA 01 , BAIRRO RES ANTÔNIO BARBOSA",2,2,2,1,1
AUTO_ALIAS_1A1_TOTAIS_IGUAIS,goiania,57746,14045,COND RES CLENIO SOUZA II,,R  VSJE3,"R VSJE3 LT09 CASA 01 , BAIRRO VL SÃO JOSÉ - EXTENSÃO",2,2,2,1,1
AUTO_ALIAS_1A1_TOTAIS_IGUAIS,goiania,60646,7072,COND. RES. CLEYBER MARTINS II,,R  RP7,"R RP7 LT 34 CS 01 , BAIRRO RES RECREIO PANORAMA",2,2,2,1,1
AUTO_ALIAS_1A1_TOTAIS_IGUAIS,goiania,281462,7364,COND RES CLINTON CUNHA X,,AV G VUKOJICIC,"AV G VUKOJICIC  CASA 01 , BAIRRO JD BALNEÁRIO MEIA PONTE",2,2,2,1,1
AUTO_ALIAS_1A1_TOTAIS_IGUAIS,goiania,100624,7934,COND RES CMS I,,R  CRP4,"R CRP4  CASA 01 , BAIRRO RES PRIMAVERA",3,3,3,1,1
AUTO_ALIAS_1A1_TOTAIS_IGUAIS,goiania,32261,13483,COND RES COLORADO JARDINS VI,,R  SC14,"R SC14 LT 11 CASA-01 , BAIRRO JD COLORADO",2,2,2,1,1
AUTO_ALIAS_1A1_TOTAIS_IGUAIS,goiania,60553,1953,COND RES COMENDADOR MAURICIO CARVALHO,,R  FN28,"R FN28 LT 33 CS 01 , BAIRRO JD FONTE NOVA",2,2,2,1,1
AUTO_ALIAS_1A1_TOTAIS_IGUAIS,goiania,249534,8353,COND RES COMERCIAL ENERIO,,R  809,"R 809 151 LOJA 01 , BAIRRO S LESTE VILA NOVA",8,8,8,1,1
AUTO_ALIAS_1A1_TOTAIS_IGUAIS,goiania,145716,13974,COND RES /COMERCIAL RB,,R  C217,"AV C208 S/N     SALA S-01 , BAIRRO BRO JARDIM AMÉRICA",3,3,3,1,1
AUTO_ALIAS_1A1_TOTAIS_IGUAIS,goiania,392649,2708,COND RES/COML CASTELINHO,,R  225,"R 215 CASA01 , BAIRRO S LESTE VILA NOVA",2,2,2,1,1
AUTO_ALIAS_1A1_TOTAIS_IGUAIS,goiania,350102,2420,COND RES CORRENTINA,,R  SR42,"R SR42 CASA01 , BAIRRO RES PAULO ESTRELA",3,3,3,1,1
AUTO_ALIAS_1A1_TOTAIS_IGUAIS,goiania,19295,2154,COND RES COSTA 02,,R  WILSON AUGUSTO DE SA,"R WILSON AUGUSTO DE SA CASA 01 , BAIRRO S ESTRELA DALVA",2,2,2,1,1
AUTO_ALIAS_1A1_TOTAIS_IGUAIS,goiania,142153,6607,COND RES COSTA - 252,,R  ELPIDIO RODRIGUES,"R ELPIDIO RODRIGUES  CASA 01 , BAIRRO RES BUENA VISTA III",2,2,2,1,1
AUTO_ALIAS_1A1_TOTAIS_IGUAIS,goiania,221412,9875,COND RES COSTA JUNIOR,,R  MDV43,"R MDV43  CASA 01 , BAIRRO LOT MOINHO DOS VENTOS",2,2,2,1,1
AUTO_ALIAS_1A1_TOTAIS_IGUAIS,goiania,22854,8549,COND RES CREPUSCULO FL,,R  5,"R 5 LT 25 CS 01 , BAIRRO S MORADA DO SOL",2,2,2,1,1
AUTO_ALIAS_1A1_TOTAIS_IGUAIS,goiania,22651,8716,COND RES CREPUSCULO XL,,R  5,"R 5 LT 24 CS 01 , BAIRRO S MORADA DO SOL",2,2,2,1,1
AUTO_ALIAS_1A1_TOTAIS_IGUAIS,goiania,79149,5945,COND RES CRESCER,,R  SILVERIO FERNANDES DO NASCIMEN,"R SILVERIO FERNANDES DO NASCIMEN  CASA 01 , BAIRRO RES PILAR DOS SONHOS",2,2,2,1,1
AUTO_ALIAS_1A1_TOTAIS_IGUAIS,goiania,278827,1461,COND RES CRUZEIRO DO SUL V,,R  CRUZEIRO DO SUL,"R CRUZEIRO DO SUL CASA 01 , BAIRRO JD BELA VISTA",2,2,2,1,1
AUTO_ALIAS_1A1_TOTAIS_IGUAIS,goiania,119857,8213,COND RES CSA-29.03,,R  ARMANDO DE SALES,"R ARMANDO DE SALES  CASA 03 , BAIRRO PRQ INDUSTRIAL JOÃO BRAZ",3,3,3,1,1
AUTO_ALIAS_1A1_TOTAIS_IGUAIS,goiania,7849,7990,COND RES CUBILLO E MARTINS IV,,R  FLEURY CURADO,"R FLEURY CURADO LT 09 CASA 01 , BAIRRO BRO CIDADE JARDIM",2,2,2,1,1
AUTO_ALIAS_1A1_TOTAIS_IGUAIS,goiania,361693,8254,COND RES CURIO IX,,AV ITABERAI,"AV ITABERAI CASA01 , BAIRRO VL MARIA ROSA",8,8,8,1,1
AUTO_ALIAS_1A1_TOTAIS_IGUAIS,goiania,142112,7660,COND RES CUSTODIO 161,,R  ATAULFO ALVES,"R ATAULFO ALVES  CASA 03 , BAIRRO JD SÃO JOSÉ",3,3,3,1,1
AUTO_ALIAS_1A1_TOTAIS_IGUAIS,goiania,172100,7633,COND RES CUSTODIO DE OLIVEIRA,,R  PEDRO VIEIRA DOS SANTOS,"R PEDRO VIEIRA DOS SANTOS  CASA 01 , BAIRRO JD ITAIPÚ",3,3,3,1,1
AUTO_ALIAS_1A1_TOTAIS_IGUAIS,goiania,314417,14409,COND RES CUTTING,,R  RB20,"R RB20 CASA 02 , BAIRRO RES RECANTO DO BOSQUE",2,2,2,1,1
AUTO_ALIAS_1A1_TOTAIS_IGUAIS,goiania,135398,8423,COND RES CZEREWUTA 0249,,R  OSMAR RODRIGUES,"R OSMAR RODRIGUES  CASA 01 , BAIRRO RES BUENA VISTA III",2,2,2,1,1
AUTO_ALIAS_1A1_TOTAIS_IGUAIS,goiania,132971,8758,COND RES CZEREWUTA-359.472,,R  PORTO HORIZONTE,"R PORTO HORIZONTE  CASA 01 , BAIRRO RES BUENA VISTA IV",2,2,2,1,1
AUTO_ALIAS_1A1_TOTAIS_IGUAIS,goiania,133578,8563,COND RES CZEREWUTA-359.54,,R  PORTO FRANCO,"R PORTO FRANCO  CASA 01 , BAIRRO RES BUENA VISTA IV",2,2,2,1,1
AUTO_ALIAS_1A1_TOTAIS_IGUAIS,goiania,230883,10984,COND.RES.DAMASCENO V,,R  CARAJURU,"R UMIRI  CASA 01 , BAIRRO PRQ AMAZÔNIA",2,2,2,1,1
AUTO_ALIAS_1A1_TOTAIS_IGUAIS,goiania,57980,1929,COND RES DANIEL ANDRADE,,R  RP1,"R RP1 LT 01 . , BAIRRO RES RECREIO PANORAMA",2,2,2,1,1
AUTO_ALIAS_1A1_TOTAIS_IGUAIS,goiania,219341,5588,COND RES DANTAS 27,,R  MDV28,"R MDV28  CASA 01 , BAIRRO LOT MOINHO DOS VENTOS",2,2,2,1,1
AUTO_ALIAS_1A1_TOTAIS_IGUAIS,goiania,219293,8729,COND RES DANTAS I,,AV VEREDA DOS BURITIS,"AV VEREDA DOS BURITIS  CASA 01 , BAIRRO RES CANADÁ",2,2,2,1,1
AUTO_ALIAS_1A1_TOTAIS_IGUAIS,goiania,315918,12969,COND RES DA PRATA,,R  DA PRATA,"R DA PRATA CASA 01 , BAIRRO LOT GOIÂNIA 2",2,2,2,1,1
AUTO_ALIAS_1A1_TOTAIS_IGUAIS,goiania,40495,8241,COND RES DAS HORTENCIAS I,,R  JH25,"R JH25 LT 07 CS 01 , BAIRRO JD DAS HORTÊNCIAS",2,2,2,1,1
AUTO_ALIAS_1A1_TOTAIS_IGUAIS,goiania,151203,7481,COND RESD ATLAS,,R  C181,"R C181  CASA-01 , BAIRRO BRO JARDIM AMÉRICA",2,2,2,1,1
AUTO_ALIAS_1A1_TOTAIS_IGUAIS,goiania,174707,6108,COND RESD AVENIDA BRASIL,,R  SANTA CATARINA,"R SANTA CATARINA  C-1 , BAIRRO JD ITAIPÚ",3,3,3,1,1
AUTO_ALIAS_1A1_TOTAIS_IGUAIS,goiania,309133,7421,COND RESD BALNEARIO -452,,R  ALICE BANDEIRA,"R ALICE BANDEIRA C-3 , BAIRRO JD BALNEÁRIO MEIA PONTE",3,3,3,1,1
AUTO_ALIAS_1A1_TOTAIS_IGUAIS,goiania,166967,7530,COND RESD CRSREAL IV,,R  RI-9,"R RI-9  CASA 01 , BAIRRO RES ITAIPÚ",2,2,2,1,1
AUTO_ALIAS_1A1_TOTAIS_IGUAIS,goiania,190277,1596,COND RES DEA LUCIA,,R  V2,"R V2  CASA 01 , BAIRRO VL REZENDE",2,2,2,1,1
AUTO_ALIAS_1A1_TOTAIS_IGUAIS,goiania,136787,7532,COND RES DECHICHI I,,R  IRMA LAURA CHAER,"R IRMA LAURA CHAER  CASA 01 , BAIRRO JD SÃO JOSÉ",2,2,2,1,1
AUTO_ALIAS_1A1_TOTAIS_IGUAIS,goiania,182566,9185,COND RES DECIO,,R  MELCHIADES JOSE DA SILVA,"R MELCHIADES JOSE DA SILVA  CASA 01 , BAIRRO S ORIENTVILLE",2,2,2,1,1
AUTO_ALIAS_1A1_TOTAIS_IGUAIS,goiania,305251,10012,COND RES DE FATIMA,,R  AB5,"R AB5 CASA01 , BAIRRO RES ALICE BARBOSA",2,2,2,1,1
AUTO_ALIAS_1A1_TOTAIS_IGUAIS,goiania,85816,10197,COND RES DE FLAVIIS II,,R  JB5,"R JB5 CASA 01 , BAIRRO JD BONANZA",2,2,2,1,1
AUTO_ALIAS_1A1_TOTAIS_IGUAIS,goiania,221121,8485,COND RES DENIS MENDES,,R  VB11,"R VB11  CASA 01 , BAIRRO RES VEREDA DOS BURITIS",2,2,2,1,1
AUTO_ALIAS_1A1_TOTAIS_IGUAIS,goiania,349390,2373,COND RES DE SOUSA,,R  11,"R 11 CASA01 , BAIRRO RES PAULO ESTRELA",2,2,2,1,1
AUTO_ALIAS_1A1_TOTAIS_IGUAIS,goiania,169823,8128,COND RES D.F.F VIII,,R  W2,"R W2  CASA 01 , BAIRRO JD ITAIPÚ",2,2,2,1,1
AUTO_ALIAS_1A1_TOTAIS_IGUAIS,goiania,169658,7384,COND RESD FILHO 724,,R  RI3,"R RI3  CASA 01 , BAIRRO RES ITAIPÚ",3,3,3,1,1
AUTO_ALIAS_1A1_TOTAIS_IGUAIS,goiania,102760,8470,COND RESD FT XI,,R  CRP-01,"R CRP-01  CASA 02 , BAIRRO RES ANA MORAES",2,2,2,1,1
AUTO_ALIAS_1A1_TOTAIS_IGUAIS,goiania,183240,7460,COND. RES. DH II,,VIAWILMAN AMIM CAMARGO,"VIAWILMAN AMIM CAMARGO  CASA 01 , BAIRRO S AMIM CAMARGO",2,2,2,1,1
AUTO_ALIAS_1A1_TOTAIS_IGUAIS,goiania,250276,10477,COND RES DIB - SILVA,,AV SUCURI,"AV SUCURI SOB 01 , BAIRRO BRO SANTA GENOVEVA",2,2,2,1,1
AUTO_ALIAS_1A1_TOTAIS_IGUAIS,goiania,256964,5978,COND RES DIGITO 7,,R  DEBRET,"R DEBRET  SOB01 , BAIRRO S GENTIL MEIRELLES",3,3,3,1,1
AUTO_ALIAS_1A1_TOTAIS_IGUAIS,goiania,37420,8448,COND RESD KADOSH,,R  VMV,"R VMV CASA 01 , BAIRRO VL MUTIRÃO II",2,2,2,1,1
AUTO_ALIAS_1A1_TOTAIS_IGUAIS,goiania,15727,8263,COND RESD LAGARES DA SILVA VII,,R  COLEGIAL,"R COLEGIAL CASA 01 , BAIRRO S ESTRELA DALVA",2,2,2,1,1
AUTO_ALIAS_1A1_TOTAIS_IGUAIS,goiania,359968,13939,COND RES DM NUNES II,,R  ACP01,"R ACP01 CASA 02 , BAIRRO RES ANTONIO CARLOS PIRES",2,2,2,1,1
AUTO_ALIAS_1A1_TOTAIS_IGUAIS,goiania,340173,5671,COND RES DOIS IRMAOS 2019,,R  FL48,"R FL48 CASA 01 , BAIRRO PRQ DAS FLORES",2,2,2,1,1
AUTO_ALIAS_1A1_TOTAIS_IGUAIS,goiania,283583,1504,COND RES DONA GERTRUDES,,R  BM3,"R BM3 CASA 01 , BAIRRO RES BRISAS DA MATA",2,2,2,1,1
AUTO_ALIAS_1A1_TOTAIS_IGUAIS,goiania,161519,2959,COND RES DONIZETH CARDOSO I,,R  JERONIMO SIMOES DE LIMA,"R JERONIMO SIMOES DE LIMA  CASA01 , BAIRRO RES KÁTIA",2,2,2,1,1
AUTO_ALIAS_1A1_TOTAIS_IGUAIS,goiania,391484,8723,COND RES DOUGLAS QUEIROZ II,,R  CESAR NETO,"R CESAR NETO CASA 01 , BAIRRO PRQ DAS AMENDOEIRAS",3,3,3,1,1
AUTO_ALIAS_1A1_TOTAIS_IGUAIS,goiania,309038,8730,COND RES DOUTORA THALITA LIMA SOARES,,R  TALITA,"R TALITA CASA 01 , BAIRRO JD BALNEÁRIO MEIA PONTE",2,2,2,1,1
AUTO_ALIAS_1A1_TOTAIS_IGUAIS,goiania,292485,2111,COND RES DOVER II,,R  LP3,"R LP3 CASA 02 , BAIRRO RES LUCY PINHEIRO",2,2,2,1,1
AUTO_ALIAS_1A1_TOTAIS_IGUAIS,goiania,20694,2930,COND RES DRACARYS I,,R  MADRE TEREZA DE CALCUTA,"R MADRE TEREZA DE CALCUTA CASA 01 , BAIRRO S ESTRELA DALVA",2,2,2,1,1
AUTO_ALIAS_1A1_TOTAIS_IGUAIS,goiania,200352,7480,COND RESD SILVA VILELA II,,R  MARIA GONCALVES DE ARAUJO,"R MARIA GONCALVES DE ARAUJO  C-1 , BAIRRO RES FLAMINGO",2,2,2,1,1
AUTO_ALIAS_1A1_TOTAIS_IGUAIS,goiania,167695,8787,COND RES D'TEXEIRA DOS SANTOS,,R  29,"R 29  CASA 01 , BAIRRO CON DAS ESMERALDAS",2,2,2,1,1
AUTO_ALIAS_1A1_TOTAIS_IGUAIS,goiania,197217,11412,COND RESD VALERIO,,R  MARECHAL FLORIANO,"R MARECHAL FLORIANO  CASA 01 , BAIRRO PRQ ANHANGÜERA",2,2,2,1,1
AUTO_ALIAS_1A1_TOTAIS_IGUAIS,goiania,43704,7344,COND RESD VILAGE PORTAL,,R  RIT3,"R RIT3 LT 13  CASA 01 , BAIRRO RES ITAMARACA",2,2,2,1,1
AUTO_ALIAS_1A1_TOTAIS_IGUAIS,goiania,10720,10944,COND RESD VILLAGE VILELA LEAO I,,R  C61,"R C61  SOBRADO 02 , BAIRRO S SUDOESTE",2,2,2,1,1
AUTO_ALIAS_1A1_TOTAIS_IGUAIS,goiania,216468,7967,COND RES D'VILLE XV,,R  CV16,"R CV16  CASA 01 , BAIRRO RES CENTER VILLE",3,3,3,1,1
AUTO_ALIAS_1A1_TOTAIS_IGUAIS,goiania,207214,8543,COND RES D'VILLE XVI,,R  VALLE GRANDE,"R VALLE GRANDE  CASA 01 , BAIRRO S TRÊS MARIAS I",2,2,2,1,1
AUTO_ALIAS_1A1_TOTAIS_IGUAIS,goiania,325016,11666,COND. RES. EDI BERNARDES,,R  MARIA ALVES DE SOUZA,"R MARIA ALVES DE SOUZA CASA 01 , BAIRRO RES MORUMBI",3,3,3,1,1
AUTO_ALIAS_1A1_TOTAIS_IGUAIS,goiania,284620,1417,COND RES EDY LOPES,,R  TRES MARIAS,"R TRES MARIAS CASA 01 , BAIRRO S NEGRÃO DE LIMA",2,2,2,1,1
AUTO_ALIAS_1A1_TOTAIS_IGUAIS,goiania,236425,8476,COND RES E J S IV,,R  DE PARANAGUA,"R DE PARANAGUA  CASA 01 , BAIRRO JD ATLÂNTICO",2,2,2,1,1
AUTO_ALIAS_1A1_TOTAIS_IGUAIS,goiania,165430,7529,COND RES ELAINE MARCELINO RESIDENCI I,,R  BOA VISTA,"R BOA VISTA  CASA 01 , BAIRRO RES SANTA FÉ I",2,2,2,1,1
AUTO_ALIAS_1A1_TOTAIS_IGUAIS,goiania,160536,8195,COND RES ELI ALVES FORTES 45,,AV ELI ALVES FORTES,"AV ELI ALVES FORTES 9       CASA 02 , BAIRRO RES SANTA FÉ I",2,2,2,1,1
AUTO_ALIAS_1A1_TOTAIS_IGUAIS,goiania,132600,2855,COND RES ELMO LT-01,,R  MADRE RITA BRETAS,"R MADRE RITA BRETAS  CASA 01 , BAIRRO JD SÃO JOSÉ",3,3,3,1,1
AUTO_ALIAS_1A1_TOTAIS_IGUAIS,goiania,342692,9579,COND RES EMS-MARIA ALVES,,R  MARIA ALVES DE SOUZA,"R MARIA ALVES DE SOUZA SN CASA 01 , BAIRRO RES MORUMBI",2,2,2,1,1
AUTO_ALIAS_1A1_TOTAIS_IGUAIS,goiania,189476,1943,COND RES ESPADARTES,,R  DO ESPADARTE,"R DO ESPADARTE  CASA01 , BAIRRO JD ATLÂNTICO",2,2,2,1,1
AUTO_ALIAS_1A1_TOTAIS_IGUAIS,goiania,327593,9610,COND RES ESTANCIA DO OLIVEIRA V,,R  FELINO IVO BEZERRA,"R FELINO IVO BEZERRA CASA 01 , BAIRRO RES BELO HORIZONTE",2,2,2,1,1
AUTO_ALIAS_1A1_TOTAIS_IGUAIS,goiania,304833,2612,COND RES ESTER,,R  9,"R 9 CASA 02 , BAIRRO RES PAULO ESTRELA",2,2,2,1,1
AUTO_ALIAS_1A1_TOTAIS_IGUAIS,goiania,272282,2401,COND RES ESTHER,,R  CPR2,"R CPR2 CASA02 , BAIRRO RES COSTA PARANHOS",2,2,2,1,1
AUTO_ALIAS_1A1_TOTAIS_IGUAIS,goiania,359552,8206,COND RES ESTRELA DE HIRAMAR I,,R  BM25,"R BM25 CASA 02 , BAIRRO RES BRISAS DA MATA",2,2,2,1,1
AUTO_ALIAS_1A1_TOTAIS_IGUAIS,goiania,343115,7708,COND. RES. ESTRELA MAGALHAES 3,,R  CPR5,"R CPR5 CASA 02 , BAIRRO RES COSTA PARANHOS",2,2,2,1,1
AUTO_ALIAS_1A1_TOTAIS_IGUAIS,goiania,81995,2347,COND RES EUNICE DE FATIMA DOS SANTOS LIMA,,R  14,"R 14 CASA 01 , BAIRRO S SANTOS DUMONT",2,2,2,1,1
AUTO_ALIAS_1A1_TOTAIS_IGUAIS,goiania,225601,7361,COND. RES. EZEQUIEL ADORNO I,,R  SR1,"R SR1  CASA 01 , BAIRRO RES SANTA RITA - 4A ETAPA",3,3,3,1,1
AUTO_ALIAS_1A1_TOTAIS_IGUAIS,goiania,143684,2548,COND RES FABIANA 09,,R  MONS JOAO DAIBER,"R MONS JOAO DAIBER  CASA 01 , BAIRRO JD SÃO JOSÉ",2,2,2,1,1
AUTO_ALIAS_1A1_TOTAIS_IGUAIS,goiania,123361,5975,COND RES FALCAO 361,,R  SM7,"R SM7  CASA 01 , BAIRRO RES SÃO MARCOS",2,2,2,1,1
AUTO_ALIAS_1A1_TOTAIS_IGUAIS,goiania,208420,8127,COND RES FALCAO 55-21,,R  F39,"R F39  CASA 01 , BAIRRO LOT FAIÇALVILLE",2,2,2,1,1
AUTO_ALIAS_1A1_TOTAIS_IGUAIS,goiania,206882,8003,COND. RES. FALCAO-8279,,R  F40,"R F40  CASA 01 , BAIRRO LOT FAIÇALVILLE",2,2,2,1,1
AUTO_ALIAS_1A1_TOTAIS_IGUAIS,goiania,153168,8532,COND RES FARAIDES II,,R  JERONIMO SIMOES DE LIMA,"R JERONIMO SIMOES DE LIMA  CASA 01 , BAIRRO RES KÁTIA",2,2,2,1,1
AUTO_ALIAS_1A1_TOTAIS_IGUAIS,goiania,319817,7398,COND. RES. FATIMA LEANDRO I,,R  RIO CLARO,"R RIO CLARO CASA 01 , BAIRRO RES PAULO ESTRELA",2,2,2,1,1
AUTO_ALIAS_1A1_TOTAIS_IGUAIS,goiania,277082,2564,COND RES FATIMA PORTO CAVALCANTE,,R  PROF. ROCHA LIMA,"R PROF. ROCHA LIMA CASA 01 , BAIRRO LOT MANSÕES GOIANAS",3,3,3,1,1
AUTO_ALIAS_1A1_TOTAIS_IGUAIS,goiania,391497,2217,COND RES FAVORITAA,,R  5,"R 5 CASA 01 , BAIRRO RES PAULO ESTRELA",2,2,2,1,1
AUTO_ALIAS_1A1_TOTAIS_IGUAIS,goiania,266062,2407,COND RES FELICIDADE,,R  59A,"R 59A AP300 , BAIRRO S AEROPORTO",4,4,4,1,1
AUTO_ALIAS_1A1_TOTAIS_IGUAIS,goiania,426345,10914,COND RES FELIPE,,R  COSTA PARANHOS,"R COSTA PARANHOS CASA 01 , BAIRRO PRQ DAS AMENDOEIRAS",10,10,10,1,1
AUTO_ALIAS_1A1_TOTAIS_IGUAIS,goiania,141587,8222,COND RES FELIPE SERBETO RESIDENCI II,,R  JUAREZ AMORELLI,"R JUAREZ AMORELLI  CASA 01 , BAIRRO RES BUENA VISTA III",2,2,2,1,1
AUTO_ALIAS_1A1_TOTAIS_IGUAIS,goiania,135420,8514,COND RES FERNANDES CAVALCANTE X,,R  RMP11,"R RMP11  CASA 01 , BAIRRO RES MONTE PASCOAL",2,2,2,1,1
AUTO_ALIAS_1A1_TOTAIS_IGUAIS,goiania,188624,9810,COND RES FERRANTE MELLO 02,,R  DO TRITAO,"R DO TRITAO  SOBRADO 01 , BAIRRO JD ATLÂNTICO",2,2,2,1,1
AUTO_ALIAS_1A1_TOTAIS_IGUAIS,goiania,344933,2479,COND RES FERREIRA MACHADO,,AV UBALDINA NAVES DE BRITO,"AV UBALDINA NAVES DE BRITO  CASA 01 , BAIRRO JD BALNEÁRIO MEIA PONTE",2,2,2,1,1
AUTO_ALIAS_1A1_TOTAIS_IGUAIS,goiania,153238,7924,COND RES FIDELIS FV-20,,R  FV20,"R FV20  CASA-01 , BAIRRO RES FIDÉLIS",2,2,2,1,1
AUTO_ALIAS_1A1_TOTAIS_IGUAIS,goiania,162088,7045,COND. RES. FIDELIS PARK RESIDENCE,,R  FV32,"R FV32  C-1 , BAIRRO RES FIDÉLIS",2,2,2,1,1
AUTO_ALIAS_1A1_TOTAIS_IGUAIS,goiania,152744,5404,COND RES FIDELIS PARK RESIDENCE I,,R  FV32,"R FV32  C-1 , BAIRRO RES FIDÉLIS",2,2,2,1,1
AUTO_ALIAS_1A1_TOTAIS_IGUAIS,goiania,301163,8202,COND RES FIRIGATO 2,,R  CPR5,"R CPR5 CASA 03 , BAIRRO RES COSTA PARANHOS",3,3,3,1,1
AUTO_ALIAS_1A1_TOTAIS_IGUAIS,goiania,102085,8382,COND RES FLORACI MOREIRA RESIDENCI,,R  CHILE,"R CHILE  CASA 01 , BAIRRO S DAS NAÇÕES",2,2,2,1,1
AUTO_ALIAS_1A1_TOTAIS_IGUAIS,goiania,101602,8547,COND RES FLORACI MOREIRA RESIDENCI II,,R  LRM4,"R LRM4  CASA 02 , BAIRRO RES MENDANHA",2,2,2,1,1
AUTO_ALIAS_1A1_TOTAIS_IGUAIS,goiania,177248,1439,COND RES FLORIANOPOLIS III,,R  FLORIANOPOLIS,"R FLORIANOPOLIS  CASA 1 , BAIRRO RES ANA CLARA",2,2,2,1,1
AUTO_ALIAS_1A1_TOTAIS_IGUAIS,goiania,60340,11219,COND.RES. FN-21,,R  FN21,"R FN21 LT 30 CS 01 , BAIRRO JD FONTE NOVA",2,2,2,1,1
AUTO_ALIAS_1A1_TOTAIS_IGUAIS,goiania,61342,12987,COND RES FN27,,R  FN27,"R FN27 LT 05 CS 01 , BAIRRO JD FONTE NOVA",2,2,2,1,1
AUTO_ALIAS_1A1_TOTAIS_IGUAIS,goiania,60337,12862,COND RES FONTE VILLE II,,R  FN4,"R FN4 LT 30 CS 01 , BAIRRO JD FONTE NOVA",2,2,2,1,1
AUTO_ALIAS_1A1_TOTAIS_IGUAIS,goiania,135254,2485,COND RES FORTIN FD II,,R  JOAO JOSE DE OLIVEIRA,"R JOAO JOSE DE OLIVEIRA  CASA02 , BAIRRO RES YTAPUÃ",2,2,2,1,1
AUTO_ALIAS_1A1_TOTAIS_IGUAIS,goiania,222239,7399,COND. RES. F.P.S. III,,R  RC8,"R RC8  CASA 01 , BAIRRO RES CANADÁ",2,2,2,1,1
AUTO_ALIAS_1A1_TOTAIS_IGUAIS,goiania,95174,2358,COND RES FRANC BONOMO I,,R  5C,"R 5C  CASA01 , BAIRRO RES CIDADE VERDE",2,2,2,1,1
AUTO_ALIAS_1A1_TOTAIS_IGUAIS,goiania,202037,480,COND RES FREITAS II,,AL GILSON ALVES DE SOUZA,"R F61  CASA 01 , BAIRRO LOT FAIÇALVILLE",3,3,3,1,1
AUTO_ALIAS_1A1_TOTAIS_IGUAIS,goiania,222313,7085,COND. RES. F.S.P. II,,R  MDV22,"R MDV22  CASA 01 , BAIRRO LOT MOINHO DOS VENTOS",2,2,2,1,1
AUTO_ALIAS_1A1_TOTAIS_IGUAIS,goiania,139753,8471,COND RES FT IX,,R  RMP4,"R RMP4  CASA 01 , BAIRRO RES MONTE PASCOAL",2,2,2,1,1
AUTO_ALIAS_1A1_TOTAIS_IGUAIS,goiania,394822,6908,COND RES GAEBLER PEREIRA I,,R  J17,"R J17 CASA 01 , BAIRRO S JAÓ",2,2,2,1,1
AUTO_ALIAS_1A1_TOTAIS_IGUAIS,goiania,143120,5672,COND RES GALLIETA I,,R  PORTO HORIZONTE,"R PORTO HORIZONTE  CASA 01 , BAIRRO RES BUENA VISTA IV",2,2,2,1,1
AUTO_ALIAS_1A1_TOTAIS_IGUAIS,goiania,255379,8418,COND RES GALVAO DOURADO II,,AV ODICIA MORAIS,"AV ODICIA MORAIS CASA 01 , BAIRRO RES ORLANDO DE MORAIS",2,2,2,1,1
AUTO_ALIAS_1A1_TOTAIS_IGUAIS,goiania,275997,8506,COND RES GB TEXEIRA RESIDENCI III,,R  GRANADA,"R GRANADA CASA 01 , BAIRRO LOT GOIÂNIA 2",2,2,2,1,1
AUTO_ALIAS_1A1_TOTAIS_IGUAIS,goiania,78875,2587,COND RES GENESI V,,R  MARIA ABADIA DA COSTA,"R MARIA ABADIA DA COSTA CASA 01 , BAIRRO RES RECANTO DAS GARÇAS",3,3,3,1,1
AUTO_ALIAS_1A1_TOTAIS_IGUAIS,goiania,331338,5874,COND RES GETULINO JOSE TRINDADE I,,R  MARIA ALVES DE SOUZA,"R MARIA ALVES DE SOUZA CASA 01 , BAIRRO RES MORUMBI",2,2,2,1,1
AUTO_ALIAS_1A1_TOTAIS_IGUAIS,goiania,103110,5963,COND RES GEVIC CAVALCANTE XVI,,R  CRP11,"R CRP1  CASA 03 , BAIRRO RES PRIMAVERA",3,3,3,1,1
AUTO_ALIAS_1A1_TOTAIS_IGUAIS,goiania,136684,5659,COND RES GEVIC CAVALCANTE XVII,,R  JOAO JOSE DE OLIVEIRA,"R JOAO JOSE DE OLIVEIRA  CASA 02 , BAIRRO RES YTAPUÃ",2,2,2,1,1
AUTO_ALIAS_1A1_TOTAIS_IGUAIS,goiania,209677,7311,COND. RES. GIBRALTAR MARIA 17.14,,R  GIBRALTAR,"R GIBRALTAR  C-1 , BAIRRO S TRÊS MARIAS",2,2,2,1,1
AUTO_ALIAS_1A1_TOTAIS_IGUAIS,goiania,170255,7063,COND. RES. GM 41,,R  RI6,"R RI6  CASA 01 , BAIRRO RES ITAIPÚ",2,2,2,1,1
AUTO_ALIAS_1A1_TOTAIS_IGUAIS,goiania,169275,8259,COND RES GM 7,,R  RI-9,"R RI-9  CASA 01 , BAIRRO RES ITAIPÚ",2,2,2,1,1
AUTO_ALIAS_1A1_TOTAIS_IGUAIS,goiania,219335,5678,COND RES GM II,,AV TORONTO,"AV TORONTO  CASA 01 , BAIRRO RES CANADÁ",2,2,2,1,1
AUTO_ALIAS_1A1_TOTAIS_IGUAIS,goiania,81946,13809,COND RES GOLD II,,R  DO PRADO,"R DO PRADO CASA 01 , BAIRRO S BARRA DA TIJUCA",2,2,2,1,1
AUTO_ALIAS_1A1_TOTAIS_IGUAIS,goiania,133802,8417,COND RES GOMES 6868,,R  IRMA CIBELE DE AQUINO SALES,"R IRMA CIBELE DE AQUINO SALES  CASA 01 , BAIRRO RES MONTE PASCOAL",2,2,2,1,1
AUTO_ALIAS_1A1_TOTAIS_IGUAIS,goiania,160740,7028,COND. RES. GOMES-692,,R  ELPIDIO JOSE FARIA,"R ELPIDIO JOSE FARIA  C-1 , BAIRRO RES FORTE VILLE - EXTENSÃO",2,2,2,1,1
AUTO_ALIAS_1A1_TOTAIS_IGUAIS,goiania,317392,8971,COND RES GOMES DE ALMEIDA XVX,,R  BM27,"R BM27 CASA 02 , BAIRRO RES BRISAS DA MATA",2,2,2,1,1
AUTO_ALIAS_1A1_TOTAIS_IGUAIS,goiania,160344,1936,COND RES GOMES DOS SANTOS I,,R  SB16,"R SB16  CASA 01 , BAIRRO RES SOLAR BOUGAINVILLE",2,2,2,1,1
AUTO_ALIAS_1A1_TOTAIS_IGUAIS,goiania,136701,9250,COND RES GOMES PEREIRA XX,,R  MURIAE,"R MURIAE  CASA 01 , BAIRRO RES BUENA VISTA IV",2,2,2,1,1
AUTO_ALIAS_1A1_TOTAIS_IGUAIS,goiania,262441,2611,COND RES GONCALVES,,R  SR2,"R SR2 CASA 01 , BAIRRO S RECANTO DAS MINAS GERAIS",4,4,4,1,1
AUTO_ALIAS_1A1_TOTAIS_IGUAIS,goiania,275973,9555,COND. RES. GONCALVES,,AV DOM PEDRO II,"AV DOM PEDRO II CASA-01 , BAIRRO VL JARDIM SÃO JUDAS TADEU",2,2,2,1,1
AUTO_ALIAS_1A1_TOTAIS_IGUAIS,goiania,24767,1937,COND RES GONCALVES DE LIMA I,,R  ED4,"R ED4 CASA 01 , BAIRRO S ESTRELA DALVA",2,2,2,1,1
AUTO_ALIAS_1A1_TOTAIS_IGUAIS,goiania,195284,1343,COND RES GRANDE RIO X,,R  COPENHAGUE,"R COPENHAGUE  APT01 , BAIRRO JD EUROPA",4,4,4,1,1
AUTO_ALIAS_1A1_TOTAIS_IGUAIS,goiania,284066,1941,COND RES GUIMARAES,,AV ARISTOTELES,"AV ARISTOTELES SN CASA 01 , BAIRRO JD MARILIZA",2,2,2,1,1
AUTO_ALIAS_1A1_TOTAIS_IGUAIS,goiania,172856,1351,COND RES HARLEY COSTA VIII,,R  ARRAIAL DO CABO,"R ARRAIAL DO CABO  CASA 01 , BAIRRO RES CAMPOS DOURADOS",2,2,2,1,1
AUTO_ALIAS_1A1_TOTAIS_IGUAIS,goiania,225565,5679,COND RES HELIO PEREIRA,,R  MDV10,"R MDV10  CASA 01 , BAIRRO LOT MOINHO DOS VENTOS",3,3,3,1,1
AUTO_ALIAS_1A1_TOTAIS_IGUAIS,goiania,172860,2593,COND RES HERICA D.C,,R  ARMACAO DE BUZIOS,"R ARMACAO DE BUZIOS  CASA 01 , BAIRRO RES CAMPOS DOURADOS",2,2,2,1,1
AUTO_ALIAS_1A1_TOTAIS_IGUAIS,goiania,286209,2586,COND RES HILDA RESIDENCI II,,R  FL46,"R FL46  CASA 01 , BAIRRO RES ITÁLIA",2,2,2,1,1
AUTO_ALIAS_1A1_TOTAIS_IGUAIS,goiania,169460,7632,COND RES HITACARAMBI,,R  RI6,"R RI6  CASA 01 , BAIRRO RES ITAIPÚ",3,3,3,1,1
AUTO_ALIAS_1A1_TOTAIS_IGUAIS,goiania,164289,7416,COND RES HONORATO I,,R  DA GLORIA,"R DA GLORIA  CASA 01 , BAIRRO RES SANTA FÉ I",2,2,2,1,1
AUTO_ALIAS_1A1_TOTAIS_IGUAIS,goiania,349006,7415,COND RES HUMAITA,,R  JI1,"R JI1 CASA 01 , BAIRRO RES HUMAITA",2,2,2,1,1
AUTO_ALIAS_1A1_TOTAIS_IGUAIS,goiania,132843,9617,COND. RESID. ALVES RODRIGUES,,R  MONS ALDORANDO MENDES,"R PE NELSON ANTONINO  CASA 02 , BAIRRO JD SÃO JOSÉ",2,2,2,1,1
AUTO_ALIAS_1A1_TOTAIS_IGUAIS,goiania,407904,14280,COND. RESID/COMERCIAL LENITA MARIA DE MELO,,AL P2,"AL P2 22      CASA 01 , BAIRRO S DOS FUNCIONÁRIOS",5,5,5,1,1
AUTO_ALIAS_1A1_TOTAIS_IGUAIS,goiania,180298,6756,COND. RESID. COSTA SANTOS X,,R  JOAO MANOEL BARCELOS,"R JOAO MANOEL BARCELOS  CASA 01 , BAIRRO S ORIENTVILLE",2,2,2,1,1
AUTO_ALIAS_1A1_TOTAIS_IGUAIS,goiania,346111,7675,COND RESIDENCIAL AB-10.33,,R  LILIANE BARBOSA,"R LILIANE BARBOSA CASA 01 , BAIRRO RES ALICE BARBOSA",2,2,2,1,1
AUTO_ALIAS_1A1_TOTAIS_IGUAIS,goiania,168262,7602,COND RESIDENCIAL A D C II,,R  RI10,"R RI10  CASA 01 , BAIRRO RES ITAIPÚ",2,2,2,1,1
AUTO_ALIAS_1A1_TOTAIS_IGUAIS,goiania,197902,7451,COND RESIDENCIAL ATUM V,,R  DO ATUM,"R DO ATUM S/N     CASA 01 , BAIRRO JD ATLÂNTICO",2,2,2,1,1
AUTO_ALIAS_1A1_TOTAIS_IGUAIS,goiania,170374,8493,COND RESIDENCIAL C.A,,R  RI4,"R RI4  CASA 01 , BAIRRO RES ITAIPÚ",2,2,2,1,1
AUTO_ALIAS_1A1_TOTAIS_IGUAIS,goiania,307784,1231,COND. RESIDENCIAL E COMERCIAL PORTAL DAS BRISAS,,R  VB-3,"R VB-1 SOB01 , BAIRRO RES VALE DAS BRISAS",5,5,5,1,1
AUTO_ALIAS_1A1_TOTAIS_IGUAIS,goiania,187398,7956,COND RESIDENCIAL E.J.S III,,R  DA ESPONJA,"R DA ESPONJA  CASA 02 , BAIRRO JD ATLÂNTICO",2,2,2,1,1
AUTO_ALIAS_1A1_TOTAIS_IGUAIS,goiania,223172,2637,COND.RESIDENCIAL EUDELCIO FAGUNDES I,,R  MDV17,"R MDV17  CASA 03 , BAIRRO LOT MOINHO DOS VENTOS",3,3,3,1,1
AUTO_ALIAS_1A1_TOTAIS_IGUAIS,goiania,177062,8792,COND RESIDENCIAL FIGUEIREDO I,,R  RI7,"R RI7  CASA 01 , BAIRRO RES ITAIPÚ",3,3,3,1,1
AUTO_ALIAS_1A1_TOTAIS_IGUAIS,goiania,100018,7452,COND RESIDENCIAL FT I,,R  CARMINDO COELHO MORAES,"R CARMINDO COELHO MORAES  CASA 02 , BAIRRO RES ANA MORAES",2,2,2,1,1
AUTO_ALIAS_1A1_TOTAIS_IGUAIS,goiania,133220,7450,COND RESIDENCIAL FT II,,R  MADRE RITA BRETAS,"R MADRE RITA BRETAS  CASA 01 , BAIRRO JD SÃO JOSÉ",2,2,2,1,1
AUTO_ALIAS_1A1_TOTAIS_IGUAIS,goiania,133528,7449,COND RESIDENCIAL FT III,,R  MADRE RITA BRETAS,"R MADRE RITA BRETAS  C-01 , BAIRRO JD SÃO JOSÉ",2,2,2,1,1
AUTO_ALIAS_1A1_TOTAIS_IGUAIS,goiania,169274,7964,COND RESIDENCIAL GM 6,,R  RI-9,"R RI-9  CASA 01 , BAIRRO RES ITAIPÚ",2,2,2,1,1
AUTO_ALIAS_1A1_TOTAIS_IGUAIS,goiania,357352,8189,COND RESIDENCIAL HC BENTO X,,AL BONARD,"AL BONARD  CASA 01 , BAIRRO S GENTIL MEIRELLES",2,2,2,1,1
AUTO_ALIAS_1A1_TOTAIS_IGUAIS,goiania,327971,7608,COND RESIDENCIAL ISR-2,,R  SR2,"R SR2 SOB 01 , BAIRRO S RECANTO DAS MINAS GERAIS",2,2,2,1,1
AUTO_ALIAS_1A1_TOTAIS_IGUAIS,goiania,107052,1358,COND RESIDENCIAL ISSA,,R  CRP14,"R CRP14  CASA 02 , BAIRRO RES PRIMAVERA",2,2,2,1,1
AUTO_ALIAS_1A1_TOTAIS_IGUAIS,goiania,203483,7975,COND RESIDENCIAL JMB I,,R  PRINCESA ISABEL,"R PRINCESA ISABEL  CASA 01 , BAIRRO JD VILA BOA",2,2,2,1,1
AUTO_ALIAS_1A1_TOTAIS_IGUAIS,goiania,144514,8210,COND RESIDENCIAL LEIVAN,,R  C241,"R C234  SOBRADO 01 , BAIRRO BRO JARDIM AMÉRICA",2,2,2,1,1
AUTO_ALIAS_1A1_TOTAIS_IGUAIS,goiania,382535,7508,COND RESIDENCIAL LIMA - 087,,R  OM14,"R OM14 CASA 01 , BAIRRO RES ORLANDO DE MORAIS",2,2,2,1,1
AUTO_ALIAS_1A1_TOTAIS_IGUAIS,goiania,190675,12523,COND  RESIDENCIAL MARQUES II,,R  SANTA MARIA,"AV JULIO CESAR  CASA 01 , BAIRRO JD PLANALTO",3,3,3,1,1
AUTO_ALIAS_1A1_TOTAIS_IGUAIS,goiania,76788,2209,COND. RESIDENCIAL MURILO RIBEIRO I,,R  SANTA CRUZ,"R SANTA CRUZ  CASA 01 , BAIRRO RES SÃO BERNARDO",3,3,3,1,1
AUTO_ALIAS_1A1_TOTAIS_IGUAIS,goiania,138672,8436,COND RESIDENCIAL NETTO,,R  JUAREZ AMORELLI,"R JUAREZ AMORELLI  CASA 01 , BAIRRO RES BUENA VISTA III",2,2,2,1,1
AUTO_ALIAS_1A1_TOTAIS_IGUAIS,goiania,86337,7965,COND RESIDENCIAL NUNES 06.39,,R  SILVERIO FERNANDES DO NASCIMEN,"R SILVERIO FERNANDES DO NASCIMEN  SOBRADO 01 , BAIRRO RES PILAR DOS SONHOS",2,2,2,1,1
AUTO_ALIAS_1A1_TOTAIS_IGUAIS,goiania,291020,6956,COND. RESIDENCIAL NUNES CARDOSO,,R  AB13,"R AB13 CASA 01 , BAIRRO RES ALICE BARBOSA",2,2,2,1,1
AUTO_ALIAS_1A1_TOTAIS_IGUAIS,goiania,352667,2305,COND RESIDENCIAL PARIS,,R  5,"R 5 CASA 01 , BAIRRO RES PAULO ESTRELA",2,2,2,1,1
AUTO_ALIAS_1A1_TOTAIS_IGUAIS,goiania,154238,8182,COND RESIDENCIAL PAZINE NETO,,R  R6,"R R6  CASA 01 , BAIRRO RES VILLAGE SANTA RITA II",2,2,2,1,1
AUTO_ALIAS_1A1_TOTAIS_IGUAIS,goiania,140884,2797,COND. RESIDENCIAL PETER 14-39,,AV SAO BERNARDO,"AV SAO BERNARDO CASA 01 , BAIRRO RES MONTE PASCOAL",2,2,2,1,1
AUTO_ALIAS_1A1_TOTAIS_IGUAIS,goiania,171921,7968,COND RESIDENCIAL PIRES X,,R  GOIANIA,"R GOIANIA SN      CASA 01 , BAIRRO JD ITAIPÚ",2,2,2,1,1
AUTO_ALIAS_1A1_TOTAIS_IGUAIS,goiania,302740,2306,COND RESIDENCIAL POMPEIA,,R  DOUTOR NAPOLEAO R LAUREANO,"R DOUTOR NAPOLEAO R LAUREANO CASA01 , BAIRRO VL JARDIM POMPÉIA",2,2,2,1,1
AUTO_ALIAS_1A1_TOTAIS_IGUAIS,goiania,360611,8521,COND RESIDENCIAL RB-25,,R  RB25,"R RB25 CASA 01 , BAIRRO RES RECANTO DO BOSQUE",2,2,2,1,1
AUTO_ALIAS_1A1_TOTAIS_IGUAIS,goiania,26575,8550,COND RESIDENCIAL RC LOURENCO I,,R  JOAO RODRIGUES DO NASCIMENTO,"R JOAO RODRIGUES DO NASCIMENTO CASA 01 , BAIRRO S ESTRELA DALVA",2,2,2,1,1
AUTO_ALIAS_1A1_TOTAIS_IGUAIS,goiania,177910,9108,COND RESIDENCIAL RI-12,,R  RI12,"R RI12  CASA 01 , BAIRRO RES ITAIPÚ",2,2,2,1,1
AUTO_ALIAS_1A1_TOTAIS_IGUAIS,goiania,372238,271,COND RESIDENCIAL SAFIRA,,AV INDUSTRIAL,"R C SOBRADO 01 , BAIRRO S LESTE VILA NOVA",5,5,5,1,1
AUTO_ALIAS_1A1_TOTAIS_IGUAIS,goiania,329383,9725,COND RESIDENCIAL SANTOS LT27,,R  VITALINA C ARANTES,"R VITALINA C ARANTES CASA 01 , BAIRRO RES MORUMBI",2,2,2,1,1
AUTO_ALIAS_1A1_TOTAIS_IGUAIS,goiania,260734,1326,COND RESIDENCIAL SILVA,,R  SR40,"R SR40 CASA 01 , BAIRRO S RECANTO DAS MINAS GERAIS",2,2,2,1,1
AUTO_ALIAS_1A1_TOTAIS_IGUAIS,goiania,85082,7603,COND RESIDENCIAL SILVA 932,,R  SV30,"R SV30 CASA 01 , BAIRRO RES PARK SOLAR",2,2,2,1,1
AUTO_ALIAS_1A1_TOTAIS_IGUAIS,goiania,205886,8231,COND RESIDENCIAL SOARES I,,R  PRESIDENTE LEBRUM,"R PRESIDENTE LEBRUM  CASA 01 , BAIRRO JD PRESIDENTE",2,2,2,1,1
AUTO_ALIAS_1A1_TOTAIS_IGUAIS,goiania,276495,8719,COND RESIDENCIAL SPINOLA X,,R  OM06,"R OM06 CASA 01 , BAIRRO RES ORLANDO DE MORAIS",2,2,2,1,1
AUTO_ALIAS_1A1_TOTAIS_IGUAIS,goiania,357336,7974,COND RESIDENCIAL TTAF 006,,R  OM21,"R OM21 CASA 02 , BAIRRO RES ANTONIO CARLOS PIRES",2,2,2,1,1
AUTO_ALIAS_1A1_TOTAIS_IGUAIS,goiania,201989,7879,COND RESIDENCIAL UJG I,,AL LUCY RASSI DE OLIVEIRA,"AL LUCY RASSI DE OLIVEIRA  CASA 01 , BAIRRO LOT FAIÇALVILLE",3,3,3,1,1
AUTO_ALIAS_1A1_TOTAIS_IGUAIS,goiania,181606,2557,COND RESID ROMAO II,,R  I-5,"R I-5  CASA 01 , BAIRRO JD IPANEMA",2,2,2,1,1
AUTO_ALIAS_1A1_TOTAIS_IGUAIS,goiania,310750,9664,COND. RESID. VILLAGE FLAUSINO V,,R  AB4,"R AB4 CASA 01 , BAIRRO RES ALICE BARBOSA",2,2,2,1,1
AUTO_ALIAS_1A1_TOTAIS_IGUAIS,goiania,277944,1399,COND RES IGR II,,R  SEBASTIAO MANOEL M. PEREIRA,"R BH3 CASA 01 , BAIRRO RES BELO HORIZONTE COMPLEMENTO",3,3,3,1,1
AUTO_ALIAS_1A1_TOTAIS_IGUAIS,goiania,296434,2512,COND RES IGR IX,,R  9,"R 9 CASA 01 , BAIRRO RES PAULO ESTRELA",2,2,2,1,1
AUTO_ALIAS_1A1_TOTAIS_IGUAIS,goiania,322632,2973,COND RES IGR X,,AV DR JAHYR ABRAO ESTRELA,"AV DR JAHYR ABRAO ESTRELA CASA 01 , BAIRRO RES PAULO ESTRELA",2,2,2,1,1
AUTO_ALIAS_1A1_TOTAIS_IGUAIS,goiania,94165,8012,COND RES INACIO -4933,,R  2B,"R 2B  CASA 01 , BAIRRO RES CIDADE VERDE",2,2,2,1,1
AUTO_ALIAS_1A1_TOTAIS_IGUAIS,goiania,207431,14429,COND RES IONE SANTOS,,R  F13,"AL BERNARDO GUIMARAES  CASA-02 , BAIRRO LOT FAIÇALVILLE",2,2,2,1,1
AUTO_ALIAS_1A1_TOTAIS_IGUAIS,goiania,187971,8400,COND RES I.R.G.R.I,,R  DA LAGOSTA,"R DA LAGOSTA  CASA 01 , BAIRRO JD ATLÂNTICO",2,2,2,1,1
AUTO_ALIAS_1A1_TOTAIS_IGUAIS,goiania,134226,8909,COND RES IS SERBETO RESIDENCI,,R  JUCA RODRIGUES,"R JUCA RODRIGUES  CASA 01 , BAIRRO RES BUENA VISTA III",4,4,4,1,1
AUTO_ALIAS_1A1_TOTAIS_IGUAIS,goiania,143269,8477,COND RES ITAPUA-01.07,,AV NOEL ROSA,"AV NOEL ROSA  CASA 01 , BAIRRO RES YTAPUÃ",2,2,2,1,1
AUTO_ALIAS_1A1_TOTAIS_IGUAIS,goiania,376256,1376,COND RES IVO AMORIM II,,R  BM25,"R BM22 CASA 01 , BAIRRO RES BRISAS DA MATA",3,3,3,1,1
AUTO_ALIAS_1A1_TOTAIS_IGUAIS,goiania,295216,9173,COND RES IVO AMORIM V,,AV ANTONIO BARBOSA,"AV ANTONIO BARBOSA CASA 01 , BAIRRO RES ALICE BARBOSA",2,2,2,1,1
AUTO_ALIAS_1A1_TOTAIS_IGUAIS,goiania,328859,2349,COND RES JACOB LIMA,,AV GENESIO DE LIMA BRITO,"AV GENESIO DE LIMA BRITO  CASA01 , BAIRRO JD BALNEÁRIO MEIA PONTE",2,2,2,1,1
AUTO_ALIAS_1A1_TOTAIS_IGUAIS,goiania,367373,2597,COND RES JAIR 3,,AV UBALDINA NAVES DE BRITO,"AV UBALDINA NAVES DE BRITO CASA 01 , BAIRRO JD BALNEÁRIO MEIA PONTE",2,2,2,1,1
AUTO_ALIAS_1A1_TOTAIS_IGUAIS,goiania,281705,6967,COND. RES. JANE LIMA I,,R  ES4,"R ES4 CASA 01 , BAIRRO RES ELIZENE SANTANA",2,2,2,1,1
AUTO_ALIAS_1A1_TOTAIS_IGUAIS,goiania,345101,7848,COND. RES. JANE LIMA II,,R  ES8,"R ES8 CASA 01 , BAIRRO RES ELIZENE SANTANA",2,2,2,1,1
AUTO_ALIAS_1A1_TOTAIS_IGUAIS,goiania,78727,1360,COND RES JANETH ALVES,,R  DONA MARIA TEREZA DE JESUS,"R DONA MARIA TEREZA DE JESUS.  CASA 01 , BAIRRO JD REAL",2,2,2,1,1
AUTO_ALIAS_1A1_TOTAIS_IGUAIS,goiania,256711,1359,COND RES JARACATIA II,,R  JARACATIA,"R JARACATIA CASA 01 , BAIRRO BRO SANTA GENOVEVA",2,2,2,1,1
AUTO_ALIAS_1A1_TOTAIS_IGUAIS,goiania,41519,7371,COND RES JAW - 09.01,,AV BELEM,"AV BELEM LT 01  C-01 , BAIRRO VL JOÃO VAZ",3,3,3,1,1
AUTO_ALIAS_1A1_TOTAIS_IGUAIS,goiania,38142,1912,COND RES JC LXII,,R  SC40,"R SC40 LT 34 CS 01 , BAIRRO JD COLORADO I",2,2,2,1,1
AUTO_ALIAS_1A1_TOTAIS_IGUAIS,goiania,39962,1910,COND RES JC LXIV,,R  SC45,"R SC45 LT 06 . , BAIRRO JD COLORADO I",2,2,2,1,1
AUTO_ALIAS_1A1_TOTAIS_IGUAIS,goiania,32604,1932,COND RES JC-LXIX,,R  SC45,"R SC45 LT 12 CS 01 , BAIRRO JD COLORADO I",2,2,2,1,1
AUTO_ALIAS_1A1_TOTAIS_IGUAIS,goiania,40311,1911,COND RES JC LXV,,R  SC45,"R SC45 LT 07 CS 01 , BAIRRO JD COLORADO I",2,2,2,1,1
AUTO_ALIAS_1A1_TOTAIS_IGUAIS,goiania,40654,1906,COND RES JC LXVI,,R  SC45,"R SC45 LT 08 CS 1 , BAIRRO JD COLORADO I",2,2,2,1,1
AUTO_ALIAS_1A1_TOTAIS_IGUAIS,goiania,31985,1907,COND RES JC LXVII,,R  SC45,"R SC45 LT 10 CS 01 , BAIRRO JD COLORADO I",2,2,2,1,1
AUTO_ALIAS_1A1_TOTAIS_IGUAIS,goiania,32294,1908,COND RES JC LXVIII,,R  SC45,"R SC45 LT S/N . , BAIRRO JD COLORADO I",2,2,2,1,1
AUTO_ALIAS_1A1_TOTAIS_IGUAIS,goiania,33228,1909,COND RES JC LXX,,R  SC45,"R SC45 LT 14 . , BAIRRO JD COLORADO I",2,2,2,1,1
AUTO_ALIAS_1A1_TOTAIS_IGUAIS,goiania,34116,2083,COND RES JCLXXI,,R  SC45,"R SC45 LT S/N CS 01 , BAIRRO JD COLORADO I",2,2,2,1,1
AUTO_ALIAS_1A1_TOTAIS_IGUAIS,goiania,34404,2082,COND RES JC LXXII,,R  SC45,"R SC45 LT 18 CS 01 , BAIRRO JD COLORADO I",2,2,2,1,1
AUTO_ALIAS_1A1_TOTAIS_IGUAIS,goiania,38451,2409,COND RES JC LXXIV,,R  SC40,"R SC11 LT 36 A 39 CS 01 , BAIRRO JD COLORADO I",8,8,8,1,1
AUTO_ALIAS_1A1_TOTAIS_IGUAIS,goiania,38223,9727,COND RES JC LXXVI,,R  SC43,"R SC43 LT 34 CS 01 , BAIRRO JD COLORADO I",2,2,2,1,1
AUTO_ALIAS_1A1_TOTAIS_IGUAIS,goiania,223178,2570,COND RES JC MORAIS FILHO RESIDENCI I,,R  MDV12,"R MDV12  CASA 01 , BAIRRO LOT MOINHO DOS VENTOS",3,3,3,1,1
AUTO_ALIAS_1A1_TOTAIS_IGUAIS,goiania,123193,9776,COND RES JCRI,,AL DAS PALMEIRAS,"AL DAS PALMEIRAS  CASA 01 , BAIRRO BRO JARDIM BOTÂNICO",5,5,5,1,1
AUTO_ALIAS_1A1_TOTAIS_IGUAIS,goiania,148899,9679,COND RES JD-4,,R  C158,"R C158 SN      CASA 02 , BAIRRO BRO JARDIM AMÉRICA",2,2,2,1,1
AUTO_ALIAS_1A1_TOTAIS_IGUAIS,goiania,168007,9661,COND RES J'DARK NASCIMENTO I,,R  AC5,"R AC5  CASA01 , BAIRRO RES ANA CLARA",2,2,2,1,1
AUTO_ALIAS_1A1_TOTAIS_IGUAIS,goiania,326052,2337,COND RES JD DAS ROSAS,,R  SR29,"R SR29 CASA01 , BAIRRO S RECANTO DAS MINAS GERAIS",3,3,3,1,1
AUTO_ALIAS_1A1_TOTAIS_IGUAIS,goiania,101006,2823,COND RES JD SANTIAGO,,R  SANTIAGO,"R SANTIAGO  CASA01 , BAIRRO S DAS NAÇÕES",2,2,2,1,1
AUTO_ALIAS_1A1_TOTAIS_IGUAIS,goiania,30252,2524,COND RES JEAN 3,,R  BERDINAZI,"R BERDINAZI CASA01 , BAIRRO S ESTRELA DALVA",2,2,2,1,1
AUTO_ALIAS_1A1_TOTAIS_IGUAIS,goiania,19532,2418,COND RES JEAN 4,,R  BERDINAZI,"R BERDINAZI CASA01 , BAIRRO S ESTRELA DALVA",2,2,2,1,1
AUTO_ALIAS_1A1_TOTAIS_IGUAIS,goiania,18342,2809,COND RES JEAN VIII,,R  BERDINAZI,"R BERDINAZI CASA01 , BAIRRO S ESTRELA DALVA",2,2,2,1,1
AUTO_ALIAS_1A1_TOTAIS_IGUAIS,goiania,376037,9833,COND RES JEQUITIBA,,R  JEQUITIBA,"R JEQUITIBA CASA 01 , BAIRRO BRO SANTA GENOVEVA",2,2,2,1,1
AUTO_ALIAS_1A1_TOTAIS_IGUAIS,goiania,117894,2648,COND RES JGS PLACE V,,R  FRANCISCO ALVES FORTES,"R FRANCISCO ALVES FORTES  CASA01 , BAIRRO LOT SOLANGE PARQUE I",3,3,3,1,1
AUTO_ALIAS_1A1_TOTAIS_IGUAIS,goiania,118367,5722,COND RES JGS TRINDADE TRES,,R  TRINDADE,"R TRINDADE  CASA 01 , BAIRRO PRQ INDUSTRIAL JOÃO BRAZ",3,3,3,1,1
AUTO_ALIAS_1A1_TOTAIS_IGUAIS,goiania,222293,7405,COND. RES. J.K.I,,R  MDV23,"R MDV23  CASA 01 , BAIRRO LOT MOINHO DOS VENTOS",2,2,2,1,1
AUTO_ALIAS_1A1_TOTAIS_IGUAIS,goiania,33225,6737,COND RES JK-IX,,R  JH2,"R JH2 LT 14 CS 01 , BAIRRO JD DAS HORTÊNCIAS",2,2,2,1,1
AUTO_ALIAS_1A1_TOTAIS_IGUAIS,goiania,725,1413,COND RES JK XIX,,R  MIGUEL LAURO,"R MIGUEL LAURO LT 10 . , BAIRRO BRO CIDADE JARDIM",2,2,2,1,1
AUTO_ALIAS_1A1_TOTAIS_IGUAIS,goiania,222629,9423,COND RES JLAI,,R  CV6,"R CV6  CASA 01 , BAIRRO RES CENTER VILLE",2,2,2,1,1
AUTO_ALIAS_1A1_TOTAIS_IGUAIS,goiania,205821,9138,COND RES J.L.R.V,,R  F2,"R F2  CASA 01 , BAIRRO LOT FAIÇALVILLE",2,2,2,1,1
AUTO_ALIAS_1A1_TOTAIS_IGUAIS,goiania,271427,8750,COND RES JM01,,R  RB5A,"R RB5A CASA 01 , BAIRRO RES RECANTO DO BOSQUE",2,2,2,1,1
AUTO_ALIAS_1A1_TOTAIS_IGUAIS,goiania,170597,8371,COND RES JM PIMENTA RESIDENCI I,,AV VILA RICA,"AV VILA RICA  CASA 01 , BAIRRO RES CAMPOS DOURADOS",2,2,2,1,1
AUTO_ALIAS_1A1_TOTAIS_IGUAIS,goiania,222216,7153,COND. RES. J.M.P.S. I,,R  RC8,"R RC8  CASA 01 , BAIRRO RES CANADÁ",2,2,2,1,1
AUTO_ALIAS_1A1_TOTAIS_IGUAIS,goiania,345319,1507,COND RES JOAO E JULIO,,R  1,"R 1 CASA 01 , BAIRRO RES PAULO ESTRELA",2,2,2,1,1
AUTO_ALIAS_1A1_TOTAIS_IGUAIS,goiania,174892,2675,COND RES JOAO F-5,,R  20,"R 20  CASA 01 , BAIRRO CON DAS ESMERALDAS",3,3,3,1,1
AUTO_ALIAS_1A1_TOTAIS_IGUAIS,goiania,169725,8708,COND RES JOAQUIM FILHO II,,R  RI6,"R RI6  CASA 01 , BAIRRO RES ITAIPÚ",3,3,3,1,1
AUTO_ALIAS_1A1_TOTAIS_IGUAIS,goiania,86666,1349,COND RES JOAQUIM PORTUGAL II,,R  JOAQUIM PORTUGAL,"R JOAQUIM PORTUGAL S/N CASA 01 , BAIRRO S MAYSA EXTENSÃO",3,3,3,1,1
AUTO_ALIAS_1A1_TOTAIS_IGUAIS,goiania,166736,6988,COND. RES. JOSE ANTONIO I,,R  RI8,"R RI8  CASA 01 , BAIRRO RES ITAIPÚ",2,2,2,1,1
AUTO_ALIAS_1A1_TOTAIS_IGUAIS,goiania,200225,14270,COND RES JOSEBELDS BORGES I,,R  MALLORCA,"R MALLORCA  CASA 01 , BAIRRO S TRÊS MARIAS",2,2,2,1,1
AUTO_ALIAS_1A1_TOTAIS_IGUAIS,goiania,169639,1685,COND RES JOSE COSTA,,R  RI2,"R RI2  CASA 02 , BAIRRO RES ITAIPÚ",2,2,2,1,1
AUTO_ALIAS_1A1_TOTAIS_IGUAIS,goiania,381414,5670,COND RES JOSE VALDEZ 2019,,R  FL20,"R FL20 CASA 01 , BAIRRO PRQ DAS FLORES",2,2,2,1,1
AUTO_ALIAS_1A1_TOTAIS_IGUAIS,goiania,200630,9107,COND RES JOSQUIM SILVA IV,,R  JOSE NEEDERMEYER,"R JOSE NEEDERMEYER S/N     CASA 01 , BAIRRO JD VILA BOA",2,2,2,1,1
AUTO_ALIAS_1A1_TOTAIS_IGUAIS,goiania,25215,8936,COND RES JPS JOHN I,,R  H,"R DIVINO PASCOAL DE OLIVEIRA LT S/N . , BAIRRO S PARQUE TREMENDÃO",2,2,2,1,1
AUTO_ALIAS_1A1_TOTAIS_IGUAIS,goiania,172758,2382,COND RES J.S.B.I RESIDENCE,,R  UNAI,"R UNAI  CASA01 , BAIRRO RES CAMPOS DOURADOS",3,3,3,1,1
AUTO_ALIAS_1A1_TOTAIS_IGUAIS,goiania,141907,2444,COND RES JUNIO VIEIRA 44,,R  IRMA DINA LOUSA,"R FREI NAZARENO CONFALONI  CASA 01 , BAIRRO JD SÃO JOSÉ",3,3,3,1,1
AUTO_ALIAS_1A1_TOTAIS_IGUAIS,goiania,103483,8214,COND RES JUNQUEIRA 07.23,,R  VALMIR MATOS LIMA,"R VALMIR MATOS LIMA  CASA 01 , BAIRRO RES JUNQUEIRA",2,2,2,1,1
AUTO_ALIAS_1A1_TOTAIS_IGUAIS,goiania,16117,2351,COND RES JU PIRES II,,R  19 DE NOVEMBRO,"R 19 DE NOVEMBRO C-1 , BAIRRO S ESTRELA DALVA",2,2,2,1,1
AUTO_ALIAS_1A1_TOTAIS_IGUAIS,goiania,188735,6075,COND RES JUSCELINO DE OLIVEIRA,,R  DA PERCA,"R DA PERCA  SOB01 , BAIRRO JD ATLÂNTICO",2,2,2,1,1
AUTO_ALIAS_1A1_TOTAIS_IGUAIS,goiania,285818,1464,COND RES KENNEDY,,AL MARACANA,"AL MARACANA CASA 01 , BAIRRO S JAÓ",2,2,2,1,1
AUTO_ALIAS_1A1_TOTAIS_IGUAIS,goiania,217256,2723,COND RES KEVIO JR,,R  CV11,"R CV11 S/N     CASA01 , BAIRRO RES CENTER VILLE",3,3,3,1,1
AUTO_ALIAS_1A1_TOTAIS_IGUAIS,goiania,27844,7534,COND RES LACCINO LAGARES III,,AV OTAVIO LUCIO,"AV OTAVIO LUCIO CASA 01 , BAIRRO S ESTRELA DALVA",2,2,2,1,1
AUTO_ALIAS_1A1_TOTAIS_IGUAIS,goiania,361441,5455,COND RES LAGARES DA SILVA II,,R  BM10,"R BM10 CASA 02 , BAIRRO RES BRISAS DA MATA",2,2,2,1,1
AUTO_ALIAS_1A1_TOTAIS_IGUAIS,goiania,368141,5454,COND RES LAGARES DA SILVA IV,,R  BM10,"R BM10 CASA 02 , BAIRRO RES BRISAS DA MATA",2,2,2,1,1
AUTO_ALIAS_1A1_TOTAIS_IGUAIS,goiania,311034,2454,COND RES LARISSA ALCANTARA,,R  SR6,"R SR6 CASA 01 , BAIRRO S RECANTO DAS MINAS GERAIS",3,3,3,1,1
AUTO_ALIAS_1A1_TOTAIS_IGUAIS,goiania,200221,8224,COND RES LAS VELAS I,,R  LAS VELAS,"CASA 01 , BAIRRO S TRÊS MARIAS",2,2,2,1,1
AUTO_ALIAS_1A1_TOTAIS_IGUAIS,goiania,218409,7933,COND RES LAZARO A J II,,R  VB34,"R VB34  CASA 01 , BAIRRO RES VEREDA DOS BURITIS",2,2,2,1,1
AUTO_ALIAS_1A1_TOTAIS_IGUAIS,goiania,164662,7636,COND RES LAZARO AJ IV,,R  BOA VISTA,"R BOA VISTA  CASA 01 , BAIRRO RES SANTA FÉ I",2,2,2,1,1
AUTO_ALIAS_1A1_TOTAIS_IGUAIS,goiania,208822,8466,COND RES LAZARO A.J IX,,R  MARIA GONCALVES DE ARAUJO,"R MARIA GONCALVES DE ARAUJO  CASA 01 , BAIRRO S TRÊS MARIAS I",2,2,2,1,1
AUTO_ALIAS_1A1_TOTAIS_IGUAIS,goiania,215463,7869,COND RES LAZARO A.J V,,AV VALENCIA,"AV VALENCIA  CASA 01 , BAIRRO RES SEVILHA",2,2,2,1,1
AUTO_ALIAS_1A1_TOTAIS_IGUAIS,goiania,181439,8986,COND RES L B S I,,R  I-5,"R I-5  CASA 01 , BAIRRO JD IPANEMA",3,3,3,1,1
AUTO_ALIAS_1A1_TOTAIS_IGUAIS,goiania,339402,10151,COND RES LEAH,,AV CRISTOVAM COLOMBO,"AV CRISTOVAM COLOMBO CASA 01 , BAIRRO S JAÓ",2,2,2,1,1
AUTO_ALIAS_1A1_TOTAIS_IGUAIS,goiania,385048,7847,COND.RES. LEANDRO COELHO I,,R  11,"R 11 CASA 01 , BAIRRO RES PAULO ESTRELA",2,2,2,1,1
AUTO_ALIAS_1A1_TOTAIS_IGUAIS,goiania,225577,1935,COND RES LEE HOUSE,,R  MDV11,"R MDV11  CASA 01 , BAIRRO LOT MOINHO DOS VENTOS",2,2,2,1,1
AUTO_ALIAS_1A1_TOTAIS_IGUAIS,goiania,88974,1002,COND RES LEMES IV,,AV CORCOVADO,"R 17 CASA 01 , BAIRRO S SANTOS DUMONT",3,3,3,1,1
AUTO_ALIAS_1A1_TOTAIS_IGUAIS,goiania,125327,9971,COND. RES. LEO ANDRADE I,,R  TRINIDAD,"R TRINIDAD  CASA 01 , BAIRRO RES NOVA AURORA",2,2,2,1,1
AUTO_ALIAS_1A1_TOTAIS_IGUAIS,goiania,120749,8882,COND RES LEONORA COUTO RESIDENCE III,,R  DAS MISSOES,"R DAS MISSOES  CASA 01 , BAIRRO PRQ INDUSTRIAL JOÃO BRAZ",2,2,2,1,1
AUTO_ALIAS_1A1_TOTAIS_IGUAIS,goiania,381904,9864,COND RES LE PALMARES,,R  DOS PALMARES,"R DOS PALMARES CASA 01 , BAIRRO VL JARDIM SÃO JUDAS TADEU",4,4,4,1,1
AUTO_ALIAS_1A1_TOTAIS_IGUAIS,goiania,76873,8906,COND RES LETICIA FLAVIA RESIDENCI IV,,R  6,"R 4 CASA 01 , BAIRRO S SANTOS DUMONT",3,3,3,1,1
AUTO_ALIAS_1A1_TOTAIS_IGUAIS,goiania,169290,9705,COND RES LFAI,,R  RI10,"R RI10  CASA 01 , BAIRRO RES ITAIPÚ",2,2,2,1,1
AUTO_ALIAS_1A1_TOTAIS_IGUAIS,goiania,390066,8726,COND RES LIBRA ENGENHARIA I,,R  RB38A,"R RB38A CASA 01 , BAIRRO RES RECANTO DO BOSQUE",2,2,2,1,1
AUTO_ALIAS_1A1_TOTAIS_IGUAIS,goiania,270571,13328,COND RES LICARDINO NEY,,R  PB6,"R PB6 CASA 01 , BAIRRO RES LICARDINO NEY",2,2,2,1,1
AUTO_ALIAS_1A1_TOTAIS_IGUAIS,goiania,367195,7916,COND RES LICARDINOS,,R  PB6,"R PB6 CASA 01 , BAIRRO RES LICARDINO NEY",2,2,2,1,1
AUTO_ALIAS_1A1_TOTAIS_IGUAIS,goiania,137330,8125,COND RES LIMA 8371,,R  MONS NELSON FLEURY,"R MONS NELSON FLEURY  CASA 01 , BAIRRO JD SÃO JOSÉ",3,3,3,1,1
AUTO_ALIAS_1A1_TOTAIS_IGUAIS,goiania,61097,1356,COND RES LIMA FN-15,,R  FN15,"R FN15 LT 41 CS 01 , BAIRRO JD FONTE NOVA",2,2,2,1,1
AUTO_ALIAS_1A1_TOTAIS_IGUAIS,goiania,177053,5887,COND RES LINO,,R  RI29,"R RI29  CASA 01 , BAIRRO RES ITAIPÚ",2,2,2,1,1
AUTO_ALIAS_1A1_TOTAIS_IGUAIS,goiania,88563,9288,COND RES LIVIAN TELES,,R  RIO DAS ALMAS,"R RIO DAS ALMAS  CASA 01 , BAIRRO JD NOVO PETRÓPOLIS",2,2,2,1,1
AUTO_ALIAS_1A1_TOTAIS_IGUAIS,goiania,170431,1370,COND RES LKS IV,,R  W15,"R W15  CASA01 , BAIRRO JD ITAIPÚ",2,2,2,1,1
AUTO_ALIAS_1A1_TOTAIS_IGUAIS,goiania,142626,1444,COND RES LLEGO 14,,R  RMP11,"R RMP11  CASA 01 , BAIRRO RES MONTE PASCOAL",3,3,3,1,1
AUTO_ALIAS_1A1_TOTAIS_IGUAIS,goiania,143052,6053,COND. RES. LLEGO 43,,R  MONS PRIMO VIEIRA,"R MONS PRIMO VIEIRA  CASA 01 , BAIRRO JD SÃO JOSÉ",2,2,2,1,1
AUTO_ALIAS_1A1_TOTAIS_IGUAIS,goiania,219741,9692,COND RES LMF FIGUEIREDO I,,R  VB19,"R VB19  CASA 01 , BAIRRO RES VEREDA DOS BURITIS",2,2,2,1,1
AUTO_ALIAS_1A1_TOTAIS_IGUAIS,goiania,155329,7972,COND. RES. L.M.F.I,,R  R17,"R R17  CASA 01 , BAIRRO S SOLAR SANTA RITA",2,2,2,1,1
AUTO_ALIAS_1A1_TOTAIS_IGUAIS,goiania,222424,8891,COND RES LOFT MOINHO DOS VENTOS I,,R  MDV19,"R MDV19  CASA 01 , BAIRRO LOT MOINHO DOS VENTOS",3,3,3,1,1
AUTO_ALIAS_1A1_TOTAIS_IGUAIS,goiania,37033,10680,COND RES LOPES DE SOUSA,,R  SC7,"R SC7 LT 29 . , BAIRRO JD COLORADO",3,3,3,1,1
AUTO_ALIAS_1A1_TOTAIS_IGUAIS,goiania,105416,8491,COND RES LOPES FREITAS,,R  LRM-10,"R LRM-10  CASA 01 , BAIRRO RES PORTINARI",2,2,2,1,1
AUTO_ALIAS_1A1_TOTAIS_IGUAIS,goiania,144453,1440,COND RES LOURDES RIBEIRO,,AV C169,"R C162  SOB 01 , BAIRRO BRO JARDIM AMÉRICA",2,2,2,1,1
AUTO_ALIAS_1A1_TOTAIS_IGUAIS,goiania,258828,8734,COND RES LOURENCO E FELICIANO 820,,R  DOS GOIANOS,"R DOS GOIANOS  CASA 01 , BAIRRO JD BALNEÁRIO MEIA PONTE",2,2,2,1,1
AUTO_ALIAS_1A1_TOTAIS_IGUAIS,goiania,312907,5800,COND RES LOURENCO FERNANDES,,R  JOSE NAVES DA CUNHA,"R JOSE NAVES DA CUNHA S/N CASA 01 , BAIRRO JD BALNEÁRIO MEIA PONTE",3,3,3,1,1
AUTO_ALIAS_1A1_TOTAIS_IGUAIS,goiania,87228,1706,COND RES LOURENCO RODRIGUES I,,R  JOAQUIM ALVES VIEIRA,"R JOAQUIM ALVES VIEIRA  CASA 01 , BAIRRO RES PILAR DOS SONHOS",4,4,4,1,1
AUTO_ALIAS_1A1_TOTAIS_IGUAIS,goiania,279603,8433,COND RES LUAL GOLD,,AV MARIA PESTANA,"AV MARIA PESTANA  CASA 01 , BAIRRO JD BALNEÁRIO MEIA PONTE",2,2,2,1,1
AUTO_ALIAS_1A1_TOTAIS_IGUAIS,goiania,322625,7796,COND. RES. LUCIMAR LEANDRO X,,R  11,"R 11 CASA 01 , BAIRRO RES PAULO ESTRELA",2,2,2,1,1
AUTO_ALIAS_1A1_TOTAIS_IGUAIS,goiania,90902,7871,COND RES LUCIO VIEIRA 15,,R  DOS INDUSTRIAIS,"R DOS INDUSTRIAIS  CASA 01 , BAIRRO RES PARQUE OESTE",2,2,2,1,1
AUTO_ALIAS_1A1_TOTAIS_IGUAIS,goiania,139369,6930,COND. RES. LUDOVICO-013,,R  MONS PRIMO VIEIRA,"R MONS PRIMO VIEIRA  C-1 , BAIRRO JD SÃO JOSÉ",2,2,2,1,1
AUTO_ALIAS_1A1_TOTAIS_IGUAIS,goiania,348881,8338,COND RES LUDOVICO MARTINS III,,R  DOM PEDRO I,"R DOM PEDRO I CASA 01 , BAIRRO RES VILLE DE FRANCE",2,2,2,1,1
AUTO_ALIAS_1A1_TOTAIS_IGUAIS,goiania,347969,10370,COND RES LUIZ FERNANDO LEME I,,R  EMMANOEL,"R EMMANOEL CASA 1 , BAIRRO RES VILLE DE FRANCE",3,3,3,1,1
AUTO_ALIAS_1A1_TOTAIS_IGUAIS,goiania,82688,9908,COND RES LUZ DOURAD0 I,,R  SV22,"R SV22 CASA 01 , BAIRRO RES SOLAR VILLE",2,2,2,1,1
AUTO_ALIAS_1A1_TOTAIS_IGUAIS,goiania,85482,8208,COND RES LUZIA TELES III,,AV PERIMETRAL OESTE,"AV PERIMETRAL OESTE CASA 01 , BAIRRO RES CARLA CRISTINA",3,3,3,1,1
AUTO_ALIAS_1A1_TOTAIS_IGUAIS,goiania,141938,7591,COND RES MAANAIM 353,,R  JOSE ERNESTO MORAES,"R JOSE ERNESTO MORAES  CASA 01 , BAIRRO RES BUENA VISTA IV",2,2,2,1,1
AUTO_ALIAS_1A1_TOTAIS_IGUAIS,goiania,198051,1403,COND RES MACHADO 4,,R  DA ASTERIA,"R DA ASTERIA  CASA-02 , BAIRRO JD ATLÂNTICO",2,2,2,1,1
AUTO_ALIAS_1A1_TOTAIS_IGUAIS,goiania,209957,8814,COND RES MACRESE I,,R  F45,"R F45  CASA 01 , BAIRRO LOT FAIÇALVILLE",2,2,2,1,1
AUTO_ALIAS_1A1_TOTAIS_IGUAIS,goiania,160863,2458,COND RES MAF II RESIDENCE,,R  BOA VISTA,"R BOA VISTA  CASA 01 , BAIRRO RES SANTA FÉ I",2,2,2,1,1
AUTO_ALIAS_1A1_TOTAIS_IGUAIS,goiania,320280,2501,COND RES MAGALHAES E SILVA II,,R  RIO PARDO,"R RIO PARDO CASA 03 , BAIRRO RES RIO JORDÃO",3,3,3,1,1
AUTO_ALIAS_1A1_TOTAIS_IGUAIS,goiania,222458,5891,COND RES MAGALHAES RIBEIRO,,R  MDV6,"R MDV6  CASA 02 , BAIRRO LOT MOINHO DOS VENTOS",2,2,2,1,1
AUTO_ALIAS_1A1_TOTAIS_IGUAIS,goiania,24560,7588,COND RES MA GOMES I,,R  DIVINO PASCOAL DE OLIVEIRA,"R DIVINO PASCOAL DE OLIVEIRA LT 28 CS 01 , BAIRRO S PARQUE TREMENDÃO",2,2,2,1,1
AUTO_ALIAS_1A1_TOTAIS_IGUAIS,goiania,309344,1949,COND RES MAIRA MARQUES II,,AV ODICIA MORAIS,"AV ODICIA MORAIS CASA 01 , BAIRRO RES ORLANDO DE MORAIS",3,3,3,1,1
AUTO_ALIAS_1A1_TOTAIS_IGUAIS,goiania,315958,8737,COND RES MALHEIRO OLIVEIRA XVI,,R  DAS ACACIAS,"R DAS ACACIAS CASA 01 , BAIRRO LOT GOIÂNIA 2",2,2,2,1,1
AUTO_ALIAS_1A1_TOTAIS_IGUAIS,goiania,195536,6969,COND RES MARIA CANDIDA,,R  FLEMINGTON,"R FLEMINGTON  CASA 02 , BAIRRO JD PLANALTO",3,3,3,1,1
AUTO_ALIAS_1A1_TOTAIS_IGUAIS,goiania,133007,8460,COND RES MARIA D'GUIA I,,R  OSMAR RODRIGUES,"R OSMAR RODRIGUES  CASA 01 , BAIRRO RES BUENA VISTA III",2,2,2,1,1
AUTO_ALIAS_1A1_TOTAIS_IGUAIS,goiania,301240,5966,COND RES MARIANNE,,R  DO CEDRO,"R DO CEDRO CASA 01 , BAIRRO JD MARILIZA",2,2,2,1,1
AUTO_ALIAS_1A1_TOTAIS_IGUAIS,goiania,143065,3243,COND RES MARIA SANTISSIMA,,R  NAZARENO RORIZ,"R NAZARENO RORIZ  CASA 01 , BAIRRO JD SÃO JOSÉ",2,2,2,1,1
AUTO_ALIAS_1A1_TOTAIS_IGUAIS,goiania,188460,6978,COND RES MARISCO I,,R  DO MARISCO,"R DO MARISCO  CASA 01 , BAIRRO JD ATLÂNTICO",2,2,2,1,1
AUTO_ALIAS_1A1_TOTAIS_IGUAIS,goiania,290826,9828,COND RES MARQUES OLIVEIRA XX,,R  FL42,"R FL42  SOB. 01 , BAIRRO RES DAS ACÁCIAS",2,2,2,1,1
AUTO_ALIAS_1A1_TOTAIS_IGUAIS,goiania,125464,5830,COND RES MARTINS I,,R  SM39,"R SM39  CASA 03 , BAIRRO RES SÃO MARCOS",3,3,3,1,1
AUTO_ALIAS_1A1_TOTAIS_IGUAIS,goiania,274684,7757,COND. RES. MARTINS REZENDE II,,R  ANTONIO PADUA OLIVEIRA,"R ANTONIO PADUA OLIVEIRA CASA 01 , BAIRRO BRO SANTO HILÁRIO",2,2,2,1,1
AUTO_ALIAS_1A1_TOTAIS_IGUAIS,goiania,371124,2394,COND RES MARYETT,,R  SR54,"R SR54 CASA01 , BAIRRO S RECANTO DAS MINAS GERAIS",2,2,2,1,1
AUTO_ALIAS_1A1_TOTAIS_IGUAIS,goiania,76338,1410,COND RES MATEUS,,R  MIGUEL ABDALA,"R MARIA EMILIA OLIVEIRA CASA 01 , BAIRRO JD CLARISSA",2,2,2,1,1
AUTO_ALIAS_1A1_TOTAIS_IGUAIS,goiania,219762,3048,COND RES MATOS 01,,R  VB19,"R VB19  CASA 01 , BAIRRO RES VEREDA DOS BURITIS",2,2,2,1,1
AUTO_ALIAS_1A1_TOTAIS_IGUAIS,goiania,164720,8252,COND RES MATUTINA,,R  MATUTINA,"R MATUTINA  CASA 01 , BAIRRO RES SANTA FÉ I",2,2,2,1,1
AUTO_ALIAS_1A1_TOTAIS_IGUAIS,goiania,31077,1945,COND RES MD MARQUES I,,R  25 DE OUTUBRO,"R 25 DE OUTUBRO CASA 01 , BAIRRO S ESTRELA DALVA",2,2,2,1,1
AUTO_ALIAS_1A1_TOTAIS_IGUAIS,goiania,209429,9103,COND RES MEDEIROS I,,AL AFONSO PENA,"AL AFONSO PENA  CASA 01 , BAIRRO LOT FAIÇALVILLE",2,2,2,1,1
AUTO_ALIAS_1A1_TOTAIS_IGUAIS,goiania,182554,1365,COND RES MEIRELLES VILLE III,,R  JOAQUIM CANDIDO DA SILVA,"R JOAQUIM CANDIDO DA SILVA  CASA 01 , BAIRRO S ORIENTVILLE",2,2,2,1,1
AUTO_ALIAS_1A1_TOTAIS_IGUAIS,goiania,182585,8509,COND RES MELCHIADES,,R  MELCHIADES JOSE DA SILVA,"R MELCHIADES JOSE DA SILVA  CASA 01 , BAIRRO S ORIENTVILLE",3,3,3,1,1
AUTO_ALIAS_1A1_TOTAIS_IGUAIS,goiania,99214,8464,COND RES MENDANHA-2639,,R  LRM6,"R LRM6  CASA 03 , BAIRRO RES MENDANHA",3,3,3,1,1
AUTO_ALIAS_1A1_TOTAIS_IGUAIS,goiania,122191,8416,COND RES MENDES 4.220,,R  DAS PALMEIRAS,"R DAS PALMEIRAS  CASA 01 , BAIRRO PRQ INDUSTRIAL JOÃO BRAZ",2,2,2,1,1
AUTO_ALIAS_1A1_TOTAIS_IGUAIS,goiania,94556,9857,COND RES MENDONCA DE LIMA,,R  LB2,"R LB2  C-1 C/RUA LB15 , BAIRRO JD LEBLON II",3,3,3,1,1
AUTO_ALIAS_1A1_TOTAIS_IGUAIS,goiania,295007,1462,COND RES MENIA MONTEIRO,,R  FL20,"R FL20 CASA 01 , BAIRRO PRQ DAS FLORES",3,3,3,1,1
AUTO_ALIAS_1A1_TOTAIS_IGUAIS,goiania,290243,1098,COND RES MERCIA AGUIAR,,R  BARAO DE MONTE ALEGRE,"R BARAO DE MONTE ALEGRE CASA 2 , BAIRRO SIR MANSÕES DO CAMPUS",3,3,3,1,1
AUTO_ALIAS_1A1_TOTAIS_IGUAIS,goiania,356280,8817,COND RES M.E.S RESIDENCI I,,R  CAIAPONIA,"R PIRIPIRI CASA 01 , BAIRRO JD GUANABARA",3,3,3,1,1
AUTO_ALIAS_1A1_TOTAIS_IGUAIS,goiania,76433,7705,COND RES  MEYRIANNE I,,R  6,"R 6 , BAIRRO S SANTOS DUMONT",2,2,2,1,1
AUTO_ALIAS_1A1_TOTAIS_IGUAIS,goiania,61067,7914,COND RES MICHELANGELO,,R  ERONDINA M RODRIGUES,"R ERONDINA M RODRIGUES LT 40 CS 01 , BAIRRO RES BARRAVENTO",2,2,2,1,1
AUTO_ALIAS_1A1_TOTAIS_IGUAIS,goiania,129018,8738,COND RES M & M 26-32,,R  N2,"R N2  CASA 01 , BAIRRO S DAS NAÇÕES EXTENSÃO",2,2,2,1,1
AUTO_ALIAS_1A1_TOTAIS_IGUAIS,goiania,290805,7533,COND RES MM BLACK II,,R  ALCIDIA SANTANA,"R ALCIDIA SANTANA  CASA 01 , BAIRRO RES DAS ACÁCIAS",2,2,2,1,1
AUTO_ALIAS_1A1_TOTAIS_IGUAIS,goiania,325377,5586,COND RES MM ITALIA XXI,,R  OM19,"R OM23 CASA 01 , BAIRRO RES ORLANDO DE MORAIS",2,2,2,1,1
AUTO_ALIAS_1A1_TOTAIS_IGUAIS,goiania,258922,2404,COND RES MM ROSA I,,AV SAMAMBAIA,"AV SAMAMBAIA CASA 02 , BAIRRO RES ANTONIO CARLOS PIRES",2,2,2,1,1
AUTO_ALIAS_1A1_TOTAIS_IGUAIS,goiania,143308,7716,COND RES MONTEIRO 7344,,AV NOSSA SENHORA DAS GRACAS,"AV NOSSA SENHORA DAS GRACAS  CASA 02 , BAIRRO RES MONTE PASCOAL",2,2,2,1,1
AUTO_ALIAS_1A1_TOTAIS_IGUAIS,goiania,134936,1382,COND RES MONTE ROSA,,R  RMP3,"R RMP3  CASA 01 , BAIRRO RES MONTE PASCOAL",2,2,2,1,1
AUTO_ALIAS_1A1_TOTAIS_IGUAIS,goiania,189188,8234,COND RES MORADAAFONSO LEAO,,R  DA ANCHOVA,"R DA ANCHOVA  CASA 01 , BAIRRO JD ATLÂNTICO",2,2,2,1,1
AUTO_ALIAS_1A1_TOTAIS_IGUAIS,goiania,18856,2487,COND RES MORADA ALEIXO ME I,,R  VISTA BELA,"R OLINDA LT 17 CASA 01 , BAIRRO S MORADA DO SOL",2,2,2,1,1
AUTO_ALIAS_1A1_TOTAIS_IGUAIS,goiania,60631,2560,COND RES MORADA ANADIA 34,,R  ANADIA LEITE PINHEIRO,"R ANADIA LEITE PINHEIRO LT34 CASA01 , BAIRRO RES BARRAVENTO",2,2,2,1,1
AUTO_ALIAS_1A1_TOTAIS_IGUAIS,goiania,292925,7454,COND RES MORADA ANDRADE RIBEIRO I,,R  CCL,"R CCL CASA 01 , BAIRRO RES VALE DOS SONHOS I",2,2,2,1,1
AUTO_ALIAS_1A1_TOTAIS_IGUAIS,goiania,143123,10585,COND RES MORADA AZEVEDO DE CARVALHO II,,R  PORTO HORIZONTE,"R PORTO HORIZONTE  CASA 01 , BAIRRO RES BUENA VISTA IV",2,2,2,1,1
AUTO_ALIAS_1A1_TOTAIS_IGUAIS,goiania,138577,2747,COND RES MORADA BRENO SILVA,,R  JOSE PEREIRA BORGES,"R JOSE PEREIRA BORGES  CASA 01 , BAIRRO JD SÃO JOSÉ",2,2,2,1,1
AUTO_ALIAS_1A1_TOTAIS_IGUAIS,goiania,23358,8533,COND RES MORADA CARLOS DE OLIVEIRA I,,R  18 DE NOVEMBRO,"R 18 DE NOVEMBRO CASA 01 , BAIRRO S ESTRELA DALVA",2,2,2,1,1
AUTO_ALIAS_1A1_TOTAIS_IGUAIS,goiania,167160,8932,COND RES MORADA CORDEIRO DA SILVA IV,,R  RI33,"R RI32  CASA 01 , BAIRRO RES ITAIPÚ",4,4,4,1,1
AUTO_ALIAS_1A1_TOTAIS_IGUAIS,goiania,352723,2374,COND RES MORADA DO RIO JORDAO V,,R  9,"R 9 CASA 02 , BAIRRO RES PAULO ESTRELA",2,2,2,1,1
AUTO_ALIAS_1A1_TOTAIS_IGUAIS,goiania,387142,9102,COND RES MORADA DOS SONHOS XX,,R  AIMORES,"R AIMORES SN CASA 01 , BAIRRO LOT SHANGRY-LA",5,5,5,1,1
AUTO_ALIAS_1A1_TOTAIS_IGUAIS,goiania,406190,7888,COND RES MORADA DRUMON FALCAO II,,VIAERICO VERISSIMO,"VIAERICO VERISSIMO  CASA 01 , BAIRRO S AMIM CAMARGO",2,2,2,1,1
AUTO_ALIAS_1A1_TOTAIS_IGUAIS,goiania,101900,6035,COND RES MORADA ESPINDOLA VALADARES I,,R  RT3,"R RT3  CASA 01 , BAIRRO RES TUZIMOTO",2,2,2,1,1
AUTO_ALIAS_1A1_TOTAIS_IGUAIS,goiania,343035,2569,COND RES MORADA FATIMA MACHADO I,,R  SR36,"R SR36 CASA 01 , BAIRRO RES PAULO ESTRELA",2,2,2,1,1
AUTO_ALIAS_1A1_TOTAIS_IGUAIS,goiania,261736,2398,COND RES MORADA GOIS JORDAO,,R  RIO BABILONIA,"R RIO BABILONIA CASA02 , BAIRRO RES RIO JORDÃO",2,2,2,1,1
AUTO_ALIAS_1A1_TOTAIS_IGUAIS,goiania,172803,6413,COND RES MORADA GOMES DE CASTRO VI,,R  BARRA DO PIRAI,"R BARRA DO PIRAI  C-01 , BAIRRO RES CAMPOS DOURADOS",3,3,3,1,1
AUTO_ALIAS_1A1_TOTAIS_IGUAIS,goiania,283568,2543,COND RES MORADA HOME II,,R  RIO BABILONIA,"R RIO BABILONIA CASA 02 , BAIRRO RES RIO JORDÃO",2,2,2,1,1
AUTO_ALIAS_1A1_TOTAIS_IGUAIS,goiania,207308,5399,COND RES MORADA NELY DE FATIMA,,R  GALICIA,"R GALICIA  CASA 01 , BAIRRO S TRÊS MARIAS",2,2,2,1,1
AUTO_ALIAS_1A1_TOTAIS_IGUAIS,goiania,196164,5585,COND RES MORADA NOVA ANHAMGUERA I,,R  GETULIO VARGAS,"R GETULIO VARGAS  SOBRADO 01 , BAIRRO PRQ ANHANGÜERA",3,3,3,1,1
AUTO_ALIAS_1A1_TOTAIS_IGUAIS,goiania,219456,2655,COND RES MORADA PAIVA DI VENTOS,,R  MDV7,"R MDV7  CASA 02 , BAIRRO LOT MOINHO DOS VENTOS",2,2,2,1,1
AUTO_ALIAS_1A1_TOTAIS_IGUAIS,goiania,23895,1408,COND RES MORADA PAULO ALVES,,R  MARCOS ROBERTO DOS SANTOS,"R MARCOS ROBERTO DOS SANTOS LT 03 CS 01/02 , BAIRRO S PARQUE TREMENDÃO",2,2,2,1,1
AUTO_ALIAS_1A1_TOTAIS_IGUAIS,goiania,319949,2309,COND RES MORADA PEDRO BORGES I,,R  BH6,"R BH6 C-1 , BAIRRO RES BELO HORIZONTE",2,2,2,1,1
AUTO_ALIAS_1A1_TOTAIS_IGUAIS,goiania,315763,5788,COND RES MORADA PEREIRA DA SILVA XI,,R  J17,"R J17 SOB 01 , BAIRRO S JAÓ",2,2,2,1,1
AUTO_ALIAS_1A1_TOTAIS_IGUAIS,goiania,352726,2614,COND RES MORADA PIMENTEL DA COSTA I,,R  SR33,"R SR33 CASA 01 , BAIRRO S RECANTO DAS MINAS GERAIS",2,2,2,1,1
AUTO_ALIAS_1A1_TOTAIS_IGUAIS,goiania,64630,5890,COND RES MORADA RITA ALVES BARBOSA XX,,R  BF11A,"R BF11A CASA 01 , BAIRRO BRO FLORESTA",2,2,2,1,1
AUTO_ALIAS_1A1_TOTAIS_IGUAIS,goiania,292494,1597,COND RES MORADA RONALDO I,,R  RB20,"R RB20 CASA 01 , BAIRRO RES RECANTO DO BOSQUE",2,2,2,1,1
AUTO_ALIAS_1A1_TOTAIS_IGUAIS,goiania,16018,7388,COND RES MORADA SANTA RITA ALVES BARBOSA XXVI,,R  OLINDA,"R OLINDA LT 13 CS 01 , BAIRRO S MORADA DO SOL",2,2,2,1,1
AUTO_ALIAS_1A1_TOTAIS_IGUAIS,goiania,334308,7936,COND RES MORADA SANTOS PEREIRA X,,R  JI1,"R JI1 C-1 , BAIRRO RES HUMAITA",2,2,2,1,1
AUTO_ALIAS_1A1_TOTAIS_IGUAIS,goiania,346067,1956,COND RES MORADA SIQUEIRA 33,,R  MARIA BENEDITA SIQUEIRA,"R MARIA BENEDITA SIQUEIRA S/N     CASA 01 , BAIRRO RES DAS ACÁCIAS",2,2,2,1,1
AUTO_ALIAS_1A1_TOTAIS_IGUAIS,goiania,385643,2916,COND RES MORADA WALDEMAR LUDWIG V,,R  BM7,"R BM7 CASA 01 , BAIRRO RES BRISAS DA MATA",2,2,2,1,1
AUTO_ALIAS_1A1_TOTAIS_IGUAIS,goiania,122200,2336,COND RES MORADA WSXI,,R  PH3,"R PH3  CASA01 , BAIRRO LOT SOLANGE PARQUE I",3,3,3,1,1
AUTO_ALIAS_1A1_TOTAIS_IGUAIS,goiania,107076,7332,COND. RES. MOREIRA -036,,AV VINICIUS DE MORAES,"AV VINICIUS DE MORAES  CASA 01 , BAIRRO RES TUZIMOTO",2,2,2,1,1
AUTO_ALIAS_1A1_TOTAIS_IGUAIS,goiania,129969,5635,COND RES MOREIRA 17,,R  N17,"R N17  CASA 01 , BAIRRO S DAS NAÇÕES EXTENSÃO",2,2,2,1,1
AUTO_ALIAS_1A1_TOTAIS_IGUAIS,goiania,53605,8194,COND RES MOREIRA DE SOUZA I,,R  DR SEBASTIAO HUGO DE MORAES,"R DR SEBASTIAO HUGO DE MORAES LT 08 CASA 01 , BAIRRO RES HUGO DE MORAES",3,3,3,1,1
AUTO_ALIAS_1A1_TOTAIS_IGUAIS,goiania,201125,6034,COND RES MOREIRA SOUZA II,,R  COELHO NETO,"R COELHO NETO  CASA 01 , BAIRRO JD VILA BOA",2,2,2,1,1
AUTO_ALIAS_1A1_TOTAIS_IGUAIS,goiania,141060,8531,COND RES MOTA CARDOSO III,,AV NOSSA SENHORA DAS GRACAS,"AV NOSSA SENHORA DAS GRACAS  CASA 01 , BAIRRO RES MONTE PASCOAL",2,2,2,1,1
AUTO_ALIAS_1A1_TOTAIS_IGUAIS,goiania,141661,8581,COND RES MP-29.42,,R  RMP22,"R RMP22  SOBRADO 02 , BAIRRO RES MONTE PASCOAL",2,2,2,1,1
AUTO_ALIAS_1A1_TOTAIS_IGUAIS,goiania,141888,8564,COND RES MP-29.43,,R  RMP22,"R RMP22  SOB 02 , BAIRRO RES MONTE PASCOAL",2,2,2,1,1
AUTO_ALIAS_1A1_TOTAIS_IGUAIS,goiania,86532,5613,COND RES MS OXFORD,,R  OSVALDO DE ALBUQUERQUE,"R OSVALDO DE ALBUQUERQUE  CASA 01 , BAIRRO RES PILAR DOS SONHOS",2,2,2,1,1
AUTO_ALIAS_1A1_TOTAIS_IGUAIS,goiania,298827,13550,COND RES M. V. I,,R  J59,"AV PEDRO ALVARES CABRAL CASA 02 , BAIRRO S JAÓ",2,2,2,1,1
AUTO_ALIAS_1A1_TOTAIS_IGUAIS,goiania,356431,1467,COND RES NAIANA,,R  CASCATA,"R CASCATA CASA 01 , BAIRRO BRO SANTA GENOVEVA",2,2,2,1,1
AUTO_ALIAS_1A1_TOTAIS_IGUAIS,goiania,91402,1436,COND RES NAINA POLIANA,,R  TIJUCO,"R TIJUCO  CASA 01 , BAIRRO BRO GOIÁ 2",2,2,2,1,1
AUTO_ALIAS_1A1_TOTAIS_IGUAIS,goiania,161992,7313,COND. RES. NATHALIA PIRES,,R  BENEDITO BORGES,"R BENEDITO BORGES  C-1 , BAIRRO RES SANTA FÉ",3,3,3,1,1
AUTO_ALIAS_1A1_TOTAIS_IGUAIS,goiania,99047,7055,COND. RES. NETO-968,,R  RT4A,"R RT4A  SOB 01 , BAIRRO RES TUZIMOTO",3,3,3,1,1
AUTO_ALIAS_1A1_TOTAIS_IGUAIS,goiania,219724,2385,COND RES NEVES DE BRITO II,,R  VB22,"R VB22  CASA01 , BAIRRO RES VEREDA DOS BURITIS",2,2,2,1,1
AUTO_ALIAS_1A1_TOTAIS_IGUAIS,goiania,368681,11359,COND.RES. NICOLE E NICOLAS,,R  RB41A,"R RB41A CASA 01 , BAIRRO RES RECANTO DO BOSQUE",2,2,2,1,1
AUTO_ALIAS_1A1_TOTAIS_IGUAIS,goiania,25806,7994,COND. RES. NILVA ARAUJO III,,R  GUIMARAES,"R GUIMARAES CASA 01 , BAIRRO S ESTRELA DALVA",2,2,2,1,1
AUTO_ALIAS_1A1_TOTAIS_IGUAIS,goiania,189690,1369,COND RES NOLETO ALVES VI,,R  DA TAINHA,"R DA TAINHA  CASA 01 , BAIRRO JD ATLÂNTICO",2,2,2,1,1
AUTO_ALIAS_1A1_TOTAIS_IGUAIS,goiania,310513,1700,COND RES NOLETO QUEIROZ,,R  SR52,"AV DAS FLORES SOB 01 , BAIRRO S RECANTO DAS MINAS GERAIS",4,4,4,1,1
AUTO_ALIAS_1A1_TOTAIS_IGUAIS,goiania,288125,2518,COND RES NORTH CHALESTON,,R  RSL1,"R RSL1 CASA01 , BAIRRO RES SÃO LEOPOLDO - COMPLEMENTO",2,2,2,1,1
AUTO_ALIAS_1A1_TOTAIS_IGUAIS,goiania,335949,2334,COND RES NUNES,,R  9,"R 5 CASA01 , BAIRRO RES PAULO ESTRELA",4,4,4,1,1
AUTO_ALIAS_1A1_TOTAIS_IGUAIS,goiania,389293,1961,COND RES NUNES DE ATAIDE IV,,R  OM38,"R OM38 CASA 01 , BAIRRO RES ANTONIO CARLOS PIRES",2,2,2,1,1
AUTO_ALIAS_1A1_TOTAIS_IGUAIS,goiania,222442,2815,COND RES OAK GROVE RESIDENCE VI,,R  MDV19,"R MDV19  CASA 01 , BAIRRO LOT MOINHO DOS VENTOS",3,3,3,1,1
AUTO_ALIAS_1A1_TOTAIS_IGUAIS,goiania,346000,7026,COND. RES. O AVIADOR X,,R  CEL.JOAQUIM AIRES FRANCA,"R CEL.JOAQUIM AIRES FRANCA  CASA 01 , BAIRRO JD BOM JESUS",2,2,2,1,1
AUTO_ALIAS_1A1_TOTAIS_IGUAIS,goiania,333497,8731,COND RES OLIVEIRA,,R  BM17,"R BM17 CASA 01 , BAIRRO RES BRISAS DA MATA",2,2,2,1,1
AUTO_ALIAS_1A1_TOTAIS_IGUAIS,goiania,101037,7047,COND. RES. OLIVEIRA-044,,R  RT4,"R RT4  CASA 01 , BAIRRO RES TUZIMOTO",2,2,2,1,1
AUTO_ALIAS_1A1_TOTAIS_IGUAIS,goiania,330678,8574,COND RES OLIVEIRA -8575,,R  NEGRINHO BARBOSA,"R NEGRINHO BARBOSA CASA 01 , BAIRRO RES ANTÔNIO BARBOSA",2,2,2,1,1
AUTO_ALIAS_1A1_TOTAIS_IGUAIS,goiania,138811,5649,COND RES OLIVEIRA CARDOSO I,,R  RMP14,"R RMP14  CASA 01 , BAIRRO RES MONTE PASCOAL",2,2,2,1,1
AUTO_ALIAS_1A1_TOTAIS_IGUAIS,goiania,376099,7458,COND. RES. OLIVEIRA CARDOSO III,,R  RB30A,"R RB30A CASA 01 , BAIRRO RES RECANTO DO BOSQUE",2,2,2,1,1
AUTO_ALIAS_1A1_TOTAIS_IGUAIS,goiania,266130,1273,COND RES OLIVEIRA II,,R  SAO JOAO DEL REI,"R SAO JOAO DEL REI S/N SOB 01 , BAIRRO S LESTE UNIVERSITÁRIO",3,3,3,1,1
AUTO_ALIAS_1A1_TOTAIS_IGUAIS,goiania,249141,1527,COND RES OLIVEIRA IV,,R  SR39,"R 11 CASA 01 , BAIRRO RES PAULO ESTRELA",3,3,3,1,1
AUTO_ALIAS_1A1_TOTAIS_IGUAIS,goiania,28081,9796,COND RES OLIVEIRA MAIA I,,R  JH37,"R JH37 CASA 01 , BAIRRO S PARQUE TREMENDÃO",2,2,2,1,1
AUTO_ALIAS_1A1_TOTAIS_IGUAIS,goiania,58446,5617,COND RES OLIVEIRA P 10,,R  RP7,"R RP7 LT 13 CS 01 , BAIRRO RES RECREIO PANORAMA",3,3,3,1,1
AUTO_ALIAS_1A1_TOTAIS_IGUAIS,goiania,254706,9682,COND RES OLIVEIRA V,,R  CESAR NETO,"R CESAR NETO CASA 01 , BAIRRO PRQ DAS AMENDOEIRAS",3,3,3,1,1
AUTO_ALIAS_1A1_TOTAIS_IGUAIS,goiania,262446,6681,COND RES O PANTANAL,,R  SR28,"R SR28 C-1 , BAIRRO S RECANTO DAS MINAS GERAIS",3,3,3,1,1
AUTO_ALIAS_1A1_TOTAIS_IGUAIS,goiania,308591,8023,COND RES PADRAO AMORIM XP,,R  FRANCISCO BARBOSA,"R FRANCISCO BARBOSA CASA 01 , BAIRRO RES ANTÔNIO BARBOSA",2,2,2,1,1
AUTO_ALIAS_1A1_TOTAIS_IGUAIS,goiania,202029,8459,COND RES PA E PC,,AL LUCY RASSI DE OLIVEIRA,"AL LUCY RASSI DE OLIVEIRA  CASA 01 , BAIRRO LOT FAIÇALVILLE",2,2,2,1,1
AUTO_ALIAS_1A1_TOTAIS_IGUAIS,goiania,352664,5274,COND RES PANTANEIRO V,,R  9,"R 2 CASA 01 , BAIRRO RES PAULO ESTRELA",3,3,3,1,1
AUTO_ALIAS_1A1_TOTAIS_IGUAIS,goiania,239388,14427,COND RES PAOLLA,,R  C235,"R C235  SOBRADO 003 , BAIRRO S BUENO",5,5,5,1,1
AUTO_ALIAS_1A1_TOTAIS_IGUAIS,goiania,329998,3006,COND RES PARANHOS CPR-06,,R  CPR6,"R CPR6 CASA 02 , BAIRRO RES COSTA PARANHOS",2,2,2,1,1
AUTO_ALIAS_1A1_TOTAIS_IGUAIS,goiania,138203,11198,COND RES PASCOAL I,,R  RMP11,"R RMP11  CASA 01 , BAIRRO RES MONTE PASCOAL",2,2,2,1,1
AUTO_ALIAS_1A1_TOTAIS_IGUAIS,goiania,134053,5958,COND RES PATY-462,,R  ANTONIO CARLOS MOURA,"R ANTONIO CARLOS MOURA  CASA 01 , BAIRRO JD SÃO JOSÉ",2,2,2,1,1
AUTO_ALIAS_1A1_TOTAIS_IGUAIS,goiania,134145,6008,COND RES PATY-860,,R  ANTONIO CARLOS MOURA,"R ANTONIO CARLOS MOURA  CASA 01 , BAIRRO JD SÃO JOSÉ",2,2,2,1,1
AUTO_ALIAS_1A1_TOTAIS_IGUAIS,goiania,137495,5616,COND RES PATY CABRAL 751,,R  IRMA ANTONIETA ESMERALDA CABRA,"R IRMA ANTONIETA ESMERALDA CABRA  CASA 02 , BAIRRO JD SÃO JOSÉ",2,2,2,1,1
AUTO_ALIAS_1A1_TOTAIS_IGUAIS,goiania,148830,1368,COND RES PAULA RIBEIRO,,R  C162,"R C162  CASA 01 , BAIRRO BRO JARDIM AMÉRICA",2,2,2,1,1
AUTO_ALIAS_1A1_TOTAIS_IGUAIS,goiania,120959,8705,COND RES PAULLA IV,,R  TV10,"R TV10  CASA 01 , BAIRRO LOT TROPICAL VERDE",2,2,2,1,1
AUTO_ALIAS_1A1_TOTAIS_IGUAIS,goiania,22895,2981,COND RES PAULO-25,,R  BERDINAZI,"R BERDINAZI CASA 01 , BAIRRO S ESTRELA DALVA",2,2,2,1,1
AUTO_ALIAS_1A1_TOTAIS_IGUAIS,goiania,198386,1414,COND RES PEDRO EPITACIO,,R  PRESIDENTE EPITACIO PESSOA,"R PRESIDENTE EPITACIO PESSOA  CASA 01 , BAIRRO JD PRESIDENTE",2,2,2,1,1
AUTO_ALIAS_1A1_TOTAIS_IGUAIS,goiania,165300,9929,COND RES PEREIRA DE PAULA I,,R  DA FE,"R DA FE  CASA 01 , BAIRRO RES SANTA FÉ I",2,2,2,1,1
AUTO_ALIAS_1A1_TOTAIS_IGUAIS,goiania,137498,1419,COND RES PEREIRA DOS SANTOS I,,R  RY7,"R RY7  CASA 02 , BAIRRO RES YTAPUÃ",2,2,2,1,1
AUTO_ALIAS_1A1_TOTAIS_IGUAIS,goiania,98698,7613,COND. RES. PEREIRA FARIA I,,R  LRM-10,"R LRM-10  CASA 01 , BAIRRO RES PORTINARI",3,3,3,1,1
AUTO_ALIAS_1A1_TOTAIS_IGUAIS,goiania,80414,8577,COND RES PEREIRA FARIA II,,AV ITACARE,"AV ITACARE  CASA 01 , BAIRRO LOT TROPICAL VILLE",2,2,2,1,1
AUTO_ALIAS_1A1_TOTAIS_IGUAIS,goiania,197895,8155,COND RES PEREIRA I,,R  DO ATUM,"R DO ATUM SN      CASA 01 , BAIRRO JD ATLÂNTICO",2,2,2,1,1
AUTO_ALIAS_1A1_TOTAIS_IGUAIS,goiania,319780,9677,COND RES PEREIRA QUEIROZ,,R  RSL3,"R RSL3 CASA 02 , BAIRRO RES COSTA PARANHOS",2,2,2,1,1
AUTO_ALIAS_1A1_TOTAIS_IGUAIS,goiania,198124,8542,COND RES PERES -192.792,,R  MMM2,"R MMM2  CASA 01 , BAIRRO S TRÊS MARIAS",2,2,2,1,1
AUTO_ALIAS_1A1_TOTAIS_IGUAIS,goiania,18578,7160,COND. RES. PERES-454,,R  SPT5,"R SPT5 LT 17 CS 01/02 , BAIRRO S PARQUE TREMENDÃO",2,2,2,1,1
AUTO_ALIAS_1A1_TOTAIS_IGUAIS,goiania,255233,6334,COND RES PESQUERA I,,R  2,"R 2 CASA 01 , BAIRRO RES PAULO ESTRELA",2,2,2,1,1
AUTO_ALIAS_1A1_TOTAIS_IGUAIS,goiania,138111,2662,COND RES PETER 19-27,,R  PE NELSON ANTONINO,"R PE NELSON ANTONINO  CASA01 , BAIRRO JD SÃO JOSÉ",2,2,2,1,1
AUTO_ALIAS_1A1_TOTAIS_IGUAIS,goiania,133530,2508,COND RES PETER LIMA - 12,,R  IRMA LUIZA DIAS LIMA,"R IRMA LUIZA DIAS LIMA  CASA 02 , BAIRRO JD SÃO JOSÉ",2,2,2,1,1
AUTO_ALIAS_1A1_TOTAIS_IGUAIS,goiania,136718,2439,COND RES PETER PRIMO-21,,R  MONS. PRIMO VIEIRA,"R MONS. PRIMO VIEIRA  CASA 02 , BAIRRO RES MONTE PASCOAL",2,2,2,1,1
AUTO_ALIAS_1A1_TOTAIS_IGUAIS,goiania,139248,2425,COND RES PETER RMP-30,,R  RMP19,"R RMP19  CASA 01 , BAIRRO RES MONTE PASCOAL",2,2,2,1,1
AUTO_ALIAS_1A1_TOTAIS_IGUAIS,goiania,141785,2426,COND RES PETER RMP-43,,R  RMP15,"R RMP15  CASA 01 , BAIRRO RES MONTE PASCOAL",2,2,2,1,1
AUTO_ALIAS_1A1_TOTAIS_IGUAIS,goiania,18961,2939,COND RES PETERST-TEREZA,,R  SANTA TEREZA,"R SANTA TEREZA CASA 01 , BAIRRO S ESTRELA DALVA",2,2,2,1,1
AUTO_ALIAS_1A1_TOTAIS_IGUAIS,goiania,96426,6920,COND. RES. PETROPOLIS CRAOS 16.27,,R  CRAOS,"R CRAOS  CASA 01 , BAIRRO RES PETRÓPOLIS",2,2,2,1,1
AUTO_ALIAS_1A1_TOTAIS_IGUAIS,goiania,97337,8458,COND RES PETROPOLIS IV,,R  XERENTES,"R XERENTES  CASA 01 , BAIRRO RES PETRÓPOLIS",2,2,2,1,1
AUTO_ALIAS_1A1_TOTAIS_IGUAIS,goiania,169564,7397,COND. RES. P. HORDONEZ,,R  RI27,"R RI27 SN      CASA 01 , BAIRRO RES ITAIPÚ",2,2,2,1,1
AUTO_ALIAS_1A1_TOTAIS_IGUAIS,goiania,94162,2827,COND RES PIMENTEL XI,,R  4C,"R 4C  CASA 01 , BAIRRO RES CIDADE VERDE",2,2,2,1,1
AUTO_ALIAS_1A1_TOTAIS_IGUAIS,goiania,167650,2951,COND RES PINHO-20,,R  W14,"R W14  CASA 01 , BAIRRO JD ITAIPÚ",2,2,2,1,1
AUTO_ALIAS_1A1_TOTAIS_IGUAIS,goiania,132892,8462,COND RES PIRES 13-10,,R  IRMA CIBELE DE AQUINO SALES,"R IRMA CIBELE DE AQUINO SALES  CASA 01 , BAIRRO RES MONTE PASCOAL",2,2,2,1,1
AUTO_ALIAS_1A1_TOTAIS_IGUAIS,goiania,173175,2931,COND RES PIRES 15,,R  W4,"R W4  CASA 01 , BAIRRO JD ITAIPÚ",2,2,2,1,1
AUTO_ALIAS_1A1_TOTAIS_IGUAIS,goiania,173309,8520,COND RES PIRES 18,,R  W4,"R W4  CASA 01 , BAIRRO JD ITAIPÚ",2,2,2,1,1
AUTO_ALIAS_1A1_TOTAIS_IGUAIS,goiania,140569,2617,COND RES PIRES 97,,R  NAZARENO RORIZ,"R NAZARENO RORIZ  CASA 01 , BAIRRO JD SÃO JOSÉ",2,2,2,1,1
AUTO_ALIAS_1A1_TOTAIS_IGUAIS,goiania,344449,7718,COND. RES. PLANNER I,,R  RIO GRANDE,"R RIO GRANDE CASA 01 , BAIRRO RES RIO JORDÃO",2,2,2,1,1
AUTO_ALIAS_1A1_TOTAIS_IGUAIS,goiania,367022,1332,COND RES PONTAL ARAPOEMA,,AV ARAPOEMA,"R PIRAJA CASA 01 , BAIRRO LOT SHANGRY-LA",6,6,6,1,1
AUTO_ALIAS_1A1_TOTAIS_IGUAIS,goiania,135414,1454,COND RES PONTAL BUENA VISTA,,R  ELPIDIO RODRIGUES,"R ELPIDIO RODRIGUES  CASA 01 , BAIRRO RES BUENA VISTA III",2,2,2,1,1
AUTO_ALIAS_1A1_TOTAIS_IGUAIS,goiania,18820,9896,COND RES PONTAL DAS ESTRELAS,,R  20 DE JANEIRO,"R 20 DE JANEIRO CASA 01 , BAIRRO S ESTRELA DALVA",2,2,2,1,1
AUTO_ALIAS_1A1_TOTAIS_IGUAIS,goiania,401337,2559,COND RES PORTAL ARAUJO I,,R  VF57,"R VF57 LT 03 CS 01 , BAIRRO VL FINSOCIAL",2,2,2,1,1
AUTO_ALIAS_1A1_TOTAIS_IGUAIS,goiania,180003,8768,COND RES PORTAL BORGES E ABREU RESIDENCI II,,R  JCA14,"R JCA14  CASA 01 , BAIRRO JD CARAVELAS 1ª ETAPA",2,2,2,1,1
AUTO_ALIAS_1A1_TOTAIS_IGUAIS,goiania,31823,8733,COND RES PORTAL DAS HORTENCIAS I,,R  JH2,"R JH2 LT 01 CS 01 , BAIRRO JD DAS HORTÊNCIAS",2,2,2,1,1
AUTO_ALIAS_1A1_TOTAIS_IGUAIS,goiania,50193,1442,COND RES PORTAL DO ANGICO I,,R  HM4,"R HM4 LT S/N APT101 , BAIRRO RES HUGO DE MORAES",4,4,4,1,1
AUTO_ALIAS_1A1_TOTAIS_IGUAIS,goiania,285950,11636,COND RES PORTAL DO SOL,,R  MARACANA,"R MARACANA CASA 01 , BAIRRO VL JARDIM POMPÉIA",3,3,3,1,1
AUTO_ALIAS_1A1_TOTAIS_IGUAIS,goiania,223342,2350,COND RES PORTAL DOS VENTOS I,,R  MDV11,"R MDV11  CASA01 , BAIRRO LOT MOINHO DOS VENTOS",3,3,3,1,1
AUTO_ALIAS_1A1_TOTAIS_IGUAIS,goiania,164596,9542,COND RES PORTAL EMCL,,R  DA MISERICORDIA,"R DA MISERICORDIA  SOB 01 , BAIRRO RES SANTA FÉ I",3,3,3,1,1
AUTO_ALIAS_1A1_TOTAIS_IGUAIS,goiania,161701,12568,COND RES PORTAL FELICIANO BARBOSA I,,R  JERONIMO SIMOES DE LIMA,"R JERONIMO SIMOES DE LIMA  CASA 01 , BAIRRO RES KÁTIA",2,2,2,1,1
AUTO_ALIAS_1A1_TOTAIS_IGUAIS,goiania,165861,7872,COND RES PORTAL FERNANDES E FERREIRA III,,R  LIBERDADE,"R LIBERDADE  CASA 01 , BAIRRO RES SANTA FÉ I",2,2,2,1,1
AUTO_ALIAS_1A1_TOTAIS_IGUAIS,goiania,155560,8908,COND RES PORTAL FERNANDES E FERREIRA IV,,AV ELI ALVES FORTE,"CASA 01 , BAIRRO RES FORTEVILLE",2,2,2,1,1
AUTO_ALIAS_1A1_TOTAIS_IGUAIS,goiania,160512,7485,COND RES PORTAL G OLIVEIRA I,,R  CONCORDIA,"R CONCORDIA  CASA 01 , BAIRRO RES SANTA FÉ",2,2,2,1,1
AUTO_ALIAS_1A1_TOTAIS_IGUAIS,goiania,285905,8697,COND RES PORTAL GOMES,,R  JOAQUIM BARBOSA,"R JOAQUIM BARBOSA CASA 01 , BAIRRO RES ANTÔNIO BARBOSA",2,2,2,1,1
AUTO_ALIAS_1A1_TOTAIS_IGUAIS,goiania,136856,8541,COND RES PORTAL GRACIELLE ALVES RESIDENCI I,,R  PAULO RODRIGUES,"R PAULO RODRIGUES  CASA 01 , BAIRRO RES BUENA VISTA III",2,2,2,1,1
AUTO_ALIAS_1A1_TOTAIS_IGUAIS,goiania,158899,7937,COND RES PORTAL GUIMARAES AMORELLI RESIDENCI I,,R  F6,"R F6  CASA 01 , BAIRRO RES FIDÉLIS",4,4,4,1,1
AUTO_ALIAS_1A1_TOTAIS_IGUAIS,goiania,141150,7523,COND RES PORTAL J'VILACO SILVA RESIDENCI I,,R  CANAPOLIS,"R CANAPOLIS  CASA 01 , BAIRRO RES BUENA VISTA IV",2,2,2,1,1
AUTO_ALIAS_1A1_TOTAIS_IGUAIS,goiania,207224,7419,COND RES PORTAL LILI RESIDENCE I,,R  VALLE GRANDE,"R VALLE GRANDE  CASA 02 , BAIRRO S TRÊS MARIAS I",2,2,2,1,1
AUTO_ALIAS_1A1_TOTAIS_IGUAIS,goiania,142315,7396,COND. RES. PORTAL LUIZA I,,R  ATAULFO ALVES,"R ATAULFO ALVES  CASA 01 , BAIRRO JD SÃO JOSÉ",2,2,2,1,1
AUTO_ALIAS_1A1_TOTAIS_IGUAIS,goiania,138435,8407,COND RES PORTAL MARTINS GOMES RESIDENCI I,,R  PAULO RODRIGUES,"R PAULO RODRIGUES  CASA 01 , BAIRRO RES BUENA VISTA III",2,2,2,1,1
AUTO_ALIAS_1A1_TOTAIS_IGUAIS,goiania,127047,7202,COND. RES. PORTAL PLANO I,,R  CP18,"R CP18  CASA 01 , BAIRRO LOT CAROLINA PARQUE",2,2,2,1,1
AUTO_ALIAS_1A1_TOTAIS_IGUAIS,goiania,200017,7524,COND RES PORTAL RECANTO I,,R  PRESIDENTE EPITACIO PESSOA,"R PRESIDENTE EPITACIO PESSOA  SOBRADO 01 , BAIRRO JD PRESIDENTE",3,3,3,1,1
AUTO_ALIAS_1A1_TOTAIS_IGUAIS,goiania,122158,8410,COND RES PORTAL REIS CABRAL I,,R  CARLOS GOMES,"R CARLOS GOMES  CASA 01 , BAIRRO PRQ INDUSTRIAL JOÃO BRAZ",2,2,2,1,1
AUTO_ALIAS_1A1_TOTAIS_IGUAIS,goiania,377495,5592,COND RES PORTAL RIBEIRO,,R  5,"R 5  CASA 01 , BAIRRO VL SANTA HELENA",3,3,3,1,1
AUTO_ALIAS_1A1_TOTAIS_IGUAIS,goiania,161399,7341,COND. RES. PORTAL R LUCIO CARNEIRO RESIDENCI I,,R  FV32,"R FV32  CASA 01 , BAIRRO RES FIDÉLIS",2,2,2,1,1
AUTO_ALIAS_1A1_TOTAIS_IGUAIS,goiania,360590,8258,COND RES PORTAL ROCHA 1,,R  DOS CRAVOS,"R DOS CRAVOS CASA 01 , BAIRRO LOT GOIÂNIA 2",2,2,2,1,1
AUTO_ALIAS_1A1_TOTAIS_IGUAIS,goiania,294964,14516,COND RES PORTAL SAO JUDAS I,,R  SANTA HELENA,"R ISABELA CASA 01 , BAIRRO VL JARDIM SÃO JUDAS TADEU",2,2,2,1,1
AUTO_ALIAS_1A1_TOTAIS_IGUAIS,goiania,359635,6080,COND RES PORTAL SONHOS I,,R  MAV,"R MAV CASA 01 , BAIRRO RES VALE DOS SONHOS I",2,2,2,1,1
AUTO_ALIAS_1A1_TOTAIS_IGUAIS,goiania,360462,6301,COND RES PORTAL SONHOS II,,R  MAV,"R MAV CASA 01 , BAIRRO RES VALE DOS SONHOS I",2,2,2,1,1
AUTO_ALIAS_1A1_TOTAIS_IGUAIS,goiania,320419,9190,COND RES PORTAL SONHOS IV,,R  MJ,"R MJ CASA 01 , BAIRRO RES VALE DOS SONHOS I",2,2,2,1,1
AUTO_ALIAS_1A1_TOTAIS_IGUAIS,goiania,165687,7430,COND RES PORTAL SOUSA CAMPUS II,,R  ANTONIO LUIZ DE PINA,"R ANTONIO LUIZ DE PINA  CASA 01 , BAIRRO RES SANTA FÉ I",2,2,2,1,1
AUTO_ALIAS_1A1_TOTAIS_IGUAIS,goiania,248556,13470,COND RES PORTAL XAVIER JUNIOR,,AL DAS BUGANVILEAS,"AL DAS BUGANVILEAS S/N     CASA-01 , BAIRRO LOT GOIÂNIA 2",2,2,2,1,1
AUTO_ALIAS_1A1_TOTAIS_IGUAIS,goiania,97346,8714,COND RES PUERTO-ORDAZ II,,R  2,"R 2  SOBR.01 , BAIRRO RES CIDADE VERDE",2,2,2,1,1
AUTO_ALIAS_1A1_TOTAIS_IGUAIS,goiania,372520,2118,COND RES QUEIROZ 39,,R  SR43,"R SR43 CASA 01 , BAIRRO S RECANTO DAS MINAS GERAIS",2,2,2,1,1
AUTO_ALIAS_1A1_TOTAIS_IGUAIS,goiania,119153,8538,COND RES QUEIROZ E DOURADO,,R  BELA VISTA,"R BELA VISTA  CASA 02 , BAIRRO PRQ INDUSTRIAL JOÃO BRAZ",2,2,2,1,1
AUTO_ALIAS_1A1_TOTAIS_IGUAIS,goiania,27852,3059,COND RES QUEIROZ III,,R  16 DE MAIO,"R 16 DE MAIO CASA 01 , BAIRRO S ESTRELA DALVA",2,2,2,1,1
AUTO_ALIAS_1A1_TOTAIS_IGUAIS,goiania,26624,2581,COND RES QUEIROZ NETO II,,R  4,"R 4 CASA 01 , BAIRRO S ESTRELA DALVA",2,2,2,1,1
AUTO_ALIAS_1A1_TOTAIS_IGUAIS,goiania,342932,11320,COND RES QUEIROZ V,,R  RIO CRISTALINO,"R RIO CRISTALINO CASA 02 , BAIRRO RES RIO JORDÃO",2,2,2,1,1
AUTO_ALIAS_1A1_TOTAIS_IGUAIS,goiania,296441,10098,COND RES QUEIROZ VI,,R  SR32,"R SR32 CASA 01 , BAIRRO S RECANTO DAS MINAS GERAIS",3,3,3,1,1
AUTO_ALIAS_1A1_TOTAIS_IGUAIS,goiania,310854,2353,COND RES QUELMA,,R  2,"R 2 CASA 01 , BAIRRO RES PAULO ESTRELA",2,2,2,1,1
AUTO_ALIAS_1A1_TOTAIS_IGUAIS,goiania,34645,7941,COND. RES. R3 COLORADO I,,R  SC12,"R SC12 LT 19 CS 1 E CS 2 , BAIRRO JD COLORADO",2,2,2,1,1
AUTO_ALIAS_1A1_TOTAIS_IGUAIS,goiania,279856,10670,COND RES RAFAELLA PERES,,R  FL18,"R FL18 CASA 01 , BAIRRO PRQ DAS FLORES",3,3,3,1,1
AUTO_ALIAS_1A1_TOTAIS_IGUAIS,goiania,304608,1373,COND RES RAMOS,,R  3,"R 3 SOB 01 , BAIRRO JD SANTO ANTÔNIO",2,2,2,1,1
AUTO_ALIAS_1A1_TOTAIS_IGUAIS,goiania,156361,7528,COND RES RAMOS ZORZETTI RESIDENCI,,R  ARMINDA MARIA DE LIMA,"R ARMINDA MARIA DE LIMA  CASA 01 , BAIRRO RES KÁTIA",2,2,2,1,1
AUTO_ALIAS_1A1_TOTAIS_IGUAIS,goiania,167698,8788,COND RES RAVI IV,,R  29,"R 29  CASA 01 , BAIRRO CON DAS ESMERALDAS",2,2,2,1,1
AUTO_ALIAS_1A1_TOTAIS_IGUAIS,goiania,167693,8985,COND RES RAVI V,,R  29,"R 29  CASA 01 , BAIRRO CON DAS ESMERALDAS",2,2,2,1,1
AUTO_ALIAS_1A1_TOTAIS_IGUAIS,goiania,267739,9117,COND RES RB 8,,R  RB8,"R RB8 CASA 01 , BAIRRO RES RECANTO DO BOSQUE",2,2,2,1,1
AUTO_ALIAS_1A1_TOTAIS_IGUAIS,goiania,79258,8478,COND RES RDG-05,,R  RDG5,"R RDG5 CASA 01 , BAIRRO RES RECANTO DAS GARÇAS",2,2,2,1,1
AUTO_ALIAS_1A1_TOTAIS_IGUAIS,goiania,391546,2613,COND RES REBECA,,R  9,"R 9 CASA 01 , BAIRRO RES PAULO ESTRELA",2,2,2,1,1
AUTO_ALIAS_1A1_TOTAIS_IGUAIS,goiania,264480,10101,COND RES RECANTO DO SABIA,,R  J80,"R J80 CASA 02 , BAIRRO S JAÓ",2,2,2,1,1
AUTO_ALIAS_1A1_TOTAIS_IGUAIS,goiania,207171,8483,COND RES REINO MALLORCA,,R  MALLORCA,"R MALLORCA  CASA 01 , BAIRRO S TRÊS MARIAS",3,3,3,1,1
AUTO_ALIAS_1A1_TOTAIS_IGUAIS,goiania,61152,2602,COND RES REINO RIBEIRO I,,R  ERONDINA M RODRIGUES,"R ERONDINA M RODRIGUES LT 43 CS 01 , BAIRRO RES BARRAVENTO",2,2,2,1,1
AUTO_ALIAS_1A1_TOTAIS_IGUAIS,goiania,164888,8463,COND RES REIS PIMENTA I,,AV SAO FRANCISCO DE ASSIS,"AV SAO FRANCISCO DE ASSIS  CASA 01 , BAIRRO RES SANTA FÉ",2,2,2,1,1
AUTO_ALIAS_1A1_TOTAIS_IGUAIS,goiania,286579,8434,COND RES RENAN ES11,,R  ES11,"R ES11 CASA 01 , BAIRRO RES ELIZENE SANTANA",2,2,2,1,1
AUTO_ALIAS_1A1_TOTAIS_IGUAIS,goiania,148300,2470,COND RES RENATA MACHADO SANTANA,,R  C155,"R C155  CASA01 , BAIRRO BRO JARDIM AMÉRICA",2,2,2,1,1
AUTO_ALIAS_1A1_TOTAIS_IGUAIS,goiania,368845,8255,COND RES RENILTO BM-01,,R  BM1,"R BM1 SN CASA 01 , BAIRRO RES BRISAS DA MATA",2,2,2,1,1
AUTO_ALIAS_1A1_TOTAIS_IGUAIS,goiania,171018,6962,COND. RES. REZENDE SOUSA,,R  VALENCA,"R VALENCA  CAS 01 , BAIRRO RES CAMPOS DOURADOS",2,2,2,1,1
AUTO_ALIAS_1A1_TOTAIS_IGUAIS,goiania,200594,7706,COND RES RIACHUELO,,R  RIACHUELO,"R RIACHUELO  CASA 02 , BAIRRO JD VILA BOA",2,2,2,1,1
AUTO_ALIAS_1A1_TOTAIS_IGUAIS,goiania,394085,10380,COND RES RIO BRANCO,,AV RIO BRANCO,"AV RIO BRANCO CASA 01 , BAIRRO S JAÓ",2,2,2,1,1
AUTO_ALIAS_1A1_TOTAIS_IGUAIS,goiania,304784,2326,COND RES ROCHA II,,R  9,"R 9 CASA01 , BAIRRO RES PAULO ESTRELA",2,2,2,1,1
AUTO_ALIAS_1A1_TOTAIS_IGUAIS,goiania,335938,2327,COND RES ROCHA III,,R  1,"R 9 CASA01 , BAIRRO RES PAULO ESTRELA",2,2,2,1,1
AUTO_ALIAS_1A1_TOTAIS_IGUAIS,goiania,187711,2653,COND RES RODOVALHO 26,,R  DA CIOBA,"R DA CIOBA  CASA 01 , BAIRRO JD ATLÂNTICO",3,3,3,1,1
AUTO_ALIAS_1A1_TOTAIS_IGUAIS,goiania,134715,8147,COND RES RODRIGUES 004,,R  DR WALTER COSTA,"R DR WALTER COSTA  CASA 01 , BAIRRO JD SÃO JOSÉ",3,3,3,1,1
AUTO_ALIAS_1A1_TOTAIS_IGUAIS,goiania,200199,8555,COND RES RODRIGUES I,,R  LAS VELAS,"R LAS VELAS  CASA 01 , BAIRRO S TRÊS MARIAS",2,2,2,1,1
AUTO_ALIAS_1A1_TOTAIS_IGUAIS,goiania,302931,8794,COND RES RODRIGUES MARTINS II,,R  JOSE RAIMUNDO DE CAMARGO,"R JOSE RAIMUNDO DE CAMARGO  CASA 01 , BAIRRO JD BALNEÁRIO MEIA PONTE",2,2,2,1,1
AUTO_ALIAS_1A1_TOTAIS_IGUAIS,goiania,346324,1441,COND RES ROMIS ALVES II,,R  AB13,"R AB13 CASA 01 , BAIRRO RES ALICE BARBOSA",2,2,2,1,1
AUTO_ALIAS_1A1_TOTAIS_IGUAIS,goiania,340149,9862,COND RES ROSA ALMEIDA I,,R  PB3,"R PB3 SOBRADO 01 , BAIRRO PRQ BALNEÁRIO",2,2,2,1,1
AUTO_ALIAS_1A1_TOTAIS_IGUAIS,goiania,96873,1378,COND RES ROSAS I,,R  FORTALEZA,"R FORTALEZA S/N     CASA 01 , BAIRRO RES PETRÓPOLIS",3,3,3,1,1
AUTO_ALIAS_1A1_TOTAIS_IGUAIS,goiania,206512,8748,COND RES R R F F I,,R  RUI BARBOSA,"R RUI BARBOSA  SOB 01 , BAIRRO JD VILA BOA",3,3,3,1,1
AUTO_ALIAS_1A1_TOTAIS_IGUAIS,goiania,189176,7631,COND RES RRX CONSTRUCOES II,,R  DO GUAJA,"R DO GUAJA  SOBRADO 01 , BAIRRO JD ATLÂNTICO",2,2,2,1,1
AUTO_ALIAS_1A1_TOTAIS_IGUAIS,goiania,1735,9775,COND RES RUSSYERE BARROS X,,R  MONTEIRO LOBATO,"R MONTEIRO LOBATO LT S/N . , BAIRRO BRO CIDADE JARDIM",2,2,2,1,1
AUTO_ALIAS_1A1_TOTAIS_IGUAIS,goiania,273208,1362,COND RES SALATIEL,,R  TAMOIOS,"R GOIANAZES CASA 01 , BAIRRO LOT SHANGRY-LA",3,3,3,1,1
AUTO_ALIAS_1A1_TOTAIS_IGUAIS,goiania,175579,8126,COND RES SALLES 80-86,,R  W14,"R W14  CASA 01 , BAIRRO JD ITAIPÚ",3,3,3,1,1
AUTO_ALIAS_1A1_TOTAIS_IGUAIS,goiania,137131,8209,COND RES SANFLORIAN E PRETYMAN I,,R  PORTO SOARES,"R JOAO MAXIMO BORGES  CASA 01 , BAIRRO RES BUENA VISTA III",2,2,2,1,1
AUTO_ALIAS_1A1_TOTAIS_IGUAIS,goiania,165940,10507,COND RES SANTA FE V,,R  DA VITORIA,"R DA VITORIA  CASA 02 , BAIRRO RES SANTA FÉ I",2,2,2,1,1
AUTO_ALIAS_1A1_TOTAIS_IGUAIS,goiania,134531,2903,COND RES SANTANA SANTOS III,,R  JOAO MAXIMO BORGES,"R JOAO MAXIMO BORGES  CASA01 , BAIRRO RES BUENA VISTA III",2,2,2,1,1
AUTO_ALIAS_1A1_TOTAIS_IGUAIS,goiania,158674,9186,COND RES SANTA RITA 75161,,R  SR4,"R SR4  CASA 01 , BAIRRO PRQ SANTA RITA",2,2,2,1,1
AUTO_ALIAS_1A1_TOTAIS_IGUAIS,goiania,88966,10960,COND RES SANTO EXPEDITO V,,R  SERRA DO CAPARAO,"R SERRA DO CAPARAO  CASA 01 , BAIRRO JD PETRÓPOLIS",2,2,2,1,1
AUTO_ALIAS_1A1_TOTAIS_IGUAIS,goiania,76687,14254,COND RES SANTO EXPEDITO VII,,AV CORCOVADO,"AV CORCOVADO CASA 06 , BAIRRO S SANTOS DUMONT",6,6,6,1,1
AUTO_ALIAS_1A1_TOTAIS_IGUAIS,goiania,158607,7873,COND RES SANTOS 4423,,R  R15,"R R15  CASA 01 , BAIRRO RES VILLAGE SANTA RITA III",2,2,2,1,1
AUTO_ALIAS_1A1_TOTAIS_IGUAIS,goiania,359494,2310,COND RES SANTOS SEVERINO,,R  1,"R 1 CASA01 , BAIRRO RES PAULO ESTRELA",2,2,2,1,1
AUTO_ALIAS_1A1_TOTAIS_IGUAIS,goiania,138023,8941,COND RES SAO JOSE 35-26,,R  IRMA LUIZA DIAS LIMA,"R IRMA LUIZA DIAS LIMA  CASA 01 , BAIRRO JD SÃO JOSÉ",2,2,2,1,1
AUTO_ALIAS_1A1_TOTAIS_IGUAIS,goiania,127200,7569,COND RES SAO MARCOS 0423,,AV DONA FLORINDA,"AV DONA FLORINDA  CASA 03 , BAIRRO RES SÃO MARCOS",3,3,3,1,1
AUTO_ALIAS_1A1_TOTAIS_IGUAIS,goiania,313532,2605,COND RES SAO PAULO,,R  CPR7,"R CPR2 CASA 01 , BAIRRO RES COSTA PARANHOS",2,2,2,1,1
AUTO_ALIAS_1A1_TOTAIS_IGUAIS,goiania,149216,1176,COND. RES. SARA BORGES II,,R  C155,"R C155  SOBRADO 01 , BAIRRO BRO JARDIM AMÉRICA",2,2,2,1,1
AUTO_ALIAS_1A1_TOTAIS_IGUAIS,goiania,162276,9785,COND RES SB-25,,R  SB-25,"AV ELI ALVES FORTE  CASA 01 , BAIRRO RES KÁTIA",3,3,3,1,1
AUTO_ALIAS_1A1_TOTAIS_IGUAIS,goiania,105067,2497,COND RES SCHWULIBERT I,,R  MARIA ISABEL DE FREITAS,"R MARIA ISABEL DE FREITAS  CASA 01 , BAIRRO RES ANA MORAES",2,2,2,1,1
AUTO_ALIAS_1A1_TOTAIS_IGUAIS,goiania,333212,12086,COND RES SEGAT,,R  1013,"R 1013 CASA 01 , BAIRRO S PEDRO LUDOVICO",2,2,2,1,1
AUTO_ALIAS_1A1_TOTAIS_IGUAIS,goiania,142365,2441,COND RES SENHOR LUIZ PAULO II,,R  MONS. PRIMO VIEIRA,"R MONS. PRIMO VIEIRA  CASA01 , BAIRRO RES MONTE PASCOAL",2,2,2,1,1
AUTO_ALIAS_1A1_TOTAIS_IGUAIS,goiania,133922,9191,COND RES SERBETO E TOMAZ RESIDENCE II,,R  PORTO SOARES,"R JUCA RODRIGUES  CASA 01 , BAIRRO RES BUENA VISTA III",3,3,3,1,1
AUTO_ALIAS_1A1_TOTAIS_IGUAIS,goiania,141843,8223,COND RES SERBETO RESIDENCI III,,R  JUAREZ AMORELLI,"R JUAREZ AMORELLI  CASA 01 , BAIRRO RES BUENA VISTA III",2,2,2,1,1
AUTO_ALIAS_1A1_TOTAIS_IGUAIS,goiania,215479,7592,COND RES SEVILHA 03-06,,R  RS2,"R RS2  C-2 , BAIRRO RES SEVILHA",2,2,2,1,1
AUTO_ALIAS_1A1_TOTAIS_IGUAIS,goiania,215476,7593,COND RES SEVILHA 03-07,,R  RS2,"R RS2  C-2 , BAIRRO RES SEVILHA",2,2,2,1,1
AUTO_ALIAS_1A1_TOTAIS_IGUAIS,goiania,215477,7594,COND RES SEVILHA 03-08,,R  RS2,"R RS2  C-2 , BAIRRO RES SEVILHA",2,2,2,1,1
AUTO_ALIAS_1A1_TOTAIS_IGUAIS,goiania,231305,8797,COND RES S.G.R.I,,R  CAPITAO ALVARO GUIMARAES,"R CAPITAO ALVARO GUIMARAES  CASA 02 , BAIRRO VL ROSA",2,2,2,1,1
AUTO_ALIAS_1A1_TOTAIS_IGUAIS,goiania,270198,7674,COND.RES. SILONY III,,R  GUAPORE,"R GUAPORE CASA 01 , BAIRRO JD GUANABARA",3,3,3,1,1
AUTO_ALIAS_1A1_TOTAIS_IGUAIS,goiania,13754,7279,COND. RES. SILVA-239,,R  24 DE MAIO,"R 24 DE MAIO SN CASA 01 , BAIRRO S ESTRELA DALVA",2,2,2,1,1
AUTO_ALIAS_1A1_TOTAIS_IGUAIS,goiania,99032,5977,COND RES SILVA 708,,R  BOLIVIA,"R BOLIVIA  SOB. 01 , BAIRRO S DAS NAÇÕES",4,4,4,1,1
AUTO_ALIAS_1A1_TOTAIS_IGUAIS,goiania,401502,5976,COND RES SILVA 709,,R  BOLIVIA,"R ASSUNCAO  SOB. 04 , BAIRRO S DAS NAÇÕES",4,4,4,1,1
AUTO_ALIAS_1A1_TOTAIS_IGUAIS,goiania,81638,7906,COND.RES.SILVA 8261,,R  6,"R 6 CASA 01 , BAIRRO S SANTOS DUMONT",3,3,3,1,1
AUTO_ALIAS_1A1_TOTAIS_IGUAIS,goiania,219436,5230,COND. RES. SILVA E MEDINA RESIDENCE,,R  MDV7,"R MDV7  CASA 1 , BAIRRO LOT MOINHO DOS VENTOS",2,2,2,1,1
AUTO_ALIAS_1A1_TOTAIS_IGUAIS,goiania,158884,8437,COND RES SILVA E MELO I,,R  ALUISIO ALVARENGA,"R ALUISIO ALVARENGA  CASA 01 , BAIRRO RES SANTA FÉ",2,2,2,1,1
AUTO_ALIAS_1A1_TOTAIS_IGUAIS,goiania,365520,2325,COND RES SILVA E SILVA I,,R  H6,"R H6 CASA02 , BAIRRO RES HAWAÍ",2,2,2,1,1
AUTO_ALIAS_1A1_TOTAIS_IGUAIS,goiania,197971,5405,COND RES SILVA LEAO I,,R  DO ATUM,"R DO ATUM  CASA 01 , BAIRRO JD ATLÂNTICO",2,2,2,1,1
AUTO_ALIAS_1A1_TOTAIS_IGUAIS,goiania,135893,2506,COND RES SILVA LT-02,,R  PE ORMINDO VIVEIRO DE CASTRO,"R PE ORMINDO VIVEIRO DE CASTRO  CASA 01 , BAIRRO JD SÃO JOSÉ",2,2,2,1,1
AUTO_ALIAS_1A1_TOTAIS_IGUAIS,goiania,255386,2740,COND RES SILVA OM-10,,AV ODICIA MORAIS,"AV ODICIA MORAIS CASA 01 , BAIRRO RES ORLANDO DE MORAIS",2,2,2,1,1
AUTO_ALIAS_1A1_TOTAIS_IGUAIS,goiania,155886,2405,COND RES SILVA RIBEIRO II,,AV ALPHAVILLE,"AV ALPHAVILLE  CASA01 , BAIRRO LOT ALPHAVILLE RESIDENCIAL",3,3,3,1,1
AUTO_ALIAS_1A1_TOTAIS_IGUAIS,goiania,134067,2535,COND RES SILVA RMP-1-13,,R  RMP1,"R RMP1  CASA 01 , BAIRRO RES MONTE PASCOAL",2,2,2,1,1
AUTO_ALIAS_1A1_TOTAIS_IGUAIS,goiania,317012,7985,COND. RES. SILVA VAZ HOUSE,,R  RSL13,"R RSL13 CASA 01 , BAIRRO RES PAULO ESTRELA",2,2,2,1,1
AUTO_ALIAS_1A1_TOTAIS_IGUAIS,goiania,254751,8438,COND RES SILVA VAZ HOUSE II,,R  RSL10,"R RSL10 CASA 01 , BAIRRO RES SÃO LEOPOLDO",2,2,2,1,1
AUTO_ALIAS_1A1_TOTAIS_IGUAIS,goiania,156111,1357,COND RES SILVESTRE III,,R  ALUISIO ALVARENGA,"R ALUISIO ALVARENGA  CASA 01 , BAIRRO RES SANTA FÉ",2,2,2,1,1
AUTO_ALIAS_1A1_TOTAIS_IGUAIS,goiania,172383,2688,COND RES SILVESTRE X,,R  RI21,"R RI2  CASA 01 , BAIRRO RES ITAIPÚ",4,4,4,1,1
AUTO_ALIAS_1A1_TOTAIS_IGUAIS,goiania,70749,6534,COND RES SIMONAL,,R  A3,"R A3 CASA 01 , BAIRRO BRO DA VITÓRIA",3,3,3,1,1
AUTO_ALIAS_1A1_TOTAIS_IGUAIS,goiania,317212,2332,COND RES SINIMBU II,,AV DR JAHYR ABRAO ESTRELA,"R RSL13 CASA 01 , BAIRRO RES PAULO ESTRELA",2,2,2,1,1
AUTO_ALIAS_1A1_TOTAIS_IGUAIS,goiania,319929,2416,COND RES SINIMBU III,,AV DR JAHYR ABRAO ESTRELA,"AV DR JAHYR ABRAO ESTRELA CASA01 , BAIRRO RES PAULO ESTRELA",2,2,2,1,1
AUTO_ALIAS_1A1_TOTAIS_IGUAIS,goiania,124337,7988,COND RES SM-13.13,,R  SM9,"R SM9  CASA 01 , BAIRRO RES SÃO MARCOS",2,2,2,1,1
AUTO_ALIAS_1A1_TOTAIS_IGUAIS,goiania,83294,10591,COND RES SMA RESIDENCI I,,R  JB11,"R JB11 CASA 01 , BAIRRO JD BONANZA",2,2,2,1,1
AUTO_ALIAS_1A1_TOTAIS_IGUAIS,goiania,130994,5970,COND RES SM I,,R  SM38,"R SM38  C-3 , BAIRRO RES SÃO MARCOS",3,3,3,1,1
AUTO_ALIAS_1A1_TOTAIS_IGUAIS,goiania,123672,5964,COND RES SM II,,R  SM39,"R SM39  CASA 03 , BAIRRO RES SÃO MARCOS",3,3,3,1,1
AUTO_ALIAS_1A1_TOTAIS_IGUAIS,goiania,176705,8567,COND RES S.N.R.I,,R  RI17,"R RI17  CASA 01 , BAIRRO RES ITAIPÚ",2,2,2,1,1
AUTO_ALIAS_1A1_TOTAIS_IGUAIS,goiania,377573,5578,COND RES SOARES SILVEIRA,,R  15,"R 15 S/N     CASA-01 TER , BAIRRO VL ISAURA",2,2,2,1,1
AUTO_ALIAS_1A1_TOTAIS_IGUAIS,goiania,121590,8981,COND RES SOCRATES 347,,R  PH1,"R PH1  CASA 01 , BAIRRO LOT SOLANGE PARQUE I",2,2,2,1,1
AUTO_ALIAS_1A1_TOTAIS_IGUAIS,goiania,121509,8480,COND RES SOLANGE PARQUE-804,,R  PH10,"R SP2  CASA 01 , BAIRRO LOT SOLANGE PARQUE III",2,2,2,1,1
AUTO_ALIAS_1A1_TOTAIS_IGUAIS,goiania,33412,1367,COND RES SOLAR DAS FLORES I,,R  SC42,"R SC42 LT 14 CS 01 , BAIRRO JD COLORADO I",2,2,2,1,1
AUTO_ALIAS_1A1_TOTAIS_IGUAIS,goiania,40812,2348,COND RES SOLAR DAS FLORES V,,R  SC43,"R SC43 LT 08 CS 02 , BAIRRO JD COLORADO I",2,2,2,1,1
AUTO_ALIAS_1A1_TOTAIS_IGUAIS,goiania,158100,7336,COND. RES. SOLAR SANTA,,R  R10,"R R10  CASA 01 , BAIRRO S SOLAR SANTA RITA",2,2,2,1,1
AUTO_ALIAS_1A1_TOTAIS_IGUAIS,goiania,140021,1347,COND RES SOLAR SAO JOSE XXVII,,R  PE NELSON ANTONINO,"R PE NELSON ANTONINO S/N     CASA 02 , BAIRRO JD SÃO JOSÉ",2,2,2,1,1
AUTO_ALIAS_1A1_TOTAIS_IGUAIS,goiania,141530,6345,COND RES SOLAR SAO JOSE XXXV,,R  NAZARENO RORIZ,"R NAZARENO RORIZ  CASA 01 , BAIRRO JD SÃO JOSÉ",3,3,3,1,1
AUTO_ALIAS_1A1_TOTAIS_IGUAIS,goiania,177562,1600,COND RES SOLUCOES I,,R  RI15,"R RI15  CASA 01 , BAIRRO RES ITAIPÚ",2,2,2,1,1
AUTO_ALIAS_1A1_TOTAIS_IGUAIS,goiania,164315,7046,COND. RES. SOUSA-326,,R  EDUARDO VERANO,"R EDUARDO VERANO  CASA 01 , BAIRRO RES SANTA FÉ",2,2,2,1,1
AUTO_ALIAS_1A1_TOTAIS_IGUAIS,goiania,376477,7711,COND RES SOUSA LIMA RB15A,,R  RB15A,"R RB15A CASA 01 , BAIRRO RES RECANTO DO BOSQUE",2,2,2,1,1
AUTO_ALIAS_1A1_TOTAIS_IGUAIS,goiania,58977,8204,COND RES SOUZA-6251,,R  PROF JOAQUIM EDSON,"R PROF JOAQUIM EDSON LT 18 CS 01 , BAIRRO RES JARDIM BELVEDERE",2,2,2,1,1
AUTO_ALIAS_1A1_TOTAIS_IGUAIS,goiania,272359,7420,COND. RES. SOUZA BARROS DO OURO,,AV DO OURO,"R DO OURO CASA01 , BAIRRO S RECANTO DAS MINAS GERAIS",3,3,3,1,1
AUTO_ALIAS_1A1_TOTAIS_IGUAIS,goiania,296295,7389,COND. RES. SOUZA BRAVO VI,,R  10,"R 10 CASA 01 , BAIRRO VL PEDROSO",2,2,2,1,1
AUTO_ALIAS_1A1_TOTAIS_IGUAIS,goiania,117784,8148,COND RES SP-16A 02,,R  PH9,"R PH9  CASA 01 , BAIRRO LOT SOLANGE PARQUE III",3,3,3,1,1
AUTO_ALIAS_1A1_TOTAIS_IGUAIS,goiania,273461,8537,COND RES SPINA DE PAULA,,TRVMLS,"TRVMLS CASA 01 , BAIRRO RES VALE DOS SONHOS I",2,2,2,1,1
AUTO_ALIAS_1A1_TOTAIS_IGUAIS,goiania,17446,1934,COND RES STAR BLUE II,,R  19 DE NOVEMBRO,"R 19 DE NOVEMBRO CASA 01 , BAIRRO S ESTRELA DALVA",2,2,2,1,1
AUTO_ALIAS_1A1_TOTAIS_IGUAIS,goiania,44903,8508,COND RES STELA MARIS BARBOSA RESIDENCI II,,R  5 DE JULHO,"R 5 DE JULHO LT 15 CS 01 , BAIRRO JD GRAMADO",2,2,2,1,1
AUTO_ALIAS_1A1_TOTAIS_IGUAIS,goiania,19547,2523,COND RES STERNE I,,R  PRINCESA DAIANA,"R PRINCESA DAIANA CASA01 , BAIRRO S ESTRELA DALVA",2,2,2,1,1
AUTO_ALIAS_1A1_TOTAIS_IGUAIS,goiania,353397,2436,COND RES SUN SHINE,,R  RIO DA PRATA,"R RIO DA PRATA CASA 02 , BAIRRO RES RIO JORDÃO",2,2,2,1,1
AUTO_ALIAS_1A1_TOTAIS_IGUAIS,goiania,308945,7915,COND RES TELEGRAFOS,,R  DOS CORREIOS E TELEGRAFOS,"R DOS CORREIOS E TELEGRAFOS  CASA 01 , BAIRRO RES MARIA LOURENÇA",2,2,2,1,1
AUTO_ALIAS_1A1_TOTAIS_IGUAIS,goiania,28963,11616,COND RES TELES BARBOSA,,R  PINHEIROS,"R PINHEIROS CASA 01 , BAIRRO S ESTRELA DALVA",2,2,2,1,1
AUTO_ALIAS_1A1_TOTAIS_IGUAIS,goiania,175655,7979,COND RES TEXEIRA I,,R  66,"R 66  CASA 01 , BAIRRO CON DAS ESMERALDAS",2,2,2,1,1
AUTO_ALIAS_1A1_TOTAIS_IGUAIS,goiania,208537,8108,COND RES T.F.P. I,,R  F51,"R F51  CASA 01 , BAIRRO LOT FAIÇALVILLE",2,2,2,1,1
AUTO_ALIAS_1A1_TOTAIS_IGUAIS,goiania,165270,8468,COND RES THOMPSOM RESIDENCI II,,AV RITA CAETANO,"AV RITA CAETANO  CASA 01 , BAIRRO RES SANTA FÉ I",3,3,3,1,1
AUTO_ALIAS_1A1_TOTAIS_IGUAIS,goiania,60433,3165,COND RES TOMOROW LAND II,,R  JOAQUIM LUCIO,"R JOAQUIM LUCIO LT 31 CS 01 , BAIRRO RES BARRAVENTO",2,2,2,1,1
AUTO_ALIAS_1A1_TOTAIS_IGUAIS,goiania,116844,8431,COND RES TORMIN-5251,,R  PH2,"R PH2  CASA 01 , BAIRRO LOT SOLANGE PARQUE I",2,2,2,1,1
AUTO_ALIAS_1A1_TOTAIS_IGUAIS,goiania,296891,8200,COND RES TTAF 005,,R  ACP02,"R ACP02 CASA 02 , BAIRRO RES ANTONIO CARLOS PIRES",2,2,2,1,1
AUTO_ALIAS_1A1_TOTAIS_IGUAIS,goiania,255416,8370,COND RES TTAF 008,,R  ACP11,"R ACP11 CASA 02 , BAIRRO RES ANTONIO CARLOS PIRES",2,2,2,1,1
AUTO_ALIAS_1A1_TOTAIS_IGUAIS,goiania,342425,8331,COND RES TTAF 009,,R  OM17,"R OM17 CASA 01 , BAIRRO RES ORLANDO DE MORAIS",2,2,2,1,1
AUTO_ALIAS_1A1_TOTAIS_IGUAIS,goiania,344682,8330,COND RES TTAF 010,,R  OM20,"R OM20 CASA 01 , BAIRRO RES ORLANDO DE MORAIS",2,2,2,1,1
AUTO_ALIAS_1A1_TOTAIS_IGUAIS,goiania,326889,8578,COND RES TTAF 012,,R  OM41,"R OM41 CASA 01 , BAIRRO RES ORLANDO DE MORAIS",2,2,2,1,1
AUTO_ALIAS_1A1_TOTAIS_IGUAIS,goiania,353374,8819,COND RES TTAF 015,,R  ACP07,"R ACP07 CASA 02 , BAIRRO RES ANTONIO CARLOS PIRES",2,2,2,1,1
AUTO_ALIAS_1A1_TOTAIS_IGUAIS,goiania,278484,8983,COND RES TTAF 017,,R  ACP28,"R ACP28 CASA 01 , BAIRRO RES ANTONIO CARLOS PIRES",2,2,2,1,1
AUTO_ALIAS_1A1_TOTAIS_IGUAIS,goiania,395567,2500,COND RES TTAF I,,R  AB6,"R AB6 CASA01 , BAIRRO RES ALICE BARBOSA",2,2,2,1,1
AUTO_ALIAS_1A1_TOTAIS_IGUAIS,goiania,295357,2724,COND RES TTAF IV,,R  ACP30,"R ACP30 CASA 01 , BAIRRO RES ANTONIO CARLOS PIRES",2,2,2,1,1
AUTO_ALIAS_1A1_TOTAIS_IGUAIS,goiania,292684,8149,COND RES TTAP 007,,R  OM41,"R OM41 CASA 01 , BAIRRO RES ORLANDO DE MORAIS",2,2,2,1,1
AUTO_ALIAS_1A1_TOTAIS_IGUAIS,goiania,99721,7704,COND RES TUZIMOTO 04.11,,R  RT3,"R RT3  CASA 01 , BAIRRO RES TUZIMOTO",3,3,3,1,1
AUTO_ALIAS_1A1_TOTAIS_IGUAIS,goiania,207860,8191,COND RES VALDEREIS J SOARES RESIDENCI III,,AL ALCIDES DE ARAUJO ROMAO,"AL ALCIDES DE ARAUJO ROMAO  CASA 01 , BAIRRO LOT FAIÇALVILLE",2,2,2,1,1
AUTO_ALIAS_1A1_TOTAIS_IGUAIS,goiania,224910,8805,COND RES VALENTE,,R  SAULO COELHO CHAVES,"AV PARQUE  SOB 01 , BAIRRO RES AQUÁRIOS II",2,2,2,1,1
AUTO_ALIAS_1A1_TOTAIS_IGUAIS,goiania,285408,2669,COND RES VALENTINO I,,AV FRANCA,"AV FRANCA CASA 01 , BAIRRO RES VILLE DE FRANCE",2,2,2,1,1
AUTO_ALIAS_1A1_TOTAIS_IGUAIS,goiania,130352,3011,COND RES VAZ-43,,R  N20,"AV CAROLINA CANDIDA CABRAL  CASA 01 , BAIRRO S DAS NAÇÕES EXTENSÃO",5,5,5,1,1
AUTO_ALIAS_1A1_TOTAIS_IGUAIS,goiania,206922,7899,COND RES VAZ 5334,,R  PRESIDENTE NILO PECANHA,"R PRESIDENTE NILO PECANHA  CASA 03 , BAIRRO JD PRESIDENTE",3,3,3,1,1
AUTO_ALIAS_1A1_TOTAIS_IGUAIS,goiania,129767,8150,COND RES VAZ 81-71,,R  N20,"R N20  CASA 01 , BAIRRO S DAS NAÇÕES EXTENSÃO",2,2,2,1,1
AUTO_ALIAS_1A1_TOTAIS_IGUAIS,goiania,221488,8701,COND RES VAZ DE ALMEIDA RESIDENCE I,,R  VB10,"R VB10  CASA 01 , BAIRRO RES VEREDA DOS BURITIS",2,2,2,1,1
AUTO_ALIAS_1A1_TOTAIS_IGUAIS,goiania,221487,8709,COND RES VAZ DE ALMEIDA RESIDENCE II,,R  VB10,"R VB10  CASA 01 , BAIRRO RES VEREDA DOS BURITIS",2,2,2,1,1
AUTO_ALIAS_1A1_TOTAIS_IGUAIS,goiania,221485,9244,COND RES VAZ DE ALMEIDA RESIDENCE IV,,R  VB10,"R VB10  CASA 01 , BAIRRO RES VEREDA DOS BURITIS",2,2,2,1,1
AUTO_ALIAS_1A1_TOTAIS_IGUAIS,goiania,132856,1942,COND RES VAZ FALCAO IV,,R  RMP23,"R MONS. PRIMO VIEIRA  CASA01 , BAIRRO RES MONTE PASCOAL",3,3,3,1,1
AUTO_ALIAS_1A1_TOTAIS_IGUAIS,goiania,223314,2584,COND RES VC FERREIRA VII,,R  MDV11,"R MDV11  CASA 01 , BAIRRO LOT MOINHO DOS VENTOS",3,3,3,1,1
AUTO_ALIAS_1A1_TOTAIS_IGUAIS,goiania,61406,1388,COND RES VERAS NOGUEIRA I,,R  TOTO BUENO,"R TOTO BUENO LT 06 CS 01 , BAIRRO S ALTO DO VALE",2,2,2,1,1
AUTO_ALIAS_1A1_TOTAIS_IGUAIS,goiania,219294,7567,COND RES VEREDA,,AV VEREDA DOS BURITIS,"AV VEREDA DOS BURITIS  CASA 01 , BAIRRO RES CANADÁ",3,3,3,1,1
AUTO_ALIAS_1A1_TOTAIS_IGUAIS,goiania,305312,6074,COND RES VEREDA DOS PASSAROS,,AV DR JAHYR ABRAO ESTRELA,"AV DR JAHYR ABRAO ESTRELA CASA 01 , BAIRRO RES PAULO ESTRELA",2,2,2,1,1
AUTO_ALIAS_1A1_TOTAIS_IGUAIS,goiania,331735,9257,COND RES VERONICE,,R  RB3,"R RB3 CASA 02 , BAIRRO RES RECANTO DO BOSQUE",2,2,2,1,1
AUTO_ALIAS_1A1_TOTAIS_IGUAIS,goiania,304791,2145,COND RES VIEIRA,,R  RSL8,"R RSL8 CASA 02 , BAIRRO RES SÃO LEOPOLDO",2,2,2,1,1
AUTO_ALIAS_1A1_TOTAIS_IGUAIS,goiania,330224,1304,COND RES VIENA III,,R  SENADOR ANTONIO MARTINS BORGES,"R SENADOR ANTONIO MARTINS BORGES SOB01 , BAIRRO S CRIMÉIA LESTE",4,4,4,1,1
AUTO_ALIAS_1A1_TOTAIS_IGUAIS,goiania,135299,8226,COND RES VILA VERDE 28 - 18,,R  RMP22,"R RMP22  CASA 02 , BAIRRO RES MONTE PASCOAL",2,2,2,1,1
AUTO_ALIAS_1A1_TOTAIS_IGUAIS,goiania,14312,1379,COND RES VILLA CLEOMAR 7,,R  SPT7,"R SPT7 LT 10  CASA 01 , BAIRRO S PARQUE TREMENDÃO",2,2,2,1,1
AUTO_ALIAS_1A1_TOTAIS_IGUAIS,goiania,122012,8793,COND RES VILLAGE 3 MARIAS VII,,R  ARMANDO DE SALES,"R ARMANDO DE SALES  CASA 02 , BAIRRO PRQ INDUSTRIAL JOÃO BRAZ",2,2,2,1,1
AUTO_ALIAS_1A1_TOTAIS_IGUAIS,goiania,89064,1348,COND RES VILLAGE APARECIDA XVI,,R  RDG1,"R RDG1 CASA 01 , BAIRRO RES RECANTO DAS GARÇAS",2,2,2,1,1
AUTO_ALIAS_1A1_TOTAIS_IGUAIS,goiania,61107,2381,COND RES VILLAGE ARAO I,,R  ALBERTO RASSI,"R ALBERTO RASSI LT 42 . , BAIRRO RES BARRAVENTO",2,2,2,1,1
AUTO_ALIAS_1A1_TOTAIS_IGUAIS,goiania,130594,1374,COND RES VILLAGE BOTELHO I,,R  SM1,"R SM1  CASA 01 , BAIRRO RES SÃO MARCOS",2,2,2,1,1
AUTO_ALIAS_1A1_TOTAIS_IGUAIS,goiania,220636,1506,COND RES VILLAGE CANADA,,AV MONTREAL,"AV MONTREAL  CASA-01 , BAIRRO RES CANADÁ",2,2,2,1,1
AUTO_ALIAS_1A1_TOTAIS_IGUAIS,goiania,160969,2109,COND RES VILLAGE CORREA CRISPIM I,,R  BENEDITO BORGES,"R BEIJAMIM DO PRADO  CASA01 , BAIRRO RES SANTA FÉ",3,3,3,1,1
AUTO_ALIAS_1A1_TOTAIS_IGUAIS,goiania,94904,7239,COND. RES. VILLAGE EAS EMPREEND. I,,R  SALVADOR,"R SALVADOR  CASA 03 , BAIRRO RES PETRÓPOLIS",4,4,4,1,1
AUTO_ALIAS_1A1_TOTAIS_IGUAIS,goiania,282536,8732,COND RES VILLAGE ELISA BARBARA I,,R  1,"R 1  CASA 01 , BAIRRO VL ISAURA",2,2,2,1,1
AUTO_ALIAS_1A1_TOTAIS_IGUAIS,goiania,388336,7312,COND. RES. VILLAGE ESTRELA DO JAO V,,R  J26,"R J26 CASA02 , BAIRRO S JAÓ",2,2,2,1,1
AUTO_ALIAS_1A1_TOTAIS_IGUAIS,goiania,289512,1859,COND RES VILLAGE FERNANDES,,AL DA MATA,"AL DA MATA CASA 01 , BAIRRO RES RECANTO DO BOSQUE",2,2,2,1,1
AUTO_ALIAS_1A1_TOTAIS_IGUAIS,goiania,309219,7444,COND. RES. VILLAGE HONORATO MACHADO I,,R  DEGAS,"R DEGAS  CASA 01 , BAIRRO S GENTIL MEIRELLES",2,2,2,1,1
AUTO_ALIAS_1A1_TOTAIS_IGUAIS,goiania,248552,9777,COND RES VILLAGE MOREIRA DA ROCHA I,,R  FL46,"R FL46 CASA01 , BAIRRO PRQ DAS FLORES",3,3,3,1,1
AUTO_ALIAS_1A1_TOTAIS_IGUAIS,goiania,327679,1455,COND RES VILLAGE NILTON ANGELO,,AV DONA MELINHA,"AV DONA MELINHA CASA 01 , BAIRRO RES BRISAS DA MATA",2,2,2,1,1
AUTO_ALIAS_1A1_TOTAIS_IGUAIS,goiania,406768,1371,COND RES VILLAGE NOBREGA JUNIOR I,,R  SR14,"R SR14  CASA 01 , BAIRRO PRQ SANTA RITA",2,2,2,1,1
AUTO_ALIAS_1A1_TOTAIS_IGUAIS,goiania,43082,2652,COND RES VILLAGE NOGUEIRA I,,R  RSC6,"R RSC6 LT 11/12 . , BAIRRO JD SANTA CECÍLIA",3,3,3,1,1
AUTO_ALIAS_1A1_TOTAIS_IGUAIS,goiania,38439,10106,COND RES VILLAGE PINHEIROS I,,R  VB1,"R VB1 LT 36 CS 01 , BAIRRO JD VISTA BELA",2,2,2,1,1
AUTO_ALIAS_1A1_TOTAIS_IGUAIS,goiania,252792,2663,COND RES VILLAGE RIBEIRO E AMORIM V,,R  BM6,"R BM6 CASA 01 , BAIRRO RES BRISAS DA MATA",3,3,3,1,1
AUTO_ALIAS_1A1_TOTAIS_IGUAIS,goiania,343806,8001,COND RES VILLAGE ROSY III,,R  OM41,"R OM41 CASA 01 , BAIRRO RES ORLANDO DE MORAIS",2,2,2,1,1
AUTO_ALIAS_1A1_TOTAIS_IGUAIS,goiania,352734,2541,COND RES VILLAGE SOUZA BRAVO XXXIII,,R  9,"R 9 CASA 01 , BAIRRO RES PAULO ESTRELA",2,2,2,1,1
AUTO_ALIAS_1A1_TOTAIS_IGUAIS,goiania,9442,1463,COND RES VILLAGE SOUZA JUNQUEIRA I,,R  C14,"R C14 S/N     SOB01 , BAIRRO S SUDOESTE",2,2,2,1,1
AUTO_ALIAS_1A1_TOTAIS_IGUAIS,goiania,167471,7112,COND. RES. VILLAGE TAGUATINGA I,,R  W12,"R W12  CASA 01 , BAIRRO JD ITAIPÚ",2,2,2,1,1
AUTO_ALIAS_1A1_TOTAIS_IGUAIS,goiania,284361,9680,COND RES VILLAGE TOME PEREIRA I,,R  DAS ESMERALDAS,"R DAS ESMERALDAS SN CASA 01 , BAIRRO JD NOVO MUNDO",3,3,3,1,1
AUTO_ALIAS_1A1_TOTAIS_IGUAIS,goiania,106680,8558,COND RES VINICIUS DE MORAES,,AV VINICIUS DE MORAES,"AV VINICIUS DE MORAES  CASA 01 , BAIRRO RES TUZIMOTO",2,2,2,1,1
AUTO_ALIAS_1A1_TOTAIS_IGUAIS,goiania,164502,8227,COND RES VISTA LINDA I,,R  LIBERDADE,"R LIBERDADE  CASA 01 , BAIRRO RES SANTA FÉ I",2,2,2,1,1
AUTO_ALIAS_1A1_TOTAIS_IGUAIS,goiania,14503,2352,COND RES VIVENDA FREITAS,,R  MORADA DO SOL,"R MORADA DO SOL LT 10 CS 01 , BAIRRO S MORADA DO SOL",2,2,2,1,1
AUTO_ALIAS_1A1_TOTAIS_IGUAIS,goiania,20826,7345,COND RES VIVENDA P SILVA I,,R  MARCOS ROBERTO DOS SANTOS,"R MARCOS ROBERTO DOS SANTOS LT 20 CS 01 , BAIRRO S PARQUE TREMENDÃO",2,2,2,1,1
AUTO_ALIAS_1A1_TOTAIS_IGUAIS,goiania,155366,9612,COND RES V MOREIRA DE LIMA RESIDENCI I,,R  SRM24,"R SRM24  CASA 01 , BAIRRO RES VILLAGE SANTA RITA IV",2,2,2,1,1
AUTO_ALIAS_1A1_TOTAIS_IGUAIS,goiania,177780,1633,COND RES VPS I,,R  RI15,"R RI15  CASA 01 , BAIRRO RES ITAIPÚ",4,4,4,1,1
AUTO_ALIAS_1A1_TOTAIS_IGUAIS,goiania,121447,2618,COND RES VSP XXI,,R  PN3,"R PN3  CASA 01 , BAIRRO RES PONTA NEGRA",3,3,3,1,1
AUTO_ALIAS_1A1_TOTAIS_IGUAIS,goiania,85063,2342,COND RES WALACE MARQUES,,R  RB1,"R RB1 CASA 01 , BAIRRO S BARRA DA TIJUCA",2,2,2,1,1
AUTO_ALIAS_1A1_TOTAIS_IGUAIS,goiania,121053,7402,COND RES W.A.S. - PLACE II,,R  LP1,"R LP1  CASA 01 , BAIRRO RES LUANA PARK",2,2,2,1,1
AUTO_ALIAS_1A1_TOTAIS_IGUAIS,goiania,121054,7403,COND RES W.A.S. - PLACE III,,R  LP1,"R LP1  CASA 1 , BAIRRO RES LUANA PARK",2,2,2,1,1
AUTO_ALIAS_1A1_TOTAIS_IGUAIS,goiania,179437,8246,COND RES W.A XIX,,R  3B,"R 3B  CASA 01 , BAIRRO S GARAVELO",2,2,2,1,1
AUTO_ALIAS_1A1_TOTAIS_IGUAIS,goiania,306492,8825,COND RES WELLS IV,,R  PEDRO BRANT,"R PEDRO BRANT CASA 01 , BAIRRO BRO SANTO HILÁRIO - EXPANSÃO",3,3,3,1,1
AUTO_ALIAS_1A1_TOTAIS_IGUAIS,goiania,137924,8519,COND RES WENDER 338.261,,R  ELPIDIO RODRIGUES,"R ELPIDIO RODRIGUES  CASA 01 , BAIRRO RES BUENA VISTA III",2,2,2,1,1
AUTO_ALIAS_1A1_TOTAIS_IGUAIS,goiania,96772,9633,COND RES WILLY BECKERS,,R  SAO TIAGO,"R SAO TIAGO  CASA 01 , BAIRRO BRO IPIRANGA",4,4,4,1,1
AUTO_ALIAS_1A1_TOTAIS_IGUAIS,goiania,153398,2445,COND RES WINTERFELL I,,R  CONCORDIA,"R CONCORDIA  CASA01 , BAIRRO RES SANTA FÉ",2,2,2,1,1
AUTO_ALIAS_1A1_TOTAIS_IGUAIS,goiania,299097,1418,COND RES WR,,R  FL32,"R FL32 CASA 01 , BAIRRO PRQ DAS FLORES",2,2,2,1,1
AUTO_ALIAS_1A1_TOTAIS_IGUAIS,goiania,60088,2683,COND RES XUNATO I,,R  ALV8,"R ALV8 LT 28 CS 01 , BAIRRO S ALTO DO VALE",2,2,2,1,1
AUTO_ALIAS_1A1_TOTAIS_IGUAIS,goiania,154015,8522,COND RES ZACCOLI DI BORBA II,,R  ANTONIO LUIZ DE PINA,"R ANTONIO LUIZ DE PINA  CASA 01 , BAIRRO RES SANTA FÉ",2,2,2,1,1
AUTO_ALIAS_1A1_TOTAIS_IGUAIS,goiania,198161,8199,COND RES ZACCOLI DI BORRA I,,AV PARQUE,"AV PARQUE  CASA 01 , BAIRRO S TRÊS MARIAS",2,2,2,1,1
AUTO_ALIAS_1A1_TOTAIS_IGUAIS,goiania,61435,11619,COND RICARDO ARAUJO,,R  FN5,"R FN5 LT 06 CS 01 , BAIRRO JD FONTE NOVA",2,2,2,1,1
AUTO_ALIAS_1A1_TOTAIS_IGUAIS,goiania,380909,12476,COND. SANTA HELENA,,R  R,"R R S/N     CASA 01 , BAIRRO VL SANTA HELENA",2,2,2,1,1
AUTO_ALIAS_1A1_TOTAIS_IGUAIS,goiania,145869,13032,COND SANTOS,,R  C138,"R C138  CASA 01 , BAIRRO BRO JARDIM AMÉRICA",2,2,2,1,1
AUTO_ALIAS_1A1_TOTAIS_IGUAIS,goiania,129302,2898,COND SILVA PONTES I,,R  ANGELO LOMAZZI,"R ANGELO LOMAZZI  CASA 01 , BAIRRO RES DELLA PENA",2,2,2,1,1
AUTO_ALIAS_1A1_TOTAIS_IGUAIS,goiania,232729,9498,COND. SOUZA CARVALHO,,AV T5,"AV T5 20      SOBRADO 01 , BAIRRO BRO DA SERRINHA",2,2,2,1,1
AUTO_ALIAS_1A1_TOTAIS_IGUAIS,goiania,304849,2427,COND TUPYNAMBA,,R  DO OURO,"AV DO OURO CASA 01 , BAIRRO LOT TUPYNAMBÁ DOS REIS",4,4,4,1,1
AUTO_ALIAS_1A1_TOTAIS_IGUAIS,goiania,248010,8426,COND VALTER PASSOS,,R  3,"R 3 CASA 01 , BAIRRO JD SANTO ANTÔNIO",2,2,2,1,1
AUTO_ALIAS_1A1_TOTAIS_IGUAIS,goiania,345515,1508,COND VILA ALMEIDA 20,,R  BM18,"R BM18 CASA 01 , BAIRRO RES BRISAS DA MATA",2,2,2,1,1
AUTO_ALIAS_1A1_TOTAIS_IGUAIS,goiania,59620,2324,COND VILA ALMEIDA 27,,R  FN17,"R FN17 LT 23 CS 01 , BAIRRO JD FONTE NOVA",2,2,2,1,1
AUTO_ALIAS_1A1_TOTAIS_IGUAIS,goiania,59567,1416,COND VILA GONZAGA NETO,,R  RB11,"R RB11 LT 22 CS 01 , BAIRRO S ALTO DO VALE",2,2,2,1,1
AUTO_ALIAS_1A1_TOTAIS_IGUAIS,goiania,309244,1752,COND VILA LUDWIG 10,,R  BM25,"R BM25 CASA 02 , BAIRRO RES BRISAS DA MATA",2,2,2,1,1
AUTO_ALIAS_1A1_TOTAIS_IGUAIS,goiania,380428,7346,COND VILA NORBA 32,,R  BM10,"R BM10 CASA 02 , BAIRRO RES BRISAS DA MATA",2,2,2,1,1
AUTO_ALIAS_1A1_TOTAIS_IGUAIS,goiania,349056,11377,COND VILA RAMOS 30,,AV DONA MELINHA,"AV DONA MELINHA CASA 01 , BAIRRO RES BRISAS DA MATA",2,2,2,1,1
AUTO_ALIAS_1A1_TOTAIS_IGUAIS,goiania,389840,10087,COND. VILA VILELA SOUSA XX,,R  RB29A,"R RB29A CASA 01 , BAIRRO RES RECANTO DO BOSQUE",2,2,2,1,1
AUTO_ALIAS_1A1_TOTAIS_IGUAIS,goiania,196486,13365,COND.VILLAGE MARTINI I,,R  TAMANDARE,"SOB 01 , BAIRRO PRQ ANHANGÜERA",3,3,3,1,1
AUTO_ALIAS_1A1_TOTAIS_IGUAIS,goiania,370935,2302,COND VILLAGE RUSSI I,,R  1050,"R 1050 CASA01 , BAIRRO S PEDRO LUDOVICO",2,2,2,1,1
AUTO_ALIAS_1A1_TOTAIS_IGUAIS,goiania,364232,1143,COND. VILLAGIO FAMA,,AV DOMINGOS LEMES DO PRADO,"AV DOMINGOS LEMES DO PRADO . . , BAIRRO S CRIMÉIA OESTE",5,5,5,1,1
AUTO_ALIAS_1A1_TOTAIS_IGUAIS,goiania,368563,1256,COND VINICIUS CORTEZ DO NASCIMENTO,,AL DA MATA,"AL DA MATA CASA 01 , BAIRRO RES BRISAS DA MATA",2,2,2,1,1
AUTO_ALIAS_1A1_TOTAIS_IGUAIS,goiania,35577,9889,COND  VMU,,R  VMU,"R VMU CASA 01 , BAIRRO VL MUTIRÃO II",2,2,2,1,1
AUTO_ALIAS_1A1_TOTAIS_IGUAIS,goiania,81767,6963,COND.VRV I,,R  JB8,"R JB8 C-1 , BAIRRO JD BONANZA",2,2,2,1,1
AUTO_ALIAS_1A1_TOTAIS_IGUAIS,goiania,331014,7605,COND YVONNE ROMMENS,,R  OM17,"R OM17 CASA 01 , BAIRRO RES ORLANDO DE MORAIS",2,2,2,1,1
AUTO_ALIAS_1A1_TOTAIS_IGUAIS,goiania,328670,6003,CONJ HAB GUANABARA III LOTE 26,,R  GB45,"R GB45 S/N     CASA_A , BAIRRO JD GUANABARA III",2,2,2,1,1
AUTO_ALIAS_1A1_TOTAIS_IGUAIS,goiania,294730,14494,CONJ HAB GUANABARA III - Q 50 LT 17,,R  GB36,"R GB30 S/N     CASA-B , BAIRRO JD GUANABARA III",2,2,2,1,1
AUTO_ALIAS_1A1_TOTAIS_IGUAIS,goiania,294768,12237,CONJ HAB GUANABARA III - Q. 75 L. 17,,R  GB42,"R GB42 S/N     CASA A , BAIRRO JD GUANABARA III",2,2,2,1,1
AUTO_ALIAS_1A1_TOTAIS_IGUAIS,goiania,280938,10325,CONJ. HABIT. JD GUANABARA III,,R  GB36,"R GB36 SN      C A , BAIRRO JD GUANABARA III",2,2,2,1,1
AUTO_ALIAS_1A1_TOTAIS_IGUAIS,goiania,374718,7081,CONJ HAB JARDIM GUANABARA III Q. 50 L. 06,,R  GB29,"R GB29 S/N     CASA-B , BAIRRO JD GUANABARA III",2,2,2,1,1
AUTO_ALIAS_1A1_TOTAIS_IGUAIS,goiania,374755,7958,CONJ HAB JARDIM GUANABARA III - Q. 54 L.06,,R  GB32,"R GB32 S/N     CASA-B , BAIRRO JD GUANABARA III",2,2,2,1,1
AUTO_ALIAS_1A1_TOTAIS_IGUAIS,goiania,356447,7111,CONJ HAB JARDIM GUANABARA III - Q 59  L 04,,R  GB36,"R GB36 S/N     CASA B , BAIRRO JD GUANABARA III",2,2,2,1,1
AUTO_ALIAS_1A1_TOTAIS_IGUAIS,goiania,339730,7088,CONJ HAB JARDIM GUANABARA III - Q 61 L 03,,R  GB38,"R GB38 S/N     CASA-B , BAIRRO JD GUANABARA III",2,2,2,1,1
AUTO_ALIAS_1A1_TOTAIS_IGUAIS,goiania,311824,13476,CONJ HAB JARDIM GUANABARA III - Q 64 L 20,,AV ABSAY TEIXEIRA,"AV ABSAY TEIXEIRA S/N     CASA A , BAIRRO JD GUANABARA III",2,2,2,1,1
AUTO_ALIAS_1A1_TOTAIS_IGUAIS,goiania,298823,6951,CONJ HAB JD GUANABARA III Q.48 L.18,,R  GB29,"R GB29 CASA 18B , BAIRRO JD GUANABARA III",2,2,2,1,1
AUTO_ALIAS_1A1_TOTAIS_IGUAIS,goiania,275760,8296,CONJ HAB JD GUANABARA III - Q. 49 L. 13,,R  GB36,"R GB36 S/N     CASA-B , BAIRRO JD GUANABARA III",2,2,2,1,1
AUTO_ALIAS_1A1_TOTAIS_IGUAIS,goiania,394947,9284,CONJ HAB JD GUANABARA III - Q 59 L 9,,R  GB36,"R GB36 S/N     CASA B , BAIRRO JD GUANABARA III",2,2,2,1,1
AUTO_ALIAS_1A1_TOTAIS_IGUAIS,goiania,356514,9645,CONJ. HAB. JD. GUANABARA III Q. 65 L.04,,R  GB39,"R GB39 S/N     CASA_A , BAIRRO JD GUANABARA III",2,2,2,1,1
AUTO_ALIAS_1A1_TOTAIS_IGUAIS,goiania,356485,7369,CONJ HAB JD GUANABARA III Q. 71 L. 04,,R  GB36,"R GB36 S/N     CASA_LOTE 4-A , BAIRRO JD GUANABARA III",2,2,2,1,1
AUTO_ALIAS_1A1_TOTAIS_IGUAIS,goiania,312609,10110,CONJ HAB JD GUANABARA III - Q. 78 L. 20,,R  GB48,"R GB48 S/N     C A , BAIRRO JD GUANABARA III",2,2,2,1,1
AUTO_ALIAS_1A1_TOTAIS_IGUAIS,goiania,388519,14307,CONJ HAB JD GUANABARA III QD 64 LT 08,,R  GB39,"R GB39 S/N     CASA A , BAIRRO JD GUANABARA III",2,2,2,1,1
AUTO_ALIAS_1A1_TOTAIS_IGUAIS,goiania,312606,13419,CONJ HAB JD GUANABARA III - QD 66 L 20,,R  GB41,"R GB41 S/N     C A , BAIRRO JD GUANABARA III",2,2,2,1,1
AUTO_ALIAS_1A1_TOTAIS_IGUAIS,goiania,337918,7390,CONJ HAB JD GUANABARA Q. 48 L. 03,,R  GB14,"R GB14 S/N     CASA B , BAIRRO JD GUANABARA III",2,2,2,1,1
AUTO_ALIAS_1A1_TOTAIS_IGUAIS,goiania,363186,7896,CONJ. RES CAICARA 5 ETAPA,,R  D MARIA CECILIA M DE FIGUEIRED,"R DONA MARIA C. M. DE FIGUEIREDO S/N CASA 01 , BAIRRO CJ CAIÇARA",2,2,2,1,1
AUTO_ALIAS_1A1_TOTAIS_IGUAIS,goiania,242918,12791,CONJ.RES.DONA EMILIA,,AV T8,"R T29 962     SOBRADO 01 , BAIRRO S BUENO",4,4,4,1,1
AUTO_ALIAS_1A1_TOTAIS_IGUAIS,goiania,242935,8093,CONJ.RESD PANORAMA II,,AV T1,"AV T1  CASA 24 , BAIRRO S BUENO",6,6,6,1,1
AUTO_ALIAS_1A1_TOTAIS_IGUAIS,goiania,321536,11253,CONJ RES GUANABARA III - Q 71 L 23,,R  GB45,"R GB45 S/N     CASA_A , BAIRRO JD GUANABARA III",2,2,2,1,1
AUTO_ALIAS_1A1_TOTAIS_IGUAIS,goiania,152997,7174,CONJ. RESIDENCIAL PARQUE SANTA RITA,,R  SR13,"R SR13  RESIDENCIAL A , BAIRRO PRQ SANTA RITA",2,2,2,1,1
AUTO_ALIAS_1A1_TOTAIS_IGUAIS,goiania,154203,10298,CONJ. RESID. PARQUE SANTA RITA,,R  SR4,"R SR4  CASA-A , BAIRRO PRQ SANTA RITA",2,2,2,1,1
AUTO_ALIAS_1A1_TOTAIS_IGUAIS,goiania,242934,7640,CONJ.RES.PANORAMA I,,R  T50,"R T50  CASA 01 , BAIRRO S BUENO",18,18,18,1,1
AUTO_ALIAS_1A1_TOTAIS_IGUAIS,goiania,153341,1350,CONJ RES PARQUE SANTA RITA,,R  SR14,"R SR14  CASA-A , BAIRRO PRQ SANTA RITA",2,2,2,1,1
AUTO_ALIAS_1A1_TOTAIS_IGUAIS,goiania,157041,6282,CONJ RES PARQUE SANTA RITA,,R  SR1,"R SR1  CASA A , BAIRRO PRQ SANTA RITA",2,2,2,1,1
AUTO_ALIAS_1A1_TOTAIS_IGUAIS,goiania,153340,7865,CONJ RES PARQUE SANTA RITA,,R  SR15,"R SR15  CASA-B , BAIRRO PRQ SANTA RITA",2,2,2,1,1
AUTO_ALIAS_1A1_TOTAIS_IGUAIS,goiania,157124,13970,CONJ RES PARQUE SANTA RITA,,R  SR14,"R SR14  CASA-A , BAIRRO PRQ SANTA RITA",2,2,2,1,1
AUTO_ALIAS_1A1_TOTAIS_IGUAIS,goiania,154284,11396,CONJ.RES.PARQUE SANTA RITA,,AV BACURI,"AV BACURI  CASA-A , BAIRRO PRQ SANTA RITA",2,2,2,1,1
AUTO_ALIAS_1A1_TOTAIS_IGUAIS,goiania,153653,7042,CONJ RES PARQUE SANTA RITA QD QR-28 L 13,,R  SR14,"R SR14  CASA-A , BAIRRO PRQ SANTA RITA",2,2,2,1,1
AUTO_ALIAS_1A1_TOTAIS_IGUAIS,goiania,161643,12880,CONJ RES PARQUE SANTA RITA Q QR01 L 07,,AV AMERICANO DO BRASIL,"AV AMERICANO DO BRASIL  CASA A , BAIRRO PRQ SANTA RITA",2,2,2,1,1
AUTO_ALIAS_1A1_TOTAIS_IGUAIS,goiania,154836,7693,CONJ RES PARQUE SANTA RITA Q. QR23 L. 16,,R  SR12,"R SR12  CASA A , BAIRRO PRQ SANTA RITA",2,2,2,1,1
AUTO_ALIAS_1A1_TOTAIS_IGUAIS,goiania,161347,12894,CONJ RES PARQUE SANTA RITA Q QR 27 L 07,,R  SR14,"R SR14  CASA-A , BAIRRO PRQ SANTA RITA",2,2,2,1,1
AUTO_ALIAS_1A1_TOTAIS_IGUAIS,goiania,161690,7692,CONJ RES PARQUE SANTA RITA Q. QR27 L. 08,,R  SR14,"R SR14  CASA-A , BAIRRO PRQ SANTA RITA",2,2,2,1,1
AUTO_ALIAS_1A1_TOTAIS_IGUAIS,goiania,154296,7733,CONJ RES PARQUE SANTA RITA Q. QR 32 L. 15,,R  SR16,"R SR16  CASA-A , BAIRRO PRQ SANTA RITA",2,2,2,1,1
AUTO_ALIAS_1A1_TOTAIS_IGUAIS,goiania,154262,13219,CONJ RES PARQUE SANTA RITA QR 10,,R  SR6,"R SR6  CASA-A , BAIRRO PRQ SANTA RITA",2,2,2,1,1
AUTO_ALIAS_1A1_TOTAIS_IGUAIS,goiania,156264,6575,CONJ RES PARQUE SANTA RITA QR 3 L 20,,R  SR3,"R SR3  CASA A , BAIRRO PRQ SANTA RITA",2,2,2,1,1
AUTO_ALIAS_1A1_TOTAIS_IGUAIS,goiania,161357,5505,CONJ.RES.PQ.SANTA RITA,,R  SR16,"R SR16  CASA-A , BAIRRO PRQ SANTA RITA",2,2,2,1,1
AUTO_ALIAS_1A1_TOTAIS_IGUAIS,goiania,154595,8363,CONJ RES PQ SANTA RITA QD.QR30 LT16,,R  SR15,"R SR15  CASA-B , BAIRRO PRQ SANTA RITA",2,2,2,1,1
AUTO_ALIAS_1A1_TOTAIS_IGUAIS,goiania,153233,10067,CONJ RES PQ SANTA RITA - QD QR5 LT 11,,R  SR3,"R SR3 SN      CASA A , BAIRRO PRQ SANTA RITA",2,2,2,1,1
AUTO_ALIAS_1A1_TOTAIS_IGUAIS,goiania,160947,14310,CONJ RES PQ SANTA RITA Q. QR09 L. 05,,R  SR5,"R SR5  CASA-A , BAIRRO PRQ SANTA RITA",2,2,2,1,1
AUTO_ALIAS_1A1_TOTAIS_IGUAIS,goiania,153000,8107,CONJ RES PQ SANTA RITA - Q. QR-23 L. 11,,R  SR12,"R SR12  CASA A , BAIRRO PRQ SANTA RITA",2,2,2,1,1
AUTO_ALIAS_1A1_TOTAIS_IGUAIS,goiania,155648,7670,CONJ. RES. PQ SANTA RITA Q. QR-9 L 17,,R  SR5,"R SR5  CASA-A , BAIRRO PRQ SANTA RITA",2,2,2,1,1
AUTO_ALIAS_1A1_TOTAIS_IGUAIS,goiania,153930,9652,CONJ RES PRQ SANTA RITA,,R  SR12,"R SR12  CASA RESID. A , BAIRRO PRQ SANTA RITA",2,2,2,1,1
AUTO_ALIAS_1A1_TOTAIS_IGUAIS,goiania,156353,11242,CONJ.RES.PRQ.SANTA RITA,,R  SR16,"R SR16  CASA-A , BAIRRO PRQ SANTA RITA",2,2,2,1,1
AUTO_ALIAS_1A1_TOTAIS_IGUAIS,goiania,376752,13613,CONJ SANTA BERNADETE II,,R  227A,"R 227A S/N CASA-01 , BAIRRO S LESTE UNIVERSITÁRIO",5,5,5,1,1
AUTO_ALIAS_1A1_TOTAIS_IGUAIS,goiania,228928,5839,CONJUNTO RESIDENCIAL,,R  220,"R 220 SN      CASA 01 , BAIRRO S COIMBRA",2,2,2,1,1
AUTO_ALIAS_1A1_TOTAIS_IGUAIS,goiania,158697,14173,CONJUNTO RESIDENCIAL PARQUE SANTA RITA,,R  SR12,"R SR12  RESIDENCIAL A , BAIRRO PRQ SANTA RITA",2,2,2,1,1
AUTO_ALIAS_1A1_TOTAIS_IGUAIS,goiania,155170,7514,CONJUNTO RES PARQUE SANTA RITA,,R  SR13,"R SR13  , BAIRRO PRQ SANTA RITA",2,2,2,1,1
AUTO_ALIAS_1A1_TOTAIS_IGUAIS,goiania,191385,9170,CONJ VILLA VERDE,,R  DINAMARCA,"R DINAMARCA S/N     C 12 , BAIRRO JD EUROPA",12,12,12,1,1
AUTO_ALIAS_1A1_TOTAIS_IGUAIS,goiania,58253,7889,CON RES ALVES FERREIRA I,,R  RP3,"R RP3 LT S/N . , BAIRRO RES RECREIO PANORAMA",2,2,2,1,1
AUTO_ALIAS_1A1_TOTAIS_IGUAIS,goiania,322991,5971,CON RES BOUWER VI,,R  RB6,"R RB6 CASA 01 , BAIRRO RES RECANTO DO BOSQUE",2,2,2,1,1
AUTO_ALIAS_1A1_TOTAIS_IGUAIS,goiania,133318,7892,CON RES DUMONT RODRIGUES RESIDENCI I,,R  OSMAR RODRIGUES,"R OSMAR RODRIGUES  CASA 01 , BAIRRO RES BUENA VISTA III",2,2,2,1,1
AUTO_ALIAS_1A1_TOTAIS_IGUAIS,goiania,36830,8244,CON RES HUYTALO HORTENCIAS,,R  B,"R B LT 27 CASA 01 , BAIRRO JD DAS HORTÊNCIAS",2,2,2,1,1
AUTO_ALIAS_1A1_TOTAIS_IGUAIS,goiania,152321,8724,CON RES KJPL,,R  SB21,"R SB21  CASA 02 , BAIRRO RES SOLAR BOUGAINVILLE",2,2,2,1,1
AUTO_ALIAS_1A1_TOTAIS_IGUAIS,goiania,395798,7853,CON. RES. NASCIMENTO,,R  ES10,"R ES10 CASA 01 , BAIRRO RES ELIZENE SANTANA",2,2,2,1,1
AUTO_ALIAS_1A1_TOTAIS_IGUAIS,goiania,191117,8424,CON RES REZENDE,,R  V4,"R V4  CASA 01 , BAIRRO VL REZENDE",2,2,2,1,1
AUTO_ALIAS_1A1_TOTAIS_IGUAIS,goiania,119520,8180,CON RES SP 13-29,,R  ANTENOR CUPERTINO,"R ANTENOR CUPERTINO  CASA 01 , BAIRRO LOT SOLANGE PARQUE II",3,3,3,1,1
AUTO_ALIAS_1A1_TOTAIS_IGUAIS,goiania,281589,8192,CON RES VALMIR RB-08,,R  RB8,"R RB8 CASA 01 , BAIRRO RES RECANTO DO BOSQUE",2,2,2,1,1
AUTO_ALIAS_1A1_TOTAIS_IGUAIS,goiania,206013,10600,CON RES VILLAGE BRAMBILLA I,,R  PRESIDENTE CARMONA,"R PRESIDENTE CARMONA  CASA 02 , BAIRRO JD PRESIDENTE",2,2,2,1,1
AUTO_ALIAS_1A1_TOTAIS_IGUAIS,goiania,93431,9821,CONS RES CAMPUS PIRES II,,AV MANOEL PEREIRA DUARTE,"AV MANOEL PEREIRA DUARTE  CASA 01 , BAIRRO BRO GOIÁ 2",2,2,2,1,1
AUTO_ALIAS_1A1_TOTAIS_IGUAIS,goiania,250694,2837,CONS RES GOMES RIBEIRO,,R  MURICI,"R MURICI CASA 01 , BAIRRO LOT GOIÂNIA 2",3,3,3,1,1
AUTO_ALIAS_1A1_TOTAIS_IGUAIS,goiania,117380,8250,CONS RES MOREIRA I,,R  PH13,"R PH13  C-1 , BAIRRO LOT SOLANGE PARQUE I",3,3,3,1,1
AUTO_ALIAS_1A1_TOTAIS_IGUAIS,goiania,210067,5720,CONS RES SOUSA I,,R  PRESIDENTE HERMES DA FONSECA,"R PRESIDENTE HERMES DA FONSECA  C-1 , BAIRRO JD PRESIDENTE",2,2,2,1,1
AUTO_ALIAS_1A1_TOTAIS_IGUAIS,goiania,197253,1127,CONTORNO SUL 4,,AV DO CONTORNO,"R BARAO DO RIO BRANCO  CASA-04 , BAIRRO PRQ ANHANGÜERA",4,4,4,1,1
AUTO_ALIAS_1A1_TOTAIS_IGUAIS,goiania,130134,6093,COSTA-115,,R  WALDOMIRO ROSA D OLIVEIRA,"R WALDOMIRO ROSA D OLIVEIRA  CASA 01 , BAIRRO JD DAS ROSAS",2,2,2,1,1
AUTO_ALIAS_1A1_TOTAIS_IGUAIS,goiania,143266,5798,COSTA-C02,,R  VALDIR AZEVEDO,"R VALDIR AZEVEDO  CASA 02 , BAIRRO RES YTAPUÃ",2,2,2,1,1
AUTO_ALIAS_1A1_TOTAIS_IGUAIS,goiania,104432,2016,COSTA PLACE VI,,R  ANTONIO BONIFACIO ATAIDES,"R ANTONIO BONIFACIO ATAIDES  CASA02 , BAIRRO RES ANA MORAES",2,2,2,1,1
AUTO_ALIAS_1A1_TOTAIS_IGUAIS,goiania,349278,10119,COSTA SANTOS,,R  RSL3,"R RSL3 CASA02 , BAIRRO RES COSTA PARANHOS",2,2,2,1,1
AUTO_ALIAS_1A1_TOTAIS_IGUAIS,goiania,13768,6361,COUTRIN DE ALBUQUERQUE VI,,R  15 DE OUTUBRO,"R 15 DE OUTUBRO CASA 01 , BAIRRO S ESTRELA DALVA",2,2,2,1,1
AUTO_ALIAS_1A1_TOTAIS_IGUAIS,goiania,402372,5770,CREPUSCULO XII,,R  M4,"R 4 LT 15 CASA 01 , BAIRRO S PARQUE TREMENDÃO",2,2,2,1,1
AUTO_ALIAS_1A1_TOTAIS_IGUAIS,goiania,402370,5995,CREPUSCULO XIII,,R  TULIO R. SANTOS,"R 4 LT 16  CASA 01 , BAIRRO S PARQUE TREMENDÃO",2,2,2,1,1
AUTO_ALIAS_1A1_TOTAIS_IGUAIS,goiania,14429,6167,CREPUSCULO XIV,,R  4,"R 4 CASA 01 , BAIRRO S ESTRELA DALVA",2,2,2,1,1
AUTO_ALIAS_1A1_TOTAIS_IGUAIS,goiania,159930,2033,CRISPIM PIRES 04,,R  ALUISIO ALVARENGA,"R ALUISIO ALVARENGA  CASA 01 , BAIRRO RES SANTA FÉ",2,2,2,1,1
AUTO_ALIAS_1A1_TOTAIS_IGUAIS,goiania,159993,2098,CRISPIM VILLE,,R  FV21,"R FV21  CASA 01 , BAIRRO RES FORTE VILLE - EXTENSÃO",2,2,2,1,1
AUTO_ALIAS_1A1_TOTAIS_IGUAIS,goiania,27654,5724,CRISTINA ALVES II,,R  JC40,"R JC40 CASA 01 , BAIRRO JD CURITIBA",2,2,2,1,1
AUTO_ALIAS_1A1_TOTAIS_IGUAIS,goiania,138675,6763,CRUVINEL MOURA I,,R  OSMAR RODRIGUES,"R OSMAR RODRIGUES  CASA 01 , BAIRRO RES BUENA VISTA III",2,2,2,1,1
AUTO_ALIAS_1A1_TOTAIS_IGUAIS,goiania,232519,5536,CRUZ MAGALHAES,,R  MADAME CURIE,"R MADAME CURIE  CASA 01 , BAIRRO BRO DA SERRINHA",2,2,2,1,1
AUTO_ALIAS_1A1_TOTAIS_IGUAIS,goiania,298989,9264,DAIAMANTES,,R  DOS DIAMANTES,"R DOS DIAMANTES CASA 01 , BAIRRO LOT GOIÂNIA 2",2,2,2,1,1
AUTO_ALIAS_1A1_TOTAIS_IGUAIS,goiania,141330,5607,DAL SOSSE DUARTE,,AV NOSSA SENHORA DAS GRACAS,"AV NOSSA SENHORA DAS GRACAS  CASA 03 , BAIRRO RES MONTE PASCOAL",3,3,3,1,1
AUTO_ALIAS_1A1_TOTAIS_IGUAIS,goiania,332665,2167,DANIEL JUNIOR I,,R  PROF MANOEL CAETANO SIQUEIRA,"R PROF MANOEL CAETANO SIQUEIRA  CASA 01 , BAIRRO RES DAS ACÁCIAS",2,2,2,1,1
AUTO_ALIAS_1A1_TOTAIS_IGUAIS,goiania,243777,6261,DANIEL SANTANA,,R  T41,"PC T16  CASA-1 , BAIRRO S BUENO",3,3,3,1,1
AUTO_ALIAS_1A1_TOTAIS_IGUAIS,goiania,158353,6164,DANILO MARQUES I,,R  SB10,"R SB10  CASA 02 , BAIRRO RES SOLAR BOUGAINVILLE",2,2,2,1,1
AUTO_ALIAS_1A1_TOTAIS_IGUAIS,goiania,158171,6155,DANILO MARQUES II,,R  SB2,"R SB2  CASA 01 , BAIRRO RES SOLAR BOUGAINVILLE",2,2,2,1,1
AUTO_ALIAS_1A1_TOTAIS_IGUAIS,goiania,198238,5197,DANTAS MACEDO V,,R  GUADALQUIVIR,"R TENERIFE  SOB01 , BAIRRO S TRÊS MARIAS",3,3,3,1,1
AUTO_ALIAS_1A1_TOTAIS_IGUAIS,goiania,376331,75,DAYSE,,R  94,"R 94 469     APTO 101 , BAIRRO S SUL",6,6,6,1,1
AUTO_ALIAS_1A1_TOTAIS_IGUAIS,goiania,153230,2138,DEBORAH MARTINS,,R  SRM21,"R SRM 21  CASA 01 , BAIRRO RES VILLAGE SANTA RITA IV",4,4,4,1,1
AUTO_ALIAS_1A1_TOTAIS_IGUAIS,goiania,135431,1186,DEBORAH VAZ VII,,R  IRMA ALICE BITAR,"R IRMA ALICE BITAR  APT 101 , BAIRRO JD SÃO JOSÉ",4,4,4,1,1
AUTO_ALIAS_1A1_TOTAIS_IGUAIS,goiania,327702,1126,DEBORAH VI,,R  RB8,"R RB8 APART 101 , BAIRRO RES RECANTO DO BOSQUE",4,4,4,1,1
AUTO_ALIAS_1A1_TOTAIS_IGUAIS,goiania,165244,6415,D.F.S II,,R  DA MISERICORDIA,"R DA MISERICORDIA  CASA 01 , BAIRRO RES SANTA FÉ I",2,2,2,1,1
AUTO_ALIAS_1A1_TOTAIS_IGUAIS,goiania,25075,5827,DG GABRIEL I,,R  ALVORECER,"R ALVORECER LT 33 CASA 01 , BAIRRO S MORADA DO SOL",2,2,2,1,1
AUTO_ALIAS_1A1_TOTAIS_IGUAIS,goiania,222278,1482,DIAMANTE 57,,R  MDV26,"R MDV26  CASA 01 , BAIRRO LOT MOINHO DOS VENTOS",3,3,3,1,1
AUTO_ALIAS_1A1_TOTAIS_IGUAIS,goiania,222372,2212,DIAMANTE 58,,R  MDV6,"R MDV6  CASA 01 , BAIRRO LOT MOINHO DOS VENTOS",4,4,4,1,1
AUTO_ALIAS_1A1_TOTAIS_IGUAIS,goiania,196324,10124,DILVA QUEIROZ SOUZA I,,R  DUQUE DE CAXIAS,"R DUQUE DE CAXIAS SN      CASA 01 , BAIRRO PRQ ANHANGÜERA",2,2,2,1,1
AUTO_ALIAS_1A1_TOTAIS_IGUAIS,goiania,196323,10125,DILVA QUEIROZ SOUZA II,,R  DUQUE DE CAXIAS,"R DUQUE DE CAXIAS  CASA 02 , BAIRRO PRQ ANHANGÜERA",2,2,2,1,1
AUTO_ALIAS_1A1_TOTAIS_IGUAIS,goiania,196309,10116,DILVA QUEIROZ SOUZA III,,R  DUQUE DE CAXIAS,"R DUQUE DE CAXIAS  CASA 01 , BAIRRO PRQ ANHANGÜERA",2,2,2,1,1
AUTO_ALIAS_1A1_TOTAIS_IGUAIS,goiania,196310,10123,DILVA QUEIROZ SOUZA IV,,R  DUQUE DE CAXIAS,"R DUQUE DE CAXIAS  CASA 01 , BAIRRO PRQ ANHANGÜERA",2,2,2,1,1
AUTO_ALIAS_1A1_TOTAIS_IGUAIS,goiania,141632,2215,DIMAS FONSECA I,,R  IRMA ANTONIETA ESMERALDA CABRA,"R IRMA ANTONIETA ESMERALDA CABRA  CASA 02 , BAIRRO JD SÃO JOSÉ",2,2,2,1,1
AUTO_ALIAS_1A1_TOTAIS_IGUAIS,goiania,188571,1480,DINIZ IX,,R  DA TREMELGA,"R DA TREMELGA  CASA01 , BAIRRO JD ATLÂNTICO",2,2,2,1,1
AUTO_ALIAS_1A1_TOTAIS_IGUAIS,goiania,177970,2178,DIVINO CARLOS II,,R  RI10,"R RI10  CASA 01 , BAIRRO RES ITAIPÚ",2,2,2,1,1
AUTO_ALIAS_1A1_TOTAIS_IGUAIS,goiania,194979,2028,DIVINO DA CRUZ I,,AV VIENA,"R GETULIO VARGAS  SOB 02 , BAIRRO JD EUROPA",2,2,2,1,1
AUTO_ALIAS_1A1_TOTAIS_IGUAIS,goiania,80457,1421,DIVINO DOS SANTOS I,,R  ANDROMEDA,"R ANDROMEDA CASA 01 , BAIRRO JD PETRÓPOLIS",5,5,5,1,1
AUTO_ALIAS_1A1_TOTAIS_IGUAIS,goiania,396504,799,DONA RITA DE ALBUQUERQUE,,AV ANHANGUERA,"TR ANHANGUERA 2987 SL 6 E 7 , BAIRRO S CENTRAL",172,172,172,1,1
AUTO_ALIAS_1A1_TOTAIS_IGUAIS,goiania,27826,7679,DOUGLAS 19A,,R  19A,"R 19A CASA 01 , BAIRRO S ESTRELA DALVA",2,2,2,1,1
AUTO_ALIAS_1A1_TOTAIS_IGUAIS,goiania,310470,5716,DOUGLAS ABENCOADO,,R  SR21,"R SR21 CASA 01 , BAIRRO S RECANTO DAS MINAS GERAIS",3,3,3,1,1
AUTO_ALIAS_1A1_TOTAIS_IGUAIS,goiania,319598,14036,DR.JOSE CAMILO DE OLIVEIRA,,R  9,"R 9 209 AP 101 , BAIRRO S CENTRAL",11,11,11,1,1
AUTO_ALIAS_1A1_TOTAIS_IGUAIS,goiania,198677,5794,DRUMACK I,,R  TAJO,"R TAJO  CASA 01 , BAIRRO S TRÊS MARIAS",2,2,2,1,1
AUTO_ALIAS_1A1_TOTAIS_IGUAIS,goiania,233639,6237,DUAS MARIAS,,R  MANAUS,"R PADRE JOAO PIAN  CASA01 , BAIRRO PRQ AMAZÔNIA",2,2,2,1,1
AUTO_ALIAS_1A1_TOTAIS_IGUAIS,goiania,144332,9760,ED COML E RES PRATA,,R  C217,"R C209 S/N     SALA01 , BAIRRO BRO JARDIM AMÉRICA",7,7,7,1,1
AUTO_ALIAS_1A1_TOTAIS_IGUAIS,goiania,307768,5562,EDIFICACOES RESIDENCIAIS UNIFAMILIARES,,R  MARABA,"R MARABA CASA 01 , BAIRRO JD NOVO MUNDO",4,4,4,1,1
AUTO_ALIAS_1A1_TOTAIS_IGUAIS,goiania,197212,13263,EDIFICIO BOA ESPERANCA,,R  V10,"R V10 7       CASA-02 , BAIRRO VL REZENDE",2,2,2,1,1
AUTO_ALIAS_1A1_TOTAIS_IGUAIS,goiania,288763,1543,EDIFICIO JARINA,,R  JARINA,"R SUCUPIRA S/N SOB 01 , BAIRRO JD MARILIZA",3,3,3,1,1
AUTO_ALIAS_1A1_TOTAIS_IGUAIS,goiania,322524,9900,EDIFICIO RES ALDA GUIMARES,,R  54,"R 54 198 CASA  01 , BAIRRO JD GOIÁS",3,3,3,1,1
AUTO_ALIAS_1A1_TOTAIS_IGUAIS,goiania,299866,3608,EDIFICIO SAO MARCOS,,R  16A,"R 16A 282 AP 201 , BAIRRO S AEROPORTO",3,3,3,1,1
AUTO_ALIAS_1A1_TOTAIS_IGUAIS,goiania,146620,9778,ED. IZABEL,,R  C165,"R C165 S/N     AP 202 , BAIRRO BRO JARDIM AMÉRICA",6,6,6,1,1
AUTO_ALIAS_1A1_TOTAIS_IGUAIS,goiania,331222,8596,ED.LUCIANA,,R  52,"R 52 109 APT04 , BAIRRO S CENTRAL",5,5,5,1,1
AUTO_ALIAS_1A1_TOTAIS_IGUAIS,goiania,148404,5561,ED.MARGARETH,,AV T9,"AV T9 162     SALA A , BAIRRO BRO JARDIM AMÉRICA",6,6,6,1,1
AUTO_ALIAS_1A1_TOTAIS_IGUAIS,goiania,151222,9242,ED.OSIRIS BELO,,R  C155,"R C155  CASA-1 , BAIRRO BRO JARDIM AMÉRICA",2,2,2,1,1
AUTO_ALIAS_1A1_TOTAIS_IGUAIS,goiania,218120,6316,E.GONCALVES FERREIRA I,,R  CV17,"R CV17  CASA 01 , BAIRRO RES CENTER VILLE",2,2,2,1,1
AUTO_ALIAS_1A1_TOTAIS_IGUAIS,goiania,181605,1982,ELIANA APARECIDA,,R  I-5,"R I-5  CASA 01 , BAIRRO JD IPANEMA",2,2,2,1,1
AUTO_ALIAS_1A1_TOTAIS_IGUAIS,goiania,148440,7190,ELIENE MACHADO,,R  C160,"R C160  CASA 01 , BAIRRO BRO JARDIM AMÉRICA",2,2,2,1,1
AUTO_ALIAS_1A1_TOTAIS_IGUAIS,goiania,132681,1846,ELINS RIBEIRO I,,R  JUCA RODRIGUES,"R JUCA RODRIGUES  CASA 01 , BAIRRO RES BUENA VISTA III",2,2,2,1,1
AUTO_ALIAS_1A1_TOTAIS_IGUAIS,goiania,97555,1314,ELZA MARIA GONCALVES SOUZA,,AL ANICUNS,"AL ANICUNS  CASA 01 , BAIRRO RES CIDADE VERDE",2,2,2,1,1
AUTO_ALIAS_1A1_TOTAIS_IGUAIS,goiania,291121,7246,EMANUEL SOUZA VERWAEST,,R  OM18,"R OM22 CASA 01 , BAIRRO RES ORLANDO DE MORAIS",4,4,4,1,1
AUTO_ALIAS_1A1_TOTAIS_IGUAIS,goiania,130713,6158,EM ´SILVA RESIDENCE II,,R  N17,"R N17  CASA 01 , BAIRRO S DAS NAÇÕES EXTENSÃO",2,2,2,1,1
AUTO_ALIAS_1A1_TOTAIS_IGUAIS,goiania,152197,1438,ENOQUES MANOEL DA COSTA,,AV C6,"AV C6 S/N     CASA 01 , BAIRRO VL SANTA EFIGÊNIA",3,3,3,1,1
AUTO_ALIAS_1A1_TOTAIS_IGUAIS,goiania,33678,2003,EROS JR I,,R  JERUSALEM,"R JERUSALEM LT 15 CS 1 , BAIRRO S PARQUE TREMENDÃO",2,2,2,1,1
AUTO_ALIAS_1A1_TOTAIS_IGUAIS,goiania,138678,8777,ERS SALLES 340.938,,R  ELPIDIO RODRIGUES,"R ELPIDIO RODRIGUES  CASA 01 , BAIRRO RES BUENA VISTA III",2,2,2,1,1
AUTO_ALIAS_1A1_TOTAIS_IGUAIS,goiania,210184,1191,",ES CAMPONESA",,R  PRESIDENTE MONROE,"R PRESIDENTE MONROE  CASA 02 , BAIRRO JD PRESIDENTE",2,2,2,1,1
AUTO_ALIAS_1A1_TOTAIS_IGUAIS,goiania,155069,7005,",ES CRUZEIRO DO SUL I",,AV CRUZEIRO DO SUL,"AV CRUZEIRO DO SUL  CASA 01 , BAIRRO RES SANTA FÉ I",2,2,2,1,1
AUTO_ALIAS_1A1_TOTAIS_IGUAIS,goiania,157624,11129,",ES ILLAGE PAULA FARIA II",,R  FV32,"CASA 01 , BAIRRO RES FIDÉLIS",2,2,2,1,1
AUTO_ALIAS_1A1_TOTAIS_IGUAIS,goiania,170725,7261,ESMERALDAS DIAS,,R  49,"R 80  CASA 01 , BAIRRO CON DAS ESMERALDAS",2,2,2,1,1
AUTO_ALIAS_1A1_TOTAIS_IGUAIS,goiania,264941,9538,",ES OURO BRANCO II",,R  AB8,"R AB8 CASA 01 , BAIRRO RES ALICE BARBOSA",2,2,2,1,1
AUTO_ALIAS_1A1_TOTAIS_IGUAIS,goiania,31008,6191,ESPERANCA NETO,,R  ESPERANCA,"R ESPERANCA CASA 01 , BAIRRO S ESTRELA DALVA",2,2,2,1,1
AUTO_ALIAS_1A1_TOTAIS_IGUAIS,goiania,193365,1549,ESPLANADA IV,,R  PIZA,"R PIZA  SOBRADO 01 , BAIRRO JD EUROPA",2,2,2,1,1
AUTO_ALIAS_1A1_TOTAIS_IGUAIS,goiania,316996,5955,ESTANCIA DO OLIVEIRA I,,R  SR53,"R SR53 CASA 01 , BAIRRO S RECANTO DAS MINAS GERAIS",2,2,2,1,1
AUTO_ALIAS_1A1_TOTAIS_IGUAIS,goiania,151497,850,",ES TOSCANA L",,R  C146,"R C146  CASA 01 , BAIRRO BRO JARDIM AMÉRICA",2,2,2,1,1
AUTO_ALIAS_1A1_TOTAIS_IGUAIS,goiania,156858,1061,ESTRELA BRILHANTE II,,R  SB11,"R SB11  CASA 01 , BAIRRO RES SOLAR BOUGAINVILLE",2,2,2,1,1
AUTO_ALIAS_1A1_TOTAIS_IGUAIS,goiania,385253,6975,ESTRELA MAGALHAES 2,,R  2,"R 2 CASA 01 , BAIRRO RES PAULO ESTRELA",2,2,2,1,1
AUTO_ALIAS_1A1_TOTAIS_IGUAIS,goiania,16413,1772,ESTRELA MARQUES II,,R  CLAUDIO HENRIQUE,"R CLAUDIO HENRIQUE CASA 01 , BAIRRO S ESTRELA DALVA",2,2,2,1,1
AUTO_ALIAS_1A1_TOTAIS_IGUAIS,goiania,209853,14092,FAICALVILLE 2,,R  F47,"R F47  CASA 01 , BAIRRO LOT FAIÇALVILLE",2,2,2,1,1
AUTO_ALIAS_1A1_TOTAIS_IGUAIS,goiania,384630,7087,FATIMA LEANDRO,,R  3,"R 3 CASA 01 , BAIRRO RES PAULO ESTRELA",2,2,2,1,1
AUTO_ALIAS_1A1_TOTAIS_IGUAIS,goiania,314114,5792,FAVORITAA VII,,R  5,"R 5 CASA 01 , BAIRRO RES PAULO ESTRELA",2,2,2,1,1
AUTO_ALIAS_1A1_TOTAIS_IGUAIS,goiania,304792,6072,FAVORITA VIII,,R  9,"R 9 C-1 , BAIRRO RES PAULO ESTRELA",3,3,3,1,1
AUTO_ALIAS_1A1_TOTAIS_IGUAIS,goiania,125983,6264,F.DE FREITAS III,,R  SM13,"R SM13  CASA01 , BAIRRO RES SÃO MARCOS",2,2,2,1,1
AUTO_ALIAS_1A1_TOTAIS_IGUAIS,goiania,330783,10058,FEITOSA RESIDENCE,,R  FL31,"R FL32 C01 , BAIRRO PRQ DAS FLORES",2,2,2,1,1
AUTO_ALIAS_1A1_TOTAIS_IGUAIS,goiania,189949,2094,FERNANDA FERREIRA,,R  DO MIXILAO,"R DO MIXILAO  CASA 01 , BAIRRO JD ATLÂNTICO",2,2,2,1,1
AUTO_ALIAS_1A1_TOTAIS_IGUAIS,goiania,159304,5394,FERNANDES DA MATA,,R  JAV6,"R JAV6  C-1 , BAIRRO JD ALPHAVILLE",2,2,2,1,1
AUTO_ALIAS_1A1_TOTAIS_IGUAIS,goiania,159537,5715,FERNANDES MOURA I,,R  RV10,"R RV10  CASA 01 , BAIRRO RES RIO VERDE",2,2,2,1,1
AUTO_ALIAS_1A1_TOTAIS_IGUAIS,goiania,124016,1497,FERNANDES ROSA III,,R  SM13,"R SM13  CASA 02 , BAIRRO RES SÃO MARCOS",2,2,2,1,1
AUTO_ALIAS_1A1_TOTAIS_IGUAIS,goiania,138451,5760,FERNANDES SILVA I,,R  ELO31,"R ELO31  CASA01 , BAIRRO PRQ ELDORADO OESTE",2,2,2,1,1
AUTO_ALIAS_1A1_TOTAIS_IGUAIS,goiania,139700,5833,FERNANDES SILVA II,,R  ELO20,"R ELO20  CASA 01 , BAIRRO PRQ ELDORADO OESTE",2,2,2,1,1
AUTO_ALIAS_1A1_TOTAIS_IGUAIS,goiania,143597,12641,FERNANDO ALMEIDA,,R  CON JOSE TRINDADE DA F.E SILVA,"R CON JOSE TRINDADE DA F.E SILVA  CASA 01 , BAIRRO JD SÃO JOSÉ",2,2,2,1,1
AUTO_ALIAS_1A1_TOTAIS_IGUAIS,goiania,181940,1424,FERNANDO OSORIO DE OLIVEIRA,,R  MARCELO MOREIRA,"R MARCELO MOREIRA  CASA 01 , BAIRRO S ORIENTVILLE",2,2,2,1,1
AUTO_ALIAS_1A1_TOTAIS_IGUAIS,goiania,73373,7024,FERREIRA DE MELO I,,R  SC52,"R SC52 CASA 01 , BAIRRO BRO SÃO CARLOS",2,2,2,1,1
AUTO_ALIAS_1A1_TOTAIS_IGUAIS,goiania,201811,1490,FERREIRA FAICALVILLE,,R  F58,"R F58  CASA 01 , BAIRRO LOT FAIÇALVILLE",2,2,2,1,1
AUTO_ALIAS_1A1_TOTAIS_IGUAIS,goiania,359675,5758,FERREIRA MATIAS,,AV SUCURI,"AV SUCURI SOB01 , BAIRRO BRO SANTA GENOVEVA",3,3,3,1,1
AUTO_ALIAS_1A1_TOTAIS_IGUAIS,goiania,286190,1838,FILHOS DE DAVI 2014,,R  FL39,"R FL39 CASA 01 , BAIRRO PRQ DAS FLORES",2,2,2,1,1
AUTO_ALIAS_1A1_TOTAIS_IGUAIS,goiania,406056,1738,FLAMINGO RESIDENCE II,,R  MARIA GONCALVES DE ARAUJO,"R MARIA GONCALVES DE ARAUJO  CASA 01 , BAIRRO RES FLAMINGO",3,3,3,1,1
AUTO_ALIAS_1A1_TOTAIS_IGUAIS,goiania,389835,6063,FLORENCA,,R  RB32A,"R RB32A CASA 01 , BAIRRO RES RECANTO DO BOSQUE",2,2,2,1,1
AUTO_ALIAS_1A1_TOTAIS_IGUAIS,goiania,160590,5387,FORTEVILLE-14.47,,R  PEDRO LUIZ PEREIRA,"R PEDRO LUIZ PEREIRA  CASA 01 , BAIRRO RES FORTEVILLE",2,2,2,1,1
AUTO_ALIAS_1A1_TOTAIS_IGUAIS,goiania,154378,1432,FORTEVILLE EXTENSAO,,R  FV25,"R FV25  CASA 01 , BAIRRO RES FORTE VILLE - EXTENSÃO",2,2,2,1,1
AUTO_ALIAS_1A1_TOTAIS_IGUAIS,goiania,192713,1282,FRANCISCO G.DE ARAUJO,,R  V9,"R V9  01 , BAIRRO VL REZENDE",2,2,2,1,1
AUTO_ALIAS_1A1_TOTAIS_IGUAIS,goiania,174332,2071,FRANCISCO H S II,,R  RI 20,"R RI20  CASA 01 , BAIRRO RES ITAIPÚ",4,4,4,1,1
AUTO_ALIAS_1A1_TOTAIS_IGUAIS,goiania,164501,1840,FRANCISCO QUINTEIRO II,,R  DA BARRA GRANDE,"R DA BARRA GRANDE  CASA 01 , BAIRRO RES SANTA FÉ I",2,2,2,1,1
AUTO_ALIAS_1A1_TOTAIS_IGUAIS,goiania,267606,6028,FREITAS DRUMOND,,AV SAMAMBAIA,"AV SAMAMBAIA C-1 , BAIRRO RES ORLANDO DE MORAIS",2,2,2,1,1
AUTO_ALIAS_1A1_TOTAIS_IGUAIS,goiania,61884,6935,FREITAS OLIVEIRA X,,R  RIO GRANDENSES,"R RIO GRANDENSES LT S/N CS 01 , BAIRRO S ALTO DO VALE",2,2,2,1,1
AUTO_ALIAS_1A1_TOTAIS_IGUAIS,goiania,141887,2180,FREITAS RMP 22,,R  RMP22,"R RMP22  CASA 01 , BAIRRO RES MONTE PASCOAL",2,2,2,1,1
AUTO_ALIAS_1A1_TOTAIS_IGUAIS,goiania,396494,5810,FRIEDEN V,,R  RB8,"R RB8 CASA 01 , BAIRRO RES RECANTO DO BOSQUE",2,2,2,1,1
AUTO_ALIAS_1A1_TOTAIS_IGUAIS,goiania,325442,6254,FRIENDEN VII,,R  BM17,"R BM17 CASA 01 , BAIRRO RES BRISAS DA MATA",2,2,2,1,1
AUTO_ALIAS_1A1_TOTAIS_IGUAIS,goiania,59371,1435,GABRIEL BERNARDES I,,R  RB15,"R RB15 LT 20 CS 01 , BAIRRO S ALTO DO VALE",3,3,3,1,1
AUTO_ALIAS_1A1_TOTAIS_IGUAIS,goiania,318768,7951,GAEBLER I,,AL MARACANA,"AL MARACANA CASA 01 , BAIRRO S JAÓ",2,2,2,1,1
AUTO_ALIAS_1A1_TOTAIS_IGUAIS,goiania,376503,13069,GALERIA CIA 86,,R  86E,"44      LOJA 01 , BAIRRO S SUL",5,5,5,1,1
AUTO_ALIAS_1A1_TOTAIS_IGUAIS,goiania,238629,1402,GALERIA LIZIE,,R  C244,"R C244  SALA 01 , BAIRRO BRO NOVA SUIÇA",17,17,17,1,1
AUTO_ALIAS_1A1_TOTAIS_IGUAIS,goiania,170625,1560,GARABOSKI IV,,R  PARATI,"R PARATI  CASA 01 , BAIRRO RES CAMPOS DOURADOS",2,2,2,1,1
AUTO_ALIAS_1A1_TOTAIS_IGUAIS,goiania,207213,7175,GB TEIXEIRA RESIDENCI I,,R  VALLE GRANDE,"R VALLE GRANDE  CASA 01 , BAIRRO S TRÊS MARIAS I",2,2,2,1,1
AUTO_ALIAS_1A1_TOTAIS_IGUAIS,goiania,58972,7176,GB TEIXEIRA RESIDENCI II,,R  RP1,"R RP1 LT 18 CASA 01 , BAIRRO RES RECREIO PANORAMA",2,2,2,1,1
AUTO_ALIAS_1A1_TOTAIS_IGUAIS,goiania,141058,7038,GELLIM I,,R  IRMA CIBELE DE AQUINO SALES,"R IRMA CIBELE DE AQUINO SALES  CASA 01 , BAIRRO RES MONTE PASCOAL",2,2,2,1,1
AUTO_ALIAS_1A1_TOTAIS_IGUAIS,goiania,216379,1050,GERALDO GABRIEL,,R  CV6,"R CV6  CASA 01 , BAIRRO RES CENTER VILLE",2,2,2,1,1
AUTO_ALIAS_1A1_TOTAIS_IGUAIS,goiania,196287,1179,GERALDO PIMENTA I,,R  ANA NERI,"R CARLOS GOMES  CASA 02 , BAIRRO PRQ ANHANGÜERA",3,3,3,1,1
AUTO_ALIAS_1A1_TOTAIS_IGUAIS,goiania,192760,1211,GERONIMO MARTINS,,R  AUSTRIA,"R ESCOCIA  CASA-01 , BAIRRO JD EUROPA",4,4,4,1,1
AUTO_ALIAS_1A1_TOTAIS_IGUAIS,goiania,107199,4938,GEVIC CAVALCANTE XI,,R  MARIA ROSA DE JESUS,"R MARIA ROSA DE JESUS  C-2 , BAIRRO RES ANA MORAES",2,2,2,1,1
AUTO_ALIAS_1A1_TOTAIS_IGUAIS,goiania,139126,5407,GEVIC CAVALCANTE XV,,R  MONS MOACIR BERNARDINO,"R MONS MOACIR BERNARDINO  CASA 02 , BAIRRO JD SÃO JOSÉ",2,2,2,1,1
AUTO_ALIAS_1A1_TOTAIS_IGUAIS,goiania,182668,6094,GIANDER TAVARES,,R  JOSE BONIFACIO,"R JOSE BONIFACIO  C-2 , BAIRRO S CRISTINA",2,2,2,1,1
AUTO_ALIAS_1A1_TOTAIS_IGUAIS,goiania,155606,13516,GIDEON PEREIRA DOS SANTOS,,AV ORLANDO MARQUES DE ABREU,"AV ORLANDO MARQUES DE ABREU  CASA 01 , BAIRRO S SOLAR SANTA RITA",2,2,2,1,1
AUTO_ALIAS_1A1_TOTAIS_IGUAIS,goiania,169976,1520,GISELA B MOTA ALMEIDA III,,R  W1,"R W2  CASA 03 , BAIRRO JD ITAIPÚ",4,4,4,1,1
AUTO_ALIAS_1A1_TOTAIS_IGUAIS,goiania,150963,8085,GLALERIA VIA HALLEY,,PC C221,"R C224 S/N     SALA 05 PAV SUP , BAIRRO BRO JARDIM AMÉRICA",16,16,16,1,1
AUTO_ALIAS_1A1_TOTAIS_IGUAIS,goiania,119833,1169,GLENER SANTOS,,R  TV5,"R TV5  CASA 01 , BAIRRO LOT TROPICAL VERDE",2,2,2,1,1
AUTO_ALIAS_1A1_TOTAIS_IGUAIS,goiania,137916,6762,GOMES DE SIQUEIRA,,R  JUCA RODRIGUES,"R JUCA RODRIGUES  CASA 01 , BAIRRO RES BUENA VISTA III",2,2,2,1,1
AUTO_ALIAS_1A1_TOTAIS_IGUAIS,goiania,331899,1187,GOOSE CREEK,,R  CPR7,"R CPR7 Q       CASA02 , BAIRRO RES COSTA PARANHOS",2,2,2,1,1
AUTO_ALIAS_1A1_TOTAIS_IGUAIS,goiania,130137,5372,GOYAZ PARK-01.40,,R  GP1,"R GP1  CASA 02 , BAIRRO RES GOYAZ PARK",2,2,2,1,1
AUTO_ALIAS_1A1_TOTAIS_IGUAIS,goiania,127026,5411,GP 05.22 PARK,,R  GP10,"R GP10  C - 1 , BAIRRO RES GOYAZ PARK",2,2,2,1,1
AUTO_ALIAS_1A1_TOTAIS_IGUAIS,goiania,158774,2041,GRACA MARQUES I,,R  SB3,"R SB3  CASA 01 , BAIRRO RES SOLAR BOUGAINVILLE",2,2,2,1,1
AUTO_ALIAS_1A1_TOTAIS_IGUAIS,goiania,378526,7053,GREEN VILLAGE RESIDENCE XX,,R  AB8,"R AB8 CASA 01 , BAIRRO RES ALICE BARBOSA",2,2,2,1,1
AUTO_ALIAS_1A1_TOTAIS_IGUAIS,goiania,340307,5608,GREEN VILLAGE RESIENCE XVIII,,R  AB8,"R AB8 CASA 01 , BAIRRO RES ALICE BARBOSA",2,2,2,1,1
AUTO_ALIAS_1A1_TOTAIS_IGUAIS,goiania,170987,1885,HARLEY COSTA X,,R  ARACRUZ,"R ARACRUZ  CASA 01 , BAIRRO RES CAMPOS DOURADOS",2,2,2,1,1
AUTO_ALIAS_1A1_TOTAIS_IGUAIS,goiania,172712,2099,HARLEY M C II,,R  CACHOEIRA,"R CACHOEIRA  CASA 01 , BAIRRO RES CAMPOS DOURADOS",2,2,2,1,1
AUTO_ALIAS_1A1_TOTAIS_IGUAIS,goiania,172728,5551,HC SILVA,,R  ANGRA DOS REIS,"R ANGRA DOS REIS  CASA 01 , BAIRRO RES CAMPOS DOURADOS",2,2,2,1,1
AUTO_ALIAS_1A1_TOTAIS_IGUAIS,goiania,152721,2142,HEBER BATISTA II,,R  ALUISIO ALVARENGA,"R ALUISIO ALVARENGA  CASA 01 , BAIRRO RES SANTA FÉ",2,2,2,1,1
AUTO_ALIAS_1A1_TOTAIS_IGUAIS,goiania,170308,5703,HELIO FERREIRA VI,,R  RI3,"R RI3  C-1 , BAIRRO RES ITAIPÚ",3,3,3,1,1
AUTO_ALIAS_1A1_TOTAIS_IGUAIS,goiania,33080,5392,HORTENCIAS JH 23,,R  JH23,"R JH23 LT 13 CS 01 , BAIRRO JD DAS HORTÊNCIAS",2,2,2,1,1
AUTO_ALIAS_1A1_TOTAIS_IGUAIS,goiania,32126,5591,HORTENCIAS JH 34,,R  JH34,"R JH34 LT S/N CS 01 , BAIRRO JD DAS HORTÊNCIAS",3,3,3,1,1
AUTO_ALIAS_1A1_TOTAIS_IGUAIS,goiania,48951,12335,HUGO DE MORAES,,R  RN8,"R RN8 LT 25 CASA 01 , BAIRRO RES HUGO DE MORAES",2,2,2,1,1
AUTO_ALIAS_1A1_TOTAIS_IGUAIS,goiania,281573,6750,IACCINO LAGARES II,,R  BM27,"R BM27 CASA 01 , BAIRRO RES BRISAS DA MATA",2,2,2,1,1
AUTO_ALIAS_1A1_TOTAIS_IGUAIS,goiania,261195,1318,ILDA GONCALVES FERREIRA,,R  132A,"R 132A  SOBRADO 01 , BAIRRO S SUL",2,2,2,1,1
AUTO_ALIAS_1A1_TOTAIS_IGUAIS,goiania,322616,5856,ILHAS CANARIAS,,R  SH5,"R SH5 CASA 01 , BAIRRO BRO SANTO HILÁRIO - EXPANSÃO",2,2,2,1,1
AUTO_ALIAS_1A1_TOTAIS_IGUAIS,goiania,304820,5857,ILHAS MALDIVAS,,R  SH5,"R SH5 CASA 01 , BAIRRO BRO SANTO HILÁRIO - EXPANSÃO",2,2,2,1,1
AUTO_ALIAS_1A1_TOTAIS_IGUAIS,goiania,243748,6868,IMPERIAL PALM RESIDENCE,,R  T32,"R T32  SOBRADO 01 , BAIRRO S BUENO",5,5,5,1,1
AUTO_ALIAS_1A1_TOTAIS_IGUAIS,goiania,139836,6370,INACIO -214,,R  ALVARO JOSE MORAES,"R ALVARO JOSE MORAES  CASA 01 , BAIRRO RES BUENA VISTA IV",2,2,2,1,1
AUTO_ALIAS_1A1_TOTAIS_IGUAIS,goiania,101885,5895,INACIO-629,,R  P-03,"R P-03  C-1 , BAIRRO RES PORTINARI",2,2,2,1,1
AUTO_ALIAS_1A1_TOTAIS_IGUAIS,goiania,59438,6096,ISAIAS PEREIRA I,,R  GUILHERME F COELHO,"R GUILHERME F COELHO LT 21 CS 01 , BAIRRO RES BARRAVENTO",2,2,2,1,1
AUTO_ALIAS_1A1_TOTAIS_IGUAIS,goiania,59540,6095,ISAIAS PEREIRA II,,R  GUILHERME F COELHO,"R GUILHERME F COELHO LT 22 CASA 01 , BAIRRO RES BARRAVENTO",2,2,2,1,1
AUTO_ALIAS_1A1_TOTAIS_IGUAIS,goiania,290769,7020,ISAIAS PEREIRA III,,R  FL46,"R FL46 CASA 01 , BAIRRO PRQ DAS FLORES",2,2,2,1,1
AUTO_ALIAS_1A1_TOTAIS_IGUAIS,goiania,60737,7195,ISAIAS PEREIRA V,,R  FN1,"R FN1 LT 36 CS 01 , BAIRRO JD FONTE NOVA",3,3,3,1,1
AUTO_ALIAS_1A1_TOTAIS_IGUAIS,goiania,327378,1923,ITACARAMBI DE SOUZA,,R  11,"R 11 CASA 01 , BAIRRO RES PAULO ESTRELA",2,2,2,1,1
AUTO_ALIAS_1A1_TOTAIS_IGUAIS,goiania,145603,10401,JACINTO L.PINTO,,AV C171,"R C184  SOBRADO N.01 , BAIRRO BRO JARDIM AMÉRICA",2,2,2,1,1
AUTO_ALIAS_1A1_TOTAIS_IGUAIS,goiania,164231,6295,J.A.J XII,,R  DA MISERICORDIA,"R DA MISERICORDIA  CASA 01 , BAIRRO RES SANTA FÉ I",2,2,2,1,1
AUTO_ALIAS_1A1_TOTAIS_IGUAIS,goiania,36264,1755,JARDIM DAS HORTENCIAS I,,R  JH8,"R JH8 LT 23 . , BAIRRO JD DAS HORTÊNCIAS",2,2,2,1,1
AUTO_ALIAS_1A1_TOTAIS_IGUAIS,goiania,217831,1983,J C MORAES FILHO II,,R  CV36,"R CV36  CASA 01 , BAIRRO RES CENTER VILLE",3,3,3,1,1
AUTO_ALIAS_1A1_TOTAIS_IGUAIS,goiania,161333,5771,J.C XAVIER XIII,,R  SB9,"R SB9  C-1 , BAIRRO RES SOLAR BOUGAINVILLE",2,2,2,1,1
AUTO_ALIAS_1A1_TOTAIS_IGUAIS,goiania,250907,5889,JESUS DUARTE I,,R  MA1,"R MA1 CASA02 , BAIRRO RES OLINDA",2,2,2,1,1
AUTO_ALIAS_1A1_TOTAIS_IGUAIS,goiania,176763,2104,JGS PLACE II,,AV PLATINA,"AV PLATINA  CASA 01 , BAIRRO CON DAS ESMERALDAS",2,2,2,1,1
AUTO_ALIAS_1A1_TOTAIS_IGUAIS,goiania,26561,1736,JINAINA CRISTINA,,R  JOAO NUNES DA COSTA,"R JOAO NUNES DA COSTA CASA 01 , BAIRRO S ESTRELA DALVA",2,2,2,1,1
AUTO_ALIAS_1A1_TOTAIS_IGUAIS,goiania,180592,5382,JM DANTAS RESDENCE I,,R  I-1,"R I-1  C-2 , BAIRRO JD IPANEMA",2,2,2,1,1
AUTO_ALIAS_1A1_TOTAIS_IGUAIS,goiania,132183,1539,JM DE SOUSA I,,R  SM36,"R SM36  C-2 , BAIRRO RES SÃO MARCOS",2,2,2,1,1
AUTO_ALIAS_1A1_TOTAIS_IGUAIS,goiania,282961,2150,JOAO E ANA I,,R  11,"R 11 CASA 01 , BAIRRO RES PAULO ESTRELA",2,2,2,1,1
AUTO_ALIAS_1A1_TOTAIS_IGUAIS,goiania,219215,6799,JOSE DE DEUS,,R  MDV22,"R MDV22  CASA 01 , BAIRRO LOT MOINHO DOS VENTOS",2,2,2,1,1
AUTO_ALIAS_1A1_TOTAIS_IGUAIS,goiania,238231,1875,JOSE DINIZ,,AV T15,"AV T15  SOBRADO 04 , BAIRRO BRO NOVA SUIÇA",4,4,4,1,1
AUTO_ALIAS_1A1_TOTAIS_IGUAIS,goiania,60671,5651,JOSE LIMA IV,,R  FN13,"R FN13 LT S/N CS 01 , BAIRRO JD FONTE NOVA",2,2,2,1,1
AUTO_ALIAS_1A1_TOTAIS_IGUAIS,goiania,142231,5384,JOSE LOPES,,R  JOAO MAXIMO BORGES,"R JOAO MAXIMO BORGES  CASA 01 , BAIRRO RES BUENA VISTA III",2,2,2,1,1
AUTO_ALIAS_1A1_TOTAIS_IGUAIS,goiania,253439,711,JOSE LOUSA,,R  3,"R 3 53 LOJA 2 , BAIRRO S CENTRAL",22,22,22,1,1
AUTO_ALIAS_1A1_TOTAIS_IGUAIS,goiania,210001,1551,JOSE SOARES VIII,,AV PRESIDENTE WENCESLAU,"AV PRESIDENTE WENCESLAU  CASA-01 , BAIRRO JD PRESIDENTE",3,3,3,1,1
AUTO_ALIAS_1A1_TOTAIS_IGUAIS,goiania,24957,1192,JOSIAS XX,,R  5,"R 5 CASA 1 , BAIRRO S ESTRELA DALVA",2,2,2,1,1
AUTO_ALIAS_1A1_TOTAIS_IGUAIS,goiania,396412,6046,JOSIAS XX,,R  RB10A,"R RB10A CASA 01 , BAIRRO RES RECANTO DO BOSQUE",2,2,2,1,1
AUTO_ALIAS_1A1_TOTAIS_IGUAIS,goiania,239398,2114,JOTA ERRE,,R  T67,"R T67  SOB 01 , BAIRRO S BUENO",2,2,2,1,1
AUTO_ALIAS_1A1_TOTAIS_IGUAIS,goiania,135050,2143,JP SILVA II,,R  CON JOSE TRINDADE DA F.E SILVA,"R CON JOSE TRINDADE DA F.E SILVA  CASA 01 , BAIRRO JD SÃO JOSÉ",2,2,2,1,1
AUTO_ALIAS_1A1_TOTAIS_IGUAIS,goiania,157274,2120,JR PRIME,,R  BOA VISTA,"R BOA VISTA  CASA01 , BAIRRO RES SANTA FÉ I",3,3,3,1,1
AUTO_ALIAS_1A1_TOTAIS_IGUAIS,goiania,205890,6257,JUBILO,,R  PRESIDENTE LEBRUM,"R PRESIDENTE LEBRUM SN      _____CASA 01 , BAIRRO JD PRESIDENTE",2,2,2,1,1
AUTO_ALIAS_1A1_TOTAIS_IGUAIS,goiania,252899,7152,JULIANO ACP-11,,R  ACP11,"R ACP11 CASA 02 , BAIRRO RES ANTONIO CARLOS PIRES",2,2,2,1,1
AUTO_ALIAS_1A1_TOTAIS_IGUAIS,goiania,196015,5361,JULIO STIVAL JUNIOR,,R  BELGICA,"R BELGICA  CASA 02 , BAIRRO JD EUROPA",2,2,2,1,1
AUTO_ALIAS_1A1_TOTAIS_IGUAIS,goiania,86214,5973,JUNIOR-487,,R  SILVERIO FERNANDES DO NASCIMEN,"R SILVERIO FERNANDES DO NASCIMEN  CASA 01 , BAIRRO RES PILAR DOS SONHOS",2,2,2,1,1
AUTO_ALIAS_1A1_TOTAIS_IGUAIS,goiania,345409,1837,KARLUS MAIA,,R  EUNICE DE ALENCAR B.C.CAMPOS,"R EUNICE DE ALENCAR B.C.CAMPOS CASA 01 , BAIRRO RES RECANTO DOS BURITIS",2,2,2,1,1
AUTO_ALIAS_1A1_TOTAIS_IGUAIS,goiania,394633,1562,KARLUS MAIA IV,,R  EUNICE DE ALENCAR B.C.CAMPOS,"R EUNICE DE ALENCAR B.C.CAMPOS CASA 01 , BAIRRO RES RECANTO DOS BURITIS",2,2,2,1,1
AUTO_ALIAS_1A1_TOTAIS_IGUAIS,goiania,29505,1971,KARULINE LEMES I,,R  27 DE SETEMBRO,"R 27 DE SETEMBRO CASA 01 , BAIRRO S ESTRELA DALVA",2,2,2,1,1
AUTO_ALIAS_1A1_TOTAIS_IGUAIS,goiania,347178,7790,KEILA MEIR,,R  BM17,"R BM17 CASA 1 , BAIRRO RES BRISAS DA MATA",2,2,2,1,1
AUTO_ALIAS_1A1_TOTAIS_IGUAIS,goiania,216424,5896,KEVIO PERES XI,,R  CV11,"R CV11  CASA 01 , BAIRRO RES CENTER VILLE",2,2,2,1,1
AUTO_ALIAS_1A1_TOTAIS_IGUAIS,goiania,168456,5974,KGM COUTO I,,R  39,"R 39  C-1 , BAIRRO CON DAS ESMERALDAS",2,2,2,1,1
AUTO_ALIAS_1A1_TOTAIS_IGUAIS,goiania,198053,1830,LACERDA E MARQUES XIV,,R  DA ASTERIA,"R DA ASTERIA  CASA 01 , BAIRRO JD ATLÂNTICO",2,2,2,1,1
AUTO_ALIAS_1A1_TOTAIS_IGUAIS,goiania,198052,1742,LACERDA E MARQUES XVI,,R  DA ASTERIA,"R DA ASTERIA  CASA 01 , BAIRRO JD ATLÂNTICO",2,2,2,1,1
AUTO_ALIAS_1A1_TOTAIS_IGUAIS,goiania,197503,1831,LACERDA E MARQUES XVIII,,R  DA ASTERIA,"R DA ASTERIA  CASA 01 , BAIRRO JD ATLÂNTICO",2,2,2,1,1
AUTO_ALIAS_1A1_TOTAIS_IGUAIS,goiania,197502,1829,LACERDA E MARQUES XX,,R  DA ASTERIA,"R DA ASTERIA  CASA 01 , BAIRRO JD ATLÂNTICO",2,2,2,1,1
AUTO_ALIAS_1A1_TOTAIS_IGUAIS,goiania,361716,5723,LAGARES DA SILVA III,,R  BM10,"R BM10 CASA 02 , BAIRRO RES BRISAS DA MATA",2,2,2,1,1
AUTO_ALIAS_1A1_TOTAIS_IGUAIS,goiania,219903,5828,L.A.J III,,R  VB14,"R VB14  CASA 01 , BAIRRO RES VEREDA DOS BURITIS",2,2,2,1,1
AUTO_ALIAS_1A1_TOTAIS_IGUAIS,goiania,220508,5829,L.A.J IV,,R  VB30,"R VB30  CASA 01 , BAIRRO RES VEREDA DOS BURITIS",2,2,2,1,1
AUTO_ALIAS_1A1_TOTAIS_IGUAIS,goiania,220541,6294,L.A.J IX,,R  VB28,"R VB28  CASA 01 , BAIRRO RES VEREDA DOS BURITIS",2,2,2,1,1
AUTO_ALIAS_1A1_TOTAIS_IGUAIS,goiania,158632,4477,LC FERREIRA RESIDENCE,,R  JOSE CARDOSO DE BRITO,"AV ORLANDO MARQUES DE ABREU  CASA 01 , BAIRRO RES KÁTIA",3,3,3,1,1
AUTO_ALIAS_1A1_TOTAIS_IGUAIS,goiania,139845,5804,LCI PARK RESIDENCE III,,R  POUSO ALEGRE,"R POUSO ALEGRE  CASA 01 , BAIRRO RES BUENA VISTA IV",2,2,2,1,1
AUTO_ALIAS_1A1_TOTAIS_IGUAIS,goiania,261085,7086,LEARJET,,R  RSL8,"R RSL8 CASA 01 , BAIRRO RES SÃO LEOPOLDO",2,2,2,1,1
AUTO_ALIAS_1A1_TOTAIS_IGUAIS,goiania,114918,5781,LEONORA COUTO RESIDENCI,,R  BELA VISTA,"R BELA VISTA  CASA 01 , BAIRRO PRQ INDUSTRIAL JOÃO BRAZ",3,3,3,1,1
AUTO_ALIAS_1A1_TOTAIS_IGUAIS,goiania,125486,1546,LIDIA DOS SANTOS II,,R  ANDRE HENRIQUE,"R ANDRE HENRIQUE  CASA 01 , BAIRRO RES SÃO MARCOS",2,2,2,1,1
AUTO_ALIAS_1A1_TOTAIS_IGUAIS,goiania,121945,6367,LIDIA FERREIRA,,R  21 DE ABRIL,"R 21 DE ABRIL  CASA-01 , BAIRRO PRQ INDUSTRIAL JOÃO BRAZ",2,2,2,1,1
AUTO_ALIAS_1A1_TOTAIS_IGUAIS,goiania,117555,1046,LIDIA FERREIRA VIII,,R  EUCLIDES DA CUNHA,"R EUCLIDES DA CUNHA  CASA 01 , BAIRRO PRQ INDUSTRIAL JOÃO BRAZ",2,2,2,1,1
AUTO_ALIAS_1A1_TOTAIS_IGUAIS,goiania,21575,11606,LIRIO DO CAMPO,,R  MARIA DE ALMEIDA LIMA,"R MARIA DE ALMEIDA LIMA CASA 01 , BAIRRO S ESTRELA DALVA",2,2,2,1,1
AUTO_ALIAS_1A1_TOTAIS_IGUAIS,goiania,224428,2038,LIVIA QUEIROZ,,R  SILENE BORGES DE FARIA,"R SILENE BORGES DE FARIA  CASA01 , BAIRRO VL SANTA RITA - 5ª ETAPA",3,3,3,1,1
AUTO_ALIAS_1A1_TOTAIS_IGUAIS,goiania,135295,6779,LLEGO 44,,R  RMP11,"R RMP11  C-1 , BAIRRO RES MONTE PASCOAL",2,2,2,1,1
AUTO_ALIAS_1A1_TOTAIS_IGUAIS,goiania,399287,5365,LOG GOIANIA,,RODBR153,"R DONA TODICA GALPAO01 , BAIRRO GLEBA",9,9,9,1,1
AUTO_ALIAS_1A1_TOTAIS_IGUAIS,goiania,19946,5615,LONDRES III,,R  SHALON,"R SHALON LT 19 CS 01/02 , BAIRRO S PARQUE TREMENDÃO",2,2,2,1,1
AUTO_ALIAS_1A1_TOTAIS_IGUAIS,goiania,24789,2026,LOPES RODRIGUES III,,R  SHALON,"R SHALON LT 31 CS 01 , BAIRRO S PARQUE TREMENDÃO",2,2,2,1,1
AUTO_ALIAS_1A1_TOTAIS_IGUAIS,goiania,222195,5877,LORENA MURILLO,,R  RC9,"R RC9  CASA 01 , BAIRRO RES CANADÁ",2,2,2,1,1
AUTO_ALIAS_1A1_TOTAIS_IGUAIS,goiania,60630,6284,LORENZO V,,R  FN4,"R FN4 LT 34 CS 01 , BAIRRO JD FONTE NOVA",2,2,2,1,1
AUTO_ALIAS_1A1_TOTAIS_IGUAIS,goiania,78581,2230,LOURENCO ROSA I,,R  EMILIO JORGE MIGUEL,"R EMILIO JORGE MIGUEL CASA 01 , BAIRRO JD CLARISSA",2,2,2,1,1
AUTO_ALIAS_1A1_TOTAIS_IGUAIS,goiania,165130,6420,L'PRUDENTE RESIDENCE III,,R  DO LYCEU,"R DO LYCEU  CASA 01 , BAIRRO RES SANTA FÉ",2,2,2,1,1
AUTO_ALIAS_1A1_TOTAIS_IGUAIS,goiania,131402,5952,LR SILVA RESIDENCE II,,AV OSMIRA MOREIRA DOS SANTOS,"AV OSMIRA MOREIRA DOS SANTOS  CASA 01 , BAIRRO RES GOYAZ PARK",2,2,2,1,1
AUTO_ALIAS_1A1_TOTAIS_IGUAIS,goiania,350113,5805,LUCIMAR LEANDRO,,R  SR42,"R SR42 CASA 01 , BAIRRO RES PAULO ESTRELA",3,3,3,1,1
AUTO_ALIAS_1A1_TOTAIS_IGUAIS,goiania,353262,6341,LUCIMAR LEANDRO II,,AV DR JAHYR ABRAO ESTRELA,"AV DR JAHYR ABRAO ESTRELA CASA 01 , BAIRRO RES PAULO ESTRELA",2,2,2,1,1
AUTO_ALIAS_1A1_TOTAIS_IGUAIS,goiania,102775,5373,LUDOVICO -LPM-20,,R  LRM10,"R LRM10  CASA 01 , BAIRRO RES MENDANHA",2,2,2,1,1
AUTO_ALIAS_1A1_TOTAIS_IGUAIS,goiania,100388,6549,LURDES DIVINO I,,R  LRM2,"R LRM6  CASA 02 , BAIRRO RES MENDANHA",2,2,2,1,1
AUTO_ALIAS_1A1_TOTAIS_IGUAIS,goiania,370288,11969,LUZIA RIBEIRO DOS SANTOS,,AV RIO GRANDE DO SUL,"AV RIO GRANDE DO SUL 17      , BAIRRO S CAMPINAS",7,7,7,1,1
AUTO_ALIAS_1A1_TOTAIS_IGUAIS,goiania,154782,6243,MAANAIM-229,,R  EF01,"R EF01  CASA 01 , BAIRRO RES VILLAGE SANTA RITA IV",2,2,2,1,1
AUTO_ALIAS_1A1_TOTAIS_IGUAIS,goiania,131789,6241,MAANAIM-316,,R  CP26,"R CP26  C-01 , BAIRRO LOT CAROLINA PARQUE EXTENSÃO",2,2,2,1,1
AUTO_ALIAS_1A1_TOTAIS_IGUAIS,goiania,136763,6328,MAANAIM-3200,,R  JOSE PEREIRA BORGES,"R JOSE PEREIRA BORGES  CASA 02 , BAIRRO JD SÃO JOSÉ",2,2,2,1,1
AUTO_ALIAS_1A1_TOTAIS_IGUAIS,goiania,156502,6240,MAANAIM-34,,R  EF5,"R EF5  CASA 01 , BAIRRO JD ELI FORTE",2,2,2,1,1
AUTO_ALIAS_1A1_TOTAIS_IGUAIS,goiania,153954,6331,MAANAIM-653,,R  SB18,"R SB18  C-1 , BAIRRO RES SOLAR BOUGAINVILLE",2,2,2,1,1
AUTO_ALIAS_1A1_TOTAIS_IGUAIS,goiania,156504,6330,MAANAIM-664,,R  EF5,"R EF5  C-1 , BAIRRO JD ELI FORTE",2,2,2,1,1
AUTO_ALIAS_1A1_TOTAIS_IGUAIS,goiania,143265,6327,MAANAIM-763,,R  RY8,"R RY8  CASA 02 , BAIRRO RES YTAPUÃ",2,2,2,1,1
AUTO_ALIAS_1A1_TOTAIS_IGUAIS,goiania,159709,6326,MAANAIM-915,,R  JAV6,"R JAV6  C-1 , BAIRRO JD ALPHAVILLE",2,2,2,1,1
AUTO_ALIAS_1A1_TOTAIS_IGUAIS,goiania,153418,6329,MAANAIM-937,,R  FV25,"R FV25  C-1 , BAIRRO RES FORTE VILLE - EXTENSÃO",2,2,2,1,1
AUTO_ALIAS_1A1_TOTAIS_IGUAIS,goiania,127024,6325,MAANAIM-990,,R  GP5,"R GP5  CASA 01 , BAIRRO RES GOYAZ PARK",2,2,2,1,1
AUTO_ALIAS_1A1_TOTAIS_IGUAIS,goiania,129889,6242,MAANAIM-CP-231,,R  CP26,"R CP26  C-1 , BAIRRO LOT CAROLINA PARQUE EXTENSÃO",2,2,2,1,1
AUTO_ALIAS_1A1_TOTAIS_IGUAIS,goiania,105974,5481,MAANAIM-LRM-45,,R  LRM11,"R LRM11  CASA 01 , BAIRRO RES TUZIMOTO",2,2,2,1,1
AUTO_ALIAS_1A1_TOTAIS_IGUAIS,goiania,301321,6299,MACAUBA 1,,R  SR29,"R SR29 CASA 01 , BAIRRO S RECANTO DAS MINAS GERAIS",2,2,2,1,1
AUTO_ALIAS_1A1_TOTAIS_IGUAIS,goiania,142342,5421,MACHADO COUTO RESIDENCE I,,R  JOSE ERNESTO MORAES,"R JOSE ERNESTO MORAES  CASA 01 , BAIRRO RES BUENA VISTA IV",2,2,2,1,1
AUTO_ALIAS_1A1_TOTAIS_IGUAIS,goiania,339855,3112,MACHADO RESIDENCE,,R  FRANCISCO BARBOSA,"R FRANCISCO BARBOSA CASA01 , BAIRRO RES ANTÔNIO BARBOSA",2,2,2,1,1
AUTO_ALIAS_1A1_TOTAIS_IGUAIS,goiania,345328,1921,MAELSON MATTA,,R  SR36,"R SR36 CASA 01 , BAIRRO RES PAULO ESTRELA",2,2,2,1,1
AUTO_ALIAS_1A1_TOTAIS_IGUAIS,goiania,391503,4330,MAGALHAES E SILVA III,,R  TR4,"R TR4 CASA 01 , BAIRRO LOT TUPYNAMBÁ DOS REIS",2,2,2,1,1
AUTO_ALIAS_1A1_TOTAIS_IGUAIS,goiania,246186,5653,MAGALHAES FAVORITAA VI,,AV MANOEL TAVARES GONCALVES,"R BRASIL CASA 03 , BAIRRO RES LUCY PINHEIRO",3,3,3,1,1
AUTO_ALIAS_1A1_TOTAIS_IGUAIS,goiania,377736,6049,MAGALHAES FAVORITA VII,,R  SR15,"R SR15 CASA 01 , BAIRRO S RECANTO DAS MINAS GERAIS",2,2,2,1,1
AUTO_ALIAS_1A1_TOTAIS_IGUAIS,goiania,207154,5468,MAGALHAES RIBEIRO V,,R  MALLORCA,"R MALLORCA  CASA 01 , BAIRRO S TRÊS MARIAS",2,2,2,1,1
AUTO_ALIAS_1A1_TOTAIS_IGUAIS,goiania,375971,7259,MAGGI BM10,,R  BM10,"R BM10 CASA 02 , BAIRRO RES BRISAS DA MATA",2,2,2,1,1
AUTO_ALIAS_1A1_TOTAIS_IGUAIS,goiania,370251,8648,MALEMA,,R  PADRE CLEMENTE,"R PADRE CLEMENTE S/N     APT.001 , BAIRRO S CAMPINAS",4,4,4,1,1
AUTO_ALIAS_1A1_TOTAIS_IGUAIS,goiania,168892,6412,MALHEIROS I,,R  W4,"R W4  C-1 , BAIRRO JD ITAIPÚ",3,3,3,1,1
AUTO_ALIAS_1A1_TOTAIS_IGUAIS,goiania,254928,272,MALIBU,,AV RIO BRANCO,"AV RIO BRANCO CASA02 , BAIRRO S JAÓ",2,2,2,1,1
AUTO_ALIAS_1A1_TOTAIS_IGUAIS,goiania,140726,2035,MARCELINO 10,,R  RY10,"R RY10  CASA 02 , BAIRRO JD SÃO JOSÉ",2,2,2,1,1
AUTO_ALIAS_1A1_TOTAIS_IGUAIS,goiania,138816,7084,MARCIENE GV-13,,R  IRMA CIBELE DE AQUINO SALES,"R IRMA CIBELE DE AQUINO SALES  CASA 01 , BAIRRO RES MONTE PASCOAL",2,2,2,1,1
AUTO_ALIAS_1A1_TOTAIS_IGUAIS,goiania,152723,12443,MARCIO ALMEIDA V,,R  ALUISIO ALVARENGA,"R ALUISIO ALVARENGA  CASA 01 , BAIRRO RES SANTA FÉ",2,2,2,1,1
AUTO_ALIAS_1A1_TOTAIS_IGUAIS,goiania,248456,10575,MARCOS DE ARAUJO,,R  BAURU,"R BAURU CASA 01 , BAIRRO S URIAS MAGALHÃES",2,2,2,1,1
AUTO_ALIAS_1A1_TOTAIS_IGUAIS,goiania,275150,2121,MAR DEL PLATA,,R  MP3,"R MP3 CASA02 , BAIRRO RES MAR DEL PLATA",2,2,2,1,1
AUTO_ALIAS_1A1_TOTAIS_IGUAIS,goiania,352804,5435,MARIA DAVINA DA SILVA PAULA,,AV LIBERDADE,"R 8 SALA 01 , BAIRRO CJ RIVIERA",6,6,6,1,1
AUTO_ALIAS_1A1_TOTAIS_IGUAIS,goiania,196134,1754,MARIA DIVINA,,AV DE CONTORNO SUL,"AV DE CONTORNO SUL  CASA 01 , BAIRRO PRQ ANHANGÜERA",2,2,2,1,1
AUTO_ALIAS_1A1_TOTAIS_IGUAIS,goiania,221163,1130,MARIA FLOR IV,,R  MDV1,"R MDV1  CASA 01 , BAIRRO LOT MOINHO DOS VENTOS",4,4,4,1,1
AUTO_ALIAS_1A1_TOTAIS_IGUAIS,goiania,169688,1559,MARIA FLOR VII,,R  RI2,"R RI2  CASA 01 , BAIRRO RES ITAIPÚ",4,4,4,1,1
AUTO_ALIAS_1A1_TOTAIS_IGUAIS,goiania,205235,6146,MARIA IRANETE,,AV NADRA BUFAICAL,"AV NADRA BUFAICAL  CASA 01 , BAIRRO LOT FAIÇALVILLE",2,2,2,1,1
AUTO_ALIAS_1A1_TOTAIS_IGUAIS,goiania,321185,1812,MARIA LAURENCIA,,R  YUCATAN,"R YUCATAN CASA 02 , BAIRRO JD NOVO MUNDO",2,2,2,1,1
AUTO_ALIAS_1A1_TOTAIS_IGUAIS,goiania,173384,5710,MARIA LIRA I,,R  RI10,"R RI10  CASA 01 , BAIRRO RES ITAIPÚ",2,2,2,1,1
AUTO_ALIAS_1A1_TOTAIS_IGUAIS,goiania,207424,1739,MARIA LUISA I,,AL BERNARDO GUIMARAES,"AL BERNARDO GUIMARAES  CASA 01 , BAIRRO LOT FAIÇALVILLE",2,2,2,1,1
AUTO_ALIAS_1A1_TOTAIS_IGUAIS,goiania,198127,1531,MARIA MADALENA PEREIRA I,,R  MMM1,"R MMM1  CASA 01 , BAIRRO S TRÊS MARIAS",2,2,2,1,1
AUTO_ALIAS_1A1_TOTAIS_IGUAIS,goiania,3259,1851,MARIANA DE CASTRO 2,,R  ITAUCU,"R ITAUCU LT 19 CASA 02 , BAIRRO VL SANTA RITA ACRÉSCIMO",4,4,4,1,1
AUTO_ALIAS_1A1_TOTAIS_IGUAIS,goiania,377132,740,MARLENE,,AV TOCANTINS,"AV TOCANTINS 1260 AP 101 , BAIRRO S AEROPORTO",8,8,8,1,1
AUTO_ALIAS_1A1_TOTAIS_IGUAIS,goiania,157295,1308,MARLON DE OLIVEIRA,,R  SRM9,"R SRM9  CASA 01 , BAIRRO RES VILLAGE SANTA RITA III",2,2,2,1,1
AUTO_ALIAS_1A1_TOTAIS_IGUAIS,goiania,263625,6999,MARQUES ANTONIO PS-3,,R  PS3,"R PS3 CASA 01 , BAIRRO RES SENADOR PARANHOS",2,2,2,1,1
AUTO_ALIAS_1A1_TOTAIS_IGUAIS,goiania,207888,10260,MARTINS DOS SANTOS,,AL ALCIDES DE ARAUJO ROMAO,"AL ALCIDES DE ARAUJO ROMAO  CASA 01 , BAIRRO LOT FAIÇALVILLE",2,2,2,1,1
AUTO_ALIAS_1A1_TOTAIS_IGUAIS,goiania,123917,6810,MEDRADO I,,R  DESOR. EMILIO FLEURY DE BRITO,"R DESOR. EMILIO FLEURY DE BRITO  CASA 01 , BAIRRO JD MARQUES DE ABREU",2,2,2,1,1
AUTO_ALIAS_1A1_TOTAIS_IGUAIS,goiania,155698,6251,MELINDA,,R  SB11,"R SB11  CASA 02 , BAIRRO RES SOLAR BOUGAINVILLE",2,2,2,1,1
AUTO_ALIAS_1A1_TOTAIS_IGUAIS,goiania,139550,2010,MELO MELO ARAUJO,,R  RMP10,"R RMP10  CASA 01 , BAIRRO RES MONTE PASCOAL",2,2,2,1,1
AUTO_ALIAS_1A1_TOTAIS_IGUAIS,goiania,135546,1978,MELO MELO III,,R  RMP4,"R RMP4  CASA 01 , BAIRRO RES MONTE PASCOAL",2,2,2,1,1
AUTO_ALIAS_1A1_TOTAIS_IGUAIS,goiania,291073,6249,MENDES BRITO I,,R  RB8,"R RB8 CASA 01 , BAIRRO RES RECANTO DO BOSQUE",2,2,2,1,1
AUTO_ALIAS_1A1_TOTAIS_IGUAIS,goiania,135924,6130,MENDES DE BRITO,,R  RY3,"R RY3  C-2 , BAIRRO RES YTAPUÃ",2,2,2,1,1
AUTO_ALIAS_1A1_TOTAIS_IGUAIS,goiania,79783,5777,MENDES I,,AV PERIMETRAL OESTE,"AV PERIMETRAL OESTE CASA 01 , BAIRRO JD BONANZA",3,3,3,1,1
AUTO_ALIAS_1A1_TOTAIS_IGUAIS,goiania,304781,6293,MENEZES X,,AV DR JAHYR ABRAO ESTRELA,"AV DR JAHYR ABRAO ESTRELA CASA 01 , BAIRRO RES PAULO ESTRELA",2,2,2,1,1
AUTO_ALIAS_1A1_TOTAIS_IGUAIS,goiania,254910,5563,MESQUITA DE SOUZA V,,R  BOTICELLI,"R BOTICELLI  CASA 01 , BAIRRO S GENTIL MEIRELLES",3,3,3,1,1
AUTO_ALIAS_1A1_TOTAIS_IGUAIS,goiania,198260,2125,MESQUITA E LIMA V,,R  TORDESILHAS,"R TORDESILHAS  CASA 03 , BAIRRO S TRÊS MARIAS",3,3,3,1,1
AUTO_ALIAS_1A1_TOTAIS_IGUAIS,goiania,140008,1882,MESQUITA SALLES XVII,,R  PE ADOLFO SERRA,"R PE ADOLFO SERRA  CASA 01 , BAIRRO JD SÃO JOSÉ",2,2,2,1,1
AUTO_ALIAS_1A1_TOTAIS_IGUAIS,goiania,201354,5957,MESSIAS DOS REIS,,R  MMM4,"R MMM4  CASA 01 , BAIRRO S TRÊS MARIAS",2,2,2,1,1
AUTO_ALIAS_1A1_TOTAIS_IGUAIS,goiania,361835,2117,M ESTRELA DO HIRAMAR VI,,R  BM25,"R BM25 CASA 02 , BAIRRO RES BRISAS DA MATA",2,2,2,1,1
AUTO_ALIAS_1A1_TOTAIS_IGUAIS,goiania,165545,5490,M.F DE ALMEIDA RESIDENCI VII,,R  LIBERDADE,"R LIBERDADE  CASA 01 , BAIRRO RES SANTA FÉ I",2,2,2,1,1
AUTO_ALIAS_1A1_TOTAIS_IGUAIS,goiania,219028,5773,M.F DE ALMEIDA RESIDENCI VIII,,R  VB38,"R VB38  CASA 01 , BAIRRO RES VEREDA DOS BURITIS",2,2,2,1,1
AUTO_ALIAS_1A1_TOTAIS_IGUAIS,goiania,170656,2134,M.J MELO II,,R  PARATI,"R PARATI  CASA 01 , BAIRRO RES CAMPOS DOURADOS",2,2,2,1,1
AUTO_ALIAS_1A1_TOTAIS_IGUAIS,goiania,221409,1558,MOINHO DAS FLORES II,,R  MDV43,"R MDV43  CASA 1 , BAIRRO LOT MOINHO DOS VENTOS",2,2,2,1,1
AUTO_ALIAS_1A1_TOTAIS_IGUAIS,goiania,219468,1548,MOINHO DAS FLORES XI,,R  MDV24,"R MDV24  CASA 01 , BAIRRO LOT MOINHO DOS VENTOS",2,2,2,1,1
AUTO_ALIAS_1A1_TOTAIS_IGUAIS,goiania,78909,6156,MONIZE-227,,R  SV7,"R SV7 CASA 01 , BAIRRO RES SOLAR VILLE",2,2,2,1,1
AUTO_ALIAS_1A1_TOTAIS_IGUAIS,goiania,170614,1775,MORADA ADEMIR GONCALVES I,,R  PARATI,"R PARATI  CASA 01 , BAIRRO RES CAMPOS DOURADOS",2,2,2,1,1
AUTO_ALIAS_1A1_TOTAIS_IGUAIS,goiania,197955,7127,MORADA AFONSO LEAO I,,R  DO BADEJO,"R DO BADEJO  CASA 01 , BAIRRO JD ATLÂNTICO",2,2,2,1,1
AUTO_ALIAS_1A1_TOTAIS_IGUAIS,goiania,201260,1540,MORADA ALAIN GLEISSON I,,R  MARIA GONCALVES DE ARAUJO,"R MARIA GONCALVES DE ARAUJO  CASA 01 , BAIRRO S TRÊS MARIAS",3,3,3,1,1
AUTO_ALIAS_1A1_TOTAIS_IGUAIS,goiania,183167,5832,MORADA ALEXANDRE BATISTA I,,R  DA VITORIA,"R DA VITORIA  CASA 01 , BAIRRO S GRAJAÚ",2,2,2,1,1
AUTO_ALIAS_1A1_TOTAIS_IGUAIS,goiania,370173,6430,MORADA ALMEIDA DE SOUZA I,,R  RIO DA PRATA,"R RIO DA PRATA CASA 02 , BAIRRO RES RIO JORDÃO",2,2,2,1,1
AUTO_ALIAS_1A1_TOTAIS_IGUAIS,goiania,282984,1979,MORADA ANTONIO SANTOS I,,R  SEBASTIAO MANOEL M. PEREIRA,"R SEBASTIAO MANOEL M. PEREIRA CASA 01 , BAIRRO RES BELO HORIZONTE COMPLEMENTO",2,2,2,1,1
AUTO_ALIAS_1A1_TOTAIS_IGUAIS,goiania,116196,6797,MORADA AZEVEDO DE CARVALHO I,,R  2,"R 2  CASA 01 , BAIRRO RES PONTA NEGRA",2,2,2,1,1
AUTO_ALIAS_1A1_TOTAIS_IGUAIS,goiania,178963,7269,MORADA BOAZ ESTRELA DE GRAJAU II,,R  G12,"R G12  CASA 02 , BAIRRO S GRAJAÚ",2,2,2,1,1
AUTO_ALIAS_1A1_TOTAIS_IGUAIS,goiania,179832,7264,MORADA BOAZ ESTRELA DE GRAJAU III,,R  ORIENTE,"R ORIENTE  CASA 01 , BAIRRO S GRAJAÚ",2,2,2,1,1
AUTO_ALIAS_1A1_TOTAIS_IGUAIS,goiania,183039,7266,MORADA BOAZ ESTRELA DE GRAJAU IV,,R  BRASIL,"R BRASIL  CASA 01 , BAIRRO S GRAJAÚ",2,2,2,1,1
AUTO_ALIAS_1A1_TOTAIS_IGUAIS,goiania,178664,7267,MORADA BOAZ ESTRELA DE IPANEMA VII,,R  I-4,"R I-4  C-1 , BAIRRO JD IPANEMA",2,2,2,1,1
AUTO_ALIAS_1A1_TOTAIS_IGUAIS,goiania,385257,1622,MORADA CAETANO PINHEIRO I,,R  11,"R 11 5       CASA 01 , BAIRRO RES PAULO ESTRELA",2,2,2,1,1
AUTO_ALIAS_1A1_TOTAIS_IGUAIS,goiania,327686,5459,MORADA CLINTON CUNHA VI,,R  BM17,"R BM17 CASA 01 , BAIRRO RES BRISAS DA MATA",2,2,2,1,1
AUTO_ALIAS_1A1_TOTAIS_IGUAIS,goiania,371823,5629,MORADA CLINTON CUNHA VIII,,R  RB8,"R RB8 C-1 , BAIRRO RES RECANTO DO BOSQUE",2,2,2,1,1
AUTO_ALIAS_1A1_TOTAIS_IGUAIS,goiania,350971,1624,MORADA CLOVIS ALVES II,,AL DA MATA,"AL DA MATA CASA 01 , BAIRRO RES BRISAS DA MATA",2,2,2,1,1
AUTO_ALIAS_1A1_TOTAIS_IGUAIS,goiania,194177,5360,MORADA COSTA CHAVES I,,R  BILBAO,"R NAVARRA  CASA 01 , BAIRRO JD EUROPA",2,2,2,1,1
AUTO_ALIAS_1A1_TOTAIS_IGUAIS,goiania,368666,6984,MORADA COUTRIN DE ALBUQUERQUE,,R  BM25,"R BM25 CASA 02 , BAIRRO RES BRISAS DA MATA",2,2,2,1,1
AUTO_ALIAS_1A1_TOTAIS_IGUAIS,goiania,140985,1603,MORADA DA MATA I,,R  ELO33,"R ELO33  CASA 02 , BAIRRO PRQ ELDORADO OESTE",2,2,2,1,1
AUTO_ALIAS_1A1_TOTAIS_IGUAIS,goiania,359364,1514,MORADA DANNER III,,R  RB56A,"R RB56A CASA 01 , BAIRRO RES RECANTO DO BOSQUE",2,2,2,1,1
AUTO_ALIAS_1A1_TOTAIS_IGUAIS,goiania,212884,7662,MORADA DE JULIA,,AV TRIESTE,"AV TRIESTE 285     CASA 01 , BAIRRO VLG VENEZA",2,2,2,1,1
AUTO_ALIAS_1A1_TOTAIS_IGUAIS,goiania,369259,1705,MORADA DEURLENE I,,R  BM27,"R BM27 CASA 01 , BAIRRO RES BRISAS DA MATA",2,2,2,1,1
AUTO_ALIAS_1A1_TOTAIS_IGUAIS,goiania,378104,2048,MORADA DO RIO JORDAO II,,R  9,"R 9 CASA 02 , BAIRRO RES PAULO ESTRELA",2,2,2,1,1
AUTO_ALIAS_1A1_TOTAIS_IGUAIS,goiania,359935,2221,MORADA DO RIO JORDAO IV,,AV DR JAHYR ABRAO ESTRELA,"AV DR JAHYR ABRAO ESTRELA CASA01 , BAIRRO RES PAULO ESTRELA",2,2,2,1,1
AUTO_ALIAS_1A1_TOTAIS_IGUAIS,goiania,341029,2037,MORADA DOS PASSAROS,,R  88B,"R 88B 77      CASA 01 , BAIRRO S SUL",4,4,4,1,1
AUTO_ALIAS_1A1_TOTAIS_IGUAIS,goiania,396599,2260,MORADA E DO HIRAMAR VII,,R  RB7A,"R RB7A CASA 01 , BAIRRO RES RECANTO DO BOSQUE",2,2,2,1,1
AUTO_ALIAS_1A1_TOTAIS_IGUAIS,goiania,183061,2175,MORADA ERNESTINA BARBOSA I,,R  G7,"R G7  CASA 01 , BAIRRO S GRAJAÚ",3,3,3,1,1
AUTO_ALIAS_1A1_TOTAIS_IGUAIS,goiania,99046,5393,MORADA ESP.VALADARES IV,,R  LRM10,"R LRM10  CASA 01 , BAIRRO RES TUZIMOTO",2,2,2,1,1
AUTO_ALIAS_1A1_TOTAIS_IGUAIS,goiania,314313,2068,MORADA ESTRELA DO DOUGLAS I,,R  BM26,"R BM26 CASA 02 , BAIRRO RES BRISAS DA MATA",2,2,2,1,1
AUTO_ALIAS_1A1_TOTAIS_IGUAIS,goiania,300143,2089,MORADA FAZENDA LADEIRA,,R  H14,"R H14  CASA 01 , BAIRRO GLEBA",2,2,2,1,1
AUTO_ALIAS_1A1_TOTAIS_IGUAIS,goiania,168122,5449,MORADA GOMES DE CASTRO V,,R  RI-9,"R RI-9  CASA 01 , BAIRRO RES ITAIPÚ",2,2,2,1,1
AUTO_ALIAS_1A1_TOTAIS_IGUAIS,goiania,208355,6749,MORADA JNB FAICALVILLE I,,R  F4,"R F4  C-1 , BAIRRO LOT FAIÇALVILLE",2,2,2,1,1
AUTO_ALIAS_1A1_TOTAIS_IGUAIS,goiania,210361,7241,MORADA JNB FAICALVILLE II,,AL ALCIDES DE ARAUJO ROMAO,"AL ALCIDES DE ARAUJO ROMAO  CASA 02 , BAIRRO LOT FAIÇALVILLE",2,2,2,1,1
AUTO_ALIAS_1A1_TOTAIS_IGUAIS,goiania,196337,7265,MORADA JOSE SOARES II,,R  DUQUE DE CAXIAS,"R DUQUE DE CAXIAS  SOB-01 , BAIRRO PRQ ANHANGÜERA",2,2,2,1,1
AUTO_ALIAS_1A1_TOTAIS_IGUAIS,goiania,60661,4771,MORADA KAROLYNE AMARAL II,,R  ALV5,"R ALV5 LT 35 CS 01 , BAIRRO S ALTO DO VALE",2,2,2,1,1
AUTO_ALIAS_1A1_TOTAIS_IGUAIS,goiania,299126,4770,MORADA KAROLYNE AMARAL V,,R  AGENOR VIGARIO DA COSTA,"R AGENOR VIGARIO DA COSTA  CASA 01 , BAIRRO RES DAS ACÁCIAS",2,2,2,1,1
AUTO_ALIAS_1A1_TOTAIS_IGUAIS,goiania,29584,4737,MORADA KAROLYNE AMARAL XVII,,R  ANDRELINA MONTEIRO,"R ANDRELINA MONTEIRO LT 07 CS 1 CS 2 , BAIRRO S PARQUE TREMENDÃO",2,2,2,1,1
AUTO_ALIAS_1A1_TOTAIS_IGUAIS,goiania,161756,2152,MORADA LUA DE SOARES I,,R  GALIANA BORGES,"R GALIANA BORGES  CASA 01 , BAIRRO RES SANTA FÉ",2,2,2,1,1
AUTO_ALIAS_1A1_TOTAIS_IGUAIS,goiania,170632,2122,MORADA MELGACO,,R  PORTO SEGURO,"R PORTO SEGURO  CASA 01 , BAIRRO RES CAMPOS DOURADOS",2,2,2,1,1
AUTO_ALIAS_1A1_TOTAIS_IGUAIS,goiania,345324,2153,MORADA MONTEIRO,,R  SR35,"R SR35 CASA 01 , BAIRRO RES PAULO ESTRELA",2,2,2,1,1
AUTO_ALIAS_1A1_TOTAIS_IGUAIS,goiania,318346,6228,MORADA OLIVEIRA F.SILVA I,,R  RIO VERDE,"R RIO VERDE CASA 02 , BAIRRO RES RIO JORDÃO",2,2,2,1,1
AUTO_ALIAS_1A1_TOTAIS_IGUAIS,goiania,20636,5364,MORADA PEREIRA CAMPOS X,,R  JH39,"R JH39 LT 02 CS 03 , BAIRRO JD DAS HORTÊNCIAS",3,3,3,1,1
AUTO_ALIAS_1A1_TOTAIS_IGUAIS,goiania,196485,4881,MORADA PEREIRA DA SILVA X,,R  TAMANDARE,"R TAMANDARE  SOB 01 , BAIRRO PRQ ANHANGÜERA",2,2,2,1,1
AUTO_ALIAS_1A1_TOTAIS_IGUAIS,goiania,389932,2211,MORADA PEREIRA DE SOUZA I,,R  RB17,"R RB17 CASA 01 , BAIRRO RES RECANTO DO BOSQUE",3,3,3,1,1
AUTO_ALIAS_1A1_TOTAIS_IGUAIS,goiania,385652,5571,MORADA RITA ALVES BARBOSA XII,,AV NOVE DE JULHO,"AV NOVE DE JULHO CASA 01 , BAIRRO RES BRISAS DA MATA",2,2,2,1,1
AUTO_ALIAS_1A1_TOTAIS_IGUAIS,goiania,27924,5572,MORADA RITA ALVES BARBOSA XIII,,R  GUARAI,"R GUARAI C-1 , BAIRRO S ESTRELA DALVA",2,2,2,1,1
AUTO_ALIAS_1A1_TOTAIS_IGUAIS,goiania,249029,5573,MORADA RITA ALVES BARBOSA XIX,,R  BM1,"R BM1 CASA 01 , BAIRRO RES BRISAS DA MATA",3,3,3,1,1
AUTO_ALIAS_1A1_TOTAIS_IGUAIS,goiania,217313,1758,MORADA ROSA DO NASCIMENTO II,,R  RT9,"R RT9  CASA 01 , BAIRRO RES TALISMÃ",2,2,2,1,1
AUTO_ALIAS_1A1_TOTAIS_IGUAIS,goiania,120642,7268,MORADA ROSA SOARES DE OLIVEIRA I,,R  PH9,"R PH9  CASA 01 , BAIRRO LOT SOLANGE PARQUE III",3,3,3,1,1
AUTO_ALIAS_1A1_TOTAIS_IGUAIS,goiania,51509,5905,MORADA SANTOS PEREIRA VI,,R  DA REPUBLICA,"R DA REPUBLICA LT 05 CASA 01 , BAIRRO BRO CAPUAVA",2,2,2,1,1
AUTO_ALIAS_1A1_TOTAIS_IGUAIS,goiania,300870,1745,MORADA S DE AQUINO IV,,R  BM10,"R BM10 CASA 02 , BAIRRO RES BRISAS DA MATA",2,2,2,1,1
AUTO_ALIAS_1A1_TOTAIS_IGUAIS,goiania,292772,1746,MORADA SILVA CUNHA III,,AV DONA MELINHA,"AV DONA MELINHA CASA 01 , BAIRRO RES BRISAS DA MATA",2,2,2,1,1
AUTO_ALIAS_1A1_TOTAIS_IGUAIS,goiania,220542,2113,MORADA VALDEREIS X,,R  VB28,"R VB28  CASA 01 , BAIRRO RES VEREDA DOS BURITIS",2,2,2,1,1
AUTO_ALIAS_1A1_TOTAIS_IGUAIS,goiania,296935,2205,MORADA VAZ JORDAO,,R  RIO DIAMANTINO,"R RIO DIAMANTINO CASA02 , BAIRRO RES RIO JORDÃO",2,2,2,1,1
AUTO_ALIAS_1A1_TOTAIS_IGUAIS,goiania,178736,1542,MORADA VICTOR I,,AL SONECA,"AL SONECA  CASA 01 , BAIRRO JD IPANEMA",2,2,2,1,1
AUTO_ALIAS_1A1_TOTAIS_IGUAIS,goiania,178731,1863,MORADA VICTOR II,,AL SONECA,"AL SONECA  CASA 01 , BAIRRO JD IPANEMA",2,2,2,1,1
AUTO_ALIAS_1A1_TOTAIS_IGUAIS,goiania,296862,6782,MORADA WS JAO I,,R  J35,"R J35 SOBRADO 02 , BAIRRO S JAÓ",2,2,2,1,1
AUTO_ALIAS_1A1_TOTAIS_IGUAIS,goiania,381997,2110,MOREIRA BARBOSA,,R  DAS OPALAS,"R DAS OPALAS SOB 01 , BAIRRO LOT GOIÂNIA 2",2,2,2,1,1
AUTO_ALIAS_1A1_TOTAIS_IGUAIS,goiania,189502,1109,MORENA II,,R  DO SAVEU,"R DO SAVEU  CASA 01 , BAIRRO JD ATLÂNTICO",2,2,2,1,1
AUTO_ALIAS_1A1_TOTAIS_IGUAIS,goiania,172816,7187,MORENA SOUZA I,,R  BARRA DO PIRAI,"R BARRA DO PIRAI  C-1 , BAIRRO RES CAMPOS DOURADOS",2,2,2,1,1
AUTO_ALIAS_1A1_TOTAIS_IGUAIS,goiania,167291,6140,MOSAIR LOPES DA SILVA,,R  PARATI,"R PARATI  C-1 , BAIRRO RES CAMPOS DOURADOS",2,2,2,1,1
AUTO_ALIAS_1A1_TOTAIS_IGUAIS,goiania,222457,5894,MOURA PERILLO I,,R  MDV6,"R MDV6  CASA 03 , BAIRRO LOT MOINHO DOS VENTOS",3,3,3,1,1
AUTO_ALIAS_1A1_TOTAIS_IGUAIS,goiania,153061,2030,M P RODRIGUES II,,R  F10,"R F10  CASA 02 , BAIRRO RES FIDÉLIS",2,2,2,1,1
AUTO_ALIAS_1A1_TOTAIS_IGUAIS,goiania,249575,1992,NACIFE II,,R  MANGUBA,"R MANGUBA S/N CASA 01 , BAIRRO JD MARILIZA",2,2,2,1,1
AUTO_ALIAS_1A1_TOTAIS_IGUAIS,goiania,295003,5834,NASCIMENTO E SILVA I,,R  FL27,"R FL27 CASA 01 , BAIRRO PRQ DAS FLORES",3,3,3,1,1
AUTO_ALIAS_1A1_TOTAIS_IGUAIS,goiania,170767,3457,NATI I,,R  CONGONHAS,"R CONGONHAS  CASA 01 , BAIRRO RES CAMPOS DOURADOS",2,2,2,1,1
AUTO_ALIAS_1A1_TOTAIS_IGUAIS,goiania,378831,3894,NETO I,,R  BM25,"R BM25 CASA 02 , BAIRRO RES BRISAS DA MATA",2,2,2,1,1
AUTO_ALIAS_1A1_TOTAIS_IGUAIS,goiania,24377,6553,NETO RI,,R  1,"R 1 CASA 01 , BAIRRO S ESTRELA DALVA",2,2,2,1,1
AUTO_ALIAS_1A1_TOTAIS_IGUAIS,goiania,29799,5552,NETO VIII,,R  HENRIQUE MACHADO,"R HENRIQUE MACHADO LT S/N . , BAIRRO S PARQUE TREMENDÃO",2,2,2,1,1
AUTO_ALIAS_1A1_TOTAIS_IGUAIS,goiania,131932,6179,NEUSELY CABRAL,,R  CP 49,"R CP 49  CASA 01 , BAIRRO LOT CAROLINA PARQUE - COMPLEMENTO",2,2,2,1,1
AUTO_ALIAS_1A1_TOTAIS_IGUAIS,goiania,361146,5776,NILVA ARAUJO II,,R  BM10,"R BM10 CASA 02 , BAIRRO RES BRISAS DA MATA",2,2,2,1,1
AUTO_ALIAS_1A1_TOTAIS_IGUAIS,goiania,223318,2227,NILZA ALVES III,,R  MDV11,"R MDV11  CASA 01 , BAIRRO LOT MOINHO DOS VENTOS",3,3,3,1,1
AUTO_ALIAS_1A1_TOTAIS_IGUAIS,goiania,105148,6360,NOSSA SENHORA DA ABADIA,,R  ANTONIO RODRIGUES GALVAO,"R ANTONIO RODRIGUES GALVAO  C-02 , BAIRRO JD IMPERIAL",2,2,2,1,1
AUTO_ALIAS_1A1_TOTAIS_IGUAIS,goiania,141762,6359,NOSSA SENHORA DA ANUNCIACAO,,R  IRMA DINA LOUSA,"R IRMA DINA LOUSA  CASA 01 , BAIRRO JD SÃO JOSÉ",2,2,2,1,1
AUTO_ALIAS_1A1_TOTAIS_IGUAIS,goiania,103459,4816,NOSSA SENHORA DA BOA ESPERANCA,,R  LRM7,"R LRM7  C-1. , BAIRRO RES MENDANHA",2,2,2,1,1
AUTO_ALIAS_1A1_TOTAIS_IGUAIS,goiania,104445,6357,NOSSA SENHORA DO AMPARO,,R  RM5,"R RM5  C-02 , BAIRRO JD IMPERIAL",2,2,2,1,1
AUTO_ALIAS_1A1_TOTAIS_IGUAIS,goiania,104019,6780,NOSSA SENHORA DOS ANJOS,,R  ANTONIO RODRIGUES GALVAO,"R ANTONIO RODRIGUES GALVAO  C-1 , BAIRRO JD IMPERIAL",2,2,2,1,1
AUTO_ALIAS_1A1_TOTAIS_IGUAIS,goiania,200573,9586,NOVA CONSQUISTA,,R  PRESIDENTE JOHN ADAMS,"R PRESIDENTE JOHN ADAMS  CASA 01 , BAIRRO JD PRESIDENTE",2,2,2,1,1
AUTO_ALIAS_1A1_TOTAIS_IGUAIS,goiania,73288,7258,NUNES BRAGA III,,R  A28,"R A28 CASA 01 , BAIRRO BRO DA VITÓRIA",2,2,2,1,1
AUTO_ALIAS_1A1_TOTAIS_IGUAIS,goiania,319766,11092,OBERDAN COSTA DOS SANTOS II,,AV ACARY PASSOS,"AV ACARY PASSOS CASA 01 , BAIRRO RES VALE DO ARAGUAIA",2,2,2,1,1
AUTO_ALIAS_1A1_TOTAIS_IGUAIS,goiania,201439,6103,OLAVO BILAC XX,,AV OLAVO BILAC,"R F21  CASA 01 , BAIRRO LOT FAIÇALVILLE",3,3,3,1,1
AUTO_ALIAS_1A1_TOTAIS_IGUAIS,goiania,199267,7240,OLGMAR ELIAS MACHADO,,AL PRESIDENTE JEFFERSON,"AL PRESIDENTE JEFFERSON  CASA 02 , BAIRRO LOT FAIÇALVILLE",2,2,2,1,1
AUTO_ALIAS_1A1_TOTAIS_IGUAIS,goiania,11426,5826,OLIVEIRA,,R  C91,"R C91  CASA 01 , BAIRRO S SUDOESTE",2,2,2,1,1
AUTO_ALIAS_1A1_TOTAIS_IGUAIS,goiania,188663,1312,OLIVEIRA BACELAR,,R  DO SAVEIRO,"R DO SAVEIRO S/N     CASA01 , BAIRRO JD ATLÂNTICO",2,2,2,1,1
AUTO_ALIAS_1A1_TOTAIS_IGUAIS,goiania,358961,2139,OLIVEIRA CARDOSO I,,R  RIO CLARO,"R RIO CLARO CASA 02 , BAIRRO RES RIO JORDÃO",2,2,2,1,1
AUTO_ALIAS_1A1_TOTAIS_IGUAIS,goiania,8709,1193,OLIVEIRA E MONTEIRO,,AV C9 (RUA PINHEIRO CHAGAS),"AV C9 (RUA PINHEIRO CHAGAS) S/N     CASA 02 , BAIRRO S SUDOESTE",2,2,2,1,1
AUTO_ALIAS_1A1_TOTAIS_IGUAIS,goiania,157010,1993,OLIVEIRA GUIMARAES,,AV BURITIS,"AV BURITIS  CASA 02 , BAIRRO VLG SANTA RITA",2,2,2,1,1
AUTO_ALIAS_1A1_TOTAIS_IGUAIS,goiania,271488,1750,OLIVEIRA MESSIAS I,,R  RB1A,"R RB1A C-1 , BAIRRO RES RECANTO DO BOSQUE",2,2,2,1,1
AUTO_ALIAS_1A1_TOTAIS_IGUAIS,goiania,79452,6380,OLIVEIRAS,,R  TOMAZ SOARES,"R TOMAZ SOARES CASA 01 , BAIRRO RES SOLAR VILLE",2,2,2,1,1
AUTO_ALIAS_1A1_TOTAIS_IGUAIS,goiania,153042,8706,",OND RES SANTA FE 16-11",,R  JOAO LUIS DE OLIVEIRA,"R JOAO LUIS DE OLIVEIRA  CASA 01 , BAIRRO RES SANTA FÉ",2,2,2,1,1
AUTO_ALIAS_1A1_TOTAIS_IGUAIS,goiania,2690,7007,ORIENTE,,R  C52,"R C52 989     CASA 01 , BAIRRO S SOL NASCENTE",2,2,2,1,1
AUTO_ALIAS_1A1_TOTAIS_IGUAIS,goiania,60189,6303,ORIZONA I,,R  RP3,"R RP3 LT 29 . , BAIRRO RES RECREIO PANORAMA",2,2,2,1,1
AUTO_ALIAS_1A1_TOTAIS_IGUAIS,goiania,315335,6004,ORLANDO DOS SONHOS 5,,R  OM24,"R OM24 CASA 02 , BAIRRO RES ORLANDO DE MORAIS",2,2,2,1,1
AUTO_ALIAS_1A1_TOTAIS_IGUAIS,goiania,343262,1270,ORLANDO RESIDENCE,,R  OM34,"R OM34 CASA 01 , BAIRRO RES ORLANDO DE MORAIS",2,2,2,1,1
AUTO_ALIAS_1A1_TOTAIS_IGUAIS,goiania,179890,9318,OSEIA SILVA RESIDENCIAL,,R  G6,"R G6  CASA 01 , BAIRRO S GRAJAÚ",2,2,2,1,1
AUTO_ALIAS_1A1_TOTAIS_IGUAIS,goiania,31857,1833,PADUA II,,R  BADY HELOU,"R BADY HELOU LT S/N CS 02 , BAIRRO RES JARDIM HELOU",4,4,4,1,1
AUTO_ALIAS_1A1_TOTAIS_IGUAIS,goiania,60727,9766,PANORAMA 36,,AV G,"AV G LT 36 CS 01 , BAIRRO RES RECREIO PANORAMA",2,2,2,1,1
AUTO_ALIAS_1A1_TOTAIS_IGUAIS,goiania,16696,6062,PANTANAL,,R  RENASCER,"R RENASCER LT 14 CASA 01 , BAIRRO S MORADA DO SOL",2,2,2,1,1
AUTO_ALIAS_1A1_TOTAIS_IGUAIS,goiania,313906,5130,PANTANEIRO III,,R  RIO CLARO,"R RIO CLARO CASA 01 , BAIRRO RES PAULO ESTRELA",2,2,2,1,1
AUTO_ALIAS_1A1_TOTAIS_IGUAIS,goiania,320985,5972,PANTANEIRO VIII,,R  SR30,"R SR30 CASA 01 , BAIRRO S RECANTO DAS MINAS GERAIS",3,3,3,1,1
AUTO_ALIAS_1A1_TOTAIS_IGUAIS,goiania,158085,1246,PAQ EMPREENDIMENTOS I,,AV BETAVILLE,"AV BETAVILLE  CASA 4 , BAIRRO LOT ALPHAVILLE RESIDENCIAL",5,5,5,1,1
AUTO_ALIAS_1A1_TOTAIS_IGUAIS,goiania,279513,7010,PARADISE,,R  1032 UNIDADE 103,"R 1032 UNIDADE 103 CASA 01 , BAIRRO PRQ ATHENEU",2,2,2,1,1
AUTO_ALIAS_1A1_TOTAIS_IGUAIS,goiania,161361,6842,PARQUE SANTA RITA,,R  SR16,"R SR16  CASA-A , BAIRRO PRQ SANTA RITA",2,2,2,1,1
AUTO_ALIAS_1A1_TOTAIS_IGUAIS,goiania,271443,776,PASSAGLIA,,AV PIRES FERNANDES,"AV PIRES FERNANDES 45 L 01 , BAIRRO S AEROPORTO",23,23,23,1,1
AUTO_ALIAS_1A1_TOTAIS_IGUAIS,goiania,389649,2119,PATRICIA SOUZA 01,,R  RB28A,"R RB28A CASA 01 , BAIRRO RES RECANTO DO BOSQUE",2,2,2,1,1
AUTO_ALIAS_1A1_TOTAIS_IGUAIS,goiania,143386,5537,PATY-BITAR-40,,R  IRMA ALICE BITAR,"R IRMA ALICE BITAR  CASA 01 , BAIRRO JD SÃO JOSÉ",2,2,2,1,1
AUTO_ALIAS_1A1_TOTAIS_IGUAIS,goiania,254683,1874,PAULO ESTRELA,,R  9,"R 9 CASA 01 , BAIRRO RES PAULO ESTRELA",2,2,2,1,1
AUTO_ALIAS_1A1_TOTAIS_IGUAIS,goiania,168461,1756,PAULO F S,,R  37,"R 37  CASA 01 , BAIRRO CON DAS ESMERALDAS",2,2,2,1,1
AUTO_ALIAS_1A1_TOTAIS_IGUAIS,goiania,156130,1871,PAULO SALES III,,R  ANTONIO LUIZ DE PINA,"R ANTONIO LUIZ DE PINA  CASA 01 , BAIRRO RES SANTA FÉ",2,2,2,1,1
AUTO_ALIAS_1A1_TOTAIS_IGUAIS,goiania,323696,5951,PEDRO GUEDES III,,R  MA12,"R MA12 CASA 02 , BAIRRO RES OLINDA",2,2,2,1,1
AUTO_ALIAS_1A1_TOTAIS_IGUAIS,goiania,193616,2034,PELGI JARDIM EUROPA,,R  SALERMO,"R SALERMO  CASA 01 , BAIRRO JD EUROPA",2,2,2,1,1
AUTO_ALIAS_1A1_TOTAIS_IGUAIS,goiania,165736,6135,PELIMA I,,R  DA MISERICORDIA,"R DA MISERICORDIA  CASA 02 , BAIRRO RES SANTA FÉ I",2,2,2,1,1
AUTO_ALIAS_1A1_TOTAIS_IGUAIS,goiania,334268,6366,PENHA GHISI,,R  DA PRATA,"R DA PRATA CASA 01 , BAIRRO LOT GOIÂNIA 2",2,2,2,1,1
AUTO_ALIAS_1A1_TOTAIS_IGUAIS,goiania,60003,2049,PERCIVAL COELHO I,,R  HERMOGENES FERREIRA COELHO,"R HERMOGENES FERREIRA COELHO LT27 CASA 01 , BAIRRO RES BARRAVENTO",3,3,3,1,1
AUTO_ALIAS_1A1_TOTAIS_IGUAIS,goiania,127870,7260,PEREIRA DA SILVA I,,R  WALDOMIRO ROSA D OLIVEIRA,"R WALDOMIRO ROSA D OLIVEIRA  CASA 01 , BAIRRO JD DAS ROSAS",2,2,2,1,1
AUTO_ALIAS_1A1_TOTAIS_IGUAIS,goiania,154231,2148,PEREIRA DE SOUZA V,,R  ANTONIO LUIZ DE PINA,"R ANTONIO LUIZ DE PINA  CASA 02 , BAIRRO RES SANTA FÉ",2,2,2,1,1
AUTO_ALIAS_1A1_TOTAIS_IGUAIS,goiania,129076,1472,PEREIRA E SOBRINHO,,R  SM14,"R SM14  CASA02 , BAIRRO RES SÃO MARCOS",2,2,2,1,1
AUTO_ALIAS_1A1_TOTAIS_IGUAIS,goiania,281510,6835,PEREIRA SILVA,,R  AB8,"R AB8 CASA 01 , BAIRRO RES ALICE BARBOSA",2,2,2,1,1
AUTO_ALIAS_1A1_TOTAIS_IGUAIS,goiania,289191,6300,PESQUEIRA,,R  PESQUEIRA,"R PESQUEIRA C-1 , BAIRRO JD GUANABARA",3,3,3,1,1
AUTO_ALIAS_1A1_TOTAIS_IGUAIS,goiania,255497,6887,PETRA,,R  BM1,"R BM1 CASA 02 , BAIRRO RES BRISAS DA MATA",2,2,2,1,1
AUTO_ALIAS_1A1_TOTAIS_IGUAIS,goiania,85290,1873,PILAR DOS SONHOS,,R  SILVERIO FERNANDES DO NASCIMEN,"R SILVERIO FERNANDES DO NASCIMEN  CASA 01 , BAIRRO RES PILAR DOS SONHOS",2,2,2,1,1
AUTO_ALIAS_1A1_TOTAIS_IGUAIS,goiania,137915,6994,PINCESA 3,,R  ELPIDIO RODRIGUES,"R ELPIDIO RODRIGUES  CASA 01 , BAIRRO RES BUENA VISTA III",2,2,2,1,1
AUTO_ALIAS_1A1_TOTAIS_IGUAIS,goiania,304863,5759,PINHEIRO DE ALVARENGA I,,R  SR45,"R SR45 CASA 1 , BAIRRO RES SÃO LEOPOLDO",2,2,2,1,1
AUTO_ALIAS_1A1_TOTAIS_IGUAIS,goiania,138276,6198,PIRES-829,,R  CON JOSE TRINDADE DA F.E SILVA,"R CON JOSE TRINDADE DA F.E SILVA  C-1 , BAIRRO JD SÃO JOSÉ",2,2,2,1,1
AUTO_ALIAS_1A1_TOTAIS_IGUAIS,goiania,142316,6231,PIRES-829,,R  ATAULFO ALVES,"R ATAULFO ALVES  C-1 , BAIRRO JD SÃO JOSÉ",2,2,2,1,1
AUTO_ALIAS_1A1_TOTAIS_IGUAIS,goiania,310622,1999,PLAZA DE MADRID,,R  BOTICELLI,"R BOTICELLI  CASA 01 , BAIRRO S GENTIL MEIRELLES",2,2,2,1,1
AUTO_ALIAS_1A1_TOTAIS_IGUAIS,goiania,61059,1994,PONTAL ALTO DO VALE,,AV LUCIO REBELO,"AV LUCIO REBELO LT 40 . , BAIRRO S ALTO DO VALE",2,2,2,1,1
AUTO_ALIAS_1A1_TOTAIS_IGUAIS,goiania,256034,10788,PONTAL MARILIZA RESIDENCE,,R  PEROBA,"R CARNAUBA SN CASA 01 , BAIRRO JD MARILIZA",2,2,2,1,1
AUTO_ALIAS_1A1_TOTAIS_IGUAIS,goiania,328696,1749,PONTAL NORTE,,R  SIMILIANA BARBOSA,"R SIMILIANA BARBOSA CASA 01 , BAIRRO RES ANTÔNIO BARBOSA",2,2,2,1,1
AUTO_ALIAS_1A1_TOTAIS_IGUAIS,goiania,395044,1301,PONTAL XAVIER,,R  LIBANIA BARBOSA,"R LIBANIA BARBOSA CASA01 , BAIRRO RES ANTÔNIO BARBOSA",2,2,2,1,1
AUTO_ALIAS_1A1_TOTAIS_IGUAIS,goiania,104158,5742,PORTAL AAD IV,,R  CRP10,"R CRP10  CASA 03 , BAIRRO RES PRIMAVERA",3,3,3,1,1
AUTO_ALIAS_1A1_TOTAIS_IGUAIS,goiania,152541,5379,PORTAL A GALANTE I,,R  DAS OLIVEIRAS,"AV ANTONIO CRISPIM  CASA 02 , BAIRRO RES SANTA FÉ I",2,2,2,1,1
AUTO_ALIAS_1A1_TOTAIS_IGUAIS,goiania,221404,5818,PORTAL ALMEIDA XAVIER,,R  MDV43,"R MDV43  CASA 01 , BAIRRO LOT MOINHO DOS VENTOS",2,2,2,1,1
AUTO_ALIAS_1A1_TOTAIS_IGUAIS,goiania,175452,8688,PORTAL ANA CLARA RESIDENCE,,R  AC1,"R AC1  CASA 01 , BAIRRO RES ANA CLARA",2,2,2,1,1
AUTO_ALIAS_1A1_TOTAIS_IGUAIS,goiania,319271,6438,PORTAL ANDRADE RESIDENCE,,R  OM15,"R OM15 CASA 01 , BAIRRO RES ORLANDO DE MORAIS",2,2,2,1,1
AUTO_ALIAS_1A1_TOTAIS_IGUAIS,goiania,348513,5797,PORTAL ARAUJO,,AV ELZA PIRES DE CAMPOS,"AV ELZA PIRES DE CAMPOS CASA 02 , BAIRRO RES ANTONIO CARLOS PIRES",2,2,2,1,1
AUTO_ALIAS_1A1_TOTAIS_IGUAIS,goiania,189214,8398,PORTAL ATLANTICO RESIDENCE,,R  DA PERCA,"R DA PERCA  CASA 01 , BAIRRO JD ATLÂNTICO",2,2,2,1,1
AUTO_ALIAS_1A1_TOTAIS_IGUAIS,goiania,135014,1422,PORTAL BARBOSA DE MELO I,,R  IRMA MARIA BERNARDA,"R IRMA MARIA BERNARDA  CASA 01 , BAIRRO JD SÃO JOSÉ",2,2,2,1,1
AUTO_ALIAS_1A1_TOTAIS_IGUAIS,goiania,60718,6462,PORTAL BARRAVENTO RESIDENCE,,R  JOAQUIM LUCIO,"R JOAQUIM LUCIO LT 3/4/5 CASA 01 , BAIRRO RES BARRAVENTO",6,6,6,1,1
AUTO_ALIAS_1A1_TOTAIS_IGUAIS,goiania,374622,2052,PORTAL B DE MEDEIROS I,,R  J56,"R J56 SOB 01 , BAIRRO S JAÓ",2,2,2,1,1
AUTO_ALIAS_1A1_TOTAIS_IGUAIS,goiania,162056,5784,PORTAL CESAR III,,R  FV18,"R FV18  C-1 , BAIRRO RES SANTA FÉ",2,2,2,1,1
AUTO_ALIAS_1A1_TOTAIS_IGUAIS,goiania,347196,1300,PORTAL CIDADE VERDE I,,AL MEIA PONTE,"R RB23 CASA 01 , BAIRRO RES RECANTO DO BOSQUE",3,3,3,1,1
AUTO_ALIAS_1A1_TOTAIS_IGUAIS,goiania,155587,5460,PORTAL CRISPIM RESIDENCI,,R  ALPHA12,"R ALPHA12  CASA 01 , BAIRRO LOT ALPHAVILLE RESIDENCIAL",2,2,2,1,1
AUTO_ALIAS_1A1_TOTAIS_IGUAIS,goiania,139438,7351,PORTAL CRUVINEL DE MOURA RESIDENCI I,,R  JUCA RODRIGUES,"R JUCA RODRIGUES  CASA 01 , BAIRRO RES BUENA VISTA III",2,2,2,1,1
AUTO_ALIAS_1A1_TOTAIS_IGUAIS,goiania,57676,5748,PORTAL DE GOIAZ,,AV SAO CLEMENTE,"AV SAO CLEMENTE LT 09 . , BAIRRO S SÃO JOSÉ",2,2,2,1,1
AUTO_ALIAS_1A1_TOTAIS_IGUAIS,goiania,50280,5980,PORTAL DO ANGICO II,,R  HM4,"R HM4 LT S/N APT101 , BAIRRO RES HUGO DE MORAES",4,4,4,1,1
AUTO_ALIAS_1A1_TOTAIS_IGUAIS,goiania,154330,1484,PORTAL DOS IPES I,,AV ANTONIO CRISPIM,"AV ANTONIO CRISPIM  CASA 01 , BAIRRO RES SANTA FÉ",2,2,2,1,1
AUTO_ALIAS_1A1_TOTAIS_IGUAIS,goiania,324174,6307,PORTAL DOS SONHOS I,,R  NEGRINHO BARBOSA,"R NEGRINHO BARBOSA C-1 , BAIRRO RES ANTÔNIO BARBOSA",2,2,2,1,1
AUTO_ALIAS_1A1_TOTAIS_IGUAIS,goiania,269238,6919,PORTAL DOS SONHOS V,,R  GUARANIS,"R GUARANIS S/N CASA 01 , BAIRRO LOT SHANGRY-LA",5,5,5,1,1
AUTO_ALIAS_1A1_TOTAIS_IGUAIS,goiania,365138,7163,PORTAL DOS SONHOS VI,,R  OM10,"R OM10 CASA 01 , BAIRRO RES ORLANDO DE MORAIS",2,2,2,1,1
AUTO_ALIAS_1A1_TOTAIS_IGUAIS,goiania,181319,6792,PORTAL E.M.C.L RESIDENCE II,,R  PR 19,"R PR 19  CASA 01 , BAIRRO RES PORTAL DO ORIENTE",4,4,4,1,1
AUTO_ALIAS_1A1_TOTAIS_IGUAIS,goiania,135301,2124,PORTAL FAMILIA PALUSO III,,R  BENEDITO PEREIRA DE CASTRO,"R BENEDITO PEREIRA DE CASTRO  CASA01 , BAIRRO JD SÃO JOSÉ",2,2,2,1,1
AUTO_ALIAS_1A1_TOTAIS_IGUAIS,goiania,170783,5979,PORTAL GARABOSKI IV,,R  PARATI,"R PARATI  CASA 01 , BAIRRO RES CAMPOS DOURADOS",2,2,2,1,1
AUTO_ALIAS_1A1_TOTAIS_IGUAIS,goiania,325380,5763,PORTAL GOMES I,,AV SAMAMBAIA,"AV SAMAMBAIA CASA 01 , BAIRRO RES ORLANDO DE MORAIS",2,2,2,1,1
AUTO_ALIAS_1A1_TOTAIS_IGUAIS,goiania,137516,8643,PORTAL GUIMARAES AMORELLI RESIDENCE II,,R  JUCA RODRIGUES,"R JUCA RODRIGUES  CASA 01 , BAIRRO RES BUENA VISTA III",3,3,3,1,1
AUTO_ALIAS_1A1_TOTAIS_IGUAIS,goiania,165216,6233,PORTAL GUIMARAES RESIDENCE IV,,R  ANTONIO LUIZ DE PINA,"R ANTONIO LUIZ DE PINA  CASA 01 , BAIRRO RES SANTA FÉ",2,2,2,1,1
AUTO_ALIAS_1A1_TOTAIS_IGUAIS,goiania,137669,6098,PORTAL HC SOUSA E REZIO I,,R  JOAO MAXIMO BORGES,"R FLORESTA  CASA 01 , BAIRRO RES BUENA VISTA III",3,3,3,1,1
AUTO_ALIAS_1A1_TOTAIS_IGUAIS,goiania,328198,8890,PORTAL JACARANDA RESIDENCE,,R  JACARANDA,"R JATOBA SOB01 , BAIRRO LOT GOIÂNIA 2",3,3,3,1,1
AUTO_ALIAS_1A1_TOTAIS_IGUAIS,goiania,222199,5137,PORTAL J.C XAVIER VIII,,AV TORONTO,"AV TORONTO  C-1 , BAIRRO LOT MOINHO DOS VENTOS",2,2,2,1,1
AUTO_ALIAS_1A1_TOTAIS_IGUAIS,goiania,161001,5772,PORTAL J.C XAVIER XII,,R  SB9,"R SB9  C-1 , BAIRRO RES SOLAR BOUGAINVILLE",2,2,2,1,1
AUTO_ALIAS_1A1_TOTAIS_IGUAIS,goiania,316191,1773,PORTAL LIBERDADE III,,R  AB6,"R AB6 CASA 01 , BAIRRO RES ALICE BARBOSA",2,2,2,1,1
AUTO_ALIAS_1A1_TOTAIS_IGUAIS,goiania,395524,4777,PORTAL MACHADO CARDOSO E AGUIAR,,R  AB14,"R AB14 CASA 01 , BAIRRO RES ALICE BARBOSA",2,2,2,1,1
AUTO_ALIAS_1A1_TOTAIS_IGUAIS,goiania,25961,6106,PORTAL MELO II,,R  VANESSA R. SANTOS,"R VANESSA R. SANTOS LT 39 . , BAIRRO S PARQUE TREMENDÃO",2,2,2,1,1
AUTO_ALIAS_1A1_TOTAIS_IGUAIS,goiania,224909,5793,PORTAL PARQUE I,,R  SAULO COELHO CHAVES,"R SAULO COELHO CHAVES  CASA 01 , BAIRRO RES AQUÁRIOS II",2,2,2,1,1
AUTO_ALIAS_1A1_TOTAIS_IGUAIS,goiania,218413,6781,PORTAL RDS,,R  VB34,"R VB34  CASA 01 , BAIRRO RES VEREDA DOS BURITIS",2,2,2,1,1
AUTO_ALIAS_1A1_TOTAIS_IGUAIS,goiania,153097,1468,PORTAL REZENDE I,,R  ELPIDIO JOSE FARIA,"R ELPIDIO JOSE FARIA  CASA 01 , BAIRRO RES FORTE VILLE - EXTENSÃO",2,2,2,1,1
AUTO_ALIAS_1A1_TOTAIS_IGUAIS,goiania,153888,1233,PORTAL RIO VERDE II,,R  RV10,"R RV10  CASA 2 , BAIRRO RES RIO VERDE",2,2,2,1,1
AUTO_ALIAS_1A1_TOTAIS_IGUAIS,goiania,132974,7125,PORTAL RUIVO DANTAS RESIDENCI I,,R  PORTO GOMES,"R PORTO GOMES  CASA 01 , BAIRRO RES BUENA VISTA IV",3,3,3,1,1
AUTO_ALIAS_1A1_TOTAIS_IGUAIS,goiania,161884,5883,PORTAL SOUSA CAMPOS I,,R  BOA VISTA,"R BOA VISTA  CASA 01 , BAIRRO RES SANTA FÉ I",2,2,2,1,1
AUTO_ALIAS_1A1_TOTAIS_IGUAIS,goiania,133316,6970,PORTAL TOMAZ SERBETO IV,,R  PAULO RODRIGUES,"R PAULO RODRIGUES  CASA 01 , BAIRRO RES BUENA VISTA III",4,4,4,1,1
AUTO_ALIAS_1A1_TOTAIS_IGUAIS,goiania,358852,6821,PORTAL VALLE RESINDENCE,,R  OM38,"R OM38 CASA 01 , BAIRRO RES ANTONIO CARLOS PIRES",2,2,2,1,1
AUTO_ALIAS_1A1_TOTAIS_IGUAIS,goiania,222048,4756,PORTAL VIEIRA DE ALMEIDA I,,R  EF11,"R EF11  CASA 01 , BAIRRO RES ELI FORTE",2,2,2,1,1
AUTO_ALIAS_1A1_TOTAIS_IGUAIS,goiania,311843,5761,PRAIA BRAVA II,,R  MURICI,"R MURICI CASA 01 , BAIRRO LOT GOIÂNIA 2",2,2,2,1,1
AUTO_ALIAS_1A1_TOTAIS_IGUAIS,goiania,140730,1870,PRIMO VIEIRA XVII,,R  MONS PRIMO VIEIRA,"R MONS PRIMO VIEIRA  CASA 01 , BAIRRO JD SÃO JOSÉ",2,2,2,1,1
AUTO_ALIAS_1A1_TOTAIS_IGUAIS,goiania,137021,2172,PRIMO V MACHADO XX,,R  MONS. PRIMO VIEIRA,"R MONS. PRIMO VIEIRA  CASA 01 , BAIRRO RES MONTE PASCOAL",2,2,2,1,1
AUTO_ALIAS_1A1_TOTAIS_IGUAIS,goiania,139649,8297,PRINCESA 4,,R  ELPIDIO RODRIGUES,"R ELPIDIO RODRIGUES  CASA 01 , BAIRRO RES BUENA VISTA III",2,2,2,1,1
AUTO_ALIAS_1A1_TOTAIS_IGUAIS,goiania,190861,8776,PRISCILA I,,AV SAO CARLOS,"AV SAO CARLOS S/N     C 01 , BAIRRO JD PLANALTO",4,4,4,1,1
AUTO_ALIAS_1A1_TOTAIS_IGUAIS,goiania,137646,6417,PR NASCIMENTO E SILVA RESIDENCE,,R  POUSO ALEGRE,"R POUSO ALEGRE  CASA 01 , BAIRRO RES BUENA VISTA IV",2,2,2,1,1
AUTO_ALIAS_1A1_TOTAIS_IGUAIS,goiania,300610,6418,QUEIROZ 12,,AV CRISTIANO MACHADO,"AV CRISTIANO MACHADO CASA 01 , BAIRRO VL PEDROSO",2,2,2,1,1
AUTO_ALIAS_1A1_TOTAIS_IGUAIS,goiania,156256,5187,QUEIROZ COELHO RESIDENCI,,R  DA VITORIA,"R DA VITORIA  C-1 , BAIRRO RES SANTA FÉ I",2,2,2,1,1
AUTO_ALIAS_1A1_TOTAIS_IGUAIS,goiania,201958,6297,QUEIROZ FAICALVILLE,,AL GILSON ALVES DE SOUZA,"AL GILSON ALVES DE SOUZA  CASA 01 , BAIRRO LOT FAIÇALVILLE",2,2,2,1,1
AUTO_ALIAS_1A1_TOTAIS_IGUAIS,goiania,23392,1552,QUEIROZ VIEIRA III,,R  VII,"R VIII LT 27 CS 01 , BAIRRO S MORADA DO SOL",4,4,4,1,1
AUTO_ALIAS_1A1_TOTAIS_IGUAIS,goiania,248464,270,QUINTA GRANDEZA,,AV GOIANIA,"R MOSSORO SALA 01 , BAIRRO JD GUANABARA",13,13,13,1,1
AUTO_ALIAS_1A1_TOTAIS_IGUAIS,goiania,84285,13860,RAFAEL HENRIQUE IV,,R  AGRONOMO JOAQUIM BATISTA,"R AGRONOMO JOAQUIM BATISTA CASA 01 , BAIRRO RES SOLAR VILLE",2,2,2,1,1
AUTO_ALIAS_1A1_TOTAIS_IGUAIS,goiania,80816,6256,RAMOS,,R  24,"R 24 CASA 01 , BAIRRO S SANTOS DUMONT",2,2,2,1,1
AUTO_ALIAS_1A1_TOTAIS_IGUAIS,goiania,352291,7043,RAS. CORUMBA,,R  CPR2,"R CPR2 CASA 02 , BAIRRO RES COSTA PARANHOS",2,2,2,1,1
AUTO_ALIAS_1A1_TOTAIS_IGUAIS,goiania,172697,6747,RC EMILIANO RESIDENCE I,,R  BAIA FORMOSA,"R BAIA FORMOSA  CASA 01 , BAIRRO RES CAMPOS DOURADOS",2,2,2,1,1
AUTO_ALIAS_1A1_TOTAIS_IGUAIS,goiania,95966,10412,RCR RESIDENCE I,,R  BOROROS,"R BOROROS  CASA 01 , BAIRRO RES PETRÓPOLIS",3,3,3,1,1
AUTO_ALIAS_1A1_TOTAIS_IGUAIS,goiania,96068,10069,RCR RESIDENCE II,,R  BOROROS,"R BOROROS  CASA 01 , BAIRRO RES PETRÓPOLIS",3,3,3,1,1
AUTO_ALIAS_1A1_TOTAIS_IGUAIS,goiania,378116,11873,REA ALMEIDA DE BELO,,R  BH1,"R BH1 CASA 01 , BAIRRO RES BELO HORIZONTE",2,2,2,1,1
AUTO_ALIAS_1A1_TOTAIS_IGUAIS,goiania,101271,7073,RE. BELAS FLORES,,R  VI11,"R VI11 CASA 01 , BAIRRO CJ VERA CRUZ",3,3,3,1,1
AUTO_ALIAS_1A1_TOTAIS_IGUAIS,goiania,88095,6488,RE.BORGES IX,,R  RIO DAS ALMAS,"R RIO DAS ALMAS  CASA 01 , BAIRRO JD NOVO PETRÓPOLIS",2,2,2,1,1
AUTO_ALIAS_1A1_TOTAIS_IGUAIS,goiania,342963,7196,RECANTO BORGES,,R  RB3,"R RB3 CASA 01 , BAIRRO RES RECANTO DO BOSQUE",2,2,2,1,1
AUTO_ALIAS_1A1_TOTAIS_IGUAIS,goiania,94748,2074,RECANTO DA BRISA VIII,,R  XERENTES,"R XERENTES  CASA 01 , BAIRRO RES PETRÓPOLIS",4,4,4,1,1
AUTO_ALIAS_1A1_TOTAIS_IGUAIS,goiania,138073,1694,RECANTO DA MATA V,,R  RMP21,"R RMP21  CASA 02 , BAIRRO RES MONTE PASCOAL",2,2,2,1,1
AUTO_ALIAS_1A1_TOTAIS_IGUAIS,goiania,254408,8358,RECANTO DAS MINAS -10,,R  SR42,"R SR42 CASA 02 , BAIRRO S RECANTO DAS MINAS GERAIS",2,2,2,1,1
AUTO_ALIAS_1A1_TOTAIS_IGUAIS,goiania,230964,7616,RECANTO DOURADO,,R  MARAJO,"R MARAJO  CASA 01 , BAIRRO PRQ AMAZÔNIA",2,2,2,1,1
AUTO_ALIAS_1A1_TOTAIS_IGUAIS,goiania,209688,9272,RECANTO DO VALE,,R  VALLE GRANDE,"R VALLE GRANDE  CASA 01 , BAIRRO S TRÊS MARIAS",2,2,2,1,1
AUTO_ALIAS_1A1_TOTAIS_IGUAIS,goiania,261784,7194,RECANTO FILISBINO,,R  RB50A,"R RB50A CASA 01 , BAIRRO RES RECANTO DO BOSQUE",2,2,2,1,1
AUTO_ALIAS_1A1_TOTAIS_IGUAIS,goiania,176707,5306,REGINA TOME,,R  RI16,"R RI16  C-1 , BAIRRO RES ITAIPÚ",2,2,2,1,1
AUTO_ALIAS_1A1_TOTAIS_IGUAIS,goiania,326520,8249,REIDENCIAL LESONET I,,R  CEL.JOAQUIM AIRES FRANCA,"R CEL.JOAQUIM AIRES FRANCA  CASA 01 , BAIRRO JD BOM JESUS",2,2,2,1,1
AUTO_ALIAS_1A1_TOTAIS_IGUAIS,goiania,210079,11329,REIDENCIAL MARIA I,,AV PRESIDENTE VARGAS,"AV PRESIDENTE VARGAS  CASA02 , BAIRRO JD PRESIDENTE",2,2,2,1,1
AUTO_ALIAS_1A1_TOTAIS_IGUAIS,goiania,197091,293,REIS FERREIRA,,R  TAMANDARE,"R TAMANDARE  CASA 01 , BAIRRO PRQ ANHANGÜERA",2,2,2,1,1
AUTO_ALIAS_1A1_TOTAIS_IGUAIS,goiania,59679,5717,REIS PEREIRA VI,,R  GUILHERME F COELHO,"R GUILHERME F COELHO LT 23 CS 01 , BAIRRO RES BARRAVENTO",2,2,2,1,1
AUTO_ALIAS_1A1_TOTAIS_IGUAIS,goiania,89121,5391,REJAINE RIBEIRO,,R  OTHON GALDINO,"R OTHON GALDINO CASA 01 , BAIRRO RES RECANTO DAS GARÇAS",2,2,2,1,1
AUTO_ALIAS_1A1_TOTAIS_IGUAIS,goiania,206973,6927,RE.L.A.J XX,,R  MARIA GONCALVES DE ARAUJO,"R MARIA GONCALVES DE ARAUJO  CASA 01 , BAIRRO S TRÊS MARIAS I",2,2,2,1,1
AUTO_ALIAS_1A1_TOTAIS_IGUAIS,goiania,193203,5401,RE MARIA REGINA,,R  CARLOS GOMES,"R CARLOS GOMES  CASA 01 , BAIRRO PRQ ANHANGÜERA",2,2,2,1,1
AUTO_ALIAS_1A1_TOTAIS_IGUAIS,goiania,23418,6007,REMY E SOL III,,R  VI,"R VI LT 27 CS 01 , BAIRRO S MORADA DO SOL",2,2,2,1,1
AUTO_ALIAS_1A1_TOTAIS_IGUAIS,goiania,22944,5652,REMY & SOL II,,R  VI,"R VI LT 25 CS 01 , BAIRRO S MORADA DO SOL",2,2,2,1,1
AUTO_ALIAS_1A1_TOTAIS_IGUAIS,goiania,24861,5145,REMY & SOL V,,R  VI,"R VI LT 31 CS 01 , BAIRRO S MORADA DO SOL",2,2,2,1,1
AUTO_ALIAS_1A1_TOTAIS_IGUAIS,goiania,396669,6133,RENILTO AMARAL I,,R  RB10A,"R RB10A CASA 01 , BAIRRO RES RECANTO DO BOSQUE",2,2,2,1,1
AUTO_ALIAS_1A1_TOTAIS_IGUAIS,goiania,59496,5638,RENIO DA COSTA V,,R  RB15,"R RB15 21 CS 01 , BAIRRO S ALTO DO VALE",2,2,2,1,1
AUTO_ALIAS_1A1_TOTAIS_IGUAIS,goiania,61041,1839,RENIO RIBEIRO I,,R  ALBERTO RASSI,"R ALBERTO RASSI LT 42 CS 01 , BAIRRO RES BARRAVENTO",2,2,2,1,1
AUTO_ALIAS_1A1_TOTAIS_IGUAIS,goiania,340022,11493,RES 2 IRMAOS,,AV AFONSO PENA,"AV AFONSO PENA CASA 01 , BAIRRO VL JARDIM SÃO JUDAS TADEU",2,2,2,1,1
AUTO_ALIAS_1A1_TOTAIS_IGUAIS,goiania,145443,5622,RES 2V PLACE,,R  C134,"R C134 S/N     APT 02 , BAIRRO BRO JARDIM AMÉRICA",4,4,4,1,1
AUTO_ALIAS_1A1_TOTAIS_IGUAIS,goiania,344450,13467,RES.32 MAGALHAES,,R  CPR4,"R CPR4 CASA 02 , BAIRRO RES COSTA PARANHOS",2,2,2,1,1
AUTO_ALIAS_1A1_TOTAIS_IGUAIS,goiania,358534,5853,RES. 3RI,,R  RB11,"R RB11 CASA 01 , BAIRRO RES RECANTO DO BOSQUE",2,2,2,1,1
AUTO_ALIAS_1A1_TOTAIS_IGUAIS,goiania,124912,14505,RES 88 SOUSA I,,R  CP14,"R CP14  CASA 01 , BAIRRO RES SÃO MARCOS",2,2,2,1,1
AUTO_ALIAS_1A1_TOTAIS_IGUAIS,goiania,222327,8824,RES AAM MACEDO RESIDENCI I,,R  MDV23,"R MDV23  CASA 01 , BAIRRO LOT MOINHO DOS VENTOS",2,2,2,1,1
AUTO_ALIAS_1A1_TOTAIS_IGUAIS,goiania,128223,1621,RES AA S,,R  SM27,"R SM27  CASA01 , BAIRRO RES SÃO MARCOS",2,2,2,1,1
AUTO_ALIAS_1A1_TOTAIS_IGUAIS,goiania,148157,11800,RES. A.B.,,R  C158,"R C158  CASA-01 , BAIRRO BRO JARDIM AMÉRICA",2,2,2,1,1
AUTO_ALIAS_1A1_TOTAIS_IGUAIS,goiania,281490,7838,RES AB 01 14,,AV ANTONIO BARBOSA,"AV ANTONIO BARBOSA SOB 01 , BAIRRO RES ALICE BARBOSA",2,2,2,1,1
AUTO_ALIAS_1A1_TOTAIS_IGUAIS,goiania,333390,6183,RES AB-04,,R  AB4,"R AB4 CASA 01 , BAIRRO RES ALICE BARBOSA",2,2,2,1,1
AUTO_ALIAS_1A1_TOTAIS_IGUAIS,goiania,277433,1324,RES ABAJA,,R  IPAMERI,"R SAO MIGUEL  CASA 01 , BAIRRO VL ABAJÁ",2,2,2,1,1
AUTO_ALIAS_1A1_TOTAIS_IGUAIS,goiania,144240,12915,RES. ABEL ALVES,,R  C163,"R C163  CASA 01 , BAIRRO BRO JARDIM AMÉRICA",2,2,2,1,1
AUTO_ALIAS_1A1_TOTAIS_IGUAIS,goiania,142187,7219,RES ABI FACAIL III,,R  ATAULFO ALVES,"R ATAULFO ALVES  CASA 01 , BAIRRO JD SÃO JOSÉ",2,2,2,1,1
AUTO_ALIAS_1A1_TOTAIS_IGUAIS,goiania,143389,6603,RES ABI FAICAL,,AV INES PEREIRA DE MARIA,"AV INES PEREIRA DE MARIA  C-1 , BAIRRO JD SÃO JOSÉ",2,2,2,1,1
AUTO_ALIAS_1A1_TOTAIS_IGUAIS,goiania,134741,6585,RES ABI FAICAL II,,R  ANA BRAGA,"R ANA BRAGA  CASA 01 , BAIRRO JD SÃO JOSÉ",2,2,2,1,1
AUTO_ALIAS_1A1_TOTAIS_IGUAIS,goiania,142755,8369,RES ABI FAICAL V,,R  IRMA ALICE BITAR,"R IRMA ALICE BITAR  CASA 01 , BAIRRO JD SÃO JOSÉ",2,2,2,1,1
AUTO_ALIAS_1A1_TOTAIS_IGUAIS,goiania,142369,8551,RES ABI FAICAL VI,,R  MONS JOAO DAIBER,"R MONS JOAO DAIBER  CASA 01 , BAIRRO JD SÃO JOSÉ",2,2,2,1,1
AUTO_ALIAS_1A1_TOTAIS_IGUAIS,goiania,170810,9069,RES ABRAHAM RODRIGUES RESIDENCI II,,R  BARRA DO PIRAI,"R BARRA DO PIRAI  CASA 01 , BAIRRO RES CAMPOS DOURADOS",2,2,2,1,1
AUTO_ALIAS_1A1_TOTAIS_IGUAIS,goiania,382596,7537,RES. ABRAHAO I,,R  ES4,"R ES4 CASA 01 , BAIRRO RES ELIZENE SANTANA",2,2,2,1,1
AUTO_ALIAS_1A1_TOTAIS_IGUAIS,goiania,389349,7725,RES. ABRAHAO II,,R  ES4,"R ES4 CASA 01 , BAIRRO RES ELIZENE SANTANA",2,2,2,1,1
AUTO_ALIAS_1A1_TOTAIS_IGUAIS,goiania,177433,7643,RES ABRANHAM RODRIGUES RESIDENCI I,,AV VILA RICA,"AV VILA RICA  CASA 01 , BAIRRO RES CAMPOS DOURADOS",2,2,2,1,1
AUTO_ALIAS_1A1_TOTAIS_IGUAIS,goiania,147889,14445,RES ABREU E CUNHA,,R  C199,"R C199 0094    SOB 01 , BAIRRO BRO JARDIM AMÉRICA",2,2,2,1,1
AUTO_ALIAS_1A1_TOTAIS_IGUAIS,goiania,171983,2182,RES ABS-GOIANIA,,R  GOIANIA,"R GOIANIA  CASA 01 , BAIRRO JD ITAIPÚ",3,3,3,1,1
AUTO_ALIAS_1A1_TOTAIS_IGUAIS,goiania,161624,6174,RES ABS I,,R  ORLANDO ALVES CARNEIRO,"R ORLANDO ALVES CARNEIRO  CASA 01 , BAIRRO RES KÁTIA",2,2,2,1,1
AUTO_ALIAS_1A1_TOTAIS_IGUAIS,goiania,171973,12181,RES ABS-PEDRO VIEIRA L21,,R  PEDRO VIEIRA DOS SANTOS,"R PEDRO VIEIRA DOS SANTOS  CASA 01 , BAIRRO JD ITAIPÚ",2,2,2,1,1
AUTO_ALIAS_1A1_TOTAIS_IGUAIS,goiania,189824,5938,RES ABS SANTOS,,R  DO XAROCO,"R DO XAROCO  SOB 01 , BAIRRO JD ATLÂNTICO",2,2,2,1,1
AUTO_ALIAS_1A1_TOTAIS_IGUAIS,goiania,175423,7337,RES AC-5,,R  AC5,"R AC5  CASA 01 , BAIRRO RES ANA CLARA",3,3,3,1,1
AUTO_ALIAS_1A1_TOTAIS_IGUAIS,goiania,299466,9147,RES ACARI,,R  ES6,"R ES6 CASA 01 , BAIRRO RES ELIZENE SANTANA",2,2,2,1,1
AUTO_ALIAS_1A1_TOTAIS_IGUAIS,goiania,285520,9505,RES. ACASSIAS,,R  21 DE ABRIL,"R 21 DE ABRIL CASA 01 , BAIRRO RES PARQUE FLAMBOYANT",4,4,4,1,1
AUTO_ALIAS_1A1_TOTAIS_IGUAIS,goiania,199927,5267,RES ACG-01,,AV PARQUE,"AV PARQUE  SOB 01 , BAIRRO S TRÊS MARIAS",2,2,2,1,1
AUTO_ALIAS_1A1_TOTAIS_IGUAIS,goiania,125563,9076,RES A C P IV,,R  TARIJA,"R TARIJA  CASA 01 , BAIRRO RES NOVA AURORA",2,2,2,1,1
AUTO_ALIAS_1A1_TOTAIS_IGUAIS,goiania,200173,8325,RES. A.C.S.P.,,R  ELCHE,"R ELCHE  CASA 01 , BAIRRO S TRÊS MARIAS",2,2,2,1,1
AUTO_ALIAS_1A1_TOTAIS_IGUAIS,goiania,368247,10499,RES A.C.T.I,,R  ARAPONGA,"R ARAPONGA CASA01 , BAIRRO BRO SANTA GENOVEVA",2,2,2,1,1
AUTO_ALIAS_1A1_TOTAIS_IGUAIS,goiania,202093,6662,RES ADACIRAM,,AL NADIR BUFAICAL,"VIADE PEDESTRE DA QUADRA 14  CASA 01 , BAIRRO LOT FAIÇALVILLE",2,2,2,1,1
AUTO_ALIAS_1A1_TOTAIS_IGUAIS,goiania,355136,9151,RES ADELAIDE ROCHA,,PC VER. BOAVENTURA M. DE ANDRADE,"AV SETIMA AVENIDA CASA 03 , BAIRRO S LESTE VILA NOVA",4,4,4,1,1
AUTO_ALIAS_1A1_TOTAIS_IGUAIS,goiania,197219,8059,RES ADELICE,,R  PRUDENTE DE MORAIS,"R PRUDENTE DE MORAIS  CASA 01 , BAIRRO PRQ ANHANGÜERA",2,2,2,1,1
AUTO_ALIAS_1A1_TOTAIS_IGUAIS,goiania,89123,11117,RES ADELI MARQUES,,R  CC7,"R CC7 CASA 01 , BAIRRO RES CARLA CRISTINA",3,3,3,1,1
AUTO_ALIAS_1A1_TOTAIS_IGUAIS,goiania,95248,6424,RES ADEMAR COSTA CARVALHO,,R  PORTO ALEGRE,"R PORTO ALEGRE  CASA 01 , BAIRRO RES PETRÓPOLIS",2,2,2,1,1
AUTO_ALIAS_1A1_TOTAIS_IGUAIS,goiania,152375,11202,RES ADILSON,,R  RITA CAETANO,"R RITA CAETANO  CASA-01 , BAIRRO RES FIDÉLIS",2,2,2,1,1
AUTO_ALIAS_1A1_TOTAIS_IGUAIS,goiania,155824,13549,RES ADILSON MACEDO II,,R  FV21,"R FV21  CASA 02 , BAIRRO RES FORTE VILLE - EXTENSÃO",2,2,2,1,1
AUTO_ALIAS_1A1_TOTAIS_IGUAIS,goiania,347210,8702,RES ADILSON RB15A,,R  RB15A,"R RB15A CASA 01 , BAIRRO RES RECANTO DO BOSQUE",2,2,2,1,1
AUTO_ALIAS_1A1_TOTAIS_IGUAIS,goiania,60812,2434,RES ADONAY PEREIRA I,,R  ALBERTO RASSI,"R ALBERTO RASSI LT 38 . , BAIRRO RES BARRAVENTO",2,2,2,1,1
AUTO_ALIAS_1A1_TOTAIS_IGUAIS,goiania,197905,6151,RES ADORNO,,R  DO ATUM,"R DO ATUM S/N     CASA 01 , BAIRRO JD ATLÂNTICO",2,2,2,1,1
AUTO_ALIAS_1A1_TOTAIS_IGUAIS,goiania,125427,7769,RES ADORNO X,,R  DAS GERBERAS,"R DAS GERBERAS  CASA 01 , BAIRRO BRO JARDIM BOTÂNICO",2,2,2,1,1
AUTO_ALIAS_1A1_TOTAIS_IGUAIS,goiania,309763,8413,RES ADRIANA,,R  L6,"R L6 CASA 01 , BAIRRO BRO FELIZ",3,3,3,1,1
AUTO_ALIAS_1A1_TOTAIS_IGUAIS,goiania,207628,1354,RES ADRIANA III,,R  F35,"R F35  CASA 01 , BAIRRO LOT FAIÇALVILLE",2,2,2,1,1
AUTO_ALIAS_1A1_TOTAIS_IGUAIS,goiania,102348,8699,RES ADRIANO DOS SANTOS II,,AV WAGNER STELITA CAMPOS,"AV WAGNER STELITA CAMPOS S/N CASA 01 , BAIRRO CJ VERA CRUZ",2,2,2,1,1
AUTO_ALIAS_1A1_TOTAIS_IGUAIS,goiania,237785,8131,RES ADRIANO LIMA,,R  C268,"R C268  CASA 01 , BAIRRO BRO NOVA SUIÇA",2,2,2,1,1
AUTO_ALIAS_1A1_TOTAIS_IGUAIS,goiania,28791,6114,RES AEGON X,,R  ANDRELINA MONTEIRO,"R ANDRELINA MONTEIRO LT 06 CS 1 CS 2 , BAIRRO S PARQUE TREMENDÃO",2,2,2,1,1
AUTO_ALIAS_1A1_TOTAIS_IGUAIS,goiania,27951,6589,RES AEGON XI,,R  ANDRELINA MONTEIRO,"R ANDRELINA MONTEIRO LT 05 CS 1 CS 2 , BAIRRO S PARQUE TREMENDÃO",2,2,2,1,1
AUTO_ALIAS_1A1_TOTAIS_IGUAIS,goiania,26711,6663,RES AEGON XII,,R  ANDRELINA MONTEIRO,"R ANDRELINA MONTEIRO LT 04 CS 1 CS 2 , BAIRRO S PARQUE TREMENDÃO",2,2,2,1,1
AUTO_ALIAS_1A1_TOTAIS_IGUAIS,goiania,24476,7011,RES AEGON XIII,,R  ANDRELINA MONTEIRO,"R ANDRELINA MONTEIRO LT 03 CS 1 CS 2 , BAIRRO S PARQUE TREMENDÃO",2,2,2,1,1
AUTO_ALIAS_1A1_TOTAIS_IGUAIS,goiania,130962,2163,RES AE'S RESIDENCE,,R  CP12,"R CP12  CASA 01 , BAIRRO LOT CAROLINA PARQUE",2,2,2,1,1
AUTO_ALIAS_1A1_TOTAIS_IGUAIS,goiania,183798,6834,RES.AFLANIO RIBEIRO,,R  JCA15,"R JCA15  C-1 , BAIRRO JD CARAVELAS 1ª ETAPA",3,3,3,1,1
AUTO_ALIAS_1A1_TOTAIS_IGUAIS,goiania,221375,5757,RES. AFONSO E SILVA RESIDENCI,,R  EF27,"R EF27  CASA 01 , BAIRRO RES ELI FORTE - EXTENSÃO",2,2,2,1,1
AUTO_ALIAS_1A1_TOTAIS_IGUAIS,goiania,125994,10006,RES AFONSO E SILVA RESIDENCI III,,R  SUSANA DOLIVEIRA,"R SUSANA DOLIVEIRA  CASA 01 , BAIRRO JD DAS ROSAS",2,2,2,1,1
AUTO_ALIAS_1A1_TOTAIS_IGUAIS,goiania,152550,3518,RES AFONSO E SILVA`S,,R  SRM25,"R EF8  CASA 02 , BAIRRO RES VILLAGE SANTA RITA IV",2,2,2,1,1
AUTO_ALIAS_1A1_TOTAIS_IGUAIS,goiania,329792,12521,RES.AFONSO MENDES III,,R  BM25,"R BM25 CASA 02 , BAIRRO RES BRISAS DA MATA",2,2,2,1,1
AUTO_ALIAS_1A1_TOTAIS_IGUAIS,goiania,216010,11998,RES AFONSO RODRIGUES,,R  CV10,"R CV10  CASA 01 , BAIRRO RES CENTER VILLE",2,2,2,1,1
AUTO_ALIAS_1A1_TOTAIS_IGUAIS,goiania,228284,8087,RES AGADEZ,,R  240A,"R 240A  CASA 01 , BAIRRO S BUENO",2,2,2,1,1
AUTO_ALIAS_1A1_TOTAIS_IGUAIS,goiania,128039,7355,RES A GALANTE RESIDENCI,,R  DAS CANDEIAS,"R DAS CANDEIAS  CASA 01 , BAIRRO BRO JARDIM BOTÂNICO",2,2,2,1,1
AUTO_ALIAS_1A1_TOTAIS_IGUAIS,goiania,376197,6444,RES AGENOR RIBEIRO DE SANTANA I,,R  BM22,"R BM22 CASA 01 , BAIRRO RES BRISAS DA MATA",3,3,3,1,1
AUTO_ALIAS_1A1_TOTAIS_IGUAIS,goiania,164412,6784,RES AGNALDO A.F.III,,R  DA ALVORADA,"R DA ALVORADA  C-1 , BAIRRO RES SANTA FÉ I",2,2,2,1,1
AUTO_ALIAS_1A1_TOTAIS_IGUAIS,goiania,255458,6545,RES. AGNALDO PEREIRA I,,R  RIO VERDE,"R RIO VERDE CASA 03 , BAIRRO RES RIO JORDÃO",3,3,3,1,1
AUTO_ALIAS_1A1_TOTAIS_IGUAIS,goiania,395344,2186,RES AGNAR DE SOUZA,,R  FL39,"R FL39 CASA 01 , BAIRRO PRQ DAS FLORES",2,2,2,1,1
AUTO_ALIAS_1A1_TOTAIS_IGUAIS,goiania,177055,12219,__RES AGROMONTE,,R  RI29,"R RI29  CASA01 , BAIRRO RES ITAIPÚ",2,2,2,1,1
AUTO_ALIAS_1A1_TOTAIS_IGUAIS,goiania,8516,8523,RES AGUAS DE OLIVENCAS,,AV C11,"AV C11  CASA 02 , BAIRRO S SUDOESTE",2,2,2,1,1
AUTO_ALIAS_1A1_TOTAIS_IGUAIS,goiania,150080,7182,RES AGUAS DO SERRINHA III,,R  C167,"R C167  CASA 01 , BAIRRO BRO JARDIM AMÉRICA",4,4,4,1,1
AUTO_ALIAS_1A1_TOTAIS_IGUAIS,goiania,200087,614,RES AGUIAR,,AV PRESIDENTE WASHINGTON LUIZ,"AV PRESIDENTE WASHINGTON LUIZ  CASA01 , BAIRRO JD PRESIDENTE",2,2,2,1,1
AUTO_ALIAS_1A1_TOTAIS_IGUAIS,goiania,97937,8163,RES AIDA GALVAO DOURADO,,R  AIMORES,"R AIMORES  CASA 01 , BAIRRO RES PETRÓPOLIS",2,2,2,1,1
AUTO_ALIAS_1A1_TOTAIS_IGUAIS,goiania,59059,8015,RES AILTON GALVAO DOURADO,,R  VF15,"R VF15 LT S/N CS 01 , BAIRRO S ALTO DO VALE",2,2,2,1,1
AUTO_ALIAS_1A1_TOTAIS_IGUAIS,goiania,139540,5754,RES. AIRES PEREIRA VI,,R  RMP3,"R RMP3  CASA 01 , BAIRRO RES MONTE PASCOAL",2,2,2,1,1
AUTO_ALIAS_1A1_TOTAIS_IGUAIS,goiania,346921,6186,RES A.J.B. IX,,R  OM24,"R OM24 CASA 01 , BAIRRO RES ORLANDO DE MORAIS",2,2,2,1,1
AUTO_ALIAS_1A1_TOTAIS_IGUAIS,goiania,344683,5522,RES.A.J.B.V,,R  OM24,"R OM24 C-1 , BAIRRO RES ORLANDO DE MORAIS",2,2,2,1,1
AUTO_ALIAS_1A1_TOTAIS_IGUAIS,goiania,347934,5741,RES.A.J.B.VI,,R  OM24,"R OM24 CASA 01 , BAIRRO RES ORLANDO DE MORAIS",2,2,2,1,1
AUTO_ALIAS_1A1_TOTAIS_IGUAIS,goiania,343289,5948,RES.A.J.B.VII,,R  OM24,"R OM24 CASA 01 , BAIRRO RES ORLANDO DE MORAIS",2,2,2,1,1
AUTO_ALIAS_1A1_TOTAIS_IGUAIS,goiania,345477,6896,RES A.J.B.X,,R  ACP07,"R ACP07 CASA 02 , BAIRRO RES ANTONIO CARLOS PIRES",2,2,2,1,1
AUTO_ALIAS_1A1_TOTAIS_IGUAIS,goiania,273230,7756,RES A.J.B XI,,AV SAMAMBAIA,"AV SAMAMBAIA CASA 01 , BAIRRO RES ORLANDO DE MORAIS",2,2,2,1,1
AUTO_ALIAS_1A1_TOTAIS_IGUAIS,goiania,389143,8710,RES A.J.B. XII,,R  AB5,"R AB5 CASA 01 , BAIRRO RES ALICE BARBOSA",2,2,2,1,1
AUTO_ALIAS_1A1_TOTAIS_IGUAIS,goiania,219839,8132,RES. A.J.F. I,,R  VB22,"R VB22  CASA 01 , BAIRRO RES VEREDA DOS BURITIS",2,2,2,1,1
AUTO_ALIAS_1A1_TOTAIS_IGUAIS,goiania,182737,8565,RES ALAIN DE VILLE IV,,R  DUQUE DE CAXIAS,"R DUQUE DE CAXIAS  CASA 01 , BAIRRO S CRISTINA",2,2,2,1,1
AUTO_ALIAS_1A1_TOTAIS_IGUAIS,goiania,313910,5467,RES.ALASCA II,,R  SH5,"R SH5 CASA 01 , BAIRRO BRO SANTO HILÁRIO - EXPANSÃO",2,2,2,1,1
AUTO_ALIAS_1A1_TOTAIS_IGUAIS,goiania,372013,5855,RES.ALASCA III,,VIADE PEDESTRE PEDRO ARANT,"VIADE PEDESTRE PEDRO ARANT CASA 01 , BAIRRO BRO SANTO HILÁRIO - EXPANSÃO",2,2,2,1,1
AUTO_ALIAS_1A1_TOTAIS_IGUAIS,goiania,313890,6634,RES ALASCA V,,R  SH2,"R SH2 CASA 01 , BAIRRO BRO SANTO HILÁRIO - EXPANSÃO",2,2,2,1,1
AUTO_ALIAS_1A1_TOTAIS_IGUAIS,goiania,189422,12346,RES ALBACORA,,R  DA ALBACORA,"R DA ALBACORA  CASA 01 , BAIRRO JD ATLÂNTICO",2,2,2,1,1
AUTO_ALIAS_1A1_TOTAIS_IGUAIS,goiania,151264,8905,RES ALBATROZ IV,,R  C126,"R C126 S/N     CASA01 , BAIRRO BRO JARDIM AMÉRICA",2,2,2,1,1
AUTO_ALIAS_1A1_TOTAIS_IGUAIS,goiania,292463,8237,RES ALBERNAZ E BORBA II,,R  MONROE,"R MONROE CASA 01 , BAIRRO JD NOVO MUNDO",3,3,3,1,1
AUTO_ALIAS_1A1_TOTAIS_IGUAIS,goiania,306687,10814,RES. ALBERNAZ E BORBA III,,R  PANAMA,"R PANAMA CASA 01 , BAIRRO JD NOVO MUNDO",3,3,3,1,1
AUTO_ALIAS_1A1_TOTAIS_IGUAIS,goiania,175390,1283,RES ALBERNAZ I,,R  AC7,"R AC7  CASA01 , BAIRRO RES ANA CLARA",2,2,2,1,1
AUTO_ALIAS_1A1_TOTAIS_IGUAIS,goiania,376080,7179,RES ALBERTO BATISTA CARVALHO I,,R  BM27,"R BM27 CASA 01 , BAIRRO RES BRISAS DA MATA",2,2,2,1,1
AUTO_ALIAS_1A1_TOTAIS_IGUAIS,goiania,205806,11297,RES.ALBERTO GONCALVES I,,R  PRESIDENTE RODRIGUES ALVES,"R PRESIDENTE RODRIGUES ALVES  CASA 01 , BAIRRO LOT FAIÇALVILLE",2,2,2,1,1
AUTO_ALIAS_1A1_TOTAIS_IGUAIS,goiania,171699,5731,RES.ALBINO,,R  BELO HORIZONTE,"R BELO HORIZONTE  CASA 01 , BAIRRO JD ITAIPÚ",4,4,4,1,1
AUTO_ALIAS_1A1_TOTAIS_IGUAIS,goiania,177439,7840,RES ALBUQUERQUE I,,R  CARAGUATATUBA,"R BAIA FORMOSA  CASA 01 , BAIRRO RES CAMPOS DOURADOS",3,3,3,1,1
AUTO_ALIAS_1A1_TOTAIS_IGUAIS,goiania,217090,13881,RES ALCANFOR I,,R  CV14,"R CV14  CASA01 , BAIRRO RES CENTER VILLE",2,2,2,1,1
AUTO_ALIAS_1A1_TOTAIS_IGUAIS,goiania,77471,9001,RES ALCA SANTOS DUMONT,,R  5,"R 5 CASA 03 , BAIRRO S SANTOS DUMONT",3,3,3,1,1
AUTO_ALIAS_1A1_TOTAIS_IGUAIS,goiania,58955,6815,RES.ALECRIM,,R  RB15,"R RB15 LT S/N CS 01 , BAIRRO S ALTO DO VALE",2,2,2,1,1
AUTO_ALIAS_1A1_TOTAIS_IGUAIS,goiania,59685,5674,RES ALECRIM I,,AV G,"AV G LT 23A/ 24 CS 01 , BAIRRO RES RECREIO PANORAMA",2,2,2,1,1
AUTO_ALIAS_1A1_TOTAIS_IGUAIS,goiania,154927,1568,RES ALEIXO 4,,AV ANTONIO CRISPIM,"AV ANTONIO CRISPIM  C-2 , BAIRRO RES SANTA FÉ",2,2,2,1,1
AUTO_ALIAS_1A1_TOTAIS_IGUAIS,goiania,124667,1964,RES ALENCAR SOARES I,,R  GP6,"R GP6  CASA 02 , BAIRRO RES GOYAZ PARK",2,2,2,1,1
AUTO_ALIAS_1A1_TOTAIS_IGUAIS,goiania,168360,6599,RES ALEXAMDRINO II,,R  33,"R 33  CASA 01 , BAIRRO CON DAS ESMERALDAS",2,2,2,1,1
AUTO_ALIAS_1A1_TOTAIS_IGUAIS,goiania,242844,9463,RES ALEXANDRE,,R  T50,"R T50 S/N     ESCRITORIO , BAIRRO S BUENO",4,4,4,1,1
AUTO_ALIAS_1A1_TOTAIS_IGUAIS,goiania,125013,12928,RES ALEXANDRE III,,R  ORLANDO M. DE ABREU,"R DESOR. EMILIO FLEURY DE BRITO  CASA 01 , BAIRRO JD MARQUES DE ABREU",2,2,2,1,1
AUTO_ALIAS_1A1_TOTAIS_IGUAIS,goiania,174900,6801,RES.ALEXANDRINO I,,R  40,"R 40  CASA 01 , BAIRRO CON DAS ESMERALDAS",2,2,2,1,1
AUTO_ALIAS_1A1_TOTAIS_IGUAIS,goiania,334427,8113,RES ALFA,,R  AB13,"R AB13 CASA 01 , BAIRRO RES ALICE BARBOSA",2,2,2,1,1
AUTO_ALIAS_1A1_TOTAIS_IGUAIS,goiania,219353,5753,RES.A.L.F II,,R  MDV23,"R MDV23  CASA 01 , BAIRRO LOT MOINHO DOS VENTOS",2,2,2,1,1
AUTO_ALIAS_1A1_TOTAIS_IGUAIS,goiania,158296,6376,RES.A.L.F III,,AV CRUZEIRO DO SUL,"AV CRUZEIRO DO SUL  CASA 01 , BAIRRO RES SANTA FÉ I",2,2,2,1,1
AUTO_ALIAS_1A1_TOTAIS_IGUAIS,goiania,156132,12249,RES ALFREDO TELES NETO,,AV ORLANDO MARQUES DE ABREU,"AV ORLANDO MARQUES DE ABREU  CASA 01 , BAIRRO RES FIDÉLIS",2,2,2,1,1
AUTO_ALIAS_1A1_TOTAIS_IGUAIS,goiania,357111,2885,RES ALICE BANDEIRA IV,,R  ALICE BANDEIRA,"R JOAQUIM SELTZ CASA01 , BAIRRO JD BALNEÁRIO MEIA PONTE",2,2,2,1,1
AUTO_ALIAS_1A1_TOTAIS_IGUAIS,goiania,324555,5879,RES ALICE BARBOSA I,,R  AB24,"R AB24 CASA 01 , BAIRRO RES ALICE BARBOSA I",2,2,2,1,1
AUTO_ALIAS_1A1_TOTAIS_IGUAIS,goiania,295217,9177,RES ALICE BARBOSA X,,R  AB5,"R AB5 CASA 01 , BAIRRO RES ALICE BARBOSA",2,2,2,1,1
AUTO_ALIAS_1A1_TOTAIS_IGUAIS,goiania,388863,12234,RES ALICE CORDEIRO,,AV CARRINHO CUNHA,"AV CARRINHO CUNHA CASA 01 , BAIRRO PRQ DAS FLORES",4,4,4,1,1
AUTO_ALIAS_1A1_TOTAIS_IGUAIS,goiania,79239,9400,RES ALINE,,R  ERECHIN,"R ERECHIN CASA 01 , BAIRRO S BARRA DA TIJUCA",2,2,2,1,1
AUTO_ALIAS_1A1_TOTAIS_IGUAIS,goiania,281252,11588,RES ALINE CUNHA,,R  FINLANDIA,"R FINLANDIA CASA 01 , BAIRRO RES JOSÉ VIANDELI",2,2,2,1,1
AUTO_ALIAS_1A1_TOTAIS_IGUAIS,goiania,371802,13245,RES ALINE MARTINS I,,AV DONA MELINHA,"AV DONA MELINHA CASA 01 , BAIRRO RES BRISAS DA MATA",2,2,2,1,1
AUTO_ALIAS_1A1_TOTAIS_IGUAIS,goiania,312917,7920,RES ALINE NASCIMENTO,,R  AB19,"R AB19 CASA 01 , BAIRRO RES ALICE BARBOSA",2,2,2,1,1
AUTO_ALIAS_1A1_TOTAIS_IGUAIS,goiania,267692,6952,RES ALIRIO AMORIM I,,R  BM15,"R BM15 CASA 01 , BAIRRO RES BRISAS DA MATA",2,2,2,1,1
AUTO_ALIAS_1A1_TOTAIS_IGUAIS,goiania,5327,9154,RES ALISON 2,,AL AIDILIO FERREIRA,"AL AIDILIO FERREIRA LT 03 SOBRADO 1 , BAIRRO BRO CIDADE JARDIM",2,2,2,1,1
AUTO_ALIAS_1A1_TOTAIS_IGUAIS,goiania,8441,6912,RES ALISON GILTON SUDOESTE,,R  C80,"R C80 LT 01 CS 01 A 03 , BAIRRO S SUDOESTE",3,3,3,1,1
AUTO_ALIAS_1A1_TOTAIS_IGUAIS,goiania,383402,5842,RES. ALMEIDA,,R  CARAIBAS,"R CARAIBAS CASA 01 , BAIRRO BRO SANTA GENOVEVA",2,2,2,1,1
AUTO_ALIAS_1A1_TOTAIS_IGUAIS,goiania,144593,13510,RES. ALMEIDA,,R  C167,"R C145  CASA 2 , BAIRRO BRO JARDIM AMÉRICA",2,2,2,1,1
AUTO_ALIAS_1A1_TOTAIS_IGUAIS,goiania,142393,6079,RES ALMEIDA-46,,R  MONS PRIMO VIEIRA,"R MONS PRIMO VIEIRA  CASA 01 , BAIRRO JD SÃO JOSÉ",2,2,2,1,1
AUTO_ALIAS_1A1_TOTAIS_IGUAIS,goiania,222435,1892,RES ALMEIDA DA COSTA II,,R  MDV19,"R MDV19  CASA 1 , BAIRRO LOT MOINHO DOS VENTOS",3,3,3,1,1
AUTO_ALIAS_1A1_TOTAIS_IGUAIS,goiania,142533,6685,RES. ALMEIDA DE JESUS,,R  ELO32,"R ELO32  CASA 01 , BAIRRO PRQ ELDORADO OESTE",2,2,2,1,1
AUTO_ALIAS_1A1_TOTAIS_IGUAIS,goiania,207801,6132,RES ALMEIDA II,,R  F53,"R F53  CASA 01 , BAIRRO LOT FAIÇALVILLE",2,2,2,1,1
AUTO_ALIAS_1A1_TOTAIS_IGUAIS,goiania,290811,11956,RES ALMEIDA SILVA II,,AV MARCIO DA SILVA,"AV MARCIO DA SILVA  CASA 01 , BAIRRO RES ITÁLIA",2,2,2,1,1
AUTO_ALIAS_1A1_TOTAIS_IGUAIS,goiania,83451,8080,RES ALOYSIO TELES VII,,R  LUIS JOSE COSTA,"R LUIS JOSE COSTA  CASA 02 , BAIRRO RES PILAR DOS SONHOS",4,4,4,1,1
AUTO_ALIAS_1A1_TOTAIS_IGUAIS,goiania,154114,7800,RES ALPHA 06 14,,R  ALPHA14,"R ALPHA14  CASA 01 , BAIRRO LOT ALPHAVILLE RESIDENCIAL",3,3,3,1,1
AUTO_ALIAS_1A1_TOTAIS_IGUAIS,goiania,162145,6087,RES ALPHA-14,,R  ALPHA14,"R ALPHA14  CASA 01 , BAIRRO LOT ALPHAVILLE RESIDENCIAL",2,2,2,1,1
AUTO_ALIAS_1A1_TOTAIS_IGUAIS,goiania,159903,13071,RES ALPHA DE SOUSA,,R  ALPHA19,"R ALPHA19  CASA01 , BAIRRO LOT ALPHAVILLE RESIDENCIAL",3,3,3,1,1
AUTO_ALIAS_1A1_TOTAIS_IGUAIS,goiania,76419,8832,RES ALPHA PRIME,,AV CORONEL JOAQUIM LUCIO,"AV CORONEL JOAQUIM LUCIO CASA 04 , BAIRRO S SANTOS DUMONT",4,4,4,1,1
AUTO_ALIAS_1A1_TOTAIS_IGUAIS,goiania,155751,2053,RES ALPHA RODRIGUES,,R  ALPHA28,"R ALPHA28  CASA 01 , BAIRRO LOT ALPHAVILLE RESIDENCIAL",2,2,2,1,1
AUTO_ALIAS_1A1_TOTAIS_IGUAIS,goiania,158525,8082,RES. ALPHAVILLE 3,,AV ALPHAVILLE,"AV ALPHAVILLE  , BAIRRO LOT ALPHAVILLE RESIDENCIAL",2,2,2,1,1
AUTO_ALIAS_1A1_TOTAIS_IGUAIS,goiania,152816,7000,RES ALPHAVILLE XV,,R  ALPHA10,"R ALPHA10  CASA 01 , BAIRRO LOT ALPHAVILLE RESIDENCIAL",2,2,2,1,1
AUTO_ALIAS_1A1_TOTAIS_IGUAIS,goiania,165313,14498,RES ALTO DO SANTA FE,,R  JOAO LUIS DE OLIVEIRA,"R JOAO LUIS DE OLIVEIRA  CASA 1 , BAIRRO RES SANTA FÉ",3,3,3,1,1
AUTO_ALIAS_1A1_TOTAIS_IGUAIS,goiania,59138,8389,RES ALTO VALE RB ONZE,,R  RB11,"R RB11 19 CS 01 , BAIRRO S ALTO DO VALE",2,2,2,1,1
AUTO_ALIAS_1A1_TOTAIS_IGUAIS,goiania,125210,13055,RES.ALUIZIO ALVES I,,R  SM4,"R SM4  CASA 01 , BAIRRO RES SÃO MARCOS",2,2,2,1,1
AUTO_ALIAS_1A1_TOTAIS_IGUAIS,goiania,96342,8503,RES ALVARENGA DIAS,,R  TAMOIOS,"R TAMOIOS  C1 , BAIRRO RES PETRÓPOLIS",4,4,4,1,1
AUTO_ALIAS_1A1_TOTAIS_IGUAIS,goiania,236641,9006,RES ALVARENGA I,,R  MAICURU,"R MAICURU  CASA 01 , BAIRRO PRQ AMAZÔNIA",2,2,2,1,1
AUTO_ALIAS_1A1_TOTAIS_IGUAIS,goiania,177850,9878,RES ALVARENGA III,,R  RI15,"R RI15  CASA 01 , BAIRRO RES ITAIPÚ",2,2,2,1,1
AUTO_ALIAS_1A1_TOTAIS_IGUAIS,goiania,343324,12412,RES ALVARENGA III,,R  MA3,"R MA3 CASA 02 , BAIRRO RES OLINDA",2,2,2,1,1
AUTO_ALIAS_1A1_TOTAIS_IGUAIS,goiania,218211,4116,RES ALVARENGA JUNIOR VIII,,R  CV15,"R CV26  CASA01 , BAIRRO RES CENTER VILLE",3,3,3,1,1
AUTO_ALIAS_1A1_TOTAIS_IGUAIS,goiania,322624,9609,RES ALVARO MARTINS,,R  7,"R 8 CASA 01 , BAIRRO RES PAULO ESTRELA",2,2,2,1,1
AUTO_ALIAS_1A1_TOTAIS_IGUAIS,goiania,197008,10389,RES ALVES,,R  DUQUE DE CAXIAS,"R DUQUE DE CAXIAS  CASA 01 , BAIRRO PRQ ANHANGÜERA",2,2,2,1,1
AUTO_ALIAS_1A1_TOTAIS_IGUAIS,goiania,100030,7629,RES ALVES 2995,,R  MONTIVIDEU,"R MONTIVIDEU  CASA 01 , BAIRRO S DAS NAÇÕES",2,2,2,1,1
AUTO_ALIAS_1A1_TOTAIS_IGUAIS,goiania,129959,6644,RES ALVES-415,,R  SANTA CRUZ DE LA SIERRA,"R SANTA CRUZ DE LA SIERRA  C-1 , BAIRRO RES NOVA AURORA",2,2,2,1,1
AUTO_ALIAS_1A1_TOTAIS_IGUAIS,goiania,143463,9939,RES. ALVES - 566,,R  PAULO RODRIGUES,"R PAULO RODRIGUES  CASA 01 , BAIRRO RES BUENA VISTA III",2,2,2,1,1
AUTO_ALIAS_1A1_TOTAIS_IGUAIS,goiania,77437,5289,RES ALVES-788,,R  JOAO PRIMO MARQUES,"R BRANDINA MARQUES C-1 , BAIRRO PRQ BURITI",4,4,4,1,1
AUTO_ALIAS_1A1_TOTAIS_IGUAIS,goiania,189994,6895,RES ALVES-805,,R  DA OSTRA,"R DA OSTRA  CASA 01 , BAIRRO JD ATLÂNTICO",2,2,2,1,1
AUTO_ALIAS_1A1_TOTAIS_IGUAIS,goiania,179663,6350,RES ALVES 888,,VIAPLINIO SALGADO,"VIAPLINIO SALGADO  C-1 , BAIRRO S AMIM CAMARGO",2,2,2,1,1
AUTO_ALIAS_1A1_TOTAIS_IGUAIS,goiania,198282,5847,RES.ALVES-918,,R  ARANJUEZ,"R ARANJUEZ  CASA 01 , BAIRRO S TRÊS MARIAS",3,3,3,1,1
AUTO_ALIAS_1A1_TOTAIS_IGUAIS,goiania,92572,8303,RES ALVES 9982,,R  BG5,"R BG5  CASA 02 , BAIRRO BRO GOIÁ IV",2,2,2,1,1
AUTO_ALIAS_1A1_TOTAIS_IGUAIS,goiania,137792,10027,RES ALVES BARBOSA III,,R  MONS. PRIMO VIEIRA,"R RMP26  CASA 02 , BAIRRO RES MONTE PASCOAL",3,3,3,1,1
AUTO_ALIAS_1A1_TOTAIS_IGUAIS,goiania,265662,8782,RES ALVES BITTENCOURT II,,R  TOTE BARBOSA,"R TOTE BARBOSA CASA 01 , BAIRRO RES ANTÔNIO BARBOSA",3,3,3,1,1
AUTO_ALIAS_1A1_TOTAIS_IGUAIS,goiania,330860,1915,RES ALVES BITTENCOURT III,,AV GENESIO DE LIMA BRITO,"AV GENESIO DE LIMA BRITO  C-1 , BAIRRO JD BALNEÁRIO MEIA PONTE",2,2,2,1,1
AUTO_ALIAS_1A1_TOTAIS_IGUAIS,goiania,128722,2572,RES ALVES BUENO,,R  GP1,"R GP1  CASA 01 , BAIRRO RES GOYAZ PARK",2,2,2,1,1
AUTO_ALIAS_1A1_TOTAIS_IGUAIS,goiania,99624,9753,RES ALVES CAETANO,,R  CRP14,"R CRP14  CASA 02 , BAIRRO RES PRIMAVERA",2,2,2,1,1
AUTO_ALIAS_1A1_TOTAIS_IGUAIS,goiania,219358,1698,RES ALVES COSTA,,R  MDV27,"R MDV27  CASA 1 , BAIRRO LOT MOINHO DOS VENTOS",2,2,2,1,1
AUTO_ALIAS_1A1_TOTAIS_IGUAIS,goiania,115021,6736,RES ALVES COSTA I,,R  RDR-1,"R RDR-1  C-1 , BAIRRO RES DOM RAFAEL",2,2,2,1,1
AUTO_ALIAS_1A1_TOTAIS_IGUAIS,goiania,175648,1889,RES ALVES DA GUIA I,,R  72,"R 72  CASA-01 , BAIRRO CON DAS ESMERALDAS",2,2,2,1,1
AUTO_ALIAS_1A1_TOTAIS_IGUAIS,goiania,193407,6613,RES ALVES DANTAS,,R  PIZA,"R NAPOLIS  CASA 01 , BAIRRO JD EUROPA",4,4,4,1,1
AUTO_ALIAS_1A1_TOTAIS_IGUAIS,goiania,181586,8698,RES ALVES DE ALMEIDA II,,R  I-4,"R I-4  CASA 01 , BAIRRO JD IPANEMA",2,2,2,1,1
AUTO_ALIAS_1A1_TOTAIS_IGUAIS,goiania,181585,9011,RES ALVES DE ALMEIDA XII,,R  I-4,"R I-4  CASA 01 , BAIRRO JD IPANEMA",2,2,2,1,1
AUTO_ALIAS_1A1_TOTAIS_IGUAIS,goiania,29442,7315,RES ALVES DE OLIVEIRA I,,R  VICENTE PINTO FALEIRO,"R VICENTE PINTO FALEIRO CASA 01 , BAIRRO S ESTRELA DALVA",2,2,2,1,1
AUTO_ALIAS_1A1_TOTAIS_IGUAIS,goiania,157710,8441,RES ALVES DE OLIVEIRA V,,R  R10,"R R10  CASA-01 , BAIRRO S SOLAR SANTA RITA",2,2,2,1,1
AUTO_ALIAS_1A1_TOTAIS_IGUAIS,goiania,217657,6229,RES. ALVES DE SOUZA IV,,R  CV16,"R CV16  CASA 01 , BAIRRO RES CENTER VILLE",2,2,2,1,1
AUTO_ALIAS_1A1_TOTAIS_IGUAIS,goiania,201984,8321,RES ALVES DO NASCIMENTO,,AL PEDRO PRIMEIRO,"AL PEDRO PRIMEIRO  CASA 01 , BAIRRO LOT FAIÇALVILLE",3,3,3,1,1
AUTO_ALIAS_1A1_TOTAIS_IGUAIS,goiania,317199,7401,RES.ALVES FERNANDES I,,R  BH6,"R BH6 CASA 01 , BAIRRO RES BELO HORIZONTE",3,3,3,1,1
AUTO_ALIAS_1A1_TOTAIS_IGUAIS,goiania,346856,7409,RES.ALVES FERNANDES II,,R  SR1,"R SR1 CASA 01 , BAIRRO S RECANTO DAS MINAS GERAIS",3,3,3,1,1
AUTO_ALIAS_1A1_TOTAIS_IGUAIS,goiania,165484,14271,RES ALVES FERNANDES III,,AV SAO FRANCISCO DE ASSIS,"AV SAO FRANCISCO DE ASSIS  CASA 02 , BAIRRO RES SANTA FÉ",2,2,2,1,1
AUTO_ALIAS_1A1_TOTAIS_IGUAIS,goiania,76394,7059,RES ALVES FERREIRA,,R  ARACATI,"R ARACATI  CASA02 , BAIRRO LOT TROPICAL VILLE",2,2,2,1,1
AUTO_ALIAS_1A1_TOTAIS_IGUAIS,goiania,194229,8573,RES ALVES MASCIMENTO,,R  BARCELONA,"R BARCELONA  CASA 02 , BAIRRO JD EUROPA",2,2,2,1,1
AUTO_ALIAS_1A1_TOTAIS_IGUAIS,goiania,164422,1578,RES ALVES PAIN III,,R  ANTONIO LUIZ DE PINA,"R ANTONIO LUIZ DE PINA  C-2 , BAIRRO RES SANTA FÉ",2,2,2,1,1
AUTO_ALIAS_1A1_TOTAIS_IGUAIS,goiania,152407,2650,RES ALVES PAIN V,,R  FV36,"R FV36  CASA 01 , BAIRRO RES FORTE VILLE - EXTENSÃO",2,2,2,1,1
AUTO_ALIAS_1A1_TOTAIS_IGUAIS,goiania,54792,12454,RES ALVES PORTES,,R  601,"R 601 LT 10A SOBRADO 1 , BAIRRO S SÃO JOSÉ",4,4,4,1,1
AUTO_ALIAS_1A1_TOTAIS_IGUAIS,goiania,42330,13018,RES. ALVES PORTES II,,R  SM5,"R SM5 LT 10 CS 02 , BAIRRO S MARABÁ",2,2,2,1,1
AUTO_ALIAS_1A1_TOTAIS_IGUAIS,goiania,217891,5595,RES ALVES RODRIGUES 5,,R  CV17,"R CV17  CASA 01 , BAIRRO RES CENTER VILLE",2,2,2,1,1
AUTO_ALIAS_1A1_TOTAIS_IGUAIS,goiania,394242,6448,RES. ALVES URBIETA I,,R  MP4,"R MP4 CASA 03 , BAIRRO RES MAR DEL PLATA",3,3,3,1,1
AUTO_ALIAS_1A1_TOTAIS_IGUAIS,goiania,187973,7884,RES ALVES VAZ II,,R  DA LAGOSTA,"R DA LAGOSTA  CASA 02 , BAIRRO JD ATLÂNTICO",2,2,2,1,1
AUTO_ALIAS_1A1_TOTAIS_IGUAIS,goiania,338553,8667,RES ALVES VICENTE,,R  MA2,"R MA2 CASA-01 , BAIRRO RES OLINDA",2,2,2,1,1
AUTO_ALIAS_1A1_TOTAIS_IGUAIS,goiania,178422,13173,RES ALVES VIEIRA I,,R  GRAJAU,"R GRAJAU  CASA 01 , BAIRRO S GRAJAÚ",2,2,2,1,1
AUTO_ALIAS_1A1_TOTAIS_IGUAIS,goiania,195907,12974,RES ALVINHO,,R  MARSELHA,"R MARSELHA  CASA-01 , BAIRRO JD EUROPA",2,2,2,1,1
AUTO_ALIAS_1A1_TOTAIS_IGUAIS,goiania,277390,7668,RES ALVORADA,,R  3,"R 3  CASA 01 , BAIRRO VL ABAJÁ",2,2,2,1,1
AUTO_ALIAS_1A1_TOTAIS_IGUAIS,goiania,164721,6532,RES.ALVORADA,,R  DA ALVORADA,"R DA ALVORADA  CASA 01 , BAIRRO RES SANTA FÉ I",2,2,2,1,1
AUTO_ALIAS_1A1_TOTAIS_IGUAIS,goiania,218195,7563,RES ALVORECER I,,R  CV15,"R CV15  CASA 01 , BAIRRO RES CENTER VILLE",2,2,2,1,1
AUTO_ALIAS_1A1_TOTAIS_IGUAIS,goiania,47777,8146,RES AMADEUS SANTOS,,R  HM2,"R HM2 LT 21 CASA 01 , BAIRRO RES HUGO DE MORAES",2,2,2,1,1
AUTO_ALIAS_1A1_TOTAIS_IGUAIS,goiania,252556,12509,RES. AMANDA DIAS CONSTRUTORA I,,R  IGUACU,"R IGUACU CASA 01 , BAIRRO S URIAS MAGALHÃES",3,3,3,1,1
AUTO_ALIAS_1A1_TOTAIS_IGUAIS,goiania,14471,6010,RES AMANDA DIAS X,,R  ED7,"R ED7 CASA 01 , BAIRRO S ESTRELA DALVA",2,2,2,1,1
AUTO_ALIAS_1A1_TOTAIS_IGUAIS,goiania,9800,13200,RES.AMANDA I,,R  C61,"R C61  SOBRADO 02 , BAIRRO S SUDOESTE",2,2,2,1,1
AUTO_ALIAS_1A1_TOTAIS_IGUAIS,goiania,99355,6085,RES. AMANDA XI,,R  RT6,"R RT6  CASA 01 , BAIRRO RES TUZIMOTO",2,2,2,1,1
AUTO_ALIAS_1A1_TOTAIS_IGUAIS,goiania,17928,8419,RES AMARAL ANTONIO ELIAS,,R  ANTONIO ELIAS DE SOUZA,"R ANTONIO ELIAS DE SOUZA LT 16 CS 01 , BAIRRO S PARQUE TREMENDÃO",2,2,2,1,1
AUTO_ALIAS_1A1_TOTAIS_IGUAIS,goiania,26144,8685,RES AMARAL SPT-7,,R  SPT7,"R SPT7 LT 04 CASA 01 , BAIRRO S PARQUE TREMENDÃO",2,2,2,1,1
AUTO_ALIAS_1A1_TOTAIS_IGUAIS,goiania,268290,6964,RES AMAZONAS II,,R  DIVINOPOLIS,"R DIVINOPOLIS CASA 01 , BAIRRO VL ALTO DA GLÓRIA",3,3,3,1,1
AUTO_ALIAS_1A1_TOTAIS_IGUAIS,goiania,127812,7743,RES AM CINTRA I,,R  TRINIDAD,"R TRINIDAD  C-1 , BAIRRO RES NOVA AURORA",2,2,2,1,1
AUTO_ALIAS_1A1_TOTAIS_IGUAIS,goiania,99310,8069,RES AMEILIANA CASTRO X,,R  ALICE DE SANT' ANNA COUTINHO,"R ALICE DE SANT' ANNA COUTINHO  CASA 02 , BAIRRO RES ANA MORAES",2,2,2,1,1
AUTO_ALIAS_1A1_TOTAIS_IGUAIS,goiania,101123,11131,RES AMELIA CAVALCANTE IV,,R  CRP10,"R CRP4  CASA 04 , BAIRRO RES PRIMAVERA",4,4,4,1,1
AUTO_ALIAS_1A1_TOTAIS_IGUAIS,goiania,101577,13107,RES AMELIA & COSTA I,,R  CRP14,"R CRP14  CASA 2 , BAIRRO RES PRIMAVERA",2,2,2,1,1
AUTO_ALIAS_1A1_TOTAIS_IGUAIS,goiania,139083,11601,RES AMELIA & COSTA IV,,R  CON. JOSE DE CASTRO,"R CONSELHEIRO JOSE DE CASTRO  CASA 01 , BAIRRO RES MONTE PASCOAL",2,2,2,1,1
AUTO_ALIAS_1A1_TOTAIS_IGUAIS,goiania,105907,2940,RES.AMELIANA CASTRO II,,R  MARIA ISABEL DE FREITAS,"R MARIA ISABEL DE FREITAS  C2 , BAIRRO RES ANA MORAES",2,2,2,1,1
AUTO_ALIAS_1A1_TOTAIS_IGUAIS,goiania,100682,6246,RES.AMELIANA CASTRO VII,,R  MARIA ISABEL DE FREITAS,"R MARIA ISABEL DE FREITAS  CASA 02 , BAIRRO RES ANA MORAES",2,2,2,1,1
AUTO_ALIAS_1A1_TOTAIS_IGUAIS,goiania,105409,7220,RES AMELIANA CASTRO VIII,,R  MARIA ISABEL DE FREITAS,"R MARIA ISABEL DE FREITAS  CASA 02 , BAIRRO RES ANA MORAES",2,2,2,1,1
AUTO_ALIAS_1A1_TOTAIS_IGUAIS,goiania,102484,8896,RES AMELIANA CASTRO XI,,R  CARMINDO COELHO MORAES,"R CARMINDO COELHO MORAES  CASA 02 , BAIRRO RES ANA MORAES",2,2,2,1,1
AUTO_ALIAS_1A1_TOTAIS_IGUAIS,goiania,105434,9080,RES AMELIANA CASTRO XII,,R  MARIA ISABEL DE FREITAS,"R MARIA ISABEL DE FREITAS  CASA 02 , BAIRRO RES ANA MORAES",2,2,2,1,1
AUTO_ALIAS_1A1_TOTAIS_IGUAIS,goiania,145092,5410,RES. AMERICA IV,,R  C161,"R C161  CASA 01 , BAIRRO BRO JARDIM AMÉRICA",2,2,2,1,1
AUTO_ALIAS_1A1_TOTAIS_IGUAIS,goiania,99294,10180,RES AMERICA XIV,,R  VI14,"R VI14 CASA 01 , BAIRRO CJ VERA CRUZ",5,5,5,1,1
AUTO_ALIAS_1A1_TOTAIS_IGUAIS,goiania,264682,10906,RES AMESTISTA RUBIA,,R  DA AMETISTA,"R DA AMETISTA CASA 01 , BAIRRO LOT GOIÂNIA 2",2,2,2,1,1
AUTO_ALIAS_1A1_TOTAIS_IGUAIS,goiania,144594,11438,RES. AMIGOS II,,R  C155,"R C155  CASA-02 , BAIRRO BRO JARDIM AMÉRICA",2,2,2,1,1
AUTO_ALIAS_1A1_TOTAIS_IGUAIS,goiania,204059,481,RES AMIGOS XI,,R  GARIBALDI,"R GARIBALDI  CASA02 , BAIRRO JD VILA BOA",2,2,2,1,1
AUTO_ALIAS_1A1_TOTAIS_IGUAIS,goiania,199899,9486,RES. A.M.O IV,,AV PARQUE,"AV PARQUE  CASA 01 , BAIRRO S TRÊS MARIAS",2,2,2,1,1
AUTO_ALIAS_1A1_TOTAIS_IGUAIS,goiania,166721,14411,RES. AMORIM 33,,R  RI7,"R RI7 S/N     CASA 01 , BAIRRO RES ITAIPÚ",2,2,2,1,1
AUTO_ALIAS_1A1_TOTAIS_IGUAIS,goiania,195884,1178,RES AMORIM ALENCAR,,AV INGLATERRA,"R NORUEGA  CASA 01 , BAIRRO JD EUROPA",3,3,3,1,1
AUTO_ALIAS_1A1_TOTAIS_IGUAIS,goiania,43909,10509,RES AMORIM I,,R  SN2,"R SN2 LT 13 CS A , BAIRRO S MARABÁ",2,2,2,1,1
AUTO_ALIAS_1A1_TOTAIS_IGUAIS,goiania,124400,6502,RES. A.M.P I,,R  CP43,"R CP43  C-1 , BAIRRO LOT CAROLINA PARQUE EXTENSÃO",2,2,2,1,1
AUTO_ALIAS_1A1_TOTAIS_IGUAIS,goiania,357328,6318,RES A.M.R.S.I,,R  OM38,"R OM38 CASA 01 , BAIRRO RES ORLANDO DE MORAIS",2,2,2,1,1
AUTO_ALIAS_1A1_TOTAIS_IGUAIS,goiania,152741,2063,RES ANA BORGES,,R  ANTONIO FIDELIS,"R ANTONIO FIDELIS  CASA 02 , BAIRRO RES FIDÉLIS",2,2,2,1,1
AUTO_ALIAS_1A1_TOTAIS_IGUAIS,goiania,144181,12390,RES. ANA CAROLINA,,R  C24,"R C24  SOBRADO 02 , BAIRRO BRO JARDIM AMÉRICA",2,2,2,1,1
AUTO_ALIAS_1A1_TOTAIS_IGUAIS,goiania,145824,14360,RES ANA CAROLINA I,,R  C160,"R C160  SOBRADO O2 , BAIRRO BRO JARDIM AMÉRICA",2,2,2,1,1
AUTO_ALIAS_1A1_TOTAIS_IGUAIS,goiania,149539,8740,RES ANA CAROLINA II,,R  C139,"R C139  SOB.01 , BAIRRO BRO JARDIM AMÉRICA",2,2,2,1,1
AUTO_ALIAS_1A1_TOTAIS_IGUAIS,goiania,179966,3982,RES ANA CHRISTINA II,,R  BOLIVAR PEREZ,"R BOLIVAR PEREZ  CASA 01 , BAIRRO S ORIENTVILLE",2,2,2,1,1
AUTO_ALIAS_1A1_TOTAIS_IGUAIS,goiania,174679,8850,RES ANA CLARA,,R  W11,"R W11  CASA 01 , BAIRRO RES ANA CLARA",3,3,3,1,1
AUTO_ALIAS_1A1_TOTAIS_IGUAIS,goiania,218136,2829,RES ANA CLARA LEONEL,,AV CENTER,"AV CENTER  CASA 01 , BAIRRO RES CENTER VILLE",2,2,2,1,1
AUTO_ALIAS_1A1_TOTAIS_IGUAIS,goiania,184022,1639,RES ANA CRISTINA IV,,R  MARCELO MOREIRA,"R MARCELO MOREIRA  CASA 1 , BAIRRO S ORIENTVILLE",2,2,2,1,1
AUTO_ALIAS_1A1_TOTAIS_IGUAIS,goiania,355283,11846,RES.ANA DOS REIS,,R  MA2,"R MA2 CASA 02 , BAIRRO RES OLINDA",2,2,2,1,1
AUTO_ALIAS_1A1_TOTAIS_IGUAIS,goiania,188717,7945,RES ANAFAIR,,R  DA RAIA,"R DA RAIA  CASA 01 , BAIRRO JD ATLÂNTICO",2,2,2,1,1
AUTO_ALIAS_1A1_TOTAIS_IGUAIS,goiania,256669,6742,RES ANA JULIA,,R  DOS GERANIOS,"R DOS GERANIOS CASA 01 , BAIRRO LOT GOIÂNIA 2",2,2,2,1,1
AUTO_ALIAS_1A1_TOTAIS_IGUAIS,goiania,248843,5602,RES ANA LIZ 3,,R  REZENDE MACHADO,"R REZENDE MACHADO CASA 01 , BAIRRO PRQ DAS AMENDOEIRAS",3,3,3,1,1
AUTO_ALIAS_1A1_TOTAIS_IGUAIS,goiania,212787,7908,RES ANA LUCIA I,,R  CP15,"R CP15  CASA-01 , BAIRRO LOT CELINA PARK",2,2,2,1,1
AUTO_ALIAS_1A1_TOTAIS_IGUAIS,goiania,167076,14081,RES ANANDA I,,R  RI7,"R RI7  CASA 01 , BAIRRO RES ITAIPÚ",2,2,2,1,1
AUTO_ALIAS_1A1_TOTAIS_IGUAIS,goiania,320250,5569,RES.ANA RIBEIRO,,AV SAMAMBAIA,"AV SAMAMBAIA C-1 , BAIRRO RES ANTONIO CARLOS PIRES",2,2,2,1,1
AUTO_ALIAS_1A1_TOTAIS_IGUAIS,goiania,187759,5448,RES.ANCORA I,,R  DO GUAIAMUM,"R DO GUAIAMUM  CASA-01 , BAIRRO JD ATLÂNTICO",2,2,2,1,1
AUTO_ALIAS_1A1_TOTAIS_IGUAIS,goiania,210411,7701,RES ANDINO VARGAS,,AV PRESIDENTE VARGAS,"AV PRESIDENTE VARGAS  CASA 01 , BAIRRO JD PRESIDENTE",2,2,2,1,1
AUTO_ALIAS_1A1_TOTAIS_IGUAIS,goiania,339665,9052,RES ANDORINHA,,R  ANDORINHA,"R ANDORINHA SOB 01 , BAIRRO BRO SANTA GENOVEVA",2,2,2,1,1
AUTO_ALIAS_1A1_TOTAIS_IGUAIS,goiania,207152,13191,RES.ANDRADA,,R  CARTAGENA,"R CARTAGENA  CASA 01 , BAIRRO S TRÊS MARIAS",2,2,2,1,1
AUTO_ALIAS_1A1_TOTAIS_IGUAIS,goiania,137013,12039,RES ANDRADE BORGES,,R  ELO42,"R ELO42  CASA 01 , BAIRRO PRQ ELDORADO OESTE",6,6,6,1,1
AUTO_ALIAS_1A1_TOTAIS_IGUAIS,goiania,337260,1703,RES ANDRADE E LIMA,,R  MANGUBA,"R MANGUBA CASA01 , BAIRRO JD MARILIZA",4,4,4,1,1
AUTO_ALIAS_1A1_TOTAIS_IGUAIS,goiania,79187,12547,RES ANDRADE LEAL,,R  19,"R 19 CASA 01 , BAIRRO S SANTOS DUMONT",3,3,3,1,1
AUTO_ALIAS_1A1_TOTAIS_IGUAIS,goiania,81412,10792,RES ANDRADE & LEMOS VIII,,R  MIGUEL ABDALA,"R MIGUEL ABDALA CASA 01 , BAIRRO JD BONANZA",2,2,2,1,1
AUTO_ALIAS_1A1_TOTAIS_IGUAIS,goiania,273427,1166,RES ANDRADE RIBEIRO II,,AL DA MATA,"AL DA MATA CASA 01 , BAIRRO RES RECANTO DO BOSQUE",2,2,2,1,1
AUTO_ALIAS_1A1_TOTAIS_IGUAIS,goiania,262552,8743,RES ANDRADE SILVEIRA I,,AV URUGUAIANA,"AV URUGUAIANA CASA 01 , BAIRRO JD NOVO MUNDO",2,2,2,1,1
AUTO_ALIAS_1A1_TOTAIS_IGUAIS,goiania,219588,12204,RES. ANDREATTA,,R  RC16,"R RC16  CASA 01 , BAIRRO RES CANADÁ",2,2,2,1,1
AUTO_ALIAS_1A1_TOTAIS_IGUAIS,goiania,147879,547,RES ANDREIA I,,R  C175,"R C175  SOBRADO 01 , BAIRRO BRO JARDIM AMÉRICA",2,2,2,1,1
AUTO_ALIAS_1A1_TOTAIS_IGUAIS,goiania,200524,7912,RES ANDRE MARQUES FILHO,,R  PRESIDENTE HARRISON,"R PRESIDENTE HARRISON  CASA01 , BAIRRO JD PRESIDENTE",2,2,2,1,1
AUTO_ALIAS_1A1_TOTAIS_IGUAIS,goiania,148983,14309,RES ANDRESSA II,,R  C160,"R C160  CASA 01 , BAIRRO BRO JARDIM AMÉRICA",2,2,2,1,1
AUTO_ALIAS_1A1_TOTAIS_IGUAIS,goiania,301315,7859,RES ANGELICA,,R  102,"R 102E  SOB 01 , BAIRRO S SUL",4,4,4,1,1
AUTO_ALIAS_1A1_TOTAIS_IGUAIS,goiania,153688,2532,RES ANGELICO DE SOUZA I,,R  FV36,"R FV36  CASA 01 , BAIRRO RES FIDÉLIS",2,2,2,1,1
AUTO_ALIAS_1A1_TOTAIS_IGUAIS,goiania,341453,5859,RES.ANGELO 30,,AV DONA MELINHA,"AV DONA MELINHA SOBRADO 01 , BAIRRO RES BRISAS DA MATA",2,2,2,1,1
AUTO_ALIAS_1A1_TOTAIS_IGUAIS,goiania,125954,14044,RES ANGELO LOMAZZI I,,R  ANGELO LOMAZZI,"R ANGELO LOMAZZI  CASA 01 , BAIRRO RES DELLA PENA",3,3,3,1,1
AUTO_ALIAS_1A1_TOTAIS_IGUAIS,goiania,379422,8154,RES ANGICO,,R  ANGICO,"R ANGICO S/N CASA01 , BAIRRO JD MARILIZA",2,2,2,1,1
AUTO_ALIAS_1A1_TOTAIS_IGUAIS,goiania,372360,8772,RES ANGICO I,,R  ANGICO,"R ANGICO CASA-01 , BAIRRO JD MARILIZA",2,2,2,1,1
AUTO_ALIAS_1A1_TOTAIS_IGUAIS,goiania,232799,8344,RES ANHANGUERA,,AV T4,"AV T4 292     SOBRADO 02 , BAIRRO BRO DA SERRINHA",3,3,3,1,1
AUTO_ALIAS_1A1_TOTAIS_IGUAIS,goiania,196863,7518,RES ANHANGUERA I,,R  DUQUE DE CAXIAS,"R DUQUE DE CAXIAS  CASA 01 , BAIRRO PRQ ANHANGÜERA",2,2,2,1,1
AUTO_ALIAS_1A1_TOTAIS_IGUAIS,goiania,196446,13202,RES ANHANGUERA II,,R  CASSIMIRO DE ABREU,"R CASSIMIRO DE ABREU  CASA-01 , BAIRRO BRO ANHANGÜERA",4,4,4,1,1
AUTO_ALIAS_1A1_TOTAIS_IGUAIS,goiania,335992,10841,RES. ANICUNS,,R  SR55,"R SR55 CASA-01 , BAIRRO S RECANTO DAS MINAS GERAIS",2,2,2,1,1
AUTO_ALIAS_1A1_TOTAIS_IGUAIS,goiania,177234,13241,RES ANNA CECHET,,R  AC9,"R AC9  CASA 01 , BAIRRO RES ANA CLARA",3,3,3,1,1
AUTO_ALIAS_1A1_TOTAIS_IGUAIS,goiania,59980,13004,RES ANNA MACHADO I,,R  ANADIA LEITE PINHEIRO,"R ANADIA LEITE PINHEIRO LT27 CASA 01 , BAIRRO RES BARRAVENTO",3,3,3,1,1
AUTO_ALIAS_1A1_TOTAIS_IGUAIS,goiania,29759,5358,RES.ANSELMO I,,R  APOLICE,"R APOLICE LT 08 CS 01 , BAIRRO S PARQUE TREMENDÃO",2,2,2,1,1
AUTO_ALIAS_1A1_TOTAIS_IGUAIS,goiania,124851,11543,RES ANTONIO ALVES II,,R  DAS ACACIAS,"S/N     CASA 01 , BAIRRO BRO JARDIM BOTÂNICO",2,2,2,1,1
AUTO_ALIAS_1A1_TOTAIS_IGUAIS,goiania,128713,8881,RES ANTONIO AMARAL,,R  HOMERO ROSA,"R HOMERO ROSA  CASA 01 , BAIRRO JD DAS ROSAS",2,2,2,1,1
AUTO_ALIAS_1A1_TOTAIS_IGUAIS,goiania,128765,2751,RES ANTONIO AMARAL V,,R  N2,"R N2  CASA 01 , BAIRRO S DAS NAÇÕES EXTENSÃO",2,2,2,1,1
AUTO_ALIAS_1A1_TOTAIS_IGUAIS,goiania,127190,2545,RES ANTONIO AMARAL VIII,,R  SM15,"R SM15  CASA 01 , BAIRRO RES SÃO MARCOS",3,3,3,1,1
AUTO_ALIAS_1A1_TOTAIS_IGUAIS,goiania,59183,7445,RES ANTONIO DA COSTA,,R  VF15,"R VF15 LT 02 CS 01 , BAIRRO S ALTO DO VALE",2,2,2,1,1
AUTO_ALIAS_1A1_TOTAIS_IGUAIS,goiania,264531,14414,RES ANTONIO DE AQUINO,,R  TIA BEIJA,"R TIA BEIJA CASA-01 , BAIRRO RES ANTÔNIO BARBOSA",2,2,2,1,1
AUTO_ALIAS_1A1_TOTAIS_IGUAIS,goiania,146563,13814,RES. ANTONIO DE SOUSA II,,R  C160,"R C160  CASA 01 , BAIRRO BRO JARDIM AMÉRICA",2,2,2,1,1
AUTO_ALIAS_1A1_TOTAIS_IGUAIS,goiania,117715,12529,RES ANTONIO DINIZ,,AV PERIMETRAL OESTE,"AV PERIMETRAL OESTE  CASA 01 , BAIRRO RES DOM RAFAEL",2,2,2,1,1
AUTO_ALIAS_1A1_TOTAIS_IGUAIS,goiania,127128,10584,RES ANTONIO E QUEIROS,,R  SAO JOAO DA ESCOCIA,"R SAO JOAO DA ESCOCIA  CASA 03 , BAIRRO CON RIO BRANCO",3,3,3,1,1
AUTO_ALIAS_1A1_TOTAIS_IGUAIS,goiania,295250,12166,RES. ANTONIO MANOEL III,,R  AB3,"R AB3 CASA 01 , BAIRRO RES ALICE BARBOSA",2,2,2,1,1
AUTO_ALIAS_1A1_TOTAIS_IGUAIS,goiania,206952,5746,RE.SANTOS I,,R  PRESIDENTE HARRISON,"R PRESIDENTE HOOVER  CASA 01 , BAIRRO JD PRESIDENTE",3,3,3,1,1
AUTO_ALIAS_1A1_TOTAIS_IGUAIS,goiania,174458,6558,RES ANTUNES-RI,,R  RI 20,"R RI20  CASA 01 , BAIRRO RES ITAIPÚ",3,3,3,1,1
AUTO_ALIAS_1A1_TOTAIS_IGUAIS,goiania,45738,7521,RES APALUZA,,R  SP14,"R SP14 LT 17 CS 02 , BAIRRO S PERIM",2,2,2,1,1
AUTO_ALIAS_1A1_TOTAIS_IGUAIS,goiania,98317,13914,RES APARECIDA DOS REIS,,R  BEIRUTE,"R BEIRUTE  CASA 01 , BAIRRO JD PAMPULHA",2,2,2,1,1
AUTO_ALIAS_1A1_TOTAIS_IGUAIS,goiania,134240,2299,RES APARECIDA RMP-21,,R  RMP21,"R RMP21  CASA 01 , BAIRRO RES MONTE PASCOAL",2,2,2,1,1
AUTO_ALIAS_1A1_TOTAIS_IGUAIS,goiania,135297,2213,RES APARECIDA RMP 22,,R  RMP21,"R RMP21  CASA 01 , BAIRRO RES MONTE PASCOAL",2,2,2,1,1
AUTO_ALIAS_1A1_TOTAIS_IGUAIS,goiania,178758,13153,RES.APARECIDO DA SILVA III,,VIAERICO VERISSIMO,"VIAERICO VERISSIMO  CASA 01 , BAIRRO S AMIM CAMARGO",2,2,2,1,1
AUTO_ALIAS_1A1_TOTAIS_IGUAIS,goiania,143745,8402,RES A´PINHEIRO PERES I,,R  CANAPOLIS,"R CANAPOLIS  CASA 01 , BAIRRO RES BUENA VISTA IV",2,2,2,1,1
AUTO_ALIAS_1A1_TOTAIS_IGUAIS,goiania,349303,12997,RES AQUARELA,,R  7,"R 7 CASA 02 , BAIRRO RES PAULO ESTRELA",2,2,2,1,1
AUTO_ALIAS_1A1_TOTAIS_IGUAIS,goiania,224045,11582,RES AQUARIOS RESIDENCE V,,R  SAULO COELHO CHAVES,"R SAULO COELHO CHAVES  CASA-01 , BAIRRO RES AQUÁRIOS II",2,2,2,1,1
AUTO_ALIAS_1A1_TOTAIS_IGUAIS,goiania,223415,7621,RES AQUARIUS RESIDENCE,,R  SAULO COELHO CHAVES,"R SAULO COELHO CHAVES  CASA 01 , BAIRRO RES AQUÁRIOS II",2,2,2,1,1
AUTO_ALIAS_1A1_TOTAIS_IGUAIS,goiania,371448,6184,RES AQUINO,,R  F,"R F 156 SB 02 , BAIRRO CH ELÍSIOS CAMPOS",3,3,3,1,1
AUTO_ALIAS_1A1_TOTAIS_IGUAIS,goiania,336698,8359,RES AQUINO-6244,,R  RB18,"R RB18 CASA 01 , BAIRRO RES RECANTO DO BOSQUE",2,2,2,1,1
AUTO_ALIAS_1A1_TOTAIS_IGUAIS,goiania,356057,8248,RES. AQUINO DA PAIXAO,,R  DONA EMILIA,"R DONA JUDIT CASA02 , BAIRRO JD BELA VISTA",2,2,2,1,1
AUTO_ALIAS_1A1_TOTAIS_IGUAIS,goiania,325440,9671,RES AQUINO DO BOSQUE I,,AV TROPICAL,"R TROPICAL CASA 01 , BAIRRO RES BRISAS DA MATA",3,3,3,1,1
AUTO_ALIAS_1A1_TOTAIS_IGUAIS,goiania,255493,11238,RES AQUINO DO BOSQUE V,,R  BM17,"R BM17 CASA 01 , BAIRRO RES BRISAS DA MATA",2,2,2,1,1
AUTO_ALIAS_1A1_TOTAIS_IGUAIS,goiania,59560,8826,RES ARAGUAIA,,R  JOAO MENDONCA,"R JOAO MENDONCA LT 22 CS 01 , BAIRRO RES BARRAVENTO",2,2,2,1,1
AUTO_ALIAS_1A1_TOTAIS_IGUAIS,goiania,188909,2092,RES ARAGUAIA II,,R  DA ANCHOVA,"R DA ANCHOVA  CASA 01 , BAIRRO JD ATLÂNTICO",2,2,2,1,1
AUTO_ALIAS_1A1_TOTAIS_IGUAIS,goiania,180525,11574,RES. ARAGUARI I,,R  ARAGUARI,"R ARAGUARI  CASA01 , BAIRRO S CRISTINA",2,2,2,1,1
AUTO_ALIAS_1A1_TOTAIS_IGUAIS,goiania,169675,9936,RES ARANTES 03C,,R  RI27,"R RI27  CASA 01 , BAIRRO RES ITAIPÚ",3,3,3,1,1
AUTO_ALIAS_1A1_TOTAIS_IGUAIS,goiania,114842,11760,RES ARANTES CAMARGO,,R  JOAQUIM ALVES RIBEIRO,"R PH12  CASA 01 , BAIRRO LOT SOLANGE PARQUE I",6,6,6,1,1
AUTO_ALIAS_1A1_TOTAIS_IGUAIS,goiania,217921,9347,RES ARANTES MORETTO I,,R  CV21,"R CV21  CASA 01 , BAIRRO RES CENTER VILLE",2,2,2,1,1
AUTO_ALIAS_1A1_TOTAIS_IGUAIS,goiania,291504,8678,RES ARARAPES RESIDENCI I,,R   ARARAPES,"R  ARARAPES CASA 01 , BAIRRO BRO JARDIM CALIFÓRNIA",4,4,4,1,1
AUTO_ALIAS_1A1_TOTAIS_IGUAIS,goiania,172748,6468,RES ARAUJO-285,,R  BACABAL,"R BACABAL  CASA 01 , BAIRRO RES CAMPOS DOURADOS",2,2,2,1,1
AUTO_ALIAS_1A1_TOTAIS_IGUAIS,goiania,371940,6048,RES. ARAUJO COSTA III,,R  DR. ALVARO MATA MACHADO,"R DR. ALVARO MATA MACHADO CASA 01 , BAIRRO BRO SANTO HILÁRIO",2,2,2,1,1
AUTO_ALIAS_1A1_TOTAIS_IGUAIS,goiania,380419,5863,RES ARAUJO COSTA IV,,R  DR. ALVARO MATA MACHADO,"R DR. ALVARO MATA MACHADO CASA 01 , BAIRRO BRO SANTO HILÁRIO",2,2,2,1,1
AUTO_ALIAS_1A1_TOTAIS_IGUAIS,goiania,335936,6817,RES.ARAUJO COSTA VI,,R  9,"R 9 CASA 01 , BAIRRO RES PAULO ESTRELA",2,2,2,1,1
AUTO_ALIAS_1A1_TOTAIS_IGUAIS,goiania,330300,8347,RES. ARAUJO COSTA VIII,,R  SR16,"R SR16 CASA 01 , BAIRRO S RECANTO DAS MINAS GERAIS",3,3,3,1,1
AUTO_ALIAS_1A1_TOTAIS_IGUAIS,goiania,223219,10095,RES. ARAUJO DIAS V,,R  MDV12,"R MDV12  CASA 01 , BAIRRO LOT MOINHO DOS VENTOS",2,2,2,1,1
AUTO_ALIAS_1A1_TOTAIS_IGUAIS,goiania,30214,5095,RES.ARAUJO DUTRA,,R  ROSA MARIA GUIMARAES,"R ROSA MARIA GUIMARAES CASA 01 , BAIRRO S ESTRELA DALVA",2,2,2,1,1
AUTO_ALIAS_1A1_TOTAIS_IGUAIS,goiania,195110,2742,RES ARAUJO E SILVA,,R  SEVILHA,"R SEVILHA  CASA-01 , BAIRRO JD EUROPA",3,3,3,1,1
AUTO_ALIAS_1A1_TOTAIS_IGUAIS,goiania,188991,4513,RES ARAUJO E SOUSA,,R  FRANCISCO GODINHO,"R FRANCISCO GODINHO  CASA-01 , BAIRRO VL ROSA",3,3,3,1,1
AUTO_ALIAS_1A1_TOTAIS_IGUAIS,goiania,148140,7291,RES ARAUJO II,,R  C135,"R C135  SOBRADO 01 , BAIRRO BRO JARDIM AMÉRICA",2,2,2,1,1
AUTO_ALIAS_1A1_TOTAIS_IGUAIS,goiania,209173,7302,RES ARAUJO LIMA,,R  F14,"R F14  CASA 01 , BAIRRO LOT FAIÇALVILLE",2,2,2,1,1
AUTO_ALIAS_1A1_TOTAIS_IGUAIS,goiania,140624,6268,RES ARAUJO RODRIGUES RESIDENCE I,,R  ELPIDIO RODRIGUES,"R ELPIDIO RODRIGUES  CASA 01 , BAIRRO RES BUENA VISTA III",2,2,2,1,1
AUTO_ALIAS_1A1_TOTAIS_IGUAIS,goiania,26124,1814,RES ARAVECHIA,,R  J,"R J LT 04 CS 01/02 , BAIRRO S PARQUE TREMENDÃO",2,2,2,1,1
AUTO_ALIAS_1A1_TOTAIS_IGUAIS,goiania,252074,11236,RES. ARBOREDO,,R  ANGICO,"R ANGICO SOBRADO 01 , BAIRRO BRO SANTA GENOVEVA",2,2,2,1,1
AUTO_ALIAS_1A1_TOTAIS_IGUAIS,goiania,104376,8384,RES ARCILIA CAETANO,,AV ALFREDO NASSER,"AV ALFREDO NASSER  CASA01 , BAIRRO RES JUNQUEIRA",3,3,3,1,1
AUTO_ALIAS_1A1_TOTAIS_IGUAIS,goiania,169114,1835,RES ARDELIS,,R  RI13,"R RI13  CASA 01 , BAIRRO RES ITAIPÚ",2,2,2,1,1
AUTO_ALIAS_1A1_TOTAIS_IGUAIS,goiania,332864,6476,RES AREIAS,,R  OM01,"R OM01 CASA 01 , BAIRRO RES ORLANDO DE MORAIS",3,3,3,1,1
AUTO_ALIAS_1A1_TOTAIS_IGUAIS,goiania,189236,8168,RES. ARENQUE 12,,R  DO ARENQUE,"R DO ARENQUE  SOB 01 , BAIRRO JD ATLÂNTICO",2,2,2,1,1
AUTO_ALIAS_1A1_TOTAIS_IGUAIS,goiania,79567,8659,RES ARIELA ALVES I,,R  ERECHIN,"R ERECHIN CASA 01 , BAIRRO S BARRA DA TIJUCA",2,2,2,1,1
AUTO_ALIAS_1A1_TOTAIS_IGUAIS,goiania,77709,9013,RES ARIELA ALVES III,,R  BATUBA,"R BATUBA CASA 01 , BAIRRO S BARRA DA TIJUCA",2,2,2,1,1
AUTO_ALIAS_1A1_TOTAIS_IGUAIS,goiania,324721,8670,RES ARISTOTELES V,,R  AMBURANA,"R AMBURANA CASA 01 , BAIRRO JD MARILIZA",5,5,5,1,1
AUTO_ALIAS_1A1_TOTAIS_IGUAIS,goiania,117800,6655,RES ARMANDO SALES,,R  ARMANDO DE SALES,"R ARMANDO DE SALES  CASA-01 , BAIRRO PRQ INDUSTRIAL JOÃO BRAZ",3,3,3,1,1
AUTO_ALIAS_1A1_TOTAIS_IGUAIS,goiania,346042,2429,RES ARNHOLD III,,R  DAS CAMELIAS,"R DAS CAMELIAS , BAIRRO LOT GOIÂNIA 2",2,2,2,1,1
AUTO_ALIAS_1A1_TOTAIS_IGUAIS,goiania,394422,6944,RES AROEIRA 2020,,AV FRANCA,"AV FRANCA CASA 01 , BAIRRO RES VILLE DE FRANCE",2,2,2,1,1
AUTO_ALIAS_1A1_TOTAIS_IGUAIS,goiania,363143,5471,RES.AROEIRAS JDA 12,,R  JDA12,"R JDA12 CASA 01 , BAIRRO JD AROEIRAS",2,2,2,1,1
AUTO_ALIAS_1A1_TOTAIS_IGUAIS,goiania,352724,7866,RES ARRUDA-4,,R  3,"R 3 CASA 01 , BAIRRO RES PAULO ESTRELA",2,2,2,1,1
AUTO_ALIAS_1A1_TOTAIS_IGUAIS,goiania,349389,4645,RES.ARRUDA & ARRUDA I,,R  1,"R 1 CASA 02 , BAIRRO RES PAULO ESTRELA",2,2,2,1,1
AUTO_ALIAS_1A1_TOTAIS_IGUAIS,goiania,178266,9022,RES ARRUDA MAX,,R  SAO ROQUE,"R SAO ROQUE  CASA 01 , BAIRRO S ANDRÉIA",3,3,3,1,1
AUTO_ALIAS_1A1_TOTAIS_IGUAIS,goiania,262319,9275,RES ARTHUR II,,R  BALSAMO,"R BALSAMO CASA 01 , BAIRRO JD MARILIZA",2,2,2,1,1
AUTO_ALIAS_1A1_TOTAIS_IGUAIS,goiania,150287,1663,RES ARUTI,,R  C153,"R C153  SOBRADO 02 , BAIRRO BRO JARDIM AMÉRICA",2,2,2,1,1
AUTO_ALIAS_1A1_TOTAIS_IGUAIS,goiania,338294,532,RES ARVOREDO,,R  PINHEIRO,"R PINHEIRO CASA-01 , BAIRRO BRO SANTA GENOVEVA",2,2,2,1,1
AUTO_ALIAS_1A1_TOTAIS_IGUAIS,goiania,102757,4480,RES ASGARD X,,R  JOAO RIBEIRO DE QUEIROZ,"R JOAO RIBEIRO DE QUEIROZ  CASA 02 , BAIRRO RES ANA MORAES",2,2,2,1,1
AUTO_ALIAS_1A1_TOTAIS_IGUAIS,goiania,255501,8892,RES ASSUNCAO,,R  RB18,"R RB18 CASA 01 , BAIRRO RES RECANTO DO BOSQUE",2,2,2,1,1
AUTO_ALIAS_1A1_TOTAIS_IGUAIS,goiania,177730,10805,RES ATAIDES E OLIVEIRA,,R  RI13,"R RI13  CASA 01 , BAIRRO RES ITAIPÚ",2,2,2,1,1
AUTO_ALIAS_1A1_TOTAIS_IGUAIS,goiania,193340,1412,RES ATENAS,,R  GALILEU,"R GALILEU  CASA-01 , BAIRRO JD EUROPA",2,2,2,1,1
AUTO_ALIAS_1A1_TOTAIS_IGUAIS,goiania,188491,7650,RES ATLANTIC GARDEN 08,,R  DA LAGOSTA,"R DA LAGOSTA  C 01 , BAIRRO JD ATLÂNTICO",2,2,2,1,1
AUTO_ALIAS_1A1_TOTAIS_IGUAIS,goiania,188485,1919,RES ATLANTIC GARDEN 12,,R  DA LAGOSTA,"R DA LAGOSTA  CASA-01 , BAIRRO JD ATLÂNTICO",2,2,2,1,1
AUTO_ALIAS_1A1_TOTAIS_IGUAIS,goiania,188489,8879,RES ATLANTIC GARDEN 13,,R  DA LAGOSTA,"R DA LAGOSTA  CASA-01 , BAIRRO JD ATLÂNTICO",2,2,2,1,1
AUTO_ALIAS_1A1_TOTAIS_IGUAIS,goiania,188494,7732,RES ATLANTIC GERDEN 15,,R  DA LAGOSTA,"R DA LAGOSTA  C 01 , BAIRRO JD ATLÂNTICO",2,2,2,1,1
AUTO_ALIAS_1A1_TOTAIS_IGUAIS,goiania,189760,6421,RES.ATLANTICO,,R  DA TAINHA,"R DA TAINHA  CASA 01 , BAIRRO JD ATLÂNTICO",2,2,2,1,1
AUTO_ALIAS_1A1_TOTAIS_IGUAIS,goiania,231184,8302,RES ATLANTICO 131.05,,R  DE ICARAI,"R DE ICARAI  CASA 01 , BAIRRO JD ATLÂNTICO",2,2,2,1,1
AUTO_ALIAS_1A1_TOTAIS_IGUAIS,goiania,187392,8526,RES ATLANTICO-66.206,,R  DA ESPONJA,"R DA ESPONJA  CASA 01 , BAIRRO JD ATLÂNTICO",2,2,2,1,1
AUTO_ALIAS_1A1_TOTAIS_IGUAIS,goiania,189964,7930,RES ATLANTICO 97.07,,R  DA OSTRA,"R DA OSTRA  CASA 01 , BAIRRO JD ATLÂNTICO",2,2,2,1,1
AUTO_ALIAS_1A1_TOTAIS_IGUAIS,goiania,236376,7815,RES ATTUX I,,R  DAS ROCAS,"R DAS ROCAS  CASA 01 , BAIRRO JD ATLÂNTICO",2,2,2,1,1
AUTO_ALIAS_1A1_TOTAIS_IGUAIS,goiania,190297,7564,RES ATUAL,,R  V3,"R V6  CASA 01 , BAIRRO VL REZENDE",2,2,2,1,1
AUTO_ALIAS_1A1_TOTAIS_IGUAIS,goiania,197897,6269,RES ATUM,,R  DO ATUM,"R DO ATUM  CASA 01 , BAIRRO JD ATLÂNTICO",2,2,2,1,1
AUTO_ALIAS_1A1_TOTAIS_IGUAIS,goiania,197896,6652,RES. ATUM V,,R  DO ATUM,"R DO ATUM  CASA 01 , BAIRRO JD ATLÂNTICO",2,2,2,1,1
AUTO_ALIAS_1A1_TOTAIS_IGUAIS,goiania,321279,10784,RES AUD PELA,,AV FRANCA,"AV FRANCA CASA 01 , BAIRRO RES VILLE DE FRANCE",2,2,2,1,1
AUTO_ALIAS_1A1_TOTAIS_IGUAIS,goiania,196831,1390,RES AUGUSTO I,,AV DE CONTORNO SUL,"AV DE CONTORNO SUL S/N     CASA 01 , BAIRRO PRQ ANHANGÜERA",2,2,2,1,1
AUTO_ALIAS_1A1_TOTAIS_IGUAIS,goiania,137097,8652,RES AUGUSTO LOPES X,,R  POUSO ALEGRE,"R POUSO ALEGRE  CASA 01 , BAIRRO RES BUENA VISTA IV",2,2,2,1,1
AUTO_ALIAS_1A1_TOTAIS_IGUAIS,goiania,61149,6620,RES AUGUSTO XX,,R  RP1,"R RP1 LT S/N CS 01 , BAIRRO RES RECREIO PANORAMA",2,2,2,1,1
AUTO_ALIAS_1A1_TOTAIS_IGUAIS,goiania,228818,10152,RES AUGUSTUS,,R  244,"R 244  SOBRADO 01 , BAIRRO S COIMBRA",2,2,2,1,1
AUTO_ALIAS_1A1_TOTAIS_IGUAIS,goiania,262882,8317,RES AUREA BOM JESUS,,R  MARIA RODRIGUES DE SENA ROSA,"R MARIA RODRIGUES DE SENA ROSA  CASA 01 , BAIRRO JD BOM JESUS",2,2,2,1,1
AUTO_ALIAS_1A1_TOTAIS_IGUAIS,goiania,101342,10044,RES AURELIO,,R  VC1,"R PROF MARIA DO S DE MATOS LIMA  CASA 01 , BAIRRO RES JUNQUEIRA",2,2,2,1,1
AUTO_ALIAS_1A1_TOTAIS_IGUAIS,goiania,158033,7587,RES AURELIO ISMAR DE SOUSA I,,R  FV38,"R FV38  CASA 01 , BAIRRO RES FIDÉLIS",2,2,2,1,1
AUTO_ALIAS_1A1_TOTAIS_IGUAIS,goiania,188550,9278,RES AURELIOS I,,R  DA TREMELGA,"R DA TREMELGA  CASA 01 , BAIRRO JD ATLÂNTICO",2,2,2,1,1
AUTO_ALIAS_1A1_TOTAIS_IGUAIS,goiania,222487,11516,RES. AUROVALDO JOSE DE DEUS V,,R  MDV6,"R MDV6  CASA 01 , BAIRRO LOT MOINHO DOS VENTOS",2,2,2,1,1
AUTO_ALIAS_1A1_TOTAIS_IGUAIS,goiania,128958,11938,RES AVANIS TELES II,,R  SM1,"R SM1  CASA 01 , BAIRRO RES SÃO MARCOS",2,2,2,1,1
AUTO_ALIAS_1A1_TOTAIS_IGUAIS,goiania,160554,11926,RES. AVELAR I,,R  JAV5,"R JAV5  CASA 01 , BAIRRO JD ALPHAVILLE",2,2,2,1,1
AUTO_ALIAS_1A1_TOTAIS_IGUAIS,goiania,368677,11924,RES AVELINO,,R  RB48A,"R RB48A CASA 01 , BAIRRO RES RECANTO DO BOSQUE",2,2,2,1,1
AUTO_ALIAS_1A1_TOTAIS_IGUAIS,goiania,226195,7886,RES AVH,,R  DOS GIRASSOIS,"R DOS GIRASSOIS  CASA 02 , BAIRRO PRQ DAS PAINEIRAS III ETAPA",2,2,2,1,1
AUTO_ALIAS_1A1_TOTAIS_IGUAIS,goiania,283506,6013,RES AVIADOR TWENTY,,R  ACP22,"R ACP22 C-2 , BAIRRO RES ANTONIO CARLOS PIRES",2,2,2,1,1
AUTO_ALIAS_1A1_TOTAIS_IGUAIS,goiania,124451,9057,RES AVILA II,,R  N14,"R N14  CASA 01 , BAIRRO S DAS NAÇÕES EXTENSÃO",2,2,2,1,1
AUTO_ALIAS_1A1_TOTAIS_IGUAIS,goiania,124758,9058,RES AVILA III,,R  N14,"R N14  CASA 01 , BAIRRO S DAS NAÇÕES EXTENSÃO",2,2,2,1,1
AUTO_ALIAS_1A1_TOTAIS_IGUAIS,goiania,125052,9059,RES AVILA IV,,R  N14,"R N14  CASA 01 , BAIRRO S DAS NAÇÕES EXTENSÃO",2,2,2,1,1
AUTO_ALIAS_1A1_TOTAIS_IGUAIS,goiania,217336,9232,RES AVILMAR DE MOURA,,R  RT9,"R RT9 S/N     CASA 01 , BAIRRO RES TALISMÃ",3,3,3,1,1
AUTO_ALIAS_1A1_TOTAIS_IGUAIS,goiania,222556,9281,RES A V SILVA,,R  DO PEQUI,"R DAS ROSEIRAS  CASA 02 , BAIRRO PRQ DAS PAINEIRAS IV ETAPA",2,2,2,1,1
AUTO_ALIAS_1A1_TOTAIS_IGUAIS,goiania,290492,1500,RES AYNNE,,AV DE LOURDES,"AV DE LOURDES CASA 02 , BAIRRO S JAÓ",2,2,2,1,1
AUTO_ALIAS_1A1_TOTAIS_IGUAIS,goiania,168108,9943,RES. AZEVEDO E OLIVEIRA,,R  RI32,"R RI-9  CASA 01 , BAIRRO RES ITAIPÚ",3,3,3,1,1
AUTO_ALIAS_1A1_TOTAIS_IGUAIS,goiania,200176,5990,RES AZEVEDO I,,R  LAS VELAS,"R ELCHE  CASA 02 , BAIRRO S TRÊS MARIAS",2,2,2,1,1
AUTO_ALIAS_1A1_TOTAIS_IGUAIS,goiania,388124,11159,RES. AZEVEDO MACHADO,,R  GUANABARA,"R GUANABARA CASA 02 , BAIRRO JD BELA VISTA",2,2,2,1,1
AUTO_ALIAS_1A1_TOTAIS_IGUAIS,goiania,306726,13749,RES AZEVEDO MACHADO II,,R  DAS PAINEIRAS,"R DAS PAINEIRAS SOB02 , BAIRRO JD BELA VISTA",2,2,2,1,1
AUTO_ALIAS_1A1_TOTAIS_IGUAIS,goiania,197924,6777,RES.BADEJO I,,R  DO BADEJO,"R DO BADEJO  CASA 01 , BAIRRO JD ATLÂNTICO",2,2,2,1,1
AUTO_ALIAS_1A1_TOTAIS_IGUAIS,goiania,100408,6717,RES BAETA,,R  RT5,"R RT5  CASA 01 , BAIRRO RES TUZIMOTO",3,3,3,1,1
AUTO_ALIAS_1A1_TOTAIS_IGUAIS,goiania,239209,13209,RES.BAHIA BLANCA,,AV C264,"R C259 S/N     CASA-03 , BAIRRO BRO NOVA SUIÇA",3,3,3,1,1
AUTO_ALIAS_1A1_TOTAIS_IGUAIS,goiania,196245,466,RES BAIRRO ANHANGUERA,,R  TAMANDARE,"R TAMANDARE  CASA 01 , BAIRRO PRQ ANHANGÜERA",3,3,3,1,1
AUTO_ALIAS_1A1_TOTAIS_IGUAIS,goiania,198221,8057,RES BALLADOLID I,,R  BALLADOLID,"R BALLADOLID  CASA 01 , BAIRRO S TRÊS MARIAS",3,3,3,1,1
AUTO_ALIAS_1A1_TOTAIS_IGUAIS,goiania,169214,10358,RES BANDEIRA I,,R  W15,"R W15  CASA 01 , BAIRRO JD ITAIPÚ",2,2,2,1,1
AUTO_ALIAS_1A1_TOTAIS_IGUAIS,goiania,193614,10097,RES BANDEIRAS,,R  SALERMO,"R SALERMO S/N     CASA-03 , BAIRRO JD EUROPA",4,4,4,1,1
AUTO_ALIAS_1A1_TOTAIS_IGUAIS,goiania,197230,8152,RES BARAO DO PARQUE,,R  BARAO DO RIO BRANCO,"R BARAO DO RIO BRANCO  CASA 01 , BAIRRO PRQ ANHANGÜERA",2,2,2,1,1
AUTO_ALIAS_1A1_TOTAIS_IGUAIS,goiania,47501,4982,RES BARBOSA,,R  R,"R R LT 20 CS 01 , BAIRRO S PROGRESSO",3,3,3,1,1
AUTO_ALIAS_1A1_TOTAIS_IGUAIS,goiania,231250,8712,RES BARBOSA 116.972,,R  ALAOR MENDONCA,"R ALAOR MENDONCA  CASA 01 , BAIRRO VL ROSA",2,2,2,1,1
AUTO_ALIAS_1A1_TOTAIS_IGUAIS,goiania,206593,6483,RES BARBOSA-274,,R  ALMIRANTE BARROSO,"R ALMIRANTE BARROSO  CASA 01 , BAIRRO JD VILA BOA",3,3,3,1,1
AUTO_ALIAS_1A1_TOTAIS_IGUAIS,goiania,120981,5647,RES.BARBOSA-325,,R  TV7,"R TV7  CASA 01 , BAIRRO LOT TROPICAL VERDE",3,3,3,1,1
AUTO_ALIAS_1A1_TOTAIS_IGUAIS,goiania,209179,9209,RES. BARBOSA-64.316,,R  F14,"R F14  CASA 01 , BAIRRO LOT FAIÇALVILLE",3,3,3,1,1
AUTO_ALIAS_1A1_TOTAIS_IGUAIS,goiania,201307,1954,RES BARBOSA DIAS,,R  MMM5,"R MMM5  CASA 01 , BAIRRO S TRÊS MARIAS",2,2,2,1,1
AUTO_ALIAS_1A1_TOTAIS_IGUAIS,goiania,183911,1386,RES BARBOSA FARIA,,AV DA LIBERDADE,"AV DA LIBERDADE  CASA 01 , BAIRRO S GARAVELO",2,2,2,1,1
AUTO_ALIAS_1A1_TOTAIS_IGUAIS,goiania,11627,9648,RES BARBOSA I & SOUZA I,,R  C48,"R C48 S/N     CASA 01 , BAIRRO S SUDOESTE",3,3,3,1,1
AUTO_ALIAS_1A1_TOTAIS_IGUAIS,goiania,219602,1577,RES BARBOSA SALES,,AV TORONTO,"AV TORONTO  CASA 1 , BAIRRO LOT MOINHO DOS VENTOS",2,2,2,1,1
AUTO_ALIAS_1A1_TOTAIS_IGUAIS,goiania,226230,6524,RES BARBOSA SALES II,,R  MDV11,"R MDV11  CASA 01 , BAIRRO LOT MOINHO DOS VENTOS",2,2,2,1,1
AUTO_ALIAS_1A1_TOTAIS_IGUAIS,goiania,252455,6277,RES BARBOSA TEIXEIRA RESIDENCE III,,R  FL48,"R FL48 C-1 , BAIRRO PRQ DAS FLORES",4,4,4,1,1
AUTO_ALIAS_1A1_TOTAIS_IGUAIS,goiania,116364,6862,RES. BARBOSA-TV06,,R  TV6,"R TV6  C-2 , BAIRRO LOT TROPICAL VERDE",2,2,2,1,1
AUTO_ALIAS_1A1_TOTAIS_IGUAIS,goiania,120160,6894,RES BARBOSA TV1,,R  TV1,"R TV1  C-1 , BAIRRO LOT TROPICAL VERDE",2,2,2,1,1
AUTO_ALIAS_1A1_TOTAIS_IGUAIS,goiania,142588,1950,RES BARBOSA VIEIRA X,,R  RY8,"R RY8  CASA 02 , BAIRRO RES YTAPUÃ",2,2,2,1,1
AUTO_ALIAS_1A1_TOTAIS_IGUAIS,goiania,142586,1933,RES BARBOSA VIEIRA XI,,R  RY8,"R RY8  CASA 02 , BAIRRO RES YTAPUÃ",2,2,2,1,1
AUTO_ALIAS_1A1_TOTAIS_IGUAIS,goiania,133426,2539,RES BARBOSA VIEIRA XII,,R  VALDIR AZEVEDO,"R VALDIR AZEVEDO  CASA 02 , BAIRRO RES YTAPUÃ",2,2,2,1,1
AUTO_ALIAS_1A1_TOTAIS_IGUAIS,goiania,59591,3354,RES BARRAVENTO,,R  UNIAO POSTAL UNIVERSAL,"R UNIAO POSTAL UNIVERSAL LT 23 CS 100 , BAIRRO RES BARRAVENTO",5,5,5,1,1
AUTO_ALIAS_1A1_TOTAIS_IGUAIS,goiania,206879,7143,RES.BARRETO,,R  PRESIDENTE RODRIGUES ALVES,"R F40  CASA 01 , BAIRRO LOT FAIÇALVILLE",2,2,2,1,1
AUTO_ALIAS_1A1_TOTAIS_IGUAIS,goiania,297601,11443,RES.BARRETO,,R  COLOMBIA,"R COLOMBIA CASA01 , BAIRRO VL MARIA LUIZA",3,3,3,1,1
AUTO_ALIAS_1A1_TOTAIS_IGUAIS,goiania,202455,1279,RES BARROS,,AV PRESIDENTE WENCESLAU,"AV PRESIDENTE WENCESLAU  , BAIRRO JD PRESIDENTE",3,3,3,1,1
AUTO_ALIAS_1A1_TOTAIS_IGUAIS,goiania,252869,5564,RES.BARROS-081,,R  OM14,"R OM14 C-1 , BAIRRO RES ORLANDO DE MORAIS",2,2,2,1,1
AUTO_ALIAS_1A1_TOTAIS_IGUAIS,goiania,395736,6564,RES. BARROS-212,,R  OM02,"R OM02 CASA 01 , BAIRRO RES ORLANDO DE MORAIS",3,3,3,1,1
AUTO_ALIAS_1A1_TOTAIS_IGUAIS,goiania,169314,10043,RES BARROS 40,,R  RI10,"R RI10  CASA 01 , BAIRRO RES ITAIPÚ",3,3,3,1,1
AUTO_ALIAS_1A1_TOTAIS_IGUAIS,goiania,375405,8911,RES BARROS 95.594,,AV SAMAMBAIA,"AV SAMAMBAIA CASA 02 , BAIRRO RES ANTONIO CARLOS PIRES",2,2,2,1,1
AUTO_ALIAS_1A1_TOTAIS_IGUAIS,goiania,243182,12652,RES. BARROS ABI FAICAL,,R  T29,"R T29  CASA 1 , BAIRRO S BUENO",2,2,2,1,1
AUTO_ALIAS_1A1_TOTAIS_IGUAIS,goiania,124023,1959,RES BARROS ABREU,,R  SM28,"R SM28  CASA01 , BAIRRO RES SÃO MARCOS",2,2,2,1,1
AUTO_ALIAS_1A1_TOTAIS_IGUAIS,goiania,160219,12786,RES BARROS E SILVA II,,R  COLOMBINO DE BASTOS,"R COLOMBINO DE BASTOS  CASA01 , BAIRRO RES SANTA FÉ",2,2,2,1,1
AUTO_ALIAS_1A1_TOTAIS_IGUAIS,goiania,167430,5583,RES. BARROS & PEREIRA I,,R  W13,"R W13  C-1 , BAIRRO JD ITAIPÚ",2,2,2,1,1
AUTO_ALIAS_1A1_TOTAIS_IGUAIS,goiania,170043,7382,RES BARROS & PEREIRA III,,R  30,"R 30  CASA 01 , BAIRRO CON DAS ESMERALDAS",2,2,2,1,1
AUTO_ALIAS_1A1_TOTAIS_IGUAIS,goiania,147162,14009,RES BASSO 1,,R  C161,"R C161  CASA 01 , BAIRRO BRO JARDIM AMÉRICA",2,2,2,1,1
AUTO_ALIAS_1A1_TOTAIS_IGUAIS,goiania,222268,5922,RES. BATALHA II,,R  MDV2,"R MDV2  CASA 01 , BAIRRO LOT MOINHO DOS VENTOS",2,2,2,1,1
AUTO_ALIAS_1A1_TOTAIS_IGUAIS,goiania,78136,5403,RES. BATISTA 143,,R  WALDEMAR DA SILVA GUIMARAES,"R WALDEMAR DA SILVA GUIMARAES CASA 01 , BAIRRO RES PARK SOLAR",2,2,2,1,1
AUTO_ALIAS_1A1_TOTAIS_IGUAIS,goiania,178928,7199,RES BATISTA-273,,R  G5,"R G5  CASA 01 , BAIRRO S GRAJAÚ",2,2,2,1,1
AUTO_ALIAS_1A1_TOTAIS_IGUAIS,goiania,87691,7049,RES BATISTA 416,,R  SV7,"R SV7 CASA 1 , BAIRRO RES SOLAR VILLE",2,2,2,1,1
AUTO_ALIAS_1A1_TOTAIS_IGUAIS,goiania,181632,5801,RES. BATISTA-597,,R  I-5,"R I-5  CASA 01 , BAIRRO JD IPANEMA",2,2,2,1,1
AUTO_ALIAS_1A1_TOTAIS_IGUAIS,goiania,85998,6373,RES BATISTA 911,,R  AGRONOMO JOAQUIM BATISTA,"R AGRONOMO JOAQUIM BATISTA C-1 , BAIRRO RES SOLAR VILLE",2,2,2,1,1
AUTO_ALIAS_1A1_TOTAIS_IGUAIS,goiania,280238,5406,RES.BATISTA-93,,R  OM19,"R OM19 CASA 02 , BAIRRO RES ORLANDO DE MORAIS",2,2,2,1,1
AUTO_ALIAS_1A1_TOTAIS_IGUAIS,goiania,272686,8268,RES. BATISTA I,,R  5,"R 5 CASA 01 , BAIRRO RES PAULO ESTRELA",2,2,2,1,1
AUTO_ALIAS_1A1_TOTAIS_IGUAIS,goiania,221856,10165,RES BATISTA LOUZEIRA,,R  EF23,"R EF28  CASA 01 , BAIRRO RES ELI FORTE - EXTENSÃO",2,2,2,1,1
AUTO_ALIAS_1A1_TOTAIS_IGUAIS,goiania,4315,14435,RES BATISTA PINTO,,R  CONEGO LUIZ VIEIRA,"R CONEGO LUIZ VIEIRA LT 23  CS 01 , BAIRRO BRO CIDADE JARDIM",2,2,2,1,1
AUTO_ALIAS_1A1_TOTAIS_IGUAIS,goiania,84881,12220,RES BATISTA TAVEIRA II,,EST114,"EST114 CASA 01 , BAIRRO RES CARLA CRISTINA",2,2,2,1,1
AUTO_ALIAS_1A1_TOTAIS_IGUAIS,goiania,178613,10831,RES. BATISTA TEM FE I,,R  G14,"R G14  CASA 01 , BAIRRO S GRAJAÚ",2,2,2,1,1
AUTO_ALIAS_1A1_TOTAIS_IGUAIS,goiania,161292,13350,RES.BATTISTINY,,R  SRM13,"R SRM13  CASA 01 , BAIRRO VLG SANTA RITA",4,4,4,1,1
AUTO_ALIAS_1A1_TOTAIS_IGUAIS,goiania,198312,7842,RES B.C.,,R  TORDESILHAS,"R TORDESILHAS  CASA 2 , BAIRRO S TRÊS MARIAS",2,2,2,1,1
AUTO_ALIAS_1A1_TOTAIS_IGUAIS,goiania,196691,12721,RES. BEATRIZ,,R  SANTA EFIGENIA,"AV JULIO CESAR  C1 RES. BEATRIZ , BAIRRO JD PLANALTO",3,3,3,1,1
AUTO_ALIAS_1A1_TOTAIS_IGUAIS,goiania,126445,8821,RES. BEATRIZ NASCIMENTO 12.02,,R  RBN1,"R RBN1  CASA 02 , BAIRRO RES BEATRIZ NASCIMENTO",2,2,2,1,1
AUTO_ALIAS_1A1_TOTAIS_IGUAIS,goiania,77805,12578,RES. BEBERIBE II,,R  BEBERIBE,"R BEBERIBE  CASA 01 , BAIRRO LOT TROPICAL VILLE",2,2,2,1,1
AUTO_ALIAS_1A1_TOTAIS_IGUAIS,goiania,342867,7293,RES BEGONIA,,R  109,"R 109  SOBRADO 01 , BAIRRO S SUL",2,2,2,1,1
AUTO_ALIAS_1A1_TOTAIS_IGUAIS,goiania,287533,7610,RES BEIJA FLOR,,R  64,"R 64 CASA 01 , BAIRRO JD GOIÁS",2,2,2,1,1
AUTO_ALIAS_1A1_TOTAIS_IGUAIS,goiania,258651,14300,RES BEIJA FLOR II,,AV CARRINHO CUNHA,"AV CARRINHO CUNHA CASA01 , BAIRRO PRQ DAS FLORES",2,2,2,1,1
AUTO_ALIAS_1A1_TOTAIS_IGUAIS,goiania,169793,1385,RES BELANICE I,,R  RI11,"R RI11  CASA 01 , BAIRRO RES ITAIPÚ",2,2,2,1,1
AUTO_ALIAS_1A1_TOTAIS_IGUAIS,goiania,12347,8862,RES BELANICE ROSA,,R  C77,"R C77 CASA 001 , BAIRRO S SUDOESTE",5,5,5,1,1
AUTO_ALIAS_1A1_TOTAIS_IGUAIS,goiania,239394,7139,RES BELA VISTA,,R  C235,"R C235 S/N     CASA 01 , BAIRRO S BUENO",4,4,4,1,1
AUTO_ALIAS_1A1_TOTAIS_IGUAIS,goiania,237386,7500,RES BELA VISTA,,AV T14,"AV T14 S/N     CASA 01 , BAIRRO S BELA VISTA",5,5,5,1,1
AUTO_ALIAS_1A1_TOTAIS_IGUAIS,goiania,194899,9984,RES. BELGICA I,,R  BELGICA,"R BELGICA S/N     CASA-1 , BAIRRO JD EUROPA",2,2,2,1,1
AUTO_ALIAS_1A1_TOTAIS_IGUAIS,goiania,376206,10796,RES BELGRADO,,R  TROPICAL,"R TROPICAL CASA-01 , BAIRRO RES RECANTO DO BOSQUE",2,2,2,1,1
AUTO_ALIAS_1A1_TOTAIS_IGUAIS,goiania,177259,11097,RES BELINDA RORIZ I,,R  AC2,"R AC2  CASA 01 , BAIRRO RES ANA CLARA",3,3,3,1,1
AUTO_ALIAS_1A1_TOTAIS_IGUAIS,goiania,138949,11456,RES BELLA ARTE V,,R  ELO1,"R ELO1  CASA 01 , BAIRRO PRQ ELDORADO OESTE",2,2,2,1,1
AUTO_ALIAS_1A1_TOTAIS_IGUAIS,goiania,143486,10463,RES. BELLAR I,,R  ELO7,"R ELO7  CASA 01 , BAIRRO PRQ ELDORADO OESTE",2,2,2,1,1
AUTO_ALIAS_1A1_TOTAIS_IGUAIS,goiania,144218,7185,RES. BELO,,R  C162,"R C162  CASA 01 , BAIRRO BRO JARDIM AMÉRICA",2,2,2,1,1
AUTO_ALIAS_1A1_TOTAIS_IGUAIS,goiania,290764,8978,RES BELO PARK II,,R  FL36,"R FL36 CASA 01 , BAIRRO PRQ DAS FLORES",2,2,2,1,1
AUTO_ALIAS_1A1_TOTAIS_IGUAIS,goiania,70419,12055,RES BELO PORTO V,,R  ITAPUA,"R ITAPUA CASA 01 , BAIRRO LOT VALE VERDE",2,2,2,1,1
AUTO_ALIAS_1A1_TOTAIS_IGUAIS,goiania,70420,12465,RES BELO PORTO VI,,R  ITAPUA,"R ITAPUA CASA 01 , BAIRRO LOT VALE VERDE",2,2,2,1,1
AUTO_ALIAS_1A1_TOTAIS_IGUAIS,goiania,70421,11906,RES BELO PORTO VII,,R  ITAPUA,"R ITAPUA CASA 01 , BAIRRO LOT VALE VERDE",2,2,2,1,1
AUTO_ALIAS_1A1_TOTAIS_IGUAIS,goiania,70422,11839,RES. BELO PORTO VIII,,R  DAS PALMEIRAS,"R ITAPUA CASA 01 , BAIRRO LOT VALE VERDE",3,3,3,1,1
AUTO_ALIAS_1A1_TOTAIS_IGUAIS,goiania,59962,6743,RES BELVEDERE II,,AV FILOGONIO REZENDE MACHADO,"R DO FAROL LT S/N CS01 , BAIRRO LOT RECANTO BARRAVENTO",2,2,2,1,1
AUTO_ALIAS_1A1_TOTAIS_IGUAIS,goiania,294654,9053,RES BENFICA,,AV RUI BARBOSA,"AV RUI BARBOSA CASA 01 , BAIRRO S JAÓ",2,2,2,1,1
AUTO_ALIAS_1A1_TOTAIS_IGUAIS,goiania,302590,10798,RES BENFICA MARINHO I,,AV DE LOURDES,"PC DA BANDEIRA , BAIRRO S JAÓ",2,2,2,1,1
AUTO_ALIAS_1A1_TOTAIS_IGUAIS,goiania,219311,9167,RES BENICIO JOSE,,AV TORONTO,"AV TORONTO  CASA 01 , BAIRRO RES CANADÁ",2,2,2,1,1
AUTO_ALIAS_1A1_TOTAIS_IGUAIS,goiania,173566,8781,RES BENTA DA COSTA,,R  RI11,"R RI11  CASA-01 , BAIRRO RES ITAIPÚ",2,2,2,1,1
AUTO_ALIAS_1A1_TOTAIS_IGUAIS,goiania,259874,1434,RES BENTO CARDOSO II,,R  RB17,"R RB17 CASA 01 , BAIRRO RES RECANTO DO BOSQUE",2,2,2,1,1
AUTO_ALIAS_1A1_TOTAIS_IGUAIS,goiania,167936,3385,RES BENTO QUEIROZ,,R  W13,"R W13  C-1 , BAIRRO JD ITAIPÚ",2,2,2,1,1
AUTO_ALIAS_1A1_TOTAIS_IGUAIS,goiania,195773,7015,RES BENTO QUEIROZ II,,R  ESCOCIA,"R ESCOCIA  SOB 02 , BAIRRO JD EUROPA",2,2,2,1,1
AUTO_ALIAS_1A1_TOTAIS_IGUAIS,goiania,17716,8623,RES BERDINAZI RESIDENCE,,R  BERDINAZI,"R BERDINAZI CASA 01 , BAIRRO S ESTRELA DALVA",2,2,2,1,1
AUTO_ALIAS_1A1_TOTAIS_IGUAIS,goiania,102770,13650,RES BERGAMINI & GRACIANO,,R  CRP11,"R CRP11  CASA 02 , BAIRRO RES PRIMAVERA",2,2,2,1,1
AUTO_ALIAS_1A1_TOTAIS_IGUAIS,goiania,198727,8388,RES. BERGEN-20.01,,R  LA PALMA,"R LA PALMA  SOB 01 , BAIRRO S TRÊS MARIAS",2,2,2,1,1
AUTO_ALIAS_1A1_TOTAIS_IGUAIS,goiania,294955,6954,RES.BERKELY I,,AL VITORIA REGIA,"AL VITORIA REGIA SOB01 , BAIRRO LOT GOIÂNIA 2",2,2,2,1,1
AUTO_ALIAS_1A1_TOTAIS_IGUAIS,goiania,330409,5567,RES.BERNARDES XI,,R  OM20,"R OM20 CASA 01 , BAIRRO RES ORLANDO DE MORAIS",2,2,2,1,1
AUTO_ALIAS_1A1_TOTAIS_IGUAIS,goiania,310865,6012,RES BERNARDES XII,,R  OM20,"R OM20 CASA 01 , BAIRRO RES ORLANDO DE MORAIS",2,2,2,1,1
AUTO_ALIAS_1A1_TOTAIS_IGUAIS,goiania,333443,6875,RES. BERNARDES XV,,R  OM19,"R OM19 C-1 , BAIRRO RES ORLANDO DE MORAIS",2,2,2,1,1
AUTO_ALIAS_1A1_TOTAIS_IGUAIS,goiania,360141,7684,RES BERNARDES XVI,,R  OM18,"R OM18 CASA 01 , BAIRRO RES ORLANDO DE MORAIS",2,2,2,1,1
AUTO_ALIAS_1A1_TOTAIS_IGUAIS,goiania,164197,5431,RES BERNARDES XXI,,R  DOS DUENDES,"R DOS DUENDES  CASA 01 , BAIRRO RES SANTA FÉ I",4,4,4,1,1
AUTO_ALIAS_1A1_TOTAIS_IGUAIS,goiania,190058,8785,RES BERTILHO,,R  DESEMBARGADOR ELADIO,"R DESEMBARGADOR ELADIO  SOBRADO 02 , BAIRRO VL ROSA",2,2,2,1,1
AUTO_ALIAS_1A1_TOTAIS_IGUAIS,goiania,136478,7813,RES BERTO DE FARIA,,R  MONS JOAO DAIBER,"R MONS JOAO DAIBER  CASA 02 , BAIRRO JD SÃO JOSÉ",2,2,2,1,1
AUTO_ALIAS_1A1_TOTAIS_IGUAIS,goiania,364424,7562,RES BETEL,,AV ARISTOTELES,"AV ARISTOTELES CASA 01 , BAIRRO JD MARILIZA",2,2,2,1,1
AUTO_ALIAS_1A1_TOTAIS_IGUAIS,goiania,232034,7225,RES BETER I,,R  1105,"R 1105 S/N     CASA 01 , BAIRRO S PEDRO LUDOVICO",3,3,3,1,1
AUTO_ALIAS_1A1_TOTAIS_IGUAIS,goiania,17917,7372,RES BETHANIA I,,R  SILVA PRATES,"R SILVA PRATES LT 16 . , BAIRRO S PARQUE TREMENDÃO",2,2,2,1,1
AUTO_ALIAS_1A1_TOTAIS_IGUAIS,goiania,178494,10593,RES BEY DE SOUSA I,,R  G2,"R G2  CASA 01 , BAIRRO S GRAJAÚ",2,2,2,1,1
AUTO_ALIAS_1A1_TOTAIS_IGUAIS,goiania,223207,6505,RES BEZERRA DE CASTRO,,R  MDV7,"R MDV7  CASA01 , BAIRRO LOT MOINHO DOS VENTOS",2,2,2,1,1
AUTO_ALIAS_1A1_TOTAIS_IGUAIS,goiania,61484,7116,RES BEZERRA NETO I,,R  RP3,"R RP3 LT 06 CS 01 , BAIRRO RES RECREIO PANORAMA",2,2,2,1,1
AUTO_ALIAS_1A1_TOTAIS_IGUAIS,goiania,143432,8404,RES B´GOMES SIQUEIRA I,,R  CANAPOLIS,"R CANAPOLIS  CASA 01 , BAIRRO RES BUENA VISTA IV",2,2,2,1,1
AUTO_ALIAS_1A1_TOTAIS_IGUAIS,goiania,210129,8899,RES BISINOTO II,,R  PRESIDENTE HERMES DA FONSECA,"R PRESIDENTE HERMES DA FONSECA  CASA 01 , BAIRRO JD PRESIDENTE",2,2,2,1,1
AUTO_ALIAS_1A1_TOTAIS_IGUAIS,goiania,337257,8500,RES BISPO ALVES,,R  JACARANDA,"R JACARANDA CASA 01 , BAIRRO JD MARILIZA",2,2,2,1,1
AUTO_ALIAS_1A1_TOTAIS_IGUAIS,goiania,217790,8006,RES BLANDINA DE OLIVEIRA I,,R  CV34,"R CV34  CASA 01 , BAIRRO RES CENTER VILLE",2,2,2,1,1
AUTO_ALIAS_1A1_TOTAIS_IGUAIS,goiania,88380,2423,RES BLANDINA MARQUES I,,R  BRANDINA MARQUES,"R BRANDINA MARQUES CASA 01 , BAIRRO PRQ BURITI",3,3,3,1,1
AUTO_ALIAS_1A1_TOTAIS_IGUAIS,goiania,89056,3966,RES BLANDINA MARQUES II,,R  BRANDINA MARQUES,"R BRANDINA MARQUES CASA01 , BAIRRO PRQ BURITI",3,3,3,1,1
AUTO_ALIAS_1A1_TOTAIS_IGUAIS,goiania,154739,10913,RES BLAUDINA,,R  R2,"R R2  CASA 01 , BAIRRO S SOLAR SANTA RITA",2,2,2,1,1
AUTO_ALIAS_1A1_TOTAIS_IGUAIS,goiania,389772,11125,RES BLESSING BORQUE IV,,R  RB18,"R RB18 CASA 1 , BAIRRO RES RECANTO DO BOSQUE",2,2,2,1,1
AUTO_ALIAS_1A1_TOTAIS_IGUAIS,goiania,383253,10661,RES. BLESSING V,,R  RB56A,"R RB56A CASA 1 , BAIRRO RES RECANTO DO BOSQUE",2,2,2,1,1
AUTO_ALIAS_1A1_TOTAIS_IGUAIS,goiania,326629,6217,RES BLOMME,,R  FL27,"R FL27 CASA 01 , BAIRRO PRQ DAS FLORES",3,3,3,1,1
AUTO_ALIAS_1A1_TOTAIS_IGUAIS,goiania,353426,6141,RES BM 09,,R  BM9,"R BM9 CASA 01 , BAIRRO RES BRISAS DA MATA",2,2,2,1,1
AUTO_ALIAS_1A1_TOTAIS_IGUAIS,goiania,292755,2476,RES BM 15,,R  BM15,"R BM15 CASA 01 , BAIRRO RES BRISAS DA MATA",2,2,2,1,1
AUTO_ALIAS_1A1_TOTAIS_IGUAIS,goiania,358523,13921,RES BM-25,,R  BM25,"R BM25 CASA 01 , BAIRRO RES BRISAS DA MATA",2,2,2,1,1
AUTO_ALIAS_1A1_TOTAIS_IGUAIS,goiania,301768,6490,"RES.""BOAZ""",,R  MURICI,"R MURICI CASA 01 , BAIRRO LOT GOIÂNIA 2",2,2,2,1,1
AUTO_ALIAS_1A1_TOTAIS_IGUAIS,goiania,267480,7328,RES BOI GORDO 1,,R  SR45,"R SR45 CASA 01 , BAIRRO RES SÃO LEOPOLDO",2,2,2,1,1
AUTO_ALIAS_1A1_TOTAIS_IGUAIS,goiania,386182,12618,RES. BOMPLAND,,AV BONPLAND,"AV BONPLAND SN CASA 01 , BAIRRO JD MARILIZA",2,2,2,1,1
AUTO_ALIAS_1A1_TOTAIS_IGUAIS,goiania,86096,7585,RES. BOMTEMPO-465,,R  XIQUE XIQUE,"R XIQUE-XIQUE  CASA 02 , BAIRRO LOT TROPICAL VILLE",2,2,2,1,1
AUTO_ALIAS_1A1_TOTAIS_IGUAIS,goiania,233839,2090,RES BONANNZA,,R  EXPEDICIONARIO JOSE GOIANO,"CASA-09 , BAIRRO PRQ AMAZÔNIA",9,9,9,1,1
AUTO_ALIAS_1A1_TOTAIS_IGUAIS,goiania,254473,1240,RES BONANZA,,R  7,"R 7 CASA 01 , BAIRRO JD SANTO ANTÔNIO",3,3,3,1,1
AUTO_ALIAS_1A1_TOTAIS_IGUAIS,goiania,82792,9285,RES BONANZA XV,,R  JB13,"R JB13 CASA 01 , BAIRRO JD BONANZA",2,2,2,1,1
AUTO_ALIAS_1A1_TOTAIS_IGUAIS,goiania,9390,5447,RES BONNANZZA,,R  C96,"R C96  CASA 01 , BAIRRO S SUDOESTE",3,3,3,1,1
AUTO_ALIAS_1A1_TOTAIS_IGUAIS,goiania,132695,8077,RES BONTEMPO LAPERCHE,,R  ELPIDIO RODRIGUES,"R ELPIDIO RODRIGUES  CASA 01 , BAIRRO RES BUENA VISTA III",3,3,3,1,1
AUTO_ALIAS_1A1_TOTAIS_IGUAIS,goiania,175755,1474,RES BORBA,,R  RI2,"R RI2  CASA 01 , BAIRRO RES ITAIPÚ",5,5,5,1,1
AUTO_ALIAS_1A1_TOTAIS_IGUAIS,goiania,367270,1563,RES BORBA FLORES,,R  FL33,"R FL33 CASA 01 , BAIRRO PRQ DAS FLORES",3,3,3,1,1
AUTO_ALIAS_1A1_TOTAIS_IGUAIS,goiania,208184,6409,RES BORBA RESIDENCE II,,AL ALCIDES DE ARAUJO ROMAO,"AL ALCIDES DE ARAUJO ROMAO  C-1 , BAIRRO LOT FAIÇALVILLE",4,4,4,1,1
AUTO_ALIAS_1A1_TOTAIS_IGUAIS,goiania,26636,1375,RES BOREAL DO SOL,,R  BOREAL,"R BOREAL LT 04 CS 01 , BAIRRO S MORADA DO SOL",2,2,2,1,1
AUTO_ALIAS_1A1_TOTAIS_IGUAIS,goiania,38982,7001,RES BORGES-263,,AV DA SEDE,"AV DA SEDE LT 04 CASA 01 , BAIRRO JD VISTA BELA",2,2,2,1,1
AUTO_ALIAS_1A1_TOTAIS_IGUAIS,goiania,141208,5982,RES.BORGES -307,,R  ELO11,"R ELO11  CASA 01 , BAIRRO PRQ ELDORADO OESTE",2,2,2,1,1
AUTO_ALIAS_1A1_TOTAIS_IGUAIS,goiania,59790,6207,RES BORGES-760,,R  RP5,"R RP5 LT 25 CS 01 , BAIRRO RES RECREIO PANORAMA",2,2,2,1,1
AUTO_ALIAS_1A1_TOTAIS_IGUAIS,goiania,107049,7334,RES BORGES-919,,R  CRP8,"R CRP8  CASA 03 , BAIRRO RES PRIMAVERA",3,3,3,1,1
AUTO_ALIAS_1A1_TOTAIS_IGUAIS,goiania,267298,11735,RES. BORGES DE MEDEIROS V,,R  1013,"R 1013 SN SOB 01 , BAIRRO S PEDRO LUDOVICO",2,2,2,1,1
AUTO_ALIAS_1A1_TOTAIS_IGUAIS,goiania,138606,6104,RES. BORGES FERREIRA,,R  MONS PRIMO VIEIRA,"R MONS PRIMO VIEIRA  CASA 01 , BAIRRO JD SÃO JOSÉ",2,2,2,1,1
AUTO_ALIAS_1A1_TOTAIS_IGUAIS,goiania,131702,12026,RES BORGES GARCIA II,,R  SM37,"R SM37  CASA 02 , BAIRRO RES SÃO MARCOS",2,2,2,1,1
AUTO_ALIAS_1A1_TOTAIS_IGUAIS,goiania,87528,9175,RES BORGES II,,R  26,"R 26 CASA01 , BAIRRO S SANTOS DUMONT",2,2,2,1,1
AUTO_ALIAS_1A1_TOTAIS_IGUAIS,goiania,87417,10577,RES. BORGES IV,,R  JB3,"R JB3 CASA-01 , BAIRRO S BARRA DA TIJUCA",2,2,2,1,1
AUTO_ALIAS_1A1_TOTAIS_IGUAIS,goiania,41120,3355,RES BORGES MODESTO V,,R  SC3,"R SC3 LT 09 CS 01 , BAIRRO RES JARDIM HELOU",3,3,3,1,1
AUTO_ALIAS_1A1_TOTAIS_IGUAIS,goiania,10120,10797,RES BORGES MOURA II,,R  C73,"R C73  CASA 01 , BAIRRO S SUDOESTE",2,2,2,1,1
AUTO_ALIAS_1A1_TOTAIS_IGUAIS,goiania,198690,7137,RES BORGES MOURA IV,,R  TAJO,"R TAJO  CASA-01 , BAIRRO S TRÊS MARIAS",2,2,2,1,1
AUTO_ALIAS_1A1_TOTAIS_IGUAIS,goiania,127453,1815,RES BORGES PIRETTI,,R  SM1,"R SM1  CASA 01 , BAIRRO RES SÃO MARCOS",2,2,2,1,1
AUTO_ALIAS_1A1_TOTAIS_IGUAIS,goiania,52594,7942,RES BORGES RESIDENCE,,R  DA INDEPENDENCIA,"R DA INDEPENDENCIA LT 07 CS 01 , BAIRRO BRO CAPUAVA",2,2,2,1,1
AUTO_ALIAS_1A1_TOTAIS_IGUAIS,goiania,9769,7408,RES. BORGES RIBEIRO I,,R  C85,"R C85 LT S/N . , BAIRRO S SUDOESTE",2,2,2,1,1
AUTO_ALIAS_1A1_TOTAIS_IGUAIS,goiania,103442,9037,RES BORGES RODRIGUES I,,R  BOGOTA,"R BOGOTA  CASA 01 , BAIRRO S DAS NAÇÕES",2,2,2,1,1
AUTO_ALIAS_1A1_TOTAIS_IGUAIS,goiania,311680,12393,RES. BORGES RODRIGUES XII,,R  BM10,"R BM10 CASA 01 , BAIRRO RES BRISAS DA MATA",2,2,2,1,1
AUTO_ALIAS_1A1_TOTAIS_IGUAIS,goiania,347176,13028,RES BORGES RODRIGUES XXI,,R  BM9,"R BM9 CASA 01 , BAIRRO RES BRISAS DA MATA",2,2,2,1,1
AUTO_ALIAS_1A1_TOTAIS_IGUAIS,goiania,368261,11140,RES BORGES RODRIGUES XXIII,,R  BM25,"R BM25 CASA 02 , BAIRRO RES BRISAS DA MATA",2,2,2,1,1
AUTO_ALIAS_1A1_TOTAIS_IGUAIS,goiania,348158,11141,RES BORGES RODRIGUES XXV,,R  BM9,"R BM9 CASA 01 , BAIRRO RES BRISAS DA MATA",2,2,2,1,1
AUTO_ALIAS_1A1_TOTAIS_IGUAIS,goiania,389202,12131,RES BORGES RODRIGUES XXVIII,,R  BM9,"R BM9 CASA 01 , BAIRRO RES BRISAS DA MATA",2,2,2,1,1
AUTO_ALIAS_1A1_TOTAIS_IGUAIS,goiania,281434,2574,RES.BORGES RODRIGUES XXXI,,AV AUTA FERRAZ DE CAMARGO,"AV AUTA FERRAZ DE CAMARGO CASA 01 , BAIRRO JD BALNEÁRIO MEIA PONTE",2,2,2,1,1
AUTO_ALIAS_1A1_TOTAIS_IGUAIS,goiania,208767,12104,RES BORGES SAMPAIO II,,AV PRESIDENTE EPITACIO PESSOA,"AV PRESIDENTE DUTRA  CASA 01 , BAIRRO JD PRESIDENTE - EXTENSÃO III",2,2,2,1,1
AUTO_ALIAS_1A1_TOTAIS_IGUAIS,goiania,2619,13478,RES BORGINHO I,,R  ITUMBIARA,"R ITUMBIARA LT 16 CASA 01 , BAIRRO BRO CIDADE JARDIM",2,2,2,1,1
AUTO_ALIAS_1A1_TOTAIS_IGUAIS,goiania,97702,9169,RES BOROROS,,R  BOROROS,"R BOROROS  CASA 01 , BAIRRO RES PETRÓPOLIS",2,2,2,1,1
AUTO_ALIAS_1A1_TOTAIS_IGUAIS,goiania,167152,1660,RES BOTELHO E PENACHIO III,,R  RI29,"R RI29  CASA 01 , BAIRRO RES ITAIPÚ",2,2,2,1,1
AUTO_ALIAS_1A1_TOTAIS_IGUAIS,goiania,167033,1753,RES BOTELHO E PENACHIO V,,R  RI8,"R RI32  CASA 01 , BAIRRO RES ITAIPÚ",4,4,4,1,1
AUTO_ALIAS_1A1_TOTAIS_IGUAIS,goiania,157382,13657,RES BOTELHO E PENACHIO VI,,R  ALUISIO ALVARENGA,"R ALUISIO ALVARENGA  CASA 01 , BAIRRO RES SANTA FÉ",2,2,2,1,1
AUTO_ALIAS_1A1_TOTAIS_IGUAIS,goiania,374746,9868,RES BOTELHO I,,AV PROGRESSO,"R J82 CASA 01 , BAIRRO S JAÓ",2,2,2,1,1
AUTO_ALIAS_1A1_TOTAIS_IGUAIS,goiania,153254,10720,RES BOUGAINVILLE Q17L11,,AV ORLANDO MARQUES DE ABREU,"AV ORLANDO MARQUES DE ABREU  CASA 01 , BAIRRO RES SOLAR BOUGAINVILLE",2,2,2,1,1
AUTO_ALIAS_1A1_TOTAIS_IGUAIS,goiania,24822,4550,RES BOUWER III,,R  MEZENGA,"R MEZENGA CASA 01 , BAIRRO S ESTRELA DALVA",2,2,2,1,1
AUTO_ALIAS_1A1_TOTAIS_IGUAIS,goiania,21617,5472,RES BOUWER V,,R  MARCOS ROBERTO DOS SANTOS,"R MARCOS ROBERTO DOS SANTOS LT 21 CS 01 , BAIRRO S PARQUE TREMENDÃO",2,2,2,1,1
AUTO_ALIAS_1A1_TOTAIS_IGUAIS,goiania,132063,4545,RES.BRANDAO 09,,R  HOMERO R. FILHO,"R HOMERO R. FILHO  CASA 01 , BAIRRO RES SÃO MARCOS",2,2,2,1,1
AUTO_ALIAS_1A1_TOTAIS_IGUAIS,goiania,392162,9193,RES BRANDAO FELIPE I,,R  BM27,"R BM27 CASA 02 , BAIRRO RES BRISAS DA MATA",2,2,2,1,1
AUTO_ALIAS_1A1_TOTAIS_IGUAIS,goiania,127918,10901,RES; BRANDAO I,,R  SUSANA DOLIVEIRA,"R SUSANA DOLIVEIRA S/N     CASA 01 , BAIRRO JD DAS ROSAS",2,2,2,1,1
AUTO_ALIAS_1A1_TOTAIS_IGUAIS,goiania,162167,1627,RES BRASCAT III,,AV ALPHAVILLE,"AV ALPHAVILLE  CASA 01 , BAIRRO LOT ALPHAVILLE RESIDENCIAL",2,2,2,1,1
AUTO_ALIAS_1A1_TOTAIS_IGUAIS,goiania,273837,1879,RES BRASILEIRO II,,R  COPAIBA,"R COPAIBA CASA 01 , BAIRRO JD MARILIZA",2,2,2,1,1
AUTO_ALIAS_1A1_TOTAIS_IGUAIS,goiania,198045,7118,RES BRASILEIRO LACERDA IV,,R  DA ASTERIA,"R DA ASTERIA  SOBRADO-01 , BAIRRO JD ATLÂNTICO",2,2,2,1,1
AUTO_ALIAS_1A1_TOTAIS_IGUAIS,goiania,198057,10160,RES BRASILEIRO LACERDA X,,R  DA ASTERIA,"R DA ASTERIA  SOBRADO-01 , BAIRRO JD ATLÂNTICO",2,2,2,1,1
AUTO_ALIAS_1A1_TOTAIS_IGUAIS,goiania,254583,6622,RES.BRASIL HOUSE,,R  3,"R 3 C-1 , BAIRRO VL MATILDE",3,3,3,1,1
AUTO_ALIAS_1A1_TOTAIS_IGUAIS,goiania,171924,7696,RES BRASILIA I,,R  BRASILIA,"R BRASILIA  CASA 01 , BAIRRO JD ITAIPÚ",2,2,2,1,1
AUTO_ALIAS_1A1_TOTAIS_IGUAIS,goiania,365465,13923,RES BRAVA TALISMA I,,R  PROF. EDESIA C RABELO,"R PROF. EDESIA C RABELO CASA 1 , BAIRRO BRO SANTO HILÁRIO",2,2,2,1,1
AUTO_ALIAS_1A1_TOTAIS_IGUAIS,goiania,167960,12466,RES. BRAVO E SOARES XXX,,R  W12,"R W12  CASA 01 , BAIRRO JD ITAIPÚ",2,2,2,1,1
AUTO_ALIAS_1A1_TOTAIS_IGUAIS,goiania,290499,5627,RES. BRAZ FERREIRA,,AL MARACANA,"AL MARACANA 579     CASA 01 , BAIRRO S JAÓ",2,2,2,1,1
AUTO_ALIAS_1A1_TOTAIS_IGUAIS,goiania,172230,1904,RES BRAZ GONTIJO I,,R  15,"R 15  CASA 01 , BAIRRO CON DAS ESMERALDAS",2,2,2,1,1
AUTO_ALIAS_1A1_TOTAIS_IGUAIS,goiania,20239,7758,RES BRAZ-J II,,R  J,"R J LT 02 CS 01/02 , BAIRRO S PARQUE TREMENDÃO",2,2,2,1,1
AUTO_ALIAS_1A1_TOTAIS_IGUAIS,goiania,348739,8634,RES BRAZ NEVES V,,AV B,"AV B CASA 01 , BAIRRO VL MORAIS",2,2,2,1,1
AUTO_ALIAS_1A1_TOTAIS_IGUAIS,goiania,83235,1182,RES BRAZ SILVA,,R  JOAQUIM PORTUGAL,"R JOAQUIM PORTUGAL CASA01 , BAIRRO S MAYSA EXTENSÃO",3,3,3,1,1
AUTO_ALIAS_1A1_TOTAIS_IGUAIS,goiania,59611,7880,RES. BREGOLIN XI,,R  RP5,"R RP5 LT 23 CS 01 , BAIRRO RES RECREIO PANORAMA",2,2,2,1,1
AUTO_ALIAS_1A1_TOTAIS_IGUAIS,goiania,313081,8610,RES. BREGOLIN XII,,R  RB15,"R RB15 CASA 01 , BAIRRO RES RECANTO DO BOSQUE",2,2,2,1,1
AUTO_ALIAS_1A1_TOTAIS_IGUAIS,goiania,376451,11512,RES. BREMEN,,AL DO CAPIM,"R RB14 S/N CASA 01 , BAIRRO RES RECANTO DO BOSQUE",5,5,5,1,1
AUTO_ALIAS_1A1_TOTAIS_IGUAIS,goiania,158934,5705,RES BRENDA I,,R  R3,"R R3  SOB 01 , BAIRRO S SOLAR SANTA RITA",2,2,2,1,1
AUTO_ALIAS_1A1_TOTAIS_IGUAIS,goiania,325441,9487,RES BRISAS DA MATA,,R  BM9,"R BM9 CASA 2 , BAIRRO RES BRISAS DA MATA",2,2,2,1,1
AUTO_ALIAS_1A1_TOTAIS_IGUAIS,goiania,353421,8235,RES. BRISAS DO MEIA PONTE 1,,R  BM28,"R BM28 CASA 01 , BAIRRO RES BRISAS DA MATA",2,2,2,1,1
AUTO_ALIAS_1A1_TOTAIS_IGUAIS,goiania,151242,10034,RES BRISAS DO VALE,,AV C169,"AV C169  CASA 01 , BAIRRO BRO JARDIM AMÉRICA",6,6,6,1,1
AUTO_ALIAS_1A1_TOTAIS_IGUAIS,goiania,57949,13073,RES BRISAS DO VENTO,,R  ALBERTO RASSI,"R ALBERTO RASSI LT 01 CS 02 , BAIRRO RES BARRAVENTO",2,2,2,1,1
AUTO_ALIAS_1A1_TOTAIS_IGUAIS,goiania,361579,6805,RES.BRISAS V,,R  BM15,"R BM16 CASA01 , BAIRRO RES BRISAS DA MATA",3,3,3,1,1
AUTO_ALIAS_1A1_TOTAIS_IGUAIS,goiania,192788,5648,RES BRISTOL II,,R  IRLANDA,"R IRLANDA  CASA 01 , BAIRRO JD EUROPA",2,2,2,1,1
AUTO_ALIAS_1A1_TOTAIS_IGUAIS,goiania,198717,1609,RES BRISTOL IV,,R  ELCHE,"R ELCHE  CASA 01 , BAIRRO S TRÊS MARIAS",2,2,2,1,1
AUTO_ALIAS_1A1_TOTAIS_IGUAIS,goiania,155959,2160,RES BRITO GOMES,,R  SRM21,"R SRM 21  CASA 02 , BAIRRO RES VILLAGE SANTA RITA IV",2,2,2,1,1
AUTO_ALIAS_1A1_TOTAIS_IGUAIS,goiania,151877,12079,RES BRUNA CRISTHINA,,R  C26,"R C26  SOB 01 , BAIRRO BRO JARDIM AMÉRICA",2,2,2,1,1
AUTO_ALIAS_1A1_TOTAIS_IGUAIS,goiania,209563,8446,RES BRUNNA GOMES,,R  ASTURIAS,"R ASTURIAS  CASA 1 , BAIRRO S TRÊS MARIAS",2,2,2,1,1
AUTO_ALIAS_1A1_TOTAIS_IGUAIS,goiania,371335,8440,RES BRUNO,,R  FL44,"R FL44 CASA 1 , BAIRRO PRQ DAS FLORES",2,2,2,1,1
AUTO_ALIAS_1A1_TOTAIS_IGUAIS,goiania,133686,1535,RES BRUNO BATISTA,,R  ELO7,"R ELO7  CASA 01 , BAIRRO PRQ ELDORADO OESTE",3,3,3,1,1
AUTO_ALIAS_1A1_TOTAIS_IGUAIS,goiania,61742,11567,RES BRUNO VAZ,,R  FN17,"R FN17 LT 08 CS 01 , BAIRRO JD FONTE NOVA",2,2,2,1,1
AUTO_ALIAS_1A1_TOTAIS_IGUAIS,goiania,126214,7018,RES.BRUZZESE LOBO,,R  SM14,"R SM14  C-1 , BAIRRO RES SÃO MARCOS",3,3,3,1,1
AUTO_ALIAS_1A1_TOTAIS_IGUAIS,goiania,161433,9289,RES BSB RESIDENCI I,,R  FV32,"R FV32  CASA 01 , BAIRRO RES FIDÉLIS",2,2,2,1,1
AUTO_ALIAS_1A1_TOTAIS_IGUAIS,goiania,134186,7721,RES BUENA VISTA 75 14,,R  JOSE ERNESTO MORAES,"R JOSE ERNESTO MORAES  CASA 01 , BAIRRO RES BUENA VISTA IV",2,2,2,1,1
AUTO_ALIAS_1A1_TOTAIS_IGUAIS,goiania,219237,9128,RES BUENO I,,AV VEREDA DOS BURITIS,"AV VEREDA DOS BURITIS  CASA 01 , BAIRRO LOT MOINHO DOS VENTOS",2,2,2,1,1
AUTO_ALIAS_1A1_TOTAIS_IGUAIS,goiania,46384,6775,RES BUENO SANTOS I,,R  HM2,"R HM2 LT 18 CASA 01 , BAIRRO RES HUGO DE MORAES",2,2,2,1,1
AUTO_ALIAS_1A1_TOTAIS_IGUAIS,goiania,191276,12111,RES. BURITI,,R  SAO BARTOLOMEU,"R SAO BARTOLOMEU 655     CASA-1 , BAIRRO JD PLANALTO",3,3,3,1,1
AUTO_ALIAS_1A1_TOTAIS_IGUAIS,goiania,252905,11919,RES. BUTIA,,R  MARIA DE LURDES G FERREIRA,"R 15 DE NOVEMBRO CASA 01 , BAIRRO RES PARQUE FLAMBOYANT",4,4,4,1,1
AUTO_ALIAS_1A1_TOTAIS_IGUAIS,goiania,58187,5580,RES.C2 PARK RESIDENCE II,,R  FN6,"R FN6 LT 11 CS 01 , BAIRRO JD FONTE NOVA",2,2,2,1,1
AUTO_ALIAS_1A1_TOTAIS_IGUAIS,goiania,257982,5999,RES C3 PARK RESIDENCE IV,,R  FL20,"R FL20 CASA 01 , BAIRRO PRQ DAS FLORES",2,2,2,1,1
AUTO_ALIAS_1A1_TOTAIS_IGUAIS,goiania,58774,6512,RES. C3 PARK RESIDENCE VIII,,R  FN8,"R FN8 LT 16 CASA 01 , BAIRRO JD FONTE NOVA",2,2,2,1,1
AUTO_ALIAS_1A1_TOTAIS_IGUAIS,goiania,340225,8130,RES C3 PARK RESIDENCE X,,R  ITALA RIZZO,"R ITALA RIZZO  CASA 01 , BAIRRO RES ITÁLIA",2,2,2,1,1
AUTO_ALIAS_1A1_TOTAIS_IGUAIS,goiania,302799,8597,RES C3 PARK RESIDENCE XI,,R  FL27,"R FL27 CASA 01 , BAIRRO PRQ DAS FLORES",2,2,2,1,1
AUTO_ALIAS_1A1_TOTAIS_IGUAIS,goiania,312811,8656,RES C3 PARK RESIDENCE XII,,R  FL27,"R FL27 CASA 01 , BAIRRO PRQ DAS FLORES",2,2,2,1,1
AUTO_ALIAS_1A1_TOTAIS_IGUAIS,goiania,59297,7789,RES CABRAL II,,R  SAMIR HELOU,"R SAMIR HELOU LT 20  CASA 01 , BAIRRO S ALTO DO VALE",2,2,2,1,1
AUTO_ALIAS_1A1_TOTAIS_IGUAIS,goiania,192729,10844,RES. CABUGI,,R  V9,"R V9  SOBRADO 01 , BAIRRO VL REZENDE",2,2,2,1,1
AUTO_ALIAS_1A1_TOTAIS_IGUAIS,goiania,81947,9215,RES CACHOEIRA SOLAR,,R  CACHOEIRA,"R CACHOEIRA CASA 01 , BAIRRO RES PARK SOLAR",2,2,2,1,1
AUTO_ALIAS_1A1_TOTAIS_IGUAIS,goiania,199891,8568,RES CACILDA DE ALMEIDA I,,R  ROCAS,"R ROCAS  CASA 01 , BAIRRO S TRÊS MARIAS",2,2,2,1,1
AUTO_ALIAS_1A1_TOTAIS_IGUAIS,goiania,152502,8089,RES CACOAL,,R  SRM15,"R SRM15  CASA02 , BAIRRO RES VILLAGE SANTA RITA I",2,2,2,1,1
AUTO_ALIAS_1A1_TOTAIS_IGUAIS,goiania,156063,12190,RES. CACOAL II,,R  SRM16,"R SRM15  CASA01 , BAIRRO RES VILLAGE SANTA RITA I",4,4,4,1,1
AUTO_ALIAS_1A1_TOTAIS_IGUAIS,goiania,184003,2272,RES CAETANO,,R  MARIA SENHORINHA DE JESUS,"R MARIA SENHORINHA DE JESUS  CASA 01 , BAIRRO S ORIENTVILLE",2,2,2,1,1
AUTO_ALIAS_1A1_TOTAIS_IGUAIS,goiania,96913,5662,RES.CAETANO -197,,R  FORTALEZA,"R FORTALEZA  CASA 01 , BAIRRO RES PETRÓPOLIS",2,2,2,1,1
AUTO_ALIAS_1A1_TOTAIS_IGUAIS,goiania,98086,5605,RES.CAETANO-859,,R  FORTALEZA,"R FORTALEZA  CASA 01 , BAIRRO RES PETRÓPOLIS",2,2,2,1,1
AUTO_ALIAS_1A1_TOTAIS_IGUAIS,goiania,195553,7761,RES CAETANO DE OLIVEIRA,,AV AFONSO PENA,"AV SAO CARLOS  CASA 01 , BAIRRO JD PLANALTO",2,2,2,1,1
AUTO_ALIAS_1A1_TOTAIS_IGUAIS,goiania,360733,4201,RES.CAETANO E PINHEIRO I,,R  1,"R 1 , BAIRRO RES PAULO ESTRELA",2,2,2,1,1
AUTO_ALIAS_1A1_TOTAIS_IGUAIS,goiania,342098,12152,RES CAETANO III,,PC J30,"R J31 SN      CASA 02 , BAIRRO S JAÓ",2,2,2,1,1
AUTO_ALIAS_1A1_TOTAIS_IGUAIS,goiania,177088,5232,RES C.A I,,R  RI8,"R RI8  CASA 01 , BAIRRO RES ITAIPÚ",2,2,2,1,1
AUTO_ALIAS_1A1_TOTAIS_IGUAIS,goiania,91971,7438,RES CAIXETA I,,R  CATUMBI,"R CATUMBI  CASA 01 , BAIRRO JD MIRABEL",2,2,2,1,1
AUTO_ALIAS_1A1_TOTAIS_IGUAIS,goiania,166997,12105,RES CAIXETA I,,R  RI36,"R RI36  CASA 01 , BAIRRO RES ITAIPÚ",3,3,3,1,1
AUTO_ALIAS_1A1_TOTAIS_IGUAIS,goiania,220150,13201,RES CAK GROVE  IX,,R  RT6,"R RT6  CASA 1 , BAIRRO RES TALISMÃ I",2,2,2,1,1
AUTO_ALIAS_1A1_TOTAIS_IGUAIS,goiania,26651,7123,RES CALABRIA,,R  CREPUSCULO,"R CREPUSCULO LT 04 CS 01 E 02 , BAIRRO S MORADA DO SOL",2,2,2,1,1
AUTO_ALIAS_1A1_TOTAIS_IGUAIS,goiania,60202,5579,RES.CALABRIA I,,R  ALV8,"R ALV8 LT 03 . , BAIRRO S ALTO DO VALE",2,2,2,1,1
AUTO_ALIAS_1A1_TOTAIS_IGUAIS,goiania,173569,6946,RES CALACA 9210,,R  RI11,"R RI11  CASA 01 , BAIRRO RES ITAIPÚ",2,2,2,1,1
AUTO_ALIAS_1A1_TOTAIS_IGUAIS,goiania,189829,2472,RES CALIFORNIA II,,R  DO SAVEU,"R DO SAVEU  SOB 04 , BAIRRO JD ATLÂNTICO",5,5,5,1,1
AUTO_ALIAS_1A1_TOTAIS_IGUAIS,goiania,167153,11629,RES.CALIXTO QUALY,,R  RI29,"R RI29  CASA 01 , BAIRRO RES ITAIPÚ",2,2,2,1,1
AUTO_ALIAS_1A1_TOTAIS_IGUAIS,goiania,2057,9446,RES CAMARGO RIOS,,R  ITUMBIARA,"R ITUMBIARA LT 14 CASA A , BAIRRO BRO CIDADE JARDIM",2,2,2,1,1
AUTO_ALIAS_1A1_TOTAIS_IGUAIS,goiania,173231,8141,RES CAMARGO VIANA I,,R  W19,"R W19  CASA 01 , BAIRRO JD ITAIPÚ",3,3,3,1,1
AUTO_ALIAS_1A1_TOTAIS_IGUAIS,goiania,168073,9649,RES CAMARTA,,R  RI10,"R RI10  CASA 01 , BAIRRO RES ITAIPÚ",2,2,2,1,1
AUTO_ALIAS_1A1_TOTAIS_IGUAIS,goiania,292558,8062,RES CAMBARA,,R  CAMBARA,"R CAMBARA S/N     CASA 01 , BAIRRO LOT GOIÂNIA 2",2,2,2,1,1
AUTO_ALIAS_1A1_TOTAIS_IGUAIS,goiania,342743,8987,RES CAMELO PINTO,,AV DR JAHYR ABRAO ESTRELA,"AV DR JAHYR ABRAO ESTRELA CASA 01 , BAIRRO RES PAULO ESTRELA",2,2,2,1,1
AUTO_ALIAS_1A1_TOTAIS_IGUAIS,goiania,198725,14136,RES CAMILLO,,R  ELCHE,"R ELCHE  CASA 01 , BAIRRO S TRÊS MARIAS",2,2,2,1,1
AUTO_ALIAS_1A1_TOTAIS_IGUAIS,goiania,188896,8134,RES. CAMILO BARBOSA,,R  DA RAIA,"R DA RAIA  CASA 01 , BAIRRO JD ATLÂNTICO",2,2,2,1,1
AUTO_ALIAS_1A1_TOTAIS_IGUAIS,goiania,176769,8061,RES CAMILO RAMOS II,,R  56,"R 56  CASA-01 , BAIRRO CON DAS ESMERALDAS",2,2,2,1,1
AUTO_ALIAS_1A1_TOTAIS_IGUAIS,goiania,188399,1724,RES CAMPESTRE 77,,R  DA MEDUSA,"R DA MEDUSA  CASA 01 , BAIRRO JD ATLÂNTICO",2,2,2,1,1
AUTO_ALIAS_1A1_TOTAIS_IGUAIS,goiania,146548,9126,RES CAMPINAS,,R  C136,"R C136  CASA-C , BAIRRO BRO JARDIM AMÉRICA",3,3,3,1,1
AUTO_ALIAS_1A1_TOTAIS_IGUAIS,goiania,25669,7806,RES CAMPINHO VF25,,R  VF25,"R VF25 LT 36 CS 01 , BAIRRO VL FINSOCIAL",2,2,2,1,1
AUTO_ALIAS_1A1_TOTAIS_IGUAIS,goiania,236716,12924,RES CAMPOS CORREA,,R  MONTES CLAROS,"R BELO HORIZONTE  LOJA 01 , BAIRRO PRQ AMAZÔNIA",4,4,4,1,1
AUTO_ALIAS_1A1_TOTAIS_IGUAIS,goiania,177453,8830,RES CAMPOS DOURADOS-046,,R  CARAGUATATUBA,"R BAIA FORMOSA  CASA 01 , BAIRRO RES CAMPOS DOURADOS",3,3,3,1,1
AUTO_ALIAS_1A1_TOTAIS_IGUAIS,goiania,172771,9152,RES CAMPOS DOURADOS-11,,R  BACABAL,"R BACABAL  CASA 01 , BAIRRO RES CAMPOS DOURADOS",2,2,2,1,1
AUTO_ALIAS_1A1_TOTAIS_IGUAIS,goiania,172773,8977,RES CAMPOS DOURADOS-12,,R  BACABAL,"R BACABAL  CASA 01 , BAIRRO RES CAMPOS DOURADOS",2,2,2,1,1
AUTO_ALIAS_1A1_TOTAIS_IGUAIS,goiania,219227,5593,RES CAMPOS FILHO I,,R  MDV28,"R MDV28  CASA-03 , BAIRRO LOT MOINHO DOS VENTOS",3,3,3,1,1
AUTO_ALIAS_1A1_TOTAIS_IGUAIS,goiania,155110,6455,RES CAMPOS I,,AV BACURI,"AV BACURI  CASA 01 , BAIRRO PRQ SANTA RITA",2,2,2,1,1
AUTO_ALIAS_1A1_TOTAIS_IGUAIS,goiania,155691,7788,RES CAMPOS III,,AV BACURI,"AV BACURI  CASA 01 , BAIRRO PRQ SANTA RITA",2,2,2,1,1
AUTO_ALIAS_1A1_TOTAIS_IGUAIS,goiania,309164,1141,RES CAMPUS,,R  AB18,"R AB18 CASA01 , BAIRRO RES ALICE BARBOSA",2,2,2,1,1
AUTO_ALIAS_1A1_TOTAIS_IGUAIS,goiania,323258,1973,RES CANAA III,,R  FL32,"R FL32 CASA 01 , BAIRRO PRQ DAS FLORES",2,2,2,1,1
AUTO_ALIAS_1A1_TOTAIS_IGUAIS,goiania,301154,7832,RES CANAA VI,,R  DARIO VIEIRA MACHADO,"AV DARIO VIEIRA MACHADO CASA 01 , BAIRRO RES BALNEÁRIO",2,2,2,1,1
AUTO_ALIAS_1A1_TOTAIS_IGUAIS,goiania,222214,483,RES CANADA,,R  RC8,"R RC8  CASA01 , BAIRRO RES CANADÁ",2,2,2,1,1
AUTO_ALIAS_1A1_TOTAIS_IGUAIS,goiania,220664,5556,RES. CANADA MCML,,R  RC18,"R RC18  CASA 01 , BAIRRO RES CANADÁ",2,2,2,1,1
AUTO_ALIAS_1A1_TOTAIS_IGUAIS,goiania,219264,3492,RES CANADIAN,,R  RC16,"R RC16  CASA 2 , BAIRRO RES CANADÁ",2,2,2,1,1
AUTO_ALIAS_1A1_TOTAIS_IGUAIS,goiania,138897,9344,RES CANAPOLIS-991,,R  CANAPOLIS,"R CANAPOLIS  CASA 01 , BAIRRO RES BUENA VISTA IV",2,2,2,1,1
AUTO_ALIAS_1A1_TOTAIS_IGUAIS,goiania,311875,7566,RES CANARINHO III,,R  H1,"R H1 CASA 02 , BAIRRO RES HAWAÍ",2,2,2,1,1
AUTO_ALIAS_1A1_TOTAIS_IGUAIS,goiania,287733,1989,RES CANCUN,,AV DO OURO,"AV DO OURO SOBRADO 01 , BAIRRO JD ABAPORU",2,2,2,1,1
AUTO_ALIAS_1A1_TOTAIS_IGUAIS,goiania,191764,8627,RES CANDIDO,,R  GENERAL CUNHA MATTOS,"R GENERAL CUNHA MATTOS  CASA 01 , BAIRRO VL MAUÁ",2,2,2,1,1
AUTO_ALIAS_1A1_TOTAIS_IGUAIS,goiania,298604,6626,RES. CANDIDO  793,,R  DAS TELECOMUNICACOES,"R DAS TELECOMUNICACOES  CASA 01 , BAIRRO RES MARIA LOURENÇA",2,2,2,1,1
AUTO_ALIAS_1A1_TOTAIS_IGUAIS,goiania,27124,6527,RES CANDIDO DA SILVA I,,R  VISTA BELA,"R VISTA BELA LT S/N CS 01 , BAIRRO S MORADA DO SOL",2,2,2,1,1
AUTO_ALIAS_1A1_TOTAIS_IGUAIS,goiania,32430,14212,RES CANDIDO DE ARAUJO,,R  JH19,"R JH19 LT 17 . , BAIRRO JD DAS HORTÊNCIAS",2,2,2,1,1
AUTO_ALIAS_1A1_TOTAIS_IGUAIS,goiania,373305,7622,RES. CANDIDO DE LIMA,,AL FRANCIS BACON,"AL FRANCIS BACON  SOB 01 , BAIRRO S GENTIL MEIRELLES",2,2,2,1,1
AUTO_ALIAS_1A1_TOTAIS_IGUAIS,goiania,49378,8902,RES CANDIDO I,,R  JGO5,"R JGO5 LT 28  CS 01 , BAIRRO JD GRAMADO",2,2,2,1,1
AUTO_ALIAS_1A1_TOTAIS_IGUAIS,goiania,181057,8922,RES CANDIDO SILVANO RESIDENCI I,,R  JUSCELINO KUBITSCHEK,"R JUSCELINO KUBITSCHEK  CASA 01 , BAIRRO S CRISTINA",3,3,3,1,1
AUTO_ALIAS_1A1_TOTAIS_IGUAIS,goiania,104778,6176,RES.CANDINE-03,,R  RT4A,"R RT4A  CASA 01 , BAIRRO RES TUZIMOTO",2,2,2,1,1
AUTO_ALIAS_1A1_TOTAIS_IGUAIS,goiania,8495,7754,RES CANGERANA,,AV C10,"AV C10  CASA-01 , BAIRRO S SUDOESTE",2,2,2,1,1
AUTO_ALIAS_1A1_TOTAIS_IGUAIS,goiania,168119,6748,RES.CANNAA,,R  RI8,"R RI8  CASA 01 , BAIRRO RES ITAIPÚ",2,2,2,1,1
AUTO_ALIAS_1A1_TOTAIS_IGUAIS,goiania,389144,2591,RES CANTARES DE SALOMAO,,R  AB8,"R AB8 CASA 01 , BAIRRO RES ALICE BARBOSA",2,2,2,1,1
AUTO_ALIAS_1A1_TOTAIS_IGUAIS,goiania,270617,7482,RES CANTARES I,,R  FL46,"R FL46 CASA 01 , BAIRRO PRQ DAS FLORES",2,2,2,1,1
AUTO_ALIAS_1A1_TOTAIS_IGUAIS,goiania,198281,6816,RES.CANTARES IV,,R  ARANJUEZ,"R ARANJUEZ  CASA 02 , BAIRRO S TRÊS MARIAS",2,2,2,1,1
AUTO_ALIAS_1A1_TOTAIS_IGUAIS,goiania,235598,10300,RES CANUMA,,R  CANUMA,"R CANUMA  C-01 , BAIRRO PRQ AMAZÔNIA",3,3,3,1,1
AUTO_ALIAS_1A1_TOTAIS_IGUAIS,goiania,235600,7166,RES CANUMA I,,R  CANUMA,"R CANUMA  SOB 01 , BAIRRO PRQ AMAZÔNIA",2,2,2,1,1
AUTO_ALIAS_1A1_TOTAIS_IGUAIS,goiania,194964,14388,RES CARAMURU,,R  CARAMURU,"R CARAMURU  SOBRADO 1 , BAIRRO PRQ ANHANGÜERA",2,2,2,1,1
AUTO_ALIAS_1A1_TOTAIS_IGUAIS,goiania,60113,7276,RES CARDOSO,,AV G,"AV G LT 28 CS 01 , BAIRRO RES RECREIO PANORAMA",2,2,2,1,1
AUTO_ALIAS_1A1_TOTAIS_IGUAIS,goiania,260683,9422,RES CARDOSO,,R  3,"R 3 CASA 01 , BAIRRO VL NOSSA SENHORA APARECIDA",2,2,2,1,1
AUTO_ALIAS_1A1_TOTAIS_IGUAIS,goiania,326771,7058,RES CARDOSO-033,,R  AB7,"R AB7 CASA 01 , BAIRRO RES ALICE BARBOSA",2,2,2,1,1
AUTO_ALIAS_1A1_TOTAIS_IGUAIS,goiania,348123,8027,RES CARDOSO 04.35,,R  AB6,"R AB6 CASA 01 , BAIRRO RES ALICE BARBOSA",2,2,2,1,1
AUTO_ALIAS_1A1_TOTAIS_IGUAIS,goiania,327559,8116,RES. CARDOSO-09.26,,R  AB9,"R AB9 CASA 01 , BAIRRO RES ALICE BARBOSA",2,2,2,1,1
AUTO_ALIAS_1A1_TOTAIS_IGUAIS,goiania,328964,6024,RES. CARDOSO 42,,R  LILIANE BARBOSA,"R LILIANE BARBOSA CASA 01 , BAIRRO RES ALICE BARBOSA",2,2,2,1,1
AUTO_ALIAS_1A1_TOTAIS_IGUAIS,goiania,345479,6461,RES CARDOSO-432,,R  AB14,"R AB14 CASA 01 , BAIRRO RES ALICE BARBOSA",2,2,2,1,1
AUTO_ALIAS_1A1_TOTAIS_IGUAIS,goiania,346553,5992,RES.CARDOSO-433,,R  AB14,"R AB14 C-1 , BAIRRO RES ALICE BARBOSA",2,2,2,1,1
AUTO_ALIAS_1A1_TOTAIS_IGUAIS,goiania,259030,5728,RES CARDOSO-707,,R  AB20,"R AB20 CASA 01 , BAIRRO RES ALICE BARBOSA",2,2,2,1,1
AUTO_ALIAS_1A1_TOTAIS_IGUAIS,goiania,225016,12397,RES CARDOSO DA COSTA II,,R  SM1,"R SM1  CASA 01 , BAIRRO JD SÔNIA MARIA",2,2,2,1,1
AUTO_ALIAS_1A1_TOTAIS_IGUAIS,goiania,168435,12030,RES CARDOSO DA COSTA III,,R  58,"R 58  CASA 1 , BAIRRO CON DAS ESMERALDAS",2,2,2,1,1
AUTO_ALIAS_1A1_TOTAIS_IGUAIS,goiania,155867,2141,RES CARDOSO DA COSTA V,,AV BETAVILLE,"AV BETAVILLE  CASA 01 , BAIRRO LOT ALPHAVILLE RESIDENCIAL",3,3,3,1,1
AUTO_ALIAS_1A1_TOTAIS_IGUAIS,goiania,167093,10972,RES.CARDOSO DA COSTA V,,R  RI33,"R RI33  CASA 01 , BAIRRO RES ITAIPÚ",3,3,3,1,1
AUTO_ALIAS_1A1_TOTAIS_IGUAIS,goiania,177018,9997,RES. CARDOSO & DANTE,,R  RI29,"R RI29  CASA 01 , BAIRRO RES ITAIPÚ",2,2,2,1,1
AUTO_ALIAS_1A1_TOTAIS_IGUAIS,goiania,154558,10795,RES CARDOSO DE OLIVEIRA XI,,R  SR10,"R SR10  CASA 02 , BAIRRO PRQ SANTA RITA",2,2,2,1,1
AUTO_ALIAS_1A1_TOTAIS_IGUAIS,goiania,177490,5436,RES.CARDOSO FERNANDES II,,R  RI12,"R RI12  CASA 01 , BAIRRO RES ITAIPÚ",2,2,2,1,1
AUTO_ALIAS_1A1_TOTAIS_IGUAIS,goiania,331709,8238,RES CARLOS BM 09,,R  BM10,"R BM9 CASA 02 , BAIRRO RES BRISAS DA MATA",2,2,2,1,1
AUTO_ALIAS_1A1_TOTAIS_IGUAIS,goiania,179472,11720,RES CARLOS E CARDOSO,,AV CENTRAL,"AV CENTRAL  CASA01 , BAIRRO S GARAVELO",2,2,2,1,1
AUTO_ALIAS_1A1_TOTAIS_IGUAIS,goiania,10504,8357,RES CARLOS EDUARDO,,R  C270,"R C270  CASA 01 , BAIRRO S SUDOESTE",2,2,2,1,1
AUTO_ALIAS_1A1_TOTAIS_IGUAIS,goiania,129735,7162,RES CARMELITA DE SOUSA,,R  GP5,"R GP5  CASA 01 , BAIRRO RES GOYAZ PARK",2,2,2,1,1
AUTO_ALIAS_1A1_TOTAIS_IGUAIS,goiania,170757,8676,RES CARMINO SALVADOR I,,R  CONGONHAS,"R CONGONHAS  CASA 01 , BAIRRO RES CAMPOS DOURADOS",2,2,2,1,1
AUTO_ALIAS_1A1_TOTAIS_IGUAIS,goiania,285418,11452,RES CARMITA ROCHA,,R  DO COMERCIO,"R DO COMERCIO CASA 01 , BAIRRO VL JARDIM VITÓRIA",2,2,2,1,1
AUTO_ALIAS_1A1_TOTAIS_IGUAIS,goiania,280509,5308,RES CARMITA ROCHA II,,R  DO COMERCIO,"R DO COMERCIO SOB01 , BAIRRO VL JARDIM VITÓRIA",2,2,2,1,1
AUTO_ALIAS_1A1_TOTAIS_IGUAIS,goiania,100390,6157,RES.CARMO-897,,R  CHILE,"R CHILE  CASA 01 , BAIRRO S DAS NAÇÕES",3,3,3,1,1
AUTO_ALIAS_1A1_TOTAIS_IGUAIS,goiania,278145,725,RES CARMO FERREIRA I,,R  DE CONTORNO,"R DE CONTORNO CASA 01 , BAIRRO VL JARDIM SÃO JUDAS TADEU",3,3,3,1,1
AUTO_ALIAS_1A1_TOTAIS_IGUAIS,goiania,18963,6669,RES CARMO NETO I,,R  PINDORAMA,"R PINDORAMA CASA 01 , BAIRRO S ESTRELA DALVA",2,2,2,1,1
AUTO_ALIAS_1A1_TOTAIS_IGUAIS,goiania,59322,13664,RES CARNEIRO,,R  FN10,"R FN10 LT 20 CS 01 , BAIRRO JD FONTE NOVA",2,2,2,1,1
AUTO_ALIAS_1A1_TOTAIS_IGUAIS,goiania,221339,8959,RES CARNEIRO BORGES I,,R  RC2,"R RC2  CASA 01 , BAIRRO RES CANADÁ",2,2,2,1,1
AUTO_ALIAS_1A1_TOTAIS_IGUAIS,goiania,49418,13454,RES.CARNEIRO DUARTE,,R  HM7,"R HM7 LT 28 CASA01 , BAIRRO RES HUGO DE MORAES",2,2,2,1,1
AUTO_ALIAS_1A1_TOTAIS_IGUAIS,goiania,194067,7649,RES CAROCO,,R  UBERLANDIA,"R UBERLANDIA  CASA 01 , BAIRRO JD ANA LÚCIA",2,2,2,1,1
AUTO_ALIAS_1A1_TOTAIS_IGUAIS,goiania,78394,1930,RES CAROLINA,,R  SV26,"R SV26 CASA 01 , BAIRRO RES SOLAR VILLE",2,2,2,1,1
AUTO_ALIAS_1A1_TOTAIS_IGUAIS,goiania,375109,6638,RES CAROLINA ARRAIS I,,R  FL23,"R FL23 CASA 01 , BAIRRO PRQ DAS FLORES",2,2,2,1,1
AUTO_ALIAS_1A1_TOTAIS_IGUAIS,goiania,374191,11367,RES CAROLINE III,,R  DONA JUDIT,"R DONA JUDIT CASA 01 , BAIRRO JD BELA VISTA",2,2,2,1,1
AUTO_ALIAS_1A1_TOTAIS_IGUAIS,goiania,189798,6057,RES CARRIJO E FILHO,,R  DO SAVEU,"R DO XAROCO  SOB01 , BAIRRO JD ATLÂNTICO",2,2,2,1,1
AUTO_ALIAS_1A1_TOTAIS_IGUAIS,goiania,114957,9666,RES CARRIJO MATIAS I,,R  RDR-7,"R RDR-7  CASA 01 , BAIRRO RES DOM RAFAEL",2,2,2,1,1
AUTO_ALIAS_1A1_TOTAIS_IGUAIS,goiania,172006,6486,RES. CARRIJO OLIVEIRA RESIDENCI,,R  W8,"R W8  CASA 01 , BAIRRO JD ITAIPÚ",4,4,4,1,1
AUTO_ALIAS_1A1_TOTAIS_IGUAIS,goiania,187557,7114,RES. CARRILHO DE CASTRO,,R  DO GUAIAMUM,"R DO GUAIAMUM  CASA01 , BAIRRO JD ATLÂNTICO",2,2,2,1,1
AUTO_ALIAS_1A1_TOTAIS_IGUAIS,goiania,145834,12975,RES.CARVALHO,,AV C106,"AV C106  SOBRADO 01 , BAIRRO BRO JARDIM AMÉRICA",2,2,2,1,1
AUTO_ALIAS_1A1_TOTAIS_IGUAIS,goiania,189287,13714,RES CARVALHO CURY I,,R  DO ESQUALO,"R DO ESQUALO  CASA 02 , BAIRRO JD ATLÂNTICO",2,2,2,1,1
AUTO_ALIAS_1A1_TOTAIS_IGUAIS,goiania,187769,1809,RES CARVALHO CURY II,,R  DA ESPONJA,"R DA ESPONJA  CASA01 , BAIRRO JD ATLÂNTICO",2,2,2,1,1
AUTO_ALIAS_1A1_TOTAIS_IGUAIS,goiania,187770,1643,RES CARVALHO CURY III,,R  DA ESPONJA,"R DA ESPONJA  CASA01 , BAIRRO JD ATLÂNTICO",2,2,2,1,1
AUTO_ALIAS_1A1_TOTAIS_IGUAIS,goiania,168303,6039,RES CARVALHO EMILIANO I,,AV PLATINA,"AV PLATINA  C-1 , BAIRRO CON DAS ESMERALDAS",2,2,2,1,1
AUTO_ALIAS_1A1_TOTAIS_IGUAIS,goiania,168304,6040,RES CARVALHO EMILIANO II,,AV PLATINA,"AV PLATINA  C-1 , BAIRRO CON DAS ESMERALDAS",2,2,2,1,1
AUTO_ALIAS_1A1_TOTAIS_IGUAIS,goiania,167277,7787,RES CARVALHO EMILIANO IV,,R  CONGONHAS,"R CONGONHAS  CASA 01 , BAIRRO RES CAMPOS DOURADOS",2,2,2,1,1
AUTO_ALIAS_1A1_TOTAIS_IGUAIS,goiania,96416,1338,RES CARVALHO NAVES 1,,R  SAO DOMINGOS,"R SAO DOMINGOS  SOB-1 , BAIRRO JD PETRÓPOLIS",4,4,4,1,1
AUTO_ALIAS_1A1_TOTAIS_IGUAIS,goiania,161440,1162,RES CARVALHO OLIVEIRA IV,,R  FV32,"R FV32  CASA 01 , BAIRRO RES FORTE VILLE - EXTENSÃO",2,2,2,1,1
AUTO_ALIAS_1A1_TOTAIS_IGUAIS,goiania,161104,9121,RES CARVALHO OLIVEIRA V,,R  FV32,"R FV32  CASA 01 , BAIRRO RES FORTE VILLE - EXTENSÃO",2,2,2,1,1
AUTO_ALIAS_1A1_TOTAIS_IGUAIS,goiania,189460,9527,RES CASA MILA,,R  DA ANCHOVA,"R DA ANCHOVA  CASA 01 , BAIRRO JD ATLÂNTICO",2,2,2,1,1
AUTO_ALIAS_1A1_TOTAIS_IGUAIS,goiania,164555,8998,RES CASER 83,,R  DAS MARGARIDAS,"R DAS MARGARIDAS  CASA 02 , BAIRRO RES SANTA FÉ I",2,2,2,1,1
AUTO_ALIAS_1A1_TOTAIS_IGUAIS,goiania,165085,7115,RES CASER X,,R  DO LYCEU,"R DO LYCEU  CASA 01 , BAIRRO RES SANTA FÉ",2,2,2,1,1
AUTO_ALIAS_1A1_TOTAIS_IGUAIS,goiania,165702,7103,RES CASER XI,,R  DO COLEGIO,"R DO COLEGIO  CASA 02 , BAIRRO RES SANTA FÉ I",2,2,2,1,1
AUTO_ALIAS_1A1_TOTAIS_IGUAIS,goiania,222604,9009,RES CASSIA,,R  CV35,"R CV35  CASA 01 , BAIRRO RES CENTER VILLE",2,2,2,1,1
AUTO_ALIAS_1A1_TOTAIS_IGUAIS,goiania,62250,7690,RES CASSIA I,,R  C80,"R C80  CASA 02 , BAIRRO S SUDOESTE",2,2,2,1,1
AUTO_ALIAS_1A1_TOTAIS_IGUAIS,goiania,123345,12788,RES CASSIA RITA,,R  SM14,"R SM14  CASA 01 , BAIRRO RES SÃO MARCOS",3,3,3,1,1
AUTO_ALIAS_1A1_TOTAIS_IGUAIS,goiania,104489,13479,RES CASSIMIRO BORBA IV,,R  URUGUAI,"R URUGUAI  CASA 01 , BAIRRO S DAS NAÇÕES",2,2,2,1,1
AUTO_ALIAS_1A1_TOTAIS_IGUAIS,goiania,196458,8243,RES CASSIMIRO DE ABREU I,,R  CASSIMIRO DE ABREU,"R CASSIMIRO DE ABREU  CASA 01 , BAIRRO BRO ANHANGÜERA",3,3,3,1,1
AUTO_ALIAS_1A1_TOTAIS_IGUAIS,goiania,348484,9219,RES CASSIO DE SOUZA I,,R  RSL13,"R RSL13 CASA 02 , BAIRRO RES SÃO LEOPOLDO - COMPLEMENTO",2,2,2,1,1
AUTO_ALIAS_1A1_TOTAIS_IGUAIS,goiania,173498,6276,RES CASSIO I,,R  RI8,"R RI8  CASA 01 , BAIRRO RES ITAIPÚ",2,2,2,1,1
AUTO_ALIAS_1A1_TOTAIS_IGUAIS,goiania,8296,11765,RES. CASTILHO,,R  C85,"R C85 LT S/N . , BAIRRO S SUDOESTE",3,3,3,1,1
AUTO_ALIAS_1A1_TOTAIS_IGUAIS,goiania,141721,9873,RES. CASTILHO II,,R  ELO33,"R ELO33  S/N    CASA 01 , BAIRRO PRQ ELDORADO OESTE",2,2,2,1,1
AUTO_ALIAS_1A1_TOTAIS_IGUAIS,goiania,148719,1576,RES CASTRO,,R  C136,"R C136  CASA-02 , BAIRRO BRO JARDIM AMÉRICA",2,2,2,1,1
AUTO_ALIAS_1A1_TOTAIS_IGUAIS,goiania,128692,5864,RES CASTRO 206,,R  SM17,"R SM17  CASA 01 , BAIRRO RES SÃO MARCOS",2,2,2,1,1
AUTO_ALIAS_1A1_TOTAIS_IGUAIS,goiania,96261,8390,RES CASTRO 2B,,R  2B,"R 2B  CASA 01 , BAIRRO RES CIDADE VERDE",2,2,2,1,1
AUTO_ALIAS_1A1_TOTAIS_IGUAIS,goiania,96456,7685,RES CASTRO 3A,,R  3A,"R 3A  CASA 01 , BAIRRO RES CIDADE VERDE",2,2,2,1,1
AUTO_ALIAS_1A1_TOTAIS_IGUAIS,goiania,127388,6632,RES CASTRO 700,,AV DONA FLORINDA,"AV DONA FLORINDA  CASA 03 , BAIRRO RES SÃO MARCOS",3,3,3,1,1
AUTO_ALIAS_1A1_TOTAIS_IGUAIS,goiania,158661,6406,RES CASTRO 824,,R  SB14,"R SB14  CASA 02 , BAIRRO RES SOLAR BOUGAINVILLE",2,2,2,1,1
AUTO_ALIAS_1A1_TOTAIS_IGUAIS,goiania,209403,7453,RES CASTRO ALVES I,,AL CASTRO ALVES,"AL CASTRO ALVES  CASA01 , BAIRRO LOT FAIÇALVILLE",4,4,4,1,1
AUTO_ALIAS_1A1_TOTAIS_IGUAIS,goiania,188654,9960,RES CASTRO BORGES,,R  DO XAREU,"R DO XAREU  CASA 01 , BAIRRO JD ATLÂNTICO",2,2,2,1,1
AUTO_ALIAS_1A1_TOTAIS_IGUAIS,goiania,189579,12108,RES CASTRO BORGES III,,R  DO SAVEU,"R DO SAVEU  CASA 01 , BAIRRO JD ATLÂNTICO",2,2,2,1,1
AUTO_ALIAS_1A1_TOTAIS_IGUAIS,goiania,222302,7314,RES CASTRO CARRIJO II,,R  MDV23,"R MDV23  CASA 01 , BAIRRO LOT MOINHO DOS VENTOS",2,2,2,1,1
AUTO_ALIAS_1A1_TOTAIS_IGUAIS,goiania,222301,8352,RES. CASTRO CARRIJO III,,R  MDV23,"R MDV23  CASA 01 , BAIRRO LOT MOINHO DOS VENTOS",2,2,2,1,1
AUTO_ALIAS_1A1_TOTAIS_IGUAIS,goiania,255095,11628,RES CASTRO E SILVA,,R  3,"R 3 CASA 01 , BAIRRO RES PAULO ESTRELA",2,2,2,1,1
AUTO_ALIAS_1A1_TOTAIS_IGUAIS,goiania,248881,13106,RES CASTRO PERIM,,AL CEZANE,"AL CEZANE  CASA 01 , BAIRRO S GENTIL MEIRELLES",2,2,2,1,1
AUTO_ALIAS_1A1_TOTAIS_IGUAIS,goiania,170449,8010,RES CASTRO SILVA III,,R  W15,"R W15  CASA 01 , BAIRRO JD ITAIPÚ",2,2,2,1,1
AUTO_ALIAS_1A1_TOTAIS_IGUAIS,goiania,296703,5820,RES CASTRO SOUSA II,,R  JOSE BONIFACIO,"R JOSE BONIFACIO CASA 01 , BAIRRO VL JARDIM VITÓRIA",2,2,2,1,1
AUTO_ALIAS_1A1_TOTAIS_IGUAIS,goiania,131347,7740,RES CASTRO VIEIRA RESIDENCI II,,R  SM37,"R SM37  CASA 01 , BAIRRO RES SÃO MARCOS",2,2,2,1,1
AUTO_ALIAS_1A1_TOTAIS_IGUAIS,goiania,217982,12217,RES CATELAN II,,R  VB38,"R VB42  CASA01 , BAIRRO RES VEREDA DOS BURITIS",2,2,2,1,1
AUTO_ALIAS_1A1_TOTAIS_IGUAIS,goiania,198679,9231,RES CAV-1,,R  TAJO,"R TAJO  CASA 01 , BAIRRO S TRÊS MARIAS",2,2,2,1,1
AUTO_ALIAS_1A1_TOTAIS_IGUAIS,goiania,222466,1620,RES CAVALCANTE VII,,R  MDV6,"R MDV6  CASA 01 , BAIRRO LOT MOINHO DOS VENTOS",2,2,2,1,1
AUTO_ALIAS_1A1_TOTAIS_IGUAIS,goiania,209468,8854,RES C.A.V.I.,,AL PEDRO PRIMEIRO,"AL PEDRO PRIMEIRO  SOB 02 , BAIRRO LOT FAIÇALVILLE",2,2,2,1,1
AUTO_ALIAS_1A1_TOTAIS_IGUAIS,goiania,317653,12195,RES. CBS PLACE,,R  CPR7,"R CPR7 CASA 02 , BAIRRO RES COSTA PARANHOS",2,2,2,1,1
AUTO_ALIAS_1A1_TOTAIS_IGUAIS,goiania,155397,8205,RES C.C.A.O. I,,R  FRANCISCO JOSE SOARES,"R FRANCISCO JOSE SOARES  CASA 01 , BAIRRO RES KÁTIA",2,2,2,1,1
AUTO_ALIAS_1A1_TOTAIS_IGUAIS,goiania,103683,5750,RES.CDR-297,,AV SENADOR CANEDO,"AV SENADOR CANEDO  SOBRADO 01 , BAIRRO RES JUNQUEIRA",4,4,4,1,1
AUTO_ALIAS_1A1_TOTAIS_IGUAIS,goiania,138575,7099,RES CDR SAO JOSE 1029,,R  DIVINA DE FATIMA DOS SANTOS,"R DIVINA DE FATIMA DOS SANTOS  C-1 , BAIRRO JD SÃO JOSÉ",2,2,2,1,1
AUTO_ALIAS_1A1_TOTAIS_IGUAIS,goiania,134731,7248,RES CDR SAO JOSE 1616,,R  PROF JONATHAN SILVA,"R PROF JONATHAN SILVA  CASA 01 , BAIRRO JD SÃO JOSÉ",2,2,2,1,1
AUTO_ALIAS_1A1_TOTAIS_IGUAIS,goiania,367663,2192,RES CEDRO DO LIBANO,,R  OM02,"R OM02 CASA 01 , BAIRRO RES ORLANDO DE MORAIS",3,3,3,1,1
AUTO_ALIAS_1A1_TOTAIS_IGUAIS,goiania,252157,5695,RES CELIANE GUEDES,,R  LIBANIA BARBOSA,"R LIBANIA BARBOSA CASA 01 , BAIRRO RES ANTÔNIO BARBOSA",2,2,2,1,1
AUTO_ALIAS_1A1_TOTAIS_IGUAIS,goiania,278183,9770,RES. CELIANE I,,R  H10,"R H10 CASA 01 , BAIRRO RES HAWAÍ",2,2,2,1,1
AUTO_ALIAS_1A1_TOTAIS_IGUAIS,goiania,216504,7083,RES CENTER V,,AV CENTER,"AV CENTER  CASA 01 , BAIRRO RES CENTER VILLE",3,3,3,1,1
AUTO_ALIAS_1A1_TOTAIS_IGUAIS,goiania,130398,7823,RES CEREWUTA 27 44,,R  N2,"R N2  CASA 01 , BAIRRO S DAS NAÇÕES EXTENSÃO",2,2,2,1,1
AUTO_ALIAS_1A1_TOTAIS_IGUAIS,goiania,134222,8158,RES CEREWUTA 54.33,,R  JOAO MAXIMO BORGES,"R JOAO MAXIMO BORGES  CASA 01 , BAIRRO RES BUENA VISTA III",2,2,2,1,1
AUTO_ALIAS_1A1_TOTAIS_IGUAIS,goiania,129160,7209,RES CEREWUTA-737,,R  SM36,"R SM36  CASA 02 , BAIRRO RES SÃO MARCOS",2,2,2,1,1
AUTO_ALIAS_1A1_TOTAIS_IGUAIS,goiania,164261,4065,RES CEREWUTA-777,,R  JOAO LUIS DE OLIVEIRA,"R JOAO LUIS DE OLIVEIRA  CASA 01 , BAIRRO RES SANTA FÉ",2,2,2,1,1
AUTO_ALIAS_1A1_TOTAIS_IGUAIS,goiania,139133,2393,RES CEREWUTA ADOLFO SERRA -10,,R  PE ADOLFO SERRA,"R PE ADOLFO SERRA  CASA01 , BAIRRO JD SÃO JOSÉ",2,2,2,1,1
AUTO_ALIAS_1A1_TOTAIS_IGUAIS,goiania,133153,2201,RES CEREWUTA RMP 7,,R  RMP7,"R RMP7  CASA01 , BAIRRO RES MONTE PASCOAL",2,2,2,1,1
AUTO_ALIAS_1A1_TOTAIS_IGUAIS,goiania,140328,1969,RES CEREWUTA RY-10,,R  RY10,"R RY10  CASA 02 , BAIRRO JD SÃO JOSÉ",2,2,2,1,1
AUTO_ALIAS_1A1_TOTAIS_IGUAIS,goiania,96228,11457,RES CERHARD PSZOLA,,R  BOROROS,"R BOROROS  CASA 1 , BAIRRO RES PETRÓPOLIS",2,2,2,1,1
AUTO_ALIAS_1A1_TOTAIS_IGUAIS,goiania,219360,8236,RES CESAR,,R  MDV22,"R MDV22  CASA01 , BAIRRO LOT MOINHO DOS VENTOS",2,2,2,1,1
AUTO_ALIAS_1A1_TOTAIS_IGUAIS,goiania,216432,9129,RES CESAR ARAUJO,,R  CV11,"R CV11  CASA 01 , BAIRRO RES CENTER VILLE",2,2,2,1,1
AUTO_ALIAS_1A1_TOTAIS_IGUAIS,goiania,157797,9871,RES CESAR E COSTA,,R  SR4,"R SR4  CASA 01 , BAIRRO PRQ SANTA RITA",3,3,3,1,1
AUTO_ALIAS_1A1_TOTAIS_IGUAIS,goiania,164825,8461,RES CESAR JUNIOR II,,R  DOS DUENDES,"R DOS DUENDES  CASA 01 , BAIRRO RES SANTA FÉ I",2,2,2,1,1
AUTO_ALIAS_1A1_TOTAIS_IGUAIS,goiania,154038,12369,RES.CESAR XAVIER,,R  NENEN BORGES,"R NENEN BORGES  CASA 01 , BAIRRO RES SANTA FÉ",2,2,2,1,1
AUTO_ALIAS_1A1_TOTAIS_IGUAIS,goiania,233045,5546,RES CEU AZUL,,R  TAUARI,"R ACAUA  CASA 02 , BAIRRO PRQ AMAZÔNIA",2,2,2,1,1
AUTO_ALIAS_1A1_TOTAIS_IGUAIS,goiania,128541,4476,RES.CEZAR-17,,R  N17,"R N17  CASA 01 , BAIRRO S DAS NAÇÕES EXTENSÃO",2,2,2,1,1
AUTO_ALIAS_1A1_TOTAIS_IGUAIS,goiania,162215,8406,RES CEZAR JUNIOR,,AV CRUZEIRO DO SUL,"AV CRUZEIRO DO SUL  CASA 01 , BAIRRO RES SANTA FÉ I",2,2,2,1,1
AUTO_ALIAS_1A1_TOTAIS_IGUAIS,goiania,164167,8954,RES CEZAR JUNIOR III,,R  ANTONIO LUIZ DE PINA,"R ANTONIO LUIZ DE PINA  CASA 01 , BAIRRO RES SANTA FÉ I",2,2,2,1,1
AUTO_ALIAS_1A1_TOTAIS_IGUAIS,goiania,172081,7599,RES CEZAR VII,,R  ANTONIO M ARRUDA,"R ANTONIO M ARRUDA  CASA 01 , BAIRRO JD ITAIPÚ",3,3,3,1,1
AUTO_ALIAS_1A1_TOTAIS_IGUAIS,goiania,188477,7736,RES C.F.B.,,R  DO MARISCO,"R DO MARISCO  CASA 01 , BAIRRO JD ATLÂNTICO",2,2,2,1,1
AUTO_ALIAS_1A1_TOTAIS_IGUAIS,goiania,153416,11196,RES C.F.S.C. RESIDENCE,,R  FV30,"R FV30  CASA 01 , BAIRRO RES FORTE VILLE - EXTENSÃO",2,2,2,1,1
AUTO_ALIAS_1A1_TOTAIS_IGUAIS,goiania,159792,8044,RES CFT I,,R  CHARLES ANTONIO SIMAO,"R CHARLES ANTONIO SIMAO  CASA 01 , BAIRRO RES KÁTIA",2,2,2,1,1
AUTO_ALIAS_1A1_TOTAIS_IGUAIS,goiania,178410,12187,RES C.G.RESENDE,,R  G12,"R G12  CASA 02 , BAIRRO S GRAJAÚ",2,2,2,1,1
AUTO_ALIAS_1A1_TOTAIS_IGUAIS,goiania,371106,6543,RES CHAGAS I,,R  2,"R 2 CASA 01 , BAIRRO RES PAULO ESTRELA",2,2,2,1,1
AUTO_ALIAS_1A1_TOTAIS_IGUAIS,goiania,236207,9007,RES CHARLES I,,R  SAMBURA,"R SAMBURA  CASA 01 , BAIRRO JD ATLÂNTICO",2,2,2,1,1
AUTO_ALIAS_1A1_TOTAIS_IGUAIS,goiania,8522,9201,RES CHAVES,,AV C16,"AV C16  SOBRADO-01 , BAIRRO S SUDOESTE",2,2,2,1,1
AUTO_ALIAS_1A1_TOTAIS_IGUAIS,goiania,11611,9478,RES CHAVES DE ANDRADE,,AV C16,"AV C16  CASA 03 , BAIRRO S SUDOESTE",3,3,3,1,1
AUTO_ALIAS_1A1_TOTAIS_IGUAIS,goiania,213194,13644,RES.CHAVES JUNIOR,,TR JASMIN,"TR JASMIN  CASA 01 , BAIRRO PRQ OESTE INDUSTRIAL",2,2,2,1,1
AUTO_ALIAS_1A1_TOTAIS_IGUAIS,goiania,222687,11763,RES CHAVES MESQUITA,,R  RC15,"R RC15  CASA 01 , BAIRRO RES CANADÁ",2,2,2,1,1
AUTO_ALIAS_1A1_TOTAIS_IGUAIS,goiania,219881,8612,RES. CHAVES MESQUITA II,,R  VB14,"R VB14  CASA 01 , BAIRRO RES VEREDA DOS BURITIS",2,2,2,1,1
AUTO_ALIAS_1A1_TOTAIS_IGUAIS,goiania,220660,13034,RES CHAVES MESQUITA III,,R  RC18,"R RC18  CASA 01 , BAIRRO RES CANADÁ",2,2,2,1,1
AUTO_ALIAS_1A1_TOTAIS_IGUAIS,goiania,221649,1654,RES CHAVES MESQUITA VIII,,R  VB7,"R VB7  CASA 1 , BAIRRO RES VEREDA DOS BURITIS",2,2,2,1,1
AUTO_ALIAS_1A1_TOTAIS_IGUAIS,goiania,405339,8979,RES CHEIN SILVA BORGES II,,AV JACARANDA,"AV JACARANDA  CASA 01 , BAIRRO BRO JARDIM BOTÂNICO",3,3,3,1,1
AUTO_ALIAS_1A1_TOTAIS_IGUAIS,goiania,174915,13739,RES CHIRLON,,R  16,"R 16  CASA 01 , BAIRRO CON DAS ESMERALDAS",2,2,2,1,1
AUTO_ALIAS_1A1_TOTAIS_IGUAIS,goiania,175557,5961,RES CHIRLON 23,,R  SANTA CATARINA,"R SANTA CATARINA  CASA 01 , BAIRRO JD ITAIPÚ",2,2,2,1,1
AUTO_ALIAS_1A1_TOTAIS_IGUAIS,goiania,188795,9188,RES CHIRLON III,,R  DA PESCADA,"R DA PESCADA S/N     CASA 01 , BAIRRO JD ATLÂNTICO",2,2,2,1,1
AUTO_ALIAS_1A1_TOTAIS_IGUAIS,goiania,209575,1881,RES CHIRLON VI,,R  VALLE GRANDE,"R VALLE GRANDE  CASA 01 , BAIRRO S TRÊS MARIAS",2,2,2,1,1
AUTO_ALIAS_1A1_TOTAIS_IGUAIS,goiania,94386,8847,RES CIDADE VERDE,,R  3,"R 3  CASA-01 , BAIRRO RES CIDADE VERDE",2,2,2,1,1
AUTO_ALIAS_1A1_TOTAIS_IGUAIS,goiania,95301,12433,RES CIDADE VERDE XI,,R  3A,"R 3A  CASA 01 , BAIRRO RES CIDADE VERDE",4,4,4,1,1
AUTO_ALIAS_1A1_TOTAIS_IGUAIS,goiania,95295,1610,RES CIDADE VERDE XIX,,R  4C,"R 4C S/N     CASA 01 , BAIRRO RES CIDADE VERDE",2,2,2,1,1
AUTO_ALIAS_1A1_TOTAIS_IGUAIS,goiania,97345,5851,RES CIDADE VERDE XVIII,,R  5A,"R 5A  SOB 01 , BAIRRO RES CIDADE VERDE",3,3,3,1,1
AUTO_ALIAS_1A1_TOTAIS_IGUAIS,goiania,344859,5633,RES.CID GONCALVES,,R  VA7,"R VA7 CASA 01 , BAIRRO VLG ATALAIA",2,2,2,1,1
AUTO_ALIAS_1A1_TOTAIS_IGUAIS,goiania,259066,6898,RES CID GONCALVES II,,R  ACP11,"R ACP11 CASA 01 , BAIRRO RES ANTONIO CARLOS PIRES",2,2,2,1,1
AUTO_ALIAS_1A1_TOTAIS_IGUAIS,goiania,216430,7029,RES CILMA I,,R  CV11,"R CV11  CASA 01 , BAIRRO RES CENTER VILLE",2,2,2,1,1
AUTO_ALIAS_1A1_TOTAIS_IGUAIS,goiania,146765,7793,RES CIMEARTE I,,R  C175,"R C175  CASA 01 , BAIRRO BRO JARDIM AMÉRICA",4,4,4,1,1
AUTO_ALIAS_1A1_TOTAIS_IGUAIS,goiania,173397,7342,RES. CINTIA M.MEIRELES,,R  RI10,"R RI10  C-1 , BAIRRO RES ITAIPÚ",2,2,2,1,1
AUTO_ALIAS_1A1_TOTAIS_IGUAIS,goiania,187707,7699,RES CIOBA,,R  DA CIOBA,"R DA CIOBA  CASA 01 , BAIRRO JD ATLÂNTICO",2,2,2,1,1
AUTO_ALIAS_1A1_TOTAIS_IGUAIS,goiania,187746,8309,RES. CIOBA III,,R  DA CIOBA,"R DA CIOBA  CASA 01 , BAIRRO JD ATLÂNTICO",2,2,2,1,1
AUTO_ALIAS_1A1_TOTAIS_IGUAIS,goiania,157749,14395,RES CIPRESTE I,,R  FV38,"R FV38  CASA 01 , BAIRRO RES FORTE VILLE - EXTENSÃO",2,2,2,1,1
AUTO_ALIAS_1A1_TOTAIS_IGUAIS,goiania,156559,1608,RES CIPRESTE V,,R  CONCORDIA,"R CONCORDIA  CASA 01 , BAIRRO RES SANTA FÉ",2,2,2,1,1
AUTO_ALIAS_1A1_TOTAIS_IGUAIS,goiania,154945,12212,RES CIPRESTE VI,,R  F6,"R F6  C-2 , BAIRRO RES FIDÉLIS",2,2,2,1,1
AUTO_ALIAS_1A1_TOTAIS_IGUAIS,goiania,159026,2712,RES CIPRESTE XI,,AV SEBASTIANA SOARES FARIA,"CASA 01 , BAIRRO RES FIDÉLIS",2,2,2,1,1
AUTO_ALIAS_1A1_TOTAIS_IGUAIS,goiania,118580,3188,RES CIRO PESSONE-XII,,R  CIRO PESSONE,"R CIRO PESSONE  CASA 01 , BAIRRO PRQ INDUSTRIAL JOÃO BRAZ 2",2,2,2,1,1
AUTO_ALIAS_1A1_TOTAIS_IGUAIS,goiania,189335,10471,RES. CITE,,R  DO SIRI,"R DO SIRI  CASA 01 , BAIRRO JD ATLÂNTICO",2,2,2,1,1
AUTO_ALIAS_1A1_TOTAIS_IGUAIS,goiania,167499,11267,RES CITO,,R  W11,"R W11  CASA 01 , BAIRRO JD ITAIPÚ",2,2,2,1,1
AUTO_ALIAS_1A1_TOTAIS_IGUAIS,goiania,188685,8811,RES CLAIA BORGES,,R  DO SAVEIRO,"R DO SAVEIRO  CASA 01 , BAIRRO JD ATLÂNTICO",2,2,2,1,1
AUTO_ALIAS_1A1_TOTAIS_IGUAIS,goiania,158088,1997,RES CLAIRE COSTA,,R  ARMINDA MARIA DE LIMA,"R ARMINDA MARIA DE LIMA  CASA 1 , BAIRRO RES KÁTIA",2,2,2,1,1
AUTO_ALIAS_1A1_TOTAIS_IGUAIS,goiania,218488,11856,RES CLAIRE GOMES COSTA E OUTRO,,R  VB36,"R VB36  CASA 01 , BAIRRO RES VEREDA DOS BURITIS",2,2,2,1,1
AUTO_ALIAS_1A1_TOTAIS_IGUAIS,goiania,39362,9444,RES CLARICE JOSE,,R  JOSE MANOEL DE OLIVEIRA,"R JOSE MANOEL DE OLIVEIRA LT 47 CS 1 E 2 , BAIRRO S PARQUE TREMENDÃO",2,2,2,1,1
AUTO_ALIAS_1A1_TOTAIS_IGUAIS,goiania,201712,7714,RES CLAUDIA,,R  F21,"R F21  CASA 01 , BAIRRO LOT FAIÇALVILLE",3,3,3,1,1
AUTO_ALIAS_1A1_TOTAIS_IGUAIS,goiania,171016,7439,RES CLAUDINEY QUINTEIRO,,R  ARACATI,"R ARACATI  CASA 01 , BAIRRO RES CAMPOS DOURADOS",2,2,2,1,1
AUTO_ALIAS_1A1_TOTAIS_IGUAIS,goiania,366936,9030,RES CLAUDINO XI,,R  FRANCISCO BARBOSA,"R FRANCISCO BARBOSA CASA 01 , BAIRRO RES ANTÔNIO BARBOSA",2,2,2,1,1
AUTO_ALIAS_1A1_TOTAIS_IGUAIS,goiania,328084,5803,RES CLAUDIONOR I,,AV CANAAN,"AV CANAAN CASA 01 , BAIRRO JD NOVO MUNDO",2,2,2,1,1
AUTO_ALIAS_1A1_TOTAIS_IGUAIS,goiania,147301,12206,RES CLEBES XXX,,R  C38,"R C38  SOB 01 , BAIRRO BRO JARDIM AMÉRICA",2,2,2,1,1
AUTO_ALIAS_1A1_TOTAIS_IGUAIS,goiania,158108,8949,RES CLEITON SILVA I,,AV BURITIS,"AV BURITIS  CASA 01 , BAIRRO VLG SANTA RITA",2,2,2,1,1
AUTO_ALIAS_1A1_TOTAIS_IGUAIS,goiania,197084,8680,RES. CLELIA E ALESSANDRO,,R  TAMANDARE,"R TAMANDARE  SOB 01 , BAIRRO PRQ ANHANGÜERA",2,2,2,1,1
AUTO_ALIAS_1A1_TOTAIS_IGUAIS,goiania,59101,12699,RES. CLEMENTE,,R  FN2,"R FN2 LT 11 CS 01 , BAIRRO JD FONTE NOVA",2,2,2,1,1
AUTO_ALIAS_1A1_TOTAIS_IGUAIS,goiania,136904,1317,RES CLEMENTE I,,R  ELO32,"R ELO38  CASA 01 , BAIRRO PRQ ELDORADO OESTE",3,3,3,1,1
AUTO_ALIAS_1A1_TOTAIS_IGUAIS,goiania,218266,11395,RES. CLEMILSON PEREIRA II,,R  CV13,"R CV13  CASA01 , BAIRRO RES CENTER VILLE",3,3,3,1,1
AUTO_ALIAS_1A1_TOTAIS_IGUAIS,goiania,57745,14443,RES CLENIO SOUZA I,,AV CONTORNO,"AV CONTORNO LT 09 C 01 , BAIRRO VL SÃO JOSÉ - EXTENSÃO",3,3,3,1,1
AUTO_ALIAS_1A1_TOTAIS_IGUAIS,goiania,198247,1518,RES CLEUZA MARTINS,,R  ELCHE,"R ELCHE  CASA 02 , BAIRRO S TRÊS MARIAS",2,2,2,1,1
AUTO_ALIAS_1A1_TOTAIS_IGUAIS,goiania,61397,3831,RES CLEYBER MARTINS,,R  PERCIVAL XAVIER REBELO,"R PERCIVAL XAVIER REBELO LT 06 CS 1 , BAIRRO RES BARRAVENTO",2,2,2,1,1
AUTO_ALIAS_1A1_TOTAIS_IGUAIS,goiania,281609,7759,RES CLINTON CUNHA XI,,R  RB8,"R RB8 CASA 01 , BAIRRO RES RECANTO DO BOSQUE",2,2,2,1,1
AUTO_ALIAS_1A1_TOTAIS_IGUAIS,goiania,159932,4093,RES CLL IV,,R  LAGOA FORMOSA,"R LAGOA FORMOSA  CASA 01 , BAIRRO RES SANTA FÉ",2,2,2,1,1
AUTO_ALIAS_1A1_TOTAIS_IGUAIS,goiania,29306,5606,RES.CLOVES-946,,R  JC25,"R JC25 CASA 01 , BAIRRO JD CURITIBA",2,2,2,1,1
AUTO_ALIAS_1A1_TOTAIS_IGUAIS,goiania,82607,9741,RES. CM 06,,R  6,"R 6 CASA-01 , BAIRRO S SANTOS DUMONT",2,2,2,1,1
AUTO_ALIAS_1A1_TOTAIS_IGUAIS,goiania,160269,4250,RES C MORAIS FILHO RESIDENCE VI,,AV ANTONIO CRISPIM,"AV ANTONIO CRISPIM  CASA 01 , BAIRRO RES SANTA FÉ I",2,2,2,1,1
AUTO_ALIAS_1A1_TOTAIS_IGUAIS,goiania,164822,4385,RES.C MORAIS FILHO RESIDENCE VII,,AV GYN23,"AV GYN23  CASA 01 , BAIRRO RES SANTA FÉ I",2,2,2,1,1
AUTO_ALIAS_1A1_TOTAIS_IGUAIS,goiania,217950,6457,RES. C MORAIS FILHO RESIDENCE XXII,,R  CV40,"R CV40  CASA 01 , BAIRRO RES CENTER VILLE",3,3,3,1,1
AUTO_ALIAS_1A1_TOTAIS_IGUAIS,goiania,123365,6713,RES C.MORAIS FILHO XXIII,,R  SM29,"R SM29  CASA 01 , BAIRRO RES SÃO MARCOS",2,2,2,1,1
AUTO_ALIAS_1A1_TOTAIS_IGUAIS,goiania,165575,4020,RES C MORAIS RESIDENCE I,,R  MONSENHOR CARLOS GERICKE,"R MONSENHOR CARLOS GERICKE  CASA 02 , BAIRRO RES SANTA FÉ I",2,2,2,1,1
AUTO_ALIAS_1A1_TOTAIS_IGUAIS,goiania,165853,4023,RES C MORAIS RESIDENCE IV,,R  JOAO LUIS DE OLIVEIRA,"R JOAO LUIS DE OLIVEIRA  CASA 01 , BAIRRO RES SANTA FÉ",2,2,2,1,1
AUTO_ALIAS_1A1_TOTAIS_IGUAIS,goiania,189162,6371,RES C.M.S,,R  PRUDENTE DE MORAIS,"R ANA NERI  CASA 02 , BAIRRO PRQ ANHANGÜERA",2,2,2,1,1
AUTO_ALIAS_1A1_TOTAIS_IGUAIS,goiania,341447,10357,RES COELHO MARQUES I,,R  BM26,"R BM26 CASA 02 , BAIRRO RES BRISAS DA MATA",2,2,2,1,1
AUTO_ALIAS_1A1_TOTAIS_IGUAIS,goiania,360999,11222,RES. COELHO VAZ,,R  RB48A,"R RB48A CASA 01 , BAIRRO RES RECANTO DO BOSQUE",2,2,2,1,1
AUTO_ALIAS_1A1_TOTAIS_IGUAIS,goiania,270267,1722,RES COLIBRI,,R  J63,"R J63 CASA 01 , BAIRRO S JAÓ",2,2,2,1,1
AUTO_ALIAS_1A1_TOTAIS_IGUAIS,goiania,145948,14239,RES COLONIAL,,R  C234,"R C229 169     CASA 01 , BAIRRO BRO JARDIM AMÉRICA",2,2,2,1,1
AUTO_ALIAS_1A1_TOTAIS_IGUAIS,goiania,39933,3391,RES COLORADO JARDINS VIII,,R  SC18,"R SC18 LT 06 CS 01 , BAIRRO JD COLORADO",2,2,2,1,1
AUTO_ALIAS_1A1_TOTAIS_IGUAIS,goiania,33979,11324,RES COLORADO JARDINS XIII,,R  SC38,"R SC38 LT 16 CS 01 , BAIRRO JD COLORADO I",2,2,2,1,1
AUTO_ALIAS_1A1_TOTAIS_IGUAIS,goiania,399349,11467,RES COLUMBIA,,AV GONZAGA JAIME,"AV GONZAGA JAIME LOJA 01 , BAIRRO VL REDENÇÃO",10,10,10,1,1
AUTO_ALIAS_1A1_TOTAIS_IGUAIS,goiania,226,1152,RES COMERCIAL ANGELINA,,R  DOS MISSIONARIOS,"R DOS MISSIONARIOS LT 01 CS 01 A 06 , BAIRRO BRO RODOVIÁRIO",3,3,3,1,1
AUTO_ALIAS_1A1_TOTAIS_IGUAIS,goiania,192140,8823,RES/COMERCIAL MAUA,,R  DOS INCONFIDENTES MINEIROS,"R DOS INCONFIDENTES MINEIROS  CASA 01 , BAIRRO VL MAUÁ",2,2,2,1,1
AUTO_ALIAS_1A1_TOTAIS_IGUAIS,goiania,345065,11977,RES COMERCIAL VILLAGE CLARINDO I,,R  A2,"R A2 COMERCIO 01 , BAIRRO RES ATALAIA",4,4,4,1,1
AUTO_ALIAS_1A1_TOTAIS_IGUAIS,goiania,212858,10644,RES COMERCIAL VILLAGE FERREIRA GOMES,,AV TRIESTE,"AV TRIESTE  SOB01 , BAIRRO VLG VENEZA",5,5,5,1,1
AUTO_ALIAS_1A1_TOTAIS_IGUAIS,goiania,248616,5656,RES/COML AEROPORTO,,R  28A,"R 28A 615 COMERCIO , BAIRRO S AEROPORTO",2,2,2,1,1
AUTO_ALIAS_1A1_TOTAIS_IGUAIS,goiania,282294,10713,RES/COML MEIRELIS,,R  B,"AV INDEPENDENCIA 2098    SALA.101 , BAIRRO VL VIANA",5,5,5,1,1
AUTO_ALIAS_1A1_TOTAIS_IGUAIS,goiania,142067,7064,RES CONCORDIA III,,R  MONS PRIMO VIEIRA,"R MONS PRIMO VIEIRA  CASA 01 , BAIRRO JD SÃO JOSÉ",2,2,2,1,1
AUTO_ALIAS_1A1_TOTAIS_IGUAIS,goiania,336675,1931,RES COND VILA ALVES 21,,R  BM7,"R BM7 CASA 01 , BAIRRO RES BRISAS DA MATA",2,2,2,1,1
AUTO_ALIAS_1A1_TOTAIS_IGUAIS,goiania,341331,6593,RES. CONTINI I,,R  BM25,"R BM25 CASA 02 , BAIRRO RES BRISAS DA MATA",2,2,2,1,1
AUTO_ALIAS_1A1_TOTAIS_IGUAIS,goiania,196168,11752,RES CONTORNO SUL,,AV DE CONTORNO SUL,"AV DE CONTORNO SUL  SOBRADO-01 , BAIRRO PRQ ANHANGÜERA",2,2,2,1,1
AUTO_ALIAS_1A1_TOTAIS_IGUAIS,goiania,241463,8294,RES CONTOURE,,R  15,"R 15 243     C-01 , BAIRRO S MARISTA",3,3,3,1,1
AUTO_ALIAS_1A1_TOTAIS_IGUAIS,goiania,157666,1280,RES CONVIVENCIA,,AL HERMINIO COELHO DE MORAES,"AL HERMINIO COELHO DE MORAES  CASA 01 , BAIRRO RES RIO VERDE",2,2,2,1,1
AUTO_ALIAS_1A1_TOTAIS_IGUAIS,goiania,158631,4776,RES.COQUEIRO-15,,AV ELI ALVES FORTES,"AV ELI ALVES FORTES  CASA 01 , BAIRRO RES KÁTIA",3,3,3,1,1
AUTO_ALIAS_1A1_TOTAIS_IGUAIS,goiania,341869,10722,RES. CORACI,,AV ACARI PASSOS,"AV ACARI PASSOS CASA02 , BAIRRO RES OLINDA",2,2,2,1,1
AUTO_ALIAS_1A1_TOTAIS_IGUAIS,goiania,142523,2346,RES CORDEIRO DE FARIAS RMP VII,,R  RMP7,"R RMP7  CASA 02 , BAIRRO RES MONTE PASCOAL",2,2,2,1,1
AUTO_ALIAS_1A1_TOTAIS_IGUAIS,goiania,196141,7929,RES CORDELIA,,AV DE CONTORNO SUL,"AV DE CONTORNO SUL  CASA 01 , BAIRRO PRQ ANHANGÜERA",2,2,2,1,1
AUTO_ALIAS_1A1_TOTAIS_IGUAIS,goiania,221355,6803,RES CORONEL & REZENDE,,R  RC2,"R RC2  CASA 01 , BAIRRO RES CANADÁ",2,2,2,1,1
AUTO_ALIAS_1A1_TOTAIS_IGUAIS,goiania,220562,8539,RES CORONEL & REZENDE II,,AV VEREDA DOS BURITIS,"AV VEREDA DOS BURITIS  CASA 01 , BAIRRO RES CANADÁ",2,2,2,1,1
AUTO_ALIAS_1A1_TOTAIS_IGUAIS,goiania,188641,1644,RES CORREA,,R  DO XAREU,"R DO XAREU  CASA 01 , BAIRRO JD ATLÂNTICO",2,2,2,1,1
AUTO_ALIAS_1A1_TOTAIS_IGUAIS,goiania,270082,1235,RES CORREIA,,AV SETIMA AVENIDA,"AV SETIMA AVENIDA 490 CASA01 , BAIRRO S LESTE UNIVERSITÁRIO",2,2,2,1,1
AUTO_ALIAS_1A1_TOTAIS_IGUAIS,goiania,88512,1513,RES CORREIA RODRIGUES,,R  10,"R 10 CASA 01 , BAIRRO S SANTOS DUMONT",2,2,2,1,1
AUTO_ALIAS_1A1_TOTAIS_IGUAIS,goiania,128941,6680,RES CORREIA SEVERO I,,R  PN8,"R PN8  CASA 01 , BAIRRO RES PONTA NEGRA",2,2,2,1,1
AUTO_ALIAS_1A1_TOTAIS_IGUAIS,goiania,103017,8831,RES CORTES-358.342,,R  LRM10,"R LRM10  CASA 01 , BAIRRO RES MENDANHA",2,2,2,1,1
AUTO_ALIAS_1A1_TOTAIS_IGUAIS,goiania,119194,11572,RES CORTES II,,R  PN5,"R PN5  CASA 01 , BAIRRO RES PONTA NEGRA",2,2,2,1,1
AUTO_ALIAS_1A1_TOTAIS_IGUAIS,goiania,99362,6809,RES CORTEZ-039,,AV VINICIUS DE MORAES,"AV VINICIUS DE MORAES  CASA 01 , BAIRRO RES TUZIMOTO",2,2,2,1,1
AUTO_ALIAS_1A1_TOTAIS_IGUAIS,goiania,363669,9178,RES CORUMBA II,,R  SR48,"R SR48 CASA 01 , BAIRRO S RECANTO DAS MINAS GERAIS",3,3,3,1,1
AUTO_ALIAS_1A1_TOTAIS_IGUAIS,goiania,164989,1313,RES COSAC II,,R  GOMES DE SANTANA RAMOS,"R GOMES DE SANTANA RAMOS  C-1 , BAIRRO RES SANTA FÉ",2,2,2,1,1
AUTO_ALIAS_1A1_TOTAIS_IGUAIS,goiania,156675,2238,RES COSAC X,,R  FV32,"R FV32  CASA 01 , BAIRRO RES FORTE VILLE - EXTENSÃO",2,2,2,1,1
AUTO_ALIAS_1A1_TOTAIS_IGUAIS,goiania,230989,8173,RES COSTA,,R  NARINO,"R SANTAREM  SOB- 01 , BAIRRO PRQ AMAZÔNIA",3,3,3,1,1
AUTO_ALIAS_1A1_TOTAIS_IGUAIS,goiania,158929,6841,RES. COSTA-001,,R  ARMINDA MARIA DE LIMA,"R ARMINDA MARIA DE LIMA  C-1 , BAIRRO RES KÁTIA",2,2,2,1,1
AUTO_ALIAS_1A1_TOTAIS_IGUAIS,goiania,126670,6676,RES COSTA-228,,R  N14,"R N14  CASA 01 , BAIRRO S DAS NAÇÕES EXTENSÃO",2,2,2,1,1
AUTO_ALIAS_1A1_TOTAIS_IGUAIS,goiania,127766,5474,RES.COSTA-502,,R  GP6,"R GP6  C-2 , BAIRRO RES GOYAZ PARK",2,2,2,1,1
AUTO_ALIAS_1A1_TOTAIS_IGUAIS,goiania,161097,6286,RES COSTA-745,,R  ELPIDIO JOSE FARIA,"R ELPIDIO JOSE FARIA  CASA 01 , BAIRRO RES FORTE VILLE - EXTENSÃO",2,2,2,1,1
AUTO_ALIAS_1A1_TOTAIS_IGUAIS,goiania,123409,5916,RES COSTA-921,,R  CP9,"R CP9  CASA 02 , BAIRRO LOT CAROLINA PARQUE",2,2,2,1,1
AUTO_ALIAS_1A1_TOTAIS_IGUAIS,goiania,164415,6352,RES COSTA 94,,AV CRUZEIRO DO SUL,"AV CRUZEIRO DO SUL  CASA01 , BAIRRO RES SANTA FÉ I",2,2,2,1,1
AUTO_ALIAS_1A1_TOTAIS_IGUAIS,goiania,336388,6498,RES.COSTA ANDRADE I,,AV ADEMAR DE BARROS,"AV ADEMAR DE BARROS CASA 01 , BAIRRO VL PEDROSO",2,2,2,1,1
AUTO_ALIAS_1A1_TOTAIS_IGUAIS,goiania,105679,5576,RES. COSTA CAVALCANTE III,,AV CRP3,"AV CRP3  CASA 02 , BAIRRO RES PRIMAVERA",2,2,2,1,1
AUTO_ALIAS_1A1_TOTAIS_IGUAIS,goiania,194855,5780,RES COSTA CHAVES 101,,R  BELGICA,"R BELGICA  CASA 01 , BAIRRO JD EUROPA",2,2,2,1,1
AUTO_ALIAS_1A1_TOTAIS_IGUAIS,goiania,215193,13985,RES COSTA CHAVES I,,AV HANN0VER,"AV HANN0VER  CASA 01 , BAIRRO JD EUROPA",3,3,3,1,1
AUTO_ALIAS_1A1_TOTAIS_IGUAIS,goiania,125746,1616,RES COSTA DE SA,,R  SM26,"R SM26  CASA 01 , BAIRRO RES SÃO MARCOS",2,2,2,1,1
AUTO_ALIAS_1A1_TOTAIS_IGUAIS,goiania,373428,8420,RES COSTA DOS SANTOS V,,R  H8,"R H8 CASA 02 , BAIRRO RES HAWAÍ",2,2,2,1,1
AUTO_ALIAS_1A1_TOTAIS_IGUAIS,goiania,90150,12594,RES COSTA E CUNHA,,R  DOUTOR AMERICANO DO BRASIL,"R DOUTOR AMERICANO DO BRASIL  CASA 01 , BAIRRO BRO GOIÁ",2,2,2,1,1
AUTO_ALIAS_1A1_TOTAIS_IGUAIS,goiania,119223,7473,RES COSTA E CUNHA II,,R  TV6,"R TV6  CASA 01 , BAIRRO LOT TROPICAL VERDE",2,2,2,1,1
AUTO_ALIAS_1A1_TOTAIS_IGUAIS,goiania,129538,13096,RES COSTA E CUNHA IV,,R  HOMERO ROSA,"R HOMERO ROSA  CASA 01 , BAIRRO JD DAS ROSAS",2,2,2,1,1
AUTO_ALIAS_1A1_TOTAIS_IGUAIS,goiania,219246,11240,RES COSTA FREIRE,,R  MDV28,"R MDV28  CASA 01 , BAIRRO LOT MOINHO DOS VENTOS",2,2,2,1,1
AUTO_ALIAS_1A1_TOTAIS_IGUAIS,goiania,344235,1637,RES COSTA I,,R  SR36,"R SR36 CASA 01 , BAIRRO RES PAULO ESTRELA",2,2,2,1,1
AUTO_ALIAS_1A1_TOTAIS_IGUAIS,goiania,35660,8095,RES COSTA I,,R  RM3,"R RM3 LT 22 CS 01 , BAIRRO RES MARINGÁ",2,2,2,1,1
AUTO_ALIAS_1A1_TOTAIS_IGUAIS,goiania,35896,7882,RES COSTA II,,R  RM3,"R RM3 LT 23 CS 01 , BAIRRO RES MARINGÁ",2,2,2,1,1
AUTO_ALIAS_1A1_TOTAIS_IGUAIS,goiania,288970,6445,RES COSTA LIMA IV,,R  OREGON,"R OREGON C-1 , BAIRRO JD NOVO MUNDO",2,2,2,1,1
AUTO_ALIAS_1A1_TOTAIS_IGUAIS,goiania,103658,5904,RES COSTA MARINHO X,,R  P-03,"R P-03  CASA 01 , BAIRRO RES PORTINARI",2,2,2,1,1
AUTO_ALIAS_1A1_TOTAIS_IGUAIS,goiania,98718,6724,RES COSTA P09,,R  P-09,"R P-09  CASA 01 , BAIRRO RES PORTINARI",2,2,2,1,1
AUTO_ALIAS_1A1_TOTAIS_IGUAIS,goiania,104977,1980,RES COSTA PLACE VII,,AV FREI CONFALLONI,"AV FREI CONFALLONI  CASA 02 , BAIRRO RES ANA MORAES",2,2,2,1,1
AUTO_ALIAS_1A1_TOTAIS_IGUAIS,goiania,234026,10450,RES COSTA RICA,,AV ALEXANDRE DE MORAIS,"AV ALEXANDRE DE MORAIS  CASA 03 , BAIRRO PRQ AMAZÔNIA",3,3,3,1,1
AUTO_ALIAS_1A1_TOTAIS_IGUAIS,goiania,245963,2595,RES COSTA SILVA,,AV MANOEL TAVARES GONCALVES,"AV MANOEL TAVARES GONCALVES CASA02 , BAIRRO RES LUCY PINHEIRO",2,2,2,1,1
AUTO_ALIAS_1A1_TOTAIS_IGUAIS,goiania,312924,4858,RES COSTA & SILVA II,,R  BENEDITO COSTA E SILVA,"R BENEDITO COSTA E SILVA  CASA01 , BAIRRO JD BALNEÁRIO MEIA PONTE",2,2,2,1,1
AUTO_ALIAS_1A1_TOTAIS_IGUAIS,goiania,347405,10884,RES. COSTA TORRES,,AV CRISTAL,"AV CRISTAL CASA 01 , BAIRRO BRO JARDIM CALIFÓRNIA",2,2,2,1,1
AUTO_ALIAS_1A1_TOTAIS_IGUAIS,goiania,96395,11317,RES COSTA VALADAO V,,R  TRIPOLI,"R TRIPOLI  CASA 01 , BAIRRO JD PAMPULHA",2,2,2,1,1
AUTO_ALIAS_1A1_TOTAIS_IGUAIS,goiania,354016,7392,RES COSTA VIEIRA X,,AV ARISTOTELES,"AV ARISTOTELES SOBRADO 01 , BAIRRO JD MARILIZA",2,2,2,1,1
AUTO_ALIAS_1A1_TOTAIS_IGUAIS,goiania,193580,13920,RES COSTA X,,R  PIRAPORA,"R PIRAPORA LT 03 CS 01 , BAIRRO JD ANA LÚCIA",2,2,2,1,1
AUTO_ALIAS_1A1_TOTAIS_IGUAIS,goiania,274818,11881,RES. COUTINHO BARROS,,R  MA14,"R MA14 CASA01 , BAIRRO RES OLINDA",2,2,2,1,1
AUTO_ALIAS_1A1_TOTAIS_IGUAIS,goiania,274821,1963,RES COUTINHO E BARROS III,,R  MA12,"R MA12 CASA01 , BAIRRO RES OLINDA",2,2,2,1,1
AUTO_ALIAS_1A1_TOTAIS_IGUAIS,goiania,328303,6273,RES. COUTINHO E MANSO V,,AV ACARI PASSOS,"AV ACARI PASSOS CASA01 , BAIRRO RES OLINDA",2,2,2,1,1
AUTO_ALIAS_1A1_TOTAIS_IGUAIS,goiania,231054,11293,RES COUTINHO & MANSO XIII,,AL IMBE,"AL IMBE  SOB 01 , BAIRRO PRQ AMAZÔNIA",3,3,3,1,1
AUTO_ALIAS_1A1_TOTAIS_IGUAIS,goiania,129706,1991,RES COUTINHO OLIVEIRA,,R  SM1,"R SM1  CASA 01 , BAIRRO RES SÃO MARCOS",2,2,2,1,1
AUTO_ALIAS_1A1_TOTAIS_IGUAIS,goiania,238151,9280,RES COZUMEL,,R  C181,"AV T14  CASA-1 , BAIRRO BRO NOVA SUIÇA",2,2,2,1,1
AUTO_ALIAS_1A1_TOTAIS_IGUAIS,goiania,123402,8052,RES. CP 1310,,AV CP14,"AV CP14  CASA 01 , BAIRRO LOT CAROLINA PARQUE",2,2,2,1,1
AUTO_ALIAS_1A1_TOTAIS_IGUAIS,goiania,130524,5509,RES CP-13.48,,R  CP12,"R CP12  CASA 01 , BAIRRO LOT CAROLINA PARQUE",2,2,2,1,1
AUTO_ALIAS_1A1_TOTAIS_IGUAIS,goiania,128723,7512,RES CP-17.30,,R  CP16,"R CP16  CASA 01 , BAIRRO LOT CAROLINA PARQUE",2,2,2,1,1
AUTO_ALIAS_1A1_TOTAIS_IGUAIS,goiania,125532,7436,RES CP 21 17,,R  CP20,"R CP20  CASA 01 , BAIRRO LOT CAROLINA PARQUE",2,2,2,1,1
AUTO_ALIAS_1A1_TOTAIS_IGUAIS,goiania,155685,12804,RES. C.P. BESSA,,R  MANOEL LUIZ RIBEIRO,"R MANOEL LUIZ RIBEIRO  CASA 1 , BAIRRO RES KÁTIA",2,2,2,1,1
AUTO_ALIAS_1A1_TOTAIS_IGUAIS,goiania,127768,7867,RES CP NOGUEIRA RESIDENCE I,,AV OSMIRA MOREIRA DOS SANTOS,"AV OSMIRA MOREIRA DOS SANTOS  CASA 01 , BAIRRO RES GOYAZ PARK",2,2,2,1,1
AUTO_ALIAS_1A1_TOTAIS_IGUAIS,goiania,96900,9195,RES CRAOS PETROPOLIS,,R  CRAOS,"R CRAOS  CASA 01 , BAIRRO RES PETRÓPOLIS",2,2,2,1,1
AUTO_ALIAS_1A1_TOTAIS_IGUAIS,goiania,313161,9043,RES. CRE,,R  ES8,"R ES8 CASA 01 , BAIRRO RES ELIZENE SANTANA",2,2,2,1,1
AUTO_ALIAS_1A1_TOTAIS_IGUAIS,goiania,351405,9039,RES. CRE II,,R  ES2,"R ES2 CASA 01 , BAIRRO RES ELIZENE SANTANA",2,2,2,1,1
AUTO_ALIAS_1A1_TOTAIS_IGUAIS,goiania,23069,9017,RES CREPUSCULO FLI,,R  JC63,"R JC63 CASA 01 , BAIRRO JD CURITIBA",2,2,2,1,1
AUTO_ALIAS_1A1_TOTAIS_IGUAIS,goiania,15755,7472,RES CREPUSCULO VX,,R  GUSTAVO,"R GUSTAVO CASA 01 , BAIRRO S ESTRELA DALVA",2,2,2,1,1
AUTO_ALIAS_1A1_TOTAIS_IGUAIS,goiania,17088,7468,RES CREPUSCULO VXI,,R  GUSTAVO,"R GUSTAVO CASA 01 , BAIRRO S ESTRELA DALVA",2,2,2,1,1
AUTO_ALIAS_1A1_TOTAIS_IGUAIS,goiania,17091,5285,RES CREPUSCULO X,,R  FERNANDES,"R FERNANDES CASA 01 , BAIRRO S ESTRELA DALVA",2,2,2,1,1
AUTO_ALIAS_1A1_TOTAIS_IGUAIS,goiania,36372,9016,RES CREPUSCULO XLI,,R  JC17A,"R JC17A CASA 01 , BAIRRO JD CURITIBA",2,2,2,1,1
AUTO_ALIAS_1A1_TOTAIS_IGUAIS,goiania,24357,6910,RES CREPUSCULO XP,,AV OTAVIO LUCIO,"AV OTAVIO LUCIO CASA 01 , BAIRRO S ESTRELA DALVA",2,2,2,1,1
AUTO_ALIAS_1A1_TOTAIS_IGUAIS,goiania,135307,1895,RES CR III,,R  JOSE LUIZ CURADO,"R JOSE LUIZ CURADO  CASA 02 , BAIRRO JD SÃO JOSÉ",2,2,2,1,1
AUTO_ALIAS_1A1_TOTAIS_IGUAIS,goiania,145500,7526,RES CRISTIANE,,R  C143,"R C143 S/N     C-02 , BAIRRO BRO JARDIM AMÉRICA",2,2,2,1,1
AUTO_ALIAS_1A1_TOTAIS_IGUAIS,goiania,320018,6605,RES. CRISTIANO MACHADO,,AV  CRISTIANO MACHADO,"AV CRISTIANO MACHADO C-1 , BAIRRO VL PEDROSO",3,3,3,1,1
AUTO_ALIAS_1A1_TOTAIS_IGUAIS,goiania,240295,7717,RES CRISTINA,,R  1122,"R 1124 205     CASA 02 , BAIRRO S MARISTA",3,3,3,1,1
AUTO_ALIAS_1A1_TOTAIS_IGUAIS,goiania,248011,11872,RES CRISTINA,,R  3,"R 3 CASA 01 , BAIRRO JD SANTO ANTÔNIO",2,2,2,1,1
AUTO_ALIAS_1A1_TOTAIS_IGUAIS,goiania,355913,10247,RES. CRISTINA,,R  DAS PAINEIRAS,"R GUANABARA CASA 02 , BAIRRO JD BELA VISTA",2,2,2,1,1
AUTO_ALIAS_1A1_TOTAIS_IGUAIS,goiania,40737,7812,RES CRISTINA-8553,,R  VMA2,"R VMA2 CASA 01 , BAIRRO VL MUTIRÃO II",2,2,2,1,1
AUTO_ALIAS_1A1_TOTAIS_IGUAIS,goiania,66578,7547,RES CRISTINA ALVES SEVEN,,R  A16,"R A16 CASA 01 , BAIRRO BRO DA VITÓRIA",3,3,3,1,1
AUTO_ALIAS_1A1_TOTAIS_IGUAIS,goiania,376863,6274,RES CRISTINA ALVES V,,R  RB7A,"R RB7A CASA 01 , BAIRRO RES RECANTO DO BOSQUE",2,2,2,1,1
AUTO_ALIAS_1A1_TOTAIS_IGUAIS,goiania,49421,8137,RES CRISTINA ALVES VII,,R  FELIZARDA SILVA MORAES,"R FELIZARDA SILVA MORAES LT 28 CASA 01 , BAIRRO RES HUGO DE MORAES",2,2,2,1,1
AUTO_ALIAS_1A1_TOTAIS_IGUAIS,goiania,92372,8841,RES CRISTINA ALVES X,,R  DR. FERREIRA CHAVES,"R DR. FERREIRA CHAVES  CASA 01 , BAIRRO BRO GOIÁ",2,2,2,1,1
AUTO_ALIAS_1A1_TOTAIS_IGUAIS,goiania,247698,6790,RES. CRISTINA BORGES I,,R  13,"PC SANTOS REIS  C-1 , BAIRRO VL ISAURA",2,2,2,1,1
AUTO_ALIAS_1A1_TOTAIS_IGUAIS,goiania,177020,2741,RES CRISTINA VAZ,,R  RI29,"R RI29  CASA01 , BAIRRO RES ITAIPÚ",2,2,2,1,1
AUTO_ALIAS_1A1_TOTAIS_IGUAIS,goiania,131401,10631,RES. C.R.M.F. - GOYAZ PARK,,R  GP6,"R GP6  CASA 02 , BAIRRO RES GOYAZ PARK",2,2,2,1,1
AUTO_ALIAS_1A1_TOTAIS_IGUAIS,goiania,353865,9471,RES CROFIELD,,R  CPR5,"R CPR5 CASA 02 , BAIRRO RES COSTA PARANHOS",2,2,2,1,1
AUTO_ALIAS_1A1_TOTAIS_IGUAIS,goiania,41745,8946,RES CRUZ 10.01,,R  RENO,"R RENO LT 01 SOB 2 , BAIRRO VL CRISTINA",3,3,3,1,1
AUTO_ALIAS_1A1_TOTAIS_IGUAIS,goiania,19195,5433,RES.CRUZ-772,,R  GUAPEVA,"R GUAPEVA LT 18 CS 01 , BAIRRO S PARQUE TREMENDÃO",2,2,2,1,1
AUTO_ALIAS_1A1_TOTAIS_IGUAIS,goiania,318452,11113,RES CRUZ FILGUEIRAS TEXEIRA,,R  217,"R 217 CASA 01 , BAIRRO S LESTE UNIVERSITÁRIO",4,4,4,1,1
AUTO_ALIAS_1A1_TOTAIS_IGUAIS,goiania,15090,2066,RES CRUZ & FREIRE I,,R  BERDINAZI,"R BERDINAZI CASA 01 , BAIRRO S ESTRELA DALVA",2,2,2,1,1
AUTO_ALIAS_1A1_TOTAIS_IGUAIS,goiania,194227,8584,RES C.S.A.,,R  BARCELONA,"R BARCELONA  CASA 01 , BAIRRO JD EUROPA",2,2,2,1,1
AUTO_ALIAS_1A1_TOTAIS_IGUAIS,goiania,133520,6876,RES.CSA-253,,R  IRMA LUIZA DIAS LIMA,"R IRMA LUIZA DIAS LIMA  CASA 01 , BAIRRO JD SÃO JOSÉ",2,2,2,1,1
AUTO_ALIAS_1A1_TOTAIS_IGUAIS,goiania,117340,6143,RES CSA-927,,R  PH1,"R PH1  CASA 01 , BAIRRO LOT SOLANGE PARQUE I",2,2,2,1,1
AUTO_ALIAS_1A1_TOTAIS_IGUAIS,goiania,157525,8056,RES C.S.R. I,,R  JAV20,"R JAV20  CASA 01 , BAIRRO JD ALPHAVILLY I",2,2,2,1,1
AUTO_ALIAS_1A1_TOTAIS_IGUAIS,goiania,143922,9192,RES C.S.R III,,R  MONS. PRIMO VIEIRA,"R MONS. PRIMO VIEIRA  CASA 01 , BAIRRO RES MONTE PASCOAL",2,2,2,1,1
AUTO_ALIAS_1A1_TOTAIS_IGUAIS,goiania,128274,7447,RES CUBILLO E MARTINS 06.29,,R  COCHABAMBA,"R COCHABAMBA  CASA 01 , BAIRRO RES NOVA AURORA",2,2,2,1,1
AUTO_ALIAS_1A1_TOTAIS_IGUAIS,goiania,197256,5397,RES CUMURUXATIBA,,AV DE CONTORNO SUL,"AV DE CONTORNO SUL  CASA 03 , BAIRRO PRQ ANHANGÜERA",6,6,6,1,1
AUTO_ALIAS_1A1_TOTAIS_IGUAIS,goiania,105860,13494,RES CUNHA COUTO,,R  LRM3,"R LRM3  CASA 02 , BAIRRO RES MENDANHA",2,2,2,1,1
AUTO_ALIAS_1A1_TOTAIS_IGUAIS,goiania,221176,9339,RES CUNHA LIMA I,,R  MDV6,"R MDV6  CASA 01 , BAIRRO LOT MOINHO DOS VENTOS",2,2,2,1,1
AUTO_ALIAS_1A1_TOTAIS_IGUAIS,goiania,169326,3264,RES CUSTODIO 08,,R  RI10,"R RI10  CASA 01 , BAIRRO RES ITAIPÚ",2,2,2,1,1
AUTO_ALIAS_1A1_TOTAIS_IGUAIS,goiania,178066,6019,RES. CUSTODIO 17,,R  RI13,"R RI13  CASA 01 , BAIRRO RES ITAIPÚ",2,2,2,1,1
AUTO_ALIAS_1A1_TOTAIS_IGUAIS,goiania,176607,7544,RES CV ENGENHARIA IV,,R  RI 20,"R RI20  CASA 01 , BAIRRO RES ITAIPÚ",2,2,2,1,1
AUTO_ALIAS_1A1_TOTAIS_IGUAIS,goiania,159902,8165,RES CZEREWUTA 9807,,R  ALPHA26,"R ALPHA26  CASA 01 , BAIRRO LOT ALPHAVILLE RESIDENCIAL",3,3,3,1,1
AUTO_ALIAS_1A1_TOTAIS_IGUAIS,goiania,189674,7224,RES. DA GLORIA,,R  DA TAINHA,"R DA TAINHA  CASA 01 , BAIRRO JD ATLÂNTICO",2,2,2,1,1
AUTO_ALIAS_1A1_TOTAIS_IGUAIS,goiania,159974,14444,RES DALLAS RESIDENCE,,R  FV24,"R FV24  CASA 01 , BAIRRO RES FORTE VILLE - EXTENSÃO",2,2,2,1,1
AUTO_ALIAS_1A1_TOTAIS_IGUAIS,goiania,194087,12438,RES DAL SOSSE,,AV BELO HORIZONTE,"AV BELO HORIZONTE LT 08 SOBRADO 02 , BAIRRO JD ANA LÚCIA",3,3,3,1,1
AUTO_ALIAS_1A1_TOTAIS_IGUAIS,goiania,182012,7513,RESD ALVARENGA JUNIOR X,,R  FRANCISCO LUIZ FERREIRA,"R FRANCISCO LUIZ FERREIRA  CASA 01 , BAIRRO S ORIENTVILLE",2,2,2,1,1
AUTO_ALIAS_1A1_TOTAIS_IGUAIS,goiania,106636,7124,RES DALVINA SOUSA I,,R  CRP6,"R CRP6 46      CASA 02 , BAIRRO RES PRIMAVERA",2,2,2,1,1
AUTO_ALIAS_1A1_TOTAIS_IGUAIS,goiania,155111,7228,RES DAMASCENO II,,R  ALPHA28,"R ALPHA28  CASA 01 , BAIRRO LOT ALPHAVILLE RESIDENCIAL",2,2,2,1,1
AUTO_ALIAS_1A1_TOTAIS_IGUAIS,goiania,53328,5236,RES. DAMASCENO II,,AV JOAO DAMASCENO,"AV JOAO DAMASCENO LT 08 CS 02 , BAIRRO S PROGRESSO",2,2,2,1,1
AUTO_ALIAS_1A1_TOTAIS_IGUAIS,goiania,165032,6691,RES DAMASCENO III,,R  LIBERDADE,"R LIBERDADE  CASA 01 , BAIRRO RES SANTA FÉ I",2,2,2,1,1
AUTO_ALIAS_1A1_TOTAIS_IGUAIS,goiania,308933,5623,RES DAMAS DE ABREU III,,R  FL33,"R FL33 CASA 01 , BAIRRO PRQ DAS FLORES",2,2,2,1,1
AUTO_ALIAS_1A1_TOTAIS_IGUAIS,goiania,98461,6844,RES DAMAS I,,R  AIMORES,"R AIMORES  C-1 , BAIRRO RES PETRÓPOLIS",2,2,2,1,1
AUTO_ALIAS_1A1_TOTAIS_IGUAIS,goiania,12764,6751,RES. DA MATA,,R  C71,"R C71 LT 8 SOB 01 , BAIRRO BRO CIDADE JARDIM",2,2,2,1,1
AUTO_ALIAS_1A1_TOTAIS_IGUAIS,goiania,312345,10830,RES. DA MATA,,R  1032 UNIDADE 103,"R 1032 UNIDADE 103 CASA 01 , BAIRRO PRQ ATHENEU",2,2,2,1,1
AUTO_ALIAS_1A1_TOTAIS_IGUAIS,goiania,333677,8516,RES. DANELLO 1,,R  CPR7,"R CPR7 CASA 02 , BAIRRO RES COSTA PARANHOS",2,2,2,1,1
AUTO_ALIAS_1A1_TOTAIS_IGUAIS,goiania,155856,14288,RES DANIANE RIOS I,,R  FV13,"R FV13  CASA 01 , BAIRRO RES FORTEVILLE",2,2,2,1,1
AUTO_ALIAS_1A1_TOTAIS_IGUAIS,goiania,154050,7581,RES DANIELA SILVA,,R  FV20,"R FV20  CASA 02 , BAIRRO RES FIDÉLIS",2,2,2,1,1
AUTO_ALIAS_1A1_TOTAIS_IGUAIS,goiania,386458,7498,RES DANIEL JOAQUIM,,R  DANIEL JOAQUIM RODOVALHO,"R DANIEL JOAQUIM RODOVALHO CASA 01 , BAIRRO RES VALE DO ARAGUAIA",2,2,2,1,1
AUTO_ALIAS_1A1_TOTAIS_IGUAIS,goiania,388890,8456,RES DANIEL JUNIOR,,R  FL5,"R FL5 CASA 01 , BAIRRO PRQ DAS FLORES",2,2,2,1,1
AUTO_ALIAS_1A1_TOTAIS_IGUAIS,goiania,232783,8354,RES DANIELLE,,AV T5,"AV T5  CASA 001 , BAIRRO BRO DA SERRINHA",2,2,2,1,1
AUTO_ALIAS_1A1_TOTAIS_IGUAIS,goiania,144331,1278,RES DANIELLE II,,R  C218,"R C218  , BAIRRO BRO JARDIM AMÉRICA",2,2,2,1,1
AUTO_ALIAS_1A1_TOTAIS_IGUAIS,goiania,333520,10277,RES. DANIEL MARQUES,,R  RB11,"R RB11 CASA 01 , BAIRRO RES RECANTO DO BOSQUE",2,2,2,1,1
AUTO_ALIAS_1A1_TOTAIS_IGUAIS,goiania,281340,5310,RES. DANIEL SANTOS I,,R  AUGUSTA SOARES,"R AUGUSTA SOARES  CASA-01 , BAIRRO RES DAS ACÁCIAS",2,2,2,1,1
AUTO_ALIAS_1A1_TOTAIS_IGUAIS,goiania,195113,8076,RES DANILO,,R  BARCELONA,"R BARCELONA  CASA 01 , BAIRRO JD EUROPA",3,3,3,1,1
AUTO_ALIAS_1A1_TOTAIS_IGUAIS,goiania,325433,7961,RES DANILO BM-9,,R  BM9,"R BM9 CASA 02 , BAIRRO RES BRISAS DA MATA",2,2,2,1,1
AUTO_ALIAS_1A1_TOTAIS_IGUAIS,goiania,155344,3551,RES DANILO MARQUES,,R  EF1,"R EF4  CASA 01 , BAIRRO JD ELI FORTE",2,2,2,1,1
AUTO_ALIAS_1A1_TOTAIS_IGUAIS,goiania,159263,7999,RES DANILO MARQUES SB 02,,R  SB2,"R SB2  CASA 01 , BAIRRO RES SOLAR BOUGAINVILLE",2,2,2,1,1
AUTO_ALIAS_1A1_TOTAIS_IGUAIS,goiania,180588,5601,RES. DANTAS,,R  I-1,"R I-1  CASA 02 , BAIRRO JD IPANEMA",2,2,2,1,1
AUTO_ALIAS_1A1_TOTAIS_IGUAIS,goiania,222203,6344,RES.DANTAS-081,,R  MDV28,"R MDV28  CASA 01 , BAIRRO LOT MOINHO DOS VENTOS",2,2,2,1,1
AUTO_ALIAS_1A1_TOTAIS_IGUAIS,goiania,221312,5357,RES DANTAS-16,,R  RC6,"R RC6  CASA 01 , BAIRRO RES CANADÁ",2,2,2,1,1
AUTO_ALIAS_1A1_TOTAIS_IGUAIS,goiania,218264,6765,RES. DANTAS JUNIOR,,R  CV13,"R CV13  CASA01 , BAIRRO RES CENTER VILLE",2,2,2,1,1
AUTO_ALIAS_1A1_TOTAIS_IGUAIS,goiania,161645,12124,RES. DANTAS VII,,AV ELI ALVES FORTE,"AV ELI ALVES FORTE  CASA 01 , BAIRRO RES SOLAR BOUGAINVILLE",2,2,2,1,1
AUTO_ALIAS_1A1_TOTAIS_IGUAIS,goiania,199949,8090,RES DANTAS XXI,,R  PRESIDENTE LAZARO CARDENAS,"R PRESIDENTE LAZARO CARDENAS 1       CASA 01 , BAIRRO RES FLAMINGO",3,3,3,1,1
AUTO_ALIAS_1A1_TOTAIS_IGUAIS,goiania,199948,1640,RES DANTAS XXIX,,R  RUY DOS REIS,"R PRESIDENTE LAZARO CARDENAS  CASA 01 , BAIRRO RES FLAMINGO",3,3,3,1,1
AUTO_ALIAS_1A1_TOTAIS_IGUAIS,goiania,157098,10399,RES DANTAS XXVI,,R  SB7,"R SB7  CASA 01 , BAIRRO RES SOLAR BOUGAINVILLE",2,2,2,1,1
AUTO_ALIAS_1A1_TOTAIS_IGUAIS,goiania,158679,1614,RES DANTAS XXVII,,R  SB5,"R SB5  CASA 01 , BAIRRO RES SOLAR BOUGAINVILLE",2,2,2,1,1
AUTO_ALIAS_1A1_TOTAIS_IGUAIS,goiania,58643,14402,RES DANUBIA FIGUEIREDO,,R  F2,"R F2 LT 15 CASA 01 , BAIRRO RES RECREIO PANORAMA EXTENSÃO",2,2,2,1,1
AUTO_ALIAS_1A1_TOTAIS_IGUAIS,goiania,164569,6015,RES DARC - 758,,R  DO CASTELO,"R DO CASTELO  CASA 01 , BAIRRO RES SANTA FÉ I",2,2,2,1,1
AUTO_ALIAS_1A1_TOTAIS_IGUAIS,goiania,125856,6704,RES D ARK CAMPOS I,,AL DAS PALMEIRAS,"AL DAS PALMEIRAS  CASA 01 , BAIRRO BRO JARDIM BOTÂNICO",2,2,2,1,1
AUTO_ALIAS_1A1_TOTAIS_IGUAIS,goiania,375187,1423,RES DAS ACACIAS,,R  JOAO AUGUSTO RORIZ,"R JOAO AUGUSTO RORIZ  CASA 01 , BAIRRO RES DAS ACÁCIAS",2,2,2,1,1
AUTO_ALIAS_1A1_TOTAIS_IGUAIS,goiania,299080,1586,RES DAS ACACIAS,,R  FL46,"R FL44 CASA 01 , BAIRRO PRQ DAS FLORES",4,4,4,1,1
AUTO_ALIAS_1A1_TOTAIS_IGUAIS,goiania,264837,6633,RES DAS ACACIAS V,,R  FL35,"R FL35 CASA 1 , BAIRRO PRQ DAS FLORES",2,2,2,1,1
AUTO_ALIAS_1A1_TOTAIS_IGUAIS,goiania,375132,8855,RES DAS FLORES 12.06,,R  FL1,"R FL1 CASA 01 , BAIRRO PRQ DAS FLORES",2,2,2,1,1
AUTO_ALIAS_1A1_TOTAIS_IGUAIS,goiania,253921,7786,RES DA SILVA,,R  217,"R 217 118     CASA 01 , BAIRRO S LESTE VILA NOVA",3,3,3,1,1
AUTO_ALIAS_1A1_TOTAIS_IGUAIS,goiania,201542,11138,RES. DA SILVA,,AL AFONSO PENA,"AL AFONSO PENA  CASA 01 , BAIRRO LOT FAIÇALVILLE",2,2,2,1,1
AUTO_ALIAS_1A1_TOTAIS_IGUAIS,goiania,164657,3838,RES DAS MARGARIDAS-ANTONIO-92.18,,R  DAS MARGARIDAS,"R DAS MARGARIDAS  CASA 01 , BAIRRO RES SANTA FÉ I",2,2,2,1,1
AUTO_ALIAS_1A1_TOTAIS_IGUAIS,goiania,169538,4993,RES.DAS NEVES 6222,,R  RI27,"R RI27  CASA 01 , BAIRRO RES ITAIPÚ",2,2,2,1,1
AUTO_ALIAS_1A1_TOTAIS_IGUAIS,goiania,355080,9214,RES DAS NEVES I,,R  GAMELEIRA,"R GAMELEIRA CASA 01 , BAIRRO LOT GOIÂNIA 2",2,2,2,1,1
AUTO_ALIAS_1A1_TOTAIS_IGUAIS,goiania,382368,12193,RES. DAS ORQUIDEAS,,R  RICARDO PARANHOS,"R RICARDO PARANHOS CASA-01 , BAIRRO JD BALNEÁRIO MEIA PONTE",2,2,2,1,1
AUTO_ALIAS_1A1_TOTAIS_IGUAIS,goiania,405842,11285,RES.DAS ORQUIDEAS I,,R  DAS ORQUIDEAS,"R DAS ORQUIDEAS  CASA 1 , BAIRRO PRQ OESTE INDUSTRIAL",2,2,2,1,1
AUTO_ALIAS_1A1_TOTAIS_IGUAIS,goiania,22355,10871,RES DAS SAMAMABAIAS,,R  DAS SAMAMBAIAS,"R DAS SAMAMBAIAS CASA 01 , BAIRRO RES ESTRELA D'ALVA",2,2,2,1,1
AUTO_ALIAS_1A1_TOTAIS_IGUAIS,goiania,175337,7728,RES DATENA PANIAGO II,,R  DOURADOS,"R DOURADOS  CASA 01 , BAIRRO RES ANA CLARA",2,2,2,1,1
AUTO_ALIAS_1A1_TOTAIS_IGUAIS,goiania,77675,8557,RES DAVI CAIXETA I,,R  DONA MARIA TEREZA DE JESUS,"R DONA MARIA TEREZA DE JESUS.  CASA 01 , BAIRRO JD REAL",2,2,2,1,1
AUTO_ALIAS_1A1_TOTAIS_IGUAIS,goiania,43163,8626,RES DAVID BESSA,,R  RECIFE,"R RECIFE LT 12 CS 01 , BAIRRO VL JOÃO VAZ",2,2,2,1,1
AUTO_ALIAS_1A1_TOTAIS_IGUAIS,goiania,37680,9136,RES DAVID XV,,R  SC42,"R SC42 LT 30 CS 01 , BAIRRO JD COLORADO I",2,2,2,1,1
AUTO_ALIAS_1A1_TOTAIS_IGUAIS,goiania,224939,9307,RES DAVI RIBEIRO,,R  MATRINCHA,"R MATRINCHA SN      SOB 01 , BAIRRO RES AQUÁRIOS",2,2,2,1,1
AUTO_ALIAS_1A1_TOTAIS_IGUAIS,goiania,209798,4678,RES.DA VITORIA,,AL ALCIDES DE ARAUJO ROMAO,"CASA 01 , BAIRRO LOT FAIÇALVILLE",2,2,2,1,1
AUTO_ALIAS_1A1_TOTAIS_IGUAIS,goiania,86064,10393,RES DAYANA TIBURCIO I,,R  SAO PAULO,"R SAO PAULO CASA 01 , BAIRRO JD PETRÓPOLIS",4,4,4,1,1
AUTO_ALIAS_1A1_TOTAIS_IGUAIS,goiania,12377,1602,RES DAYANNA,,R  C49,"R C49  CASA 01 , BAIRRO S SUDOESTE",2,2,2,1,1
AUTO_ALIAS_1A1_TOTAIS_IGUAIS,goiania,205801,11641,RES DAYLA CABRAL,,R  PRESIDENTE RODRIGUES ALVES,"R PRESIDENTE RODRIGUES ALVES  CASA 01 , BAIRRO LOT FAIÇALVILLE",2,2,2,1,1
AUTO_ALIAS_1A1_TOTAIS_IGUAIS,goiania,105587,13041,RES DC ARAUJO I,,AV CRP3,"AV CRP3  CASA 02 , BAIRRO RES PRIMAVERA",2,2,2,1,1
AUTO_ALIAS_1A1_TOTAIS_IGUAIS,goiania,131529,3317,RES DC COMICS,,R  DAS CAMELIAS,"R DAS CAMELIAS  CASA 01 , BAIRRO BRO JARDIM BOTÂNICO",3,3,3,1,1
AUTO_ALIAS_1A1_TOTAIS_IGUAIS,goiania,135006,1511,RESD D'ERI,,R  RMP11,"R RMP11  CASA01 , BAIRRO RES MONTE PASCOAL",2,2,2,1,1
AUTO_ALIAS_1A1_TOTAIS_IGUAIS,goiania,219581,9675,RESD DIAMANTE 45,,AV TORONTO,"AV TORONTO  CASA 02 , BAIRRO LOT MOINHO DOS VENTOS",2,2,2,1,1
AUTO_ALIAS_1A1_TOTAIS_IGUAIS,goiania,127825,1653,RES DE ASSIS II,,R  DAS ORQUIDEAS,"R DAS ORQUIDEAS  CASA 01 , BAIRRO BRO JARDIM BOTÂNICO",2,2,2,1,1
AUTO_ALIAS_1A1_TOTAIS_IGUAIS,goiania,147708,5915,RES DEBORA CRISTINA,,AV C2,"AV C2  CASA 01 , BAIRRO BRO JARDIM AMÉRICA",2,2,2,1,1
AUTO_ALIAS_1A1_TOTAIS_IGUAIS,goiania,102514,9325,RES DEBORAH II,,R  LRM9,"R LRM9  CASA 1 , BAIRRO RES MENDANHA",2,2,2,1,1
AUTO_ALIAS_1A1_TOTAIS_IGUAIS,goiania,134853,11274,RES DEBORAH IV,,R  BENEDITO PEREIRA DE CASTRO,"R BENEDITO PEREIRA DE CASTRO  CASA 01 , BAIRRO JD SÃO JOSÉ",2,2,2,1,1
AUTO_ALIAS_1A1_TOTAIS_IGUAIS,goiania,205084,6405,RES DEBRAIR,,R  F7,"R F7 S/N     CASA 01 , BAIRRO LOT FAIÇALVILLE",2,2,2,1,1
AUTO_ALIAS_1A1_TOTAIS_IGUAIS,goiania,142635,9585,RES DECHICHI II,,R  MONS. PRIMO VIEIRA,"R MONS. PRIMO VIEIRA  CASA 01 , BAIRRO RES MONTE PASCOAL",2,2,2,1,1
AUTO_ALIAS_1A1_TOTAIS_IGUAIS,goiania,339496,8083,RES. DECHICHI II,,R  BELO HORIZONTE,"R BELO HORIZONTE CASA 01 , BAIRRO JD GUANABARA",2,2,2,1,1
AUTO_ALIAS_1A1_TOTAIS_IGUAIS,goiania,252474,14120,RES DE FLAVIIS,,R  FL9,"R FL5 CASA 01 , BAIRRO PRQ DAS FLORES",2,2,2,1,1
AUTO_ALIAS_1A1_TOTAIS_IGUAIS,goiania,28997,9283,RES DEIGO APOLICE,,R  APOLICE,"R APOLICE LT 07 CS 01 , BAIRRO S PARQUE TREMENDÃO",2,2,2,1,1
AUTO_ALIAS_1A1_TOTAIS_IGUAIS,goiania,187566,1618,RES DELFIM,,R  DO DELFIM,"R DO DELFIM  CASA 01 , BAIRRO JD ATLÂNTICO",2,2,2,1,1
AUTO_ALIAS_1A1_TOTAIS_IGUAIS,goiania,187605,9922,RES. DELFIM 03,,R  DO DELFIM,"R DO DELFIM  CASA 02 , BAIRRO JD ATLÂNTICO",2,2,2,1,1
AUTO_ALIAS_1A1_TOTAIS_IGUAIS,goiania,210106,7002,RES DELIX I,,R  PRESIDENTE CAFE FILHO,"R PRESIDENTE CAFE FILHO  CASA01 , BAIRRO JD PRESIDENTE",4,4,4,1,1
AUTO_ALIAS_1A1_TOTAIS_IGUAIS,goiania,182292,7799,RES DELIX VI,,R  31B,"R 31B  CASA 01 , BAIRRO S GARAVELO",3,3,3,1,1
AUTO_ALIAS_1A1_TOTAIS_IGUAIS,goiania,115141,9992,RES DELLA III,,R  BENEDITO CANDIDO PEREIRA,"R BENEDITO CANDIDO PEREIRA  CASA 01 , BAIRRO LOT SOLANGE PARQUE I",2,2,2,1,1
AUTO_ALIAS_1A1_TOTAIS_IGUAIS,goiania,125446,7618,RES DELLA PENNA,,R  ANGELO LOMAZZI,"R ANGELO LOMAZZI  CASA 01 , BAIRRO RES DELLA PENA",3,3,3,1,1
AUTO_ALIAS_1A1_TOTAIS_IGUAIS,goiania,91132,5762,RES. DELLA V,,R  MARABA,"R MARABA  CASA 02 , BAIRRO JD MIRABEL",2,2,2,1,1
AUTO_ALIAS_1A1_TOTAIS_IGUAIS,goiania,133945,11394,RES DELLA VII,,R  NAZARENO RORIZ,"R NAZARENO RORIZ  CASA 01 , BAIRRO JD SÃO JOSÉ",2,2,2,1,1
AUTO_ALIAS_1A1_TOTAIS_IGUAIS,goiania,102153,1865,RES DELLA X,,R  SANTIAGO,"R SANTIAGO  CASA 01 , BAIRRO S DAS NAÇÕES",2,2,2,1,1
AUTO_ALIAS_1A1_TOTAIS_IGUAIS,goiania,142757,12245,RES DELLA XI,,R  MONS JOAO DAIBER,"R MONS JOAO DAIBER  CASA 01 , BAIRRO JD SÃO JOSÉ",2,2,2,1,1
AUTO_ALIAS_1A1_TOTAIS_IGUAIS,goiania,107367,6435,RES DELLA XV,,R  BUENOS AIRES,"R BUENOS AIRES S/N     CASA 01 , BAIRRO S DAS NAÇÕES",2,2,2,1,1
AUTO_ALIAS_1A1_TOTAIS_IGUAIS,goiania,115760,8055,RES DELLA XVI,,R  21 DE ABRIL,"R 21 DE ABRIL  CASA 01 , BAIRRO PRQ INDUSTRIAL JOÃO BRAZ",3,3,3,1,1
AUTO_ALIAS_1A1_TOTAIS_IGUAIS,goiania,36154,5814,RES.DELMA MOREIRA,,R  SC7,"R SC7 LT 24 CS 02 , BAIRRO JD COLORADO",2,2,2,1,1
AUTO_ALIAS_1A1_TOTAIS_IGUAIS,goiania,38729,10775,RES. DELMONDES E JAJAH,,R  RM3,"R RM3 LT 04 CS 01 , BAIRRO RES MARINGÁ",2,2,2,1,1
AUTO_ALIAS_1A1_TOTAIS_IGUAIS,goiania,37226,2632,RES DELMONTES GYN II,,R  RM3,"R RM3 LT 03 CS 01 , BAIRRO RES MARINGÁ",2,2,2,1,1
AUTO_ALIAS_1A1_TOTAIS_IGUAIS,goiania,269641,6854,RES.DEL PLATA I,,R  MP4,"R MP7 CASA 02 , BAIRRO RES MAR DEL PLATA",2,2,2,1,1
AUTO_ALIAS_1A1_TOTAIS_IGUAIS,goiania,280344,5721,RES.DEL PLATA II,,R  MP2,"R MP2 SOB02 , BAIRRO RES MAR DEL PLATA",2,2,2,1,1
AUTO_ALIAS_1A1_TOTAIS_IGUAIS,goiania,261290,6051,RES DEL REY,,R  RSL7,"R TR 7 C-1 , BAIRRO RES SÃO LEOPOLDO",2,2,2,1,1
AUTO_ALIAS_1A1_TOTAIS_IGUAIS,goiania,195020,1601,RES DE MALAGA II,,R  MALAGA,"R MALAGA  CASA 01 , BAIRRO JD EUROPA",6,6,6,1,1
AUTO_ALIAS_1A1_TOTAIS_IGUAIS,goiania,174832,8863,RES DE MELLO,,R  50,"R 50  CASA 01 , BAIRRO CON DAS ESMERALDAS",2,2,2,1,1
AUTO_ALIAS_1A1_TOTAIS_IGUAIS,goiania,209696,8036,RESDENCIAL J COUTO,,R  GALICIA,"R GALICIA  CASA 01 , BAIRRO S TRÊS MARIAS",2,2,2,1,1
AUTO_ALIAS_1A1_TOTAIS_IGUAIS,goiania,195368,10565,RES. DENI II,,R  RAFAEL,"R TRIESTE SN      CASA 01 , BAIRRO JD EUROPA",2,2,2,1,1
AUTO_ALIAS_1A1_TOTAIS_IGUAIS,goiania,146115,13761,RES DENISE GUIMARAES,,AV C198,"AV C198  SOBRADO 01 , BAIRRO BRO JARDIM AMÉRICA",2,2,2,1,1
AUTO_ALIAS_1A1_TOTAIS_IGUAIS,goiania,260851,8049,RES DENOMINADA UNIDADE B,,R  6,"R 6 S/N CASA 01 , BAIRRO JD SANTO ANTÔNIO",2,2,2,1,1
AUTO_ALIAS_1A1_TOTAIS_IGUAIS,goiania,275641,6388,RES DEO COSTA,,R  J21,"R J21 SOBRADO 01 , BAIRRO S JAÓ",3,3,3,1,1
AUTO_ALIAS_1A1_TOTAIS_IGUAIS,goiania,188895,12624,RES.DEOLIVEIRA,,R  DA RAIA,"R DA RAIA  CASA 01 , BAIRRO JD ATLÂNTICO",2,2,2,1,1
AUTO_ALIAS_1A1_TOTAIS_IGUAIS,goiania,288922,3299,RES DE PAULI II,,R  JOAO GARCIA ROSA,"R JOAO GARCIA ROSA CASA 01 , BAIRRO RES VALE DO ARAGUAIA",2,2,2,1,1
AUTO_ALIAS_1A1_TOTAIS_IGUAIS,goiania,20651,11142,RES. DERALDO 2,,R  24 DE MAIO,"R 24 DE MAIO CASA 01 , BAIRRO S ESTRELA DALVA",2,2,2,1,1
AUTO_ALIAS_1A1_TOTAIS_IGUAIS,goiania,94533,13677,RES DE SOUSA LIMA,,R  SAO LUIZ,"R SAO LUIZ  CASA01 , BAIRRO JD PETRÓPOLIS",2,2,2,1,1
AUTO_ALIAS_1A1_TOTAIS_IGUAIS,goiania,167611,5048,RES DEUS VIEIRA III,,R  24,"R 24  CASA 01 , BAIRRO CON DAS ESMERALDAS",2,2,2,1,1
AUTO_ALIAS_1A1_TOTAIS_IGUAIS,goiania,168206,6936,RES DEUS VIEIRA IV,,R  RI10,"R RI10  CASA 01 , BAIRRO RES ITAIPÚ",2,2,2,1,1
AUTO_ALIAS_1A1_TOTAIS_IGUAIS,goiania,339583,2838,RES DEZIR,,AV PROF. VENERANDO DE F. BORGES,"AV PROF. VENERANDO DE F. BORGES CASA01 , BAIRRO S JAÓ",2,2,2,1,1
AUTO_ALIAS_1A1_TOTAIS_IGUAIS,goiania,157990,9082,RES DFABRI 03,,R  SB18,"R SB18  CASA 01 , BAIRRO RES SOLAR BOUGAINVILLE",2,2,2,1,1
AUTO_ALIAS_1A1_TOTAIS_IGUAIS,goiania,196368,297,RES D`FERNANDO,,R  CASSIMIRO DE ABREU,"R CASSIMIRO DE ABREU  CASA 2 , BAIRRO BRO ANHANGÜERA",2,2,2,1,1
AUTO_ALIAS_1A1_TOTAIS_IGUAIS,goiania,193211,13592,RESD FRANCISCO E BARROS,,R  ROOSEVELT,"R CARLOS GOMES  CASA-01 , BAIRRO PRQ ANHANGÜERA",2,2,2,1,1
AUTO_ALIAS_1A1_TOTAIS_IGUAIS,goiania,256586,7502,RES. DFR WILSON,,R  WILSON,"R WILSON C-2 , BAIRRO JD NOVO MUNDO",4,4,4,1,1
AUTO_ALIAS_1A1_TOTAIS_IGUAIS,goiania,184461,6107,RES D.F.S I,,R  1B,"R 1B  CASA 01 , BAIRRO S GARAVELO",3,3,3,1,1
AUTO_ALIAS_1A1_TOTAIS_IGUAIS,goiania,183541,6789,RES D.F.S. III,,R  4B,"R 4B  CASA 01 , BAIRRO S GARAVELO",2,2,2,1,1
AUTO_ALIAS_1A1_TOTAIS_IGUAIS,goiania,156407,6880,RES D.F.S.IV,,R  ALUISIO ALVARENGA,"R ALUISIO ALVARENGA  CASA 01 , BAIRRO RES SANTA FÉ",2,2,2,1,1
AUTO_ALIAS_1A1_TOTAIS_IGUAIS,goiania,152883,8289,RES D.F.S. IX,,AV CRUZEIRO DO SUL,"AV CRUZEIRO DO SUL  CASA 01 , BAIRRO RES SANTA FÉ I",2,2,2,1,1
AUTO_ALIAS_1A1_TOTAIS_IGUAIS,goiania,158224,7297,RES D.F.S.V.,,R  F8,"R F8  C-2 , BAIRRO RES FIDÉLIS",2,2,2,1,1
AUTO_ALIAS_1A1_TOTAIS_IGUAIS,goiania,218253,7776,RES D.F.S. VI,,R  CV15,"R CV15  CASA 01 , BAIRRO RES CENTER VILLE",2,2,2,1,1
AUTO_ALIAS_1A1_TOTAIS_IGUAIS,goiania,179304,8657,RES D.F.S. X,,R  2B,"R 2B  CASA 01 , BAIRRO S GARAVELO",2,2,2,1,1
AUTO_ALIAS_1A1_TOTAIS_IGUAIS,goiania,219891,9310,RES DFS XI,,R  VB21,"R VB21 S/N     CASA 01 , BAIRRO RES VEREDA DOS BURITIS",2,2,2,1,1
AUTO_ALIAS_1A1_TOTAIS_IGUAIS,goiania,183271,9094,RES DH X,,VIAQUERUBIM CAMARGO,"VIAQUERUBIM CAMARGO  CASA 01 , BAIRRO S AMIM CAMARGO",2,2,2,1,1
AUTO_ALIAS_1A1_TOTAIS_IGUAIS,goiania,219369,1672,RES DIAMANTE,,R  MDV29,"R MDV29  CASA 01 , BAIRRO LOT MOINHO DOS VENTOS",2,2,2,1,1
AUTO_ALIAS_1A1_TOTAIS_IGUAIS,goiania,222459,9491,RES DIAMANTE 22,,R  MDV6,"R MDV6  CASA 02 , BAIRRO LOT MOINHO DOS VENTOS",2,2,2,1,1
AUTO_ALIAS_1A1_TOTAIS_IGUAIS,goiania,222285,10486,RES DIAMANTE 24,,R  MDV22,"R MDV22  CASA 01 , BAIRRO LOT MOINHO DOS VENTOS",2,2,2,1,1
AUTO_ALIAS_1A1_TOTAIS_IGUAIS,goiania,219528,5203,RES.DIAMANTE 31,,AV TORONTO,"AV TORONTO  CASA 01 , BAIRRO LOT MOINHO DOS VENTOS",2,2,2,1,1
AUTO_ALIAS_1A1_TOTAIS_IGUAIS,goiania,222367,11533,RES DIAMANTE 32,,R  MDV6,"R MDV6  CASA 01 , BAIRRO LOT MOINHO DOS VENTOS",2,2,2,1,1
AUTO_ALIAS_1A1_TOTAIS_IGUAIS,goiania,219262,10461,RES. DIAMANTE 34,,R  MDV28,"AV VEREDA DOS BURITIS  CASA01 , BAIRRO LOT MOINHO DOS VENTOS",4,4,4,1,1
AUTO_ALIAS_1A1_TOTAIS_IGUAIS,goiania,222445,7186,RES DIAMANTE 37,,R  MDV20,"R MDV20  CASA 1 , BAIRRO LOT MOINHO DOS VENTOS",2,2,2,1,1
AUTO_ALIAS_1A1_TOTAIS_IGUAIS,goiania,219376,12093,RES. DIAMANTE 38,,R  MDV29,"R MDV29  CASA 01 , BAIRRO LOT MOINHO DOS VENTOS",2,2,2,1,1
AUTO_ALIAS_1A1_TOTAIS_IGUAIS,goiania,219365,5913,RES. DIAMANTE 46,,R  MDV6,"R MDV29  SOB 01 , BAIRRO LOT MOINHO DOS VENTOS",2,2,2,1,1
AUTO_ALIAS_1A1_TOTAIS_IGUAIS,goiania,222474,6364,RES DIAMANTE 50,,R  MDV6,"R MDV6  CASA 01 , BAIRRO LOT MOINHO DOS VENTOS",2,2,2,1,1
AUTO_ALIAS_1A1_TOTAIS_IGUAIS,goiania,216019,5693,RES DIAMANTE 51,,R  MDV10,"R MDV10  CASA 01 , BAIRRO LOT MOINHO DOS VENTOS",3,3,3,1,1
AUTO_ALIAS_1A1_TOTAIS_IGUAIS,goiania,219346,2549,RES DIAMANTE 52,,R  MDV28,"R MDV28  CASA 02 , BAIRRO LOT MOINHO DOS VENTOS",2,2,2,1,1
AUTO_ALIAS_1A1_TOTAIS_IGUAIS,goiania,219611,2136,RES DIAMANTE 55,,R  MDV28,"R MDV28  CASA 01 , BAIRRO LOT MOINHO DOS VENTOS",2,2,2,1,1
AUTO_ALIAS_1A1_TOTAIS_IGUAIS,goiania,222295,8336,RES. DIAMANTE 59,,R  MDV23,"R MDV23  C-1 , BAIRRO LOT MOINHO DOS VENTOS",3,3,3,1,1
AUTO_ALIAS_1A1_TOTAIS_IGUAIS,goiania,154156,13839,RES. DIAMANTE GOULD 01,,R  R9,"R R9  CASA 01 , BAIRRO S SOLAR SANTA RITA",2,2,2,1,1
AUTO_ALIAS_1A1_TOTAIS_IGUAIS,goiania,172690,11388,RES.DIAMANTINA 38,,R  DIAMANTINA,"R DIAMANTINA  CASA 01 , BAIRRO RES CAMPOS DOURADOS",2,2,2,1,1
AUTO_ALIAS_1A1_TOTAIS_IGUAIS,goiania,172725,6745,RES DIAMANTINO-CAMPOS DOURADOS,,R  CACHOEIRA,"R CACHOEIRA  C-01 , BAIRRO RES CAMPOS DOURADOS",2,2,2,1,1
AUTO_ALIAS_1A1_TOTAIS_IGUAIS,goiania,222261,9515,RES DIAMENTE 54,,R  MDV21,"R MDV21  CASA 01 , BAIRRO LOT MOINHO DOS VENTOS",3,3,3,1,1
AUTO_ALIAS_1A1_TOTAIS_IGUAIS,goiania,124525,5507,RES DIAMOND CAROLINA 13,,R  CP 50,"R CP 50  CASA02 , BAIRRO LOT CAROLINA PARQUE - COMPLEMENTO",2,2,2,1,1
AUTO_ALIAS_1A1_TOTAIS_IGUAIS,goiania,125384,2761,RES DIAMOND CAROLINA 16,,R  CP 50,"R CP 50 S/N     CASA01 , BAIRRO LOT CAROLINA PARQUE - COMPLEMENTO",2,2,2,1,1
AUTO_ALIAS_1A1_TOTAIS_IGUAIS,goiania,191114,5534,RES DIAS,,R  V10,"R V10  CASA-01 , BAIRRO VL REZENDE",2,2,2,1,1
AUTO_ALIAS_1A1_TOTAIS_IGUAIS,goiania,369091,7054,RES.DIAS -398,,R  BM27,"R BM27 C-1 , BAIRRO RES BRISAS DA MATA",2,2,2,1,1
AUTO_ALIAS_1A1_TOTAIS_IGUAIS,goiania,368745,6136,RES DIAS AVELAR II,,R  BM27,"R BM27 C-2 , BAIRRO RES BRISAS DA MATA",2,2,2,1,1
AUTO_ALIAS_1A1_TOTAIS_IGUAIS,goiania,324306,6791,RES.DIAS AVELAR III,,R  FL23,"R FL23 CASA 01 , BAIRRO PRQ DAS FLORES",3,3,3,1,1
AUTO_ALIAS_1A1_TOTAIS_IGUAIS,goiania,170215,13244,RES DIAS BUENOS II,,R  RI5,"R RI5  CASA 01 , BAIRRO RES ITAIPÚ",2,2,2,1,1
AUTO_ALIAS_1A1_TOTAIS_IGUAIS,goiania,13753,1195,RES DIAS DOS SANTOS,,R  XVIII DE OUTUBRO,"R XVIII DE OUTUBRO CASA 01 , BAIRRO S ESTRELA DALVA",2,2,2,1,1
AUTO_ALIAS_1A1_TOTAIS_IGUAIS,goiania,188630,9457,RES DIAS JUNIOR,,R  DO TRITAO,"R DO TRITAO  CASA 01 , BAIRRO JD ATLÂNTICO",2,2,2,1,1
AUTO_ALIAS_1A1_TOTAIS_IGUAIS,goiania,36500,9123,RES DIAS MACHADO I,,R  SC43,"R SC43 LT 25 CS 01 , BAIRRO JD COLORADO I",2,2,2,1,1
AUTO_ALIAS_1A1_TOTAIS_IGUAIS,goiania,177937,8084,RES DIAS MARCAL,,R  RI13,"R RI13 SN      CASA 01 , BAIRRO RES ITAIPÚ",3,3,3,1,1
AUTO_ALIAS_1A1_TOTAIS_IGUAIS,goiania,188433,7749,RES DIAS NEVES I,,R  DA MEDUSA,"R DA MEDUSA  CASA 01 , BAIRRO JD ATLÂNTICO",2,2,2,1,1
AUTO_ALIAS_1A1_TOTAIS_IGUAIS,goiania,131105,10237,RES. DIAS OLIVEIRA,,AV AMERICANO DO BRASIL,"AV AMERICANO DO BRASIL  CASA 1 , BAIRRO JD ARITANA",2,2,2,1,1
AUTO_ALIAS_1A1_TOTAIS_IGUAIS,goiania,315973,7275,RES DIAS SIQUEIRA,,R  RH11,"R RH11 SOB01 , BAIRRO RES HUMAITA",2,2,2,1,1
AUTO_ALIAS_1A1_TOTAIS_IGUAIS,goiania,305568,7142,RES.DIAS XII,,R  RB11,"R RB11 CASA 01 , BAIRRO RES RECANTO DO BOSQUE",2,2,2,1,1
AUTO_ALIAS_1A1_TOTAIS_IGUAIS,goiania,99211,11108,RES DI CAVALCANTE I,,R  CRP1,"R CRP1  CASA-04 , BAIRRO RES PRIMAVERA",4,4,4,1,1
AUTO_ALIAS_1A1_TOTAIS_IGUAIS,goiania,77002,8326,RES DIEGO PEREIRA,,R  8,"R 8 CASA 01 , BAIRRO S SANTOS DUMONT",2,2,2,1,1
AUTO_ALIAS_1A1_TOTAIS_IGUAIS,goiania,77352,6983,RES. DIEGO PEREIRA II,,R  18,"R 18 CASA 01 , BAIRRO S SANTOS DUMONT",3,3,3,1,1
AUTO_ALIAS_1A1_TOTAIS_IGUAIS,goiania,219430,7287,RES DI FERREIRA PAIVA RESIDENCI I,,R  MDV7,"R MDV7  CASA 01 , BAIRRO LOT MOINHO DOS VENTOS",2,2,2,1,1
AUTO_ALIAS_1A1_TOTAIS_IGUAIS,goiania,222447,9543,RES. DI FERREIRA PAIVA RESIDENCI II,,R  MDV6,"R MDV20  SOBRADO 01 , BAIRRO LOT MOINHO DOS VENTOS",2,2,2,1,1
AUTO_ALIAS_1A1_TOTAIS_IGUAIS,goiania,201861,3279,RES DI FRANCO,,R  F58,"R F58  CASA 01 , BAIRRO LOT FAIÇALVILLE",2,2,2,1,1
AUTO_ALIAS_1A1_TOTAIS_IGUAIS,goiania,385041,6684,RES. DIMAR PLACE,,R  FL18,"R FL18 CASA 01 , BAIRRO PRQ DAS FLORES",2,2,2,1,1
AUTO_ALIAS_1A1_TOTAIS_IGUAIS,goiania,173439,13968,RES DIMAS ARAUJO,,R  RI10,"R RI10  CASA 01 , BAIRRO RES ITAIPÚ",2,2,2,1,1
AUTO_ALIAS_1A1_TOTAIS_IGUAIS,goiania,27491,7471,RES DIMORA DEL SOLE I,,R  AURORA,"R AURORA LT 06 CS 01 , BAIRRO S MORADA DO SOL",4,4,4,1,1
AUTO_ALIAS_1A1_TOTAIS_IGUAIS,goiania,146863,2360,RES DINICE,,R  C160,"R C160 S/N     CASA 02 , BAIRRO BRO JARDIM AMÉRICA",2,2,2,1,1
AUTO_ALIAS_1A1_TOTAIS_IGUAIS,goiania,187699,6487,RES.DINIZ 17,,R  DO CURIMA,"R DO CURIMA  CASA 01 , BAIRRO JD ATLÂNTICO",2,2,2,1,1
AUTO_ALIAS_1A1_TOTAIS_IGUAIS,goiania,189834,6800,RES DINIZ 23,,R  DO XAREU,"R DO XAREU 220     CASA 01 , BAIRRO JD ATLÂNTICO",2,2,2,1,1
AUTO_ALIAS_1A1_TOTAIS_IGUAIS,goiania,189525,1719,RES DINIZ XV,,R  DO SAVEU,"R DO SAVEU  CASA 01 , BAIRRO JD ATLÂNTICO",2,2,2,1,1
AUTO_ALIAS_1A1_TOTAIS_IGUAIS,goiania,189505,1918,RES DINIZ XVI,,R  DO SAVEU,"R DO SAVEU  SOB01 , BAIRRO JD ATLÂNTICO",2,2,2,1,1
AUTO_ALIAS_1A1_TOTAIS_IGUAIS,goiania,321167,10663,RES DINORAH,,R  1043,"R 1043 CASA-01 , BAIRRO S PEDRO LUDOVICO",2,2,2,1,1
AUTO_ALIAS_1A1_TOTAIS_IGUAIS,goiania,223247,12784,RES.DI'PAULA E FERREIRA RESIDENCI,,R  MDV11,"R MDV11  CASA 01 , BAIRRO LOT MOINHO DOS VENTOS",4,4,4,1,1
AUTO_ALIAS_1A1_TOTAIS_IGUAIS,goiania,317153,161,RES DIVA BATISTA,,R  SIRIEMA,"R SIRIEMA CASA 1 , BAIRRO BRO SANTA GENOVEVA",4,4,4,1,1
AUTO_ALIAS_1A1_TOTAIS_IGUAIS,goiania,60171,5997,RES DIVAIR DAVID XI,,R  RB15,"R RB15 LT 29 CS 01 , BAIRRO S ALTO DO VALE",2,2,2,1,1
AUTO_ALIAS_1A1_TOTAIS_IGUAIS,goiania,121989,8086,RES DIVA MOURA II,,R  TV9,"R TV9  CASA 01 , BAIRRO LOT TROPICAL VERDE",2,2,2,1,1
AUTO_ALIAS_1A1_TOTAIS_IGUAIS,goiania,310489,8559,RES. DIVINO E MARIA I,,R  9,"R 9 CASA 02 , BAIRRO RES PAULO ESTRELA",2,2,2,1,1
AUTO_ALIAS_1A1_TOTAIS_IGUAIS,goiania,363150,6709,RES. DIVINO JOSE,,R  3,"R 3 CASA 01 , BAIRRO RES PAULO ESTRELA",2,2,2,1,1
AUTO_ALIAS_1A1_TOTAIS_IGUAIS,goiania,71724,1466,RES DIVINO PAI ETERNO,,R  RIO SAO FRANCISCO,"R RIO SAO FRANCISCO CASA01 , BAIRRO RES FONTE DAS AGUAS",2,2,2,1,1
AUTO_ALIAS_1A1_TOTAIS_IGUAIS,goiania,61649,13924,RES DJ CAPISTRANO,,R  CELIA C S DE BRITO,"LT 08 . , BAIRRO RES BARRAVENTO",2,2,2,1,1
AUTO_ALIAS_1A1_TOTAIS_IGUAIS,goiania,187761,1679,RES D J IV,,R  DO GUAIAMUM,"R DO GUAIAMUM  CASA 01 , BAIRRO JD ATLÂNTICO",2,2,2,1,1
AUTO_ALIAS_1A1_TOTAIS_IGUAIS,goiania,131089,7927,RES DJ RODRIGUES PEREIRA RESIDENCI I,,R  DONA MORENA,"R DONA MORENA  CASA 01 , BAIRRO JD MARQUES DE ABREU",2,2,2,1,1
AUTO_ALIAS_1A1_TOTAIS_IGUAIS,goiania,391992,3027,RESD LEONOR MELO PLACE II,,AV  CRISTIANO MACHADO,"AV CRISTIANO MACHADO CASA 01 , BAIRRO VL PEDROSO",3,3,3,1,1
AUTO_ALIAS_1A1_TOTAIS_IGUAIS,goiania,211266,12000,RESD LIDIA,,R  RPS2,"R RPS4 SN      CASA 01 , BAIRRO RES PORTO SEGURO",2,2,2,1,1
AUTO_ALIAS_1A1_TOTAIS_IGUAIS,goiania,120155,13019,RESD LIDIA FERREIRA,,AV BRASIL,"AV BRASIL  CASA 01 , BAIRRO PRQ INDUSTRIAL JOÃO BRAZ",2,2,2,1,1
AUTO_ALIAS_1A1_TOTAIS_IGUAIS,goiania,219347,9270,RESD MARTINS BABINO I,,R  MDV28,"R MDV28  CASA 02 , BAIRRO LOT MOINHO DOS VENTOS",2,2,2,1,1
AUTO_ALIAS_1A1_TOTAIS_IGUAIS,goiania,196948,9738,RESD MONTE FUJI,,R  FELIX DE BULHOES,"R FELIX DE BULHOES  CASA 01 , BAIRRO BRO ANHANGÜERA",2,2,2,1,1
AUTO_ALIAS_1A1_TOTAIS_IGUAIS,goiania,317193,13670,RESD MORADA DA JACQUELMA,,AV MANOEL TAVARES GONCALVES,"AV MANOEL TAVARES GONCALVES CASA 02 , BAIRRO RES LUCY PINHEIRO",2,2,2,1,1
AUTO_ALIAS_1A1_TOTAIS_IGUAIS,goiania,211731,11016,RES DO COBRE 13,,R  DO COBRE,"CASA 01 , BAIRRO PRQ OESTE INDUSTRIAL",2,2,2,1,1
AUTO_ALIAS_1A1_TOTAIS_IGUAIS,goiania,164762,6696,RES DO COLEGIO,,R  DO COLEGIO,"R DO COLEGIO  CASA 01 , BAIRRO RES SANTA FÉ I",2,2,2,1,1
AUTO_ALIAS_1A1_TOTAIS_IGUAIS,goiania,240111,13731,RES DOEHLER,,R  1142,"R 1142  , BAIRRO S MARISTA",2,2,2,1,1
AUTO_ALIAS_1A1_TOTAIS_IGUAIS,goiania,189492,6109,RES DOIS IRMAOS I,,R  DO ESQUALO,"R DO ESQUALO  CASA 02 , BAIRRO JD ATLÂNTICO",2,2,2,1,1
AUTO_ALIAS_1A1_TOTAIS_IGUAIS,goiania,192951,9112,RES DOIS IRMAOS II,,R  DANUBIO,"R HUNGRIA  CASA 01 , BAIRRO JD EUROPA",2,2,2,1,1
AUTO_ALIAS_1A1_TOTAIS_IGUAIS,goiania,196142,10645,RES. DOLINA,,AV DE CONTORNO SUL,"AV DE CONTORNO SUL  CASA 001 , BAIRRO PRQ ANHANGÜERA",2,2,2,1,1
AUTO_ALIAS_1A1_TOTAIS_IGUAIS,goiania,164255,11155,RES DO LYCEU,,R  DO LYCEU,"R DO LYCEU  CASA 01 , BAIRRO RES SANTA FÉ",2,2,2,1,1
AUTO_ALIAS_1A1_TOTAIS_IGUAIS,goiania,242202,11697,RES DOM BOSCO,,R  T51,"R T51 1320    C 2 , BAIRRO S BUENO",3,3,3,1,1
AUTO_ALIAS_1A1_TOTAIS_IGUAIS,goiania,170518,7427,RES DOM JOAO,,R  RI10,"R RI10  CASA 01 , BAIRRO RES ITAIPÚ",2,2,2,1,1
AUTO_ALIAS_1A1_TOTAIS_IGUAIS,goiania,339166,10062,RES. DOM JOAO VI,,R  DOM JOAO VI,"R DOM JOAO VI S/N CASA 01 , BAIRRO RES VILLE DE FRANCE",2,2,2,1,1
AUTO_ALIAS_1A1_TOTAIS_IGUAIS,goiania,387951,11560,RES. DOM PEDRO I,,R  DOM PEDRO I,"R DOM PEDRO I CASA 1 , BAIRRO RES VILLE DE FRANCE",2,2,2,1,1
AUTO_ALIAS_1A1_TOTAIS_IGUAIS,goiania,117480,2312,RES DOM PEREIRA I,,R  NM-1,"R NM-1  CASA 01 , BAIRRO RES DOM RAFAEL",2,2,2,1,1
AUTO_ALIAS_1A1_TOTAIS_IGUAIS,goiania,134851,2462,RES DOM PEREIRA XII,,R  RMP2,"R RMP2  CASA 01 , BAIRRO RES MONTE PASCOAL",2,2,2,1,1
AUTO_ALIAS_1A1_TOTAIS_IGUAIS,goiania,118819,7784,RES DOM RAFAEL-05.24,,R  PC-13,"R PC-13  CASA 01 , BAIRRO RES DOM RAFAEL",2,2,2,1,1
AUTO_ALIAS_1A1_TOTAIS_IGUAIS,goiania,238462,4720,RES DONA ALICE III,,R  T59,"R T59  CASA 03 , BAIRRO S BUENO",3,3,3,1,1
AUTO_ALIAS_1A1_TOTAIS_IGUAIS,goiania,271338,13880,RES DONA ANA,,R  2,"R 2 277 LOJA-02 , BAIRRO S CENTRAL",5,5,5,1,1
AUTO_ALIAS_1A1_TOTAIS_IGUAIS,goiania,30793,8867,RES DONA GERALDINA,,R  JC38,"R JC38 CASA 01 , BAIRRO JD CURITIBA",2,2,2,1,1
AUTO_ALIAS_1A1_TOTAIS_IGUAIS,goiania,265132,10804,RES DONA IRENE PEREIRA DE SOUZA II,,R  BM10,"R BM10 CASA02 , BAIRRO RES BRISAS DA MATA",2,2,2,1,1
AUTO_ALIAS_1A1_TOTAIS_IGUAIS,goiania,337279,8839,RES DONA OLGA,,AV PIO CORREIA,"AV PIO CORREA CASA 01 , BAIRRO JD MARILIZA",2,2,2,1,1
AUTO_ALIAS_1A1_TOTAIS_IGUAIS,goiania,149849,10856,RES DON CARLOS,,AV C197,"AV C197  CASA-1 , BAIRRO BRO JARDIM AMÉRICA",2,2,2,1,1
AUTO_ALIAS_1A1_TOTAIS_IGUAIS,goiania,189813,1947,RES DON FERNANDO II,,R  DO XERELETE,"R DO XERELETE  CASA 01 , BAIRRO JD ATLÂNTICO",2,2,2,1,1
AUTO_ALIAS_1A1_TOTAIS_IGUAIS,goiania,148014,9238,RES DON HELDER,,R  C117,"R C117  SOBRADO 01 , BAIRRO BRO JARDIM AMÉRICA",2,2,2,1,1
AUTO_ALIAS_1A1_TOTAIS_IGUAIS,goiania,123098,12726,RES DON LUIZ,,R  D. NINFA DA SILVA ABREU,"R D. NINFA DA SILVA ABREU  CASA 01 , BAIRRO JD MARQUES DE ABREU",3,3,3,1,1
AUTO_ALIAS_1A1_TOTAIS_IGUAIS,goiania,209345,2274,RES DON PEDRO I,,AL PEDRO PRIMEIRO,"AL BERNARDO GUIMARAES  CASA-01 , BAIRRO LOT FAIÇALVILLE",9,9,9,1,1
AUTO_ALIAS_1A1_TOTAIS_IGUAIS,goiania,144395,9592,RES DON RICARDO,,R  C152,"R C152  CASA-01 , BAIRRO BRO JARDIM AMÉRICA",3,3,3,1,1
AUTO_ALIAS_1A1_TOTAIS_IGUAIS,goiania,20205,1526,RES DON SALES,,R  19 DE NOVEMBRO,"R 19 DE NOVEMBRO CASA 01 , BAIRRO S ESTRELA DALVA",2,2,2,1,1
AUTO_ALIAS_1A1_TOTAIS_IGUAIS,goiania,188403,2474,RES. DO PARK,,R  DA MEDUSA,"R DA MEDUSA  CASA 01 , BAIRRO JD ATLÂNTICO",2,2,2,1,1
AUTO_ALIAS_1A1_TOTAIS_IGUAIS,goiania,189832,9526,RES DORANTE,,R  DO XAREU,"R DO XAREU  CASA 01 , BAIRRO JD ATLÂNTICO",2,2,2,1,1
AUTO_ALIAS_1A1_TOTAIS_IGUAIS,goiania,4560,9203,RES DO-RE-MY,,R  C52,"R C52  SOBRADO-1 , BAIRRO S SOL NASCENTE",3,3,3,1,1
AUTO_ALIAS_1A1_TOTAIS_IGUAIS,goiania,104072,13428,RES DORNELES 5,,R  CRP11,"R CRP1  CASA 02 , BAIRRO RES PRIMAVERA",2,2,2,1,1
AUTO_ALIAS_1A1_TOTAIS_IGUAIS,goiania,139298,12863,RES  DORNELES 6,,R  RY5,"R RY5  CASA 01 , BAIRRO RES YTAPUÃ",2,2,2,1,1
AUTO_ALIAS_1A1_TOTAIS_IGUAIS,goiania,102876,12706,RES DORNELES 7,,R  CRP9,"R CRP9  CASA 02 , BAIRRO RES PRIMAVERA",2,2,2,1,1
AUTO_ALIAS_1A1_TOTAIS_IGUAIS,goiania,233100,11363,RES DORNELES E COELHO,,AV JANDIA,"AV JANDIA  CASA 03 , BAIRRO PRQ AMAZÔNIA",3,3,3,1,1
AUTO_ALIAS_1A1_TOTAIS_IGUAIS,goiania,87242,7742,RES DORNELO I,,AL DOS EUCALIPTOS,"AL DOS EUCALIPTOS CASA 01 , BAIRRO S BARRA DA TIJUCA",2,2,2,1,1
AUTO_ALIAS_1A1_TOTAIS_IGUAIS,goiania,367493,10774,RES. DOS ANJOS,,R  RICARDO PARANHOS,"R RICARDO PARANHOS CASA 01 , BAIRRO JD BALNEÁRIO MEIA PONTE",2,2,2,1,1
AUTO_ALIAS_1A1_TOTAIS_IGUAIS,goiania,144560,11495,RES DOS CAMARAS,,R  C153,"R C153  CASA 01 , BAIRRO BRO JARDIM AMÉRICA",2,2,2,1,1
AUTO_ALIAS_1A1_TOTAIS_IGUAIS,goiania,30950,9421,RES DOS PARQUES RESIDENCI I,,R  XVIII DE OUTUBRO,"R XVIII DE OUTUBRO , BAIRRO S ESTRELA DALVA",2,2,2,1,1
AUTO_ALIAS_1A1_TOTAIS_IGUAIS,goiania,136194,11321,RES. DOS SONHOS II,,R  NAZARENO RORIZ,"R NAZARENO RORIZ  CASA 01 , BAIRRO JD SÃO JOSÉ",2,2,2,1,1
AUTO_ALIAS_1A1_TOTAIS_IGUAIS,goiania,168041,5453,RES DOTOR,,R  AC4,"R AC4  CASA 01 , BAIRRO RES ANA CLARA",2,2,2,1,1
AUTO_ALIAS_1A1_TOTAIS_IGUAIS,goiania,147062,8102,RES DOUGLAS,,R  C24,"R C24  CASA-2 , BAIRRO BRO JARDIM AMÉRICA",2,2,2,1,1
AUTO_ALIAS_1A1_TOTAIS_IGUAIS,goiania,388855,8604,RES DOUGLAS,,R  PB5,"R PB5 CASA 01 , BAIRRO PRQ BALNEÁRIO",2,2,2,1,1
AUTO_ALIAS_1A1_TOTAIS_IGUAIS,goiania,313911,5645,RES.DOUGLAS BENCAO,,R  SR21,"AV AMERICA CASA 01 , BAIRRO S RECANTO DAS MINAS GERAIS",3,3,3,1,1
AUTO_ALIAS_1A1_TOTAIS_IGUAIS,goiania,310484,6640,RES DOUGLAS QUEIROZ,,R  RSL1,"R RSL1 CASA 01 , BAIRRO RES SÃO LEOPOLDO - COMPLEMENTO",2,2,2,1,1
AUTO_ALIAS_1A1_TOTAIS_IGUAIS,goiania,259761,6645,RES DOUGLAS- RB 32 A,,R  RB32A,"R RB32A CASA 01 , BAIRRO RES RECANTO DO BOSQUE",2,2,2,1,1
AUTO_ALIAS_1A1_TOTAIS_IGUAIS,goiania,396144,8025,RES DOUGLAS RB5A,,R  RB5A,"R RB5A CASA 01 , BAIRRO RES RECANTO DO BOSQUE",2,2,2,1,1
AUTO_ALIAS_1A1_TOTAIS_IGUAIS,goiania,181607,1938,RES DOUGLAS TEIXEIRA IV,,R  I-5,"R I-5  CASA01 , BAIRRO JD IPANEMA",2,2,2,1,1
AUTO_ALIAS_1A1_TOTAIS_IGUAIS,goiania,135151,1725,RES DOURADO II,,R  ELO30,"R ELO30  CASA 01 , BAIRRO PRQ ELDORADO OESTE",2,2,2,1,1
AUTO_ALIAS_1A1_TOTAIS_IGUAIS,goiania,133359,1734,RES DOURADO III,,R  RMP7,"R RMP7  CASA 01 , BAIRRO RES MONTE PASCOAL",2,2,2,1,1
AUTO_ALIAS_1A1_TOTAIS_IGUAIS,goiania,136369,1728,RES DOURADO IV,,R  ELO3,"R ELO3  CASA 01 , BAIRRO PRQ ELDORADO OESTE",2,2,2,1,1
AUTO_ALIAS_1A1_TOTAIS_IGUAIS,goiania,177149,6900,RES DOURADOS I,,R  DOURADOS,"R DOURADOS  CASA 01 , BAIRRO JD ITAIPÚ",3,3,3,1,1
AUTO_ALIAS_1A1_TOTAIS_IGUAIS,goiania,177232,7277,RES DOURADOS I,,R  AC9,"R AC9  CASA 01 , BAIRRO RES ANA CLARA",4,4,4,1,1
AUTO_ALIAS_1A1_TOTAIS_IGUAIS,goiania,147170,8780,RES DOURADOS I,,R  C167,"R C167  CASA 1 , BAIRRO BRO JARDIM AMÉRICA",2,2,2,1,1
AUTO_ALIAS_1A1_TOTAIS_IGUAIS,goiania,61098,3187,RES D PETROCHELLI,,R  CELESTE BAIOCCHI,"R CELESTE BAIOCCHI LT 41 CASA01 , BAIRRO RES BARRAVENTO",2,2,2,1,1
AUTO_ALIAS_1A1_TOTAIS_IGUAIS,goiania,222658,7386,RESD R.C.M. I,,R  CV4,"R CV4  CASA01 , BAIRRO RES CENTER VILLE",2,2,2,1,1
AUTO_ALIAS_1A1_TOTAIS_IGUAIS,goiania,198793,6586,RES DRUMACK,,R  TAJO,"R TAJO  CASA 02 , BAIRRO S TRÊS MARIAS",2,2,2,1,1
AUTO_ALIAS_1A1_TOTAIS_IGUAIS,goiania,15720,11719,RES D.SALES II,,R  19 DE NOVEMBRO,"R 19 DE NOVEMBRO CASA 01 , BAIRRO S ESTRELA DALVA",2,2,2,1,1
AUTO_ALIAS_1A1_TOTAIS_IGUAIS,goiania,177827,13283,RESD SANTA LUIZA III,,R  RI16,"R RI16  CASA 1 , BAIRRO RES ITAIPÚ",2,2,2,1,1
AUTO_ALIAS_1A1_TOTAIS_IGUAIS,goiania,165015,7634,RES D.S.F.VII,,R  DAS AMERICAS,"R DAS AMERICAS  CASA 01 , BAIRRO RES SANTA FÉ I",2,2,2,1,1
AUTO_ALIAS_1A1_TOTAIS_IGUAIS,goiania,318116,8203,RES. D.S.M.,,R  JACARANDA,"R MACARANDUBA CASA 01 , BAIRRO LOT GOIÂNIA 2",2,2,2,1,1
AUTO_ALIAS_1A1_TOTAIS_IGUAIS,goiania,127339,9599,RESD SUMARES RIZZO,,R  DOS SUMARES,"R DOS SUMARES  CASA 01 , BAIRRO VL RIZZO",2,2,2,1,1
AUTO_ALIAS_1A1_TOTAIS_IGUAIS,goiania,167697,8912,RES D TEIXEIRA DOS SANTOS I,,R  29,"R 29  CASA 01 , BAIRRO CON DAS ESMERALDAS",2,2,2,1,1
AUTO_ALIAS_1A1_TOTAIS_IGUAIS,goiania,157822,9779,RESD TIAGO PDR,,R  ALUISIO ALVARENGA,"R ALUISIO ALVARENGA  CASA 01 , BAIRRO RES SANTA FÉ",2,2,2,1,1
AUTO_ALIAS_1A1_TOTAIS_IGUAIS,goiania,127406,7374,RESD TOSHIRO WATANABE,,R  HOMERO ROSA,"R HOMERO ROSA  CASA 01 , BAIRRO JD DAS ROSAS",2,2,2,1,1
AUTO_ALIAS_1A1_TOTAIS_IGUAIS,goiania,371733,8661,RESD TTAF 013,,AV ELZA PIRES,"AV ELZA PIRES CASA 01 , BAIRRO RES ORLANDO DE MORAIS",2,2,2,1,1
AUTO_ALIAS_1A1_TOTAIS_IGUAIS,goiania,50226,6309,RES DUARTE ALVES,,R  CM1,"R FELIZARDA SILVA MORAES LT 31 CASA 01 , BAIRRO RES HUGO DE MORAES",2,2,2,1,1
AUTO_ALIAS_1A1_TOTAIS_IGUAIS,goiania,339739,11883,RES. DUARTE FARIA,,AV CRISTO REI,"R J62 S/N     CASA 01 , BAIRRO S JAÓ",2,2,2,1,1
AUTO_ALIAS_1A1_TOTAIS_IGUAIS,goiania,195459,2161,RES DUARTE FERREIRA I,,R  V1,"R V8  CASA 01 , BAIRRO VL REZENDE",2,2,2,1,1
AUTO_ALIAS_1A1_TOTAIS_IGUAIS,goiania,407421,12585,RES DUARTE FERREIRA II,,R  V1,"R CASTRO ALVES  CASA 01 , BAIRRO VL REZENDE",2,2,2,1,1
AUTO_ALIAS_1A1_TOTAIS_IGUAIS,goiania,263409,1927,RES DUARTE II,,R  MA1,"R MA1 S/N CASA 01 , BAIRRO RES OLINDA",2,2,2,1,1
AUTO_ALIAS_1A1_TOTAIS_IGUAIS,goiania,225001,12743,RES DUARTE VALERIANO,,R  SM1,"R SM1  CASA-01 , BAIRRO JD SÔNIA MARIA",2,2,2,1,1
AUTO_ALIAS_1A1_TOTAIS_IGUAIS,goiania,224963,6324,RES DUARTE VALERIANO IV,,R  SM2,"R SM2  CASA 01 , BAIRRO JD SÔNIA MARIA",2,2,2,1,1
AUTO_ALIAS_1A1_TOTAIS_IGUAIS,goiania,219428,11810,RES DUARTE VALERIANO V,,R  MDV7,"R MDV7  CASA 01 , BAIRRO LOT MOINHO DOS VENTOS",3,3,3,1,1
AUTO_ALIAS_1A1_TOTAIS_IGUAIS,goiania,256303,8921,RES DUAS NACOES II,,R  ANNA LUIZA DA CUNHA,"R ANNA LUIZA DA CUNHA CASA 1 , BAIRRO RES VALE DO ARAGUAIA",2,2,2,1,1
AUTO_ALIAS_1A1_TOTAIS_IGUAIS,goiania,54097,1651,RES DUMONT 09,,R  48,"R 48 LT 09 CASA 01 , BAIRRO S SANTOS DUMONT",2,2,2,1,1
AUTO_ALIAS_1A1_TOTAIS_IGUAIS,goiania,79728,6347,RES DUMONT 22,,R  22,"R 22 CASA 01 , BAIRRO S SANTOS DUMONT",3,3,3,1,1
AUTO_ALIAS_1A1_TOTAIS_IGUAIS,goiania,142482,9199,RES DUMONT RODRIGUES RESIDENCI II,,R  OSMAR RODRIGUES,"R OSMAR RODRIGUES  CASA 01 , BAIRRO RES BUENA VISTA III",2,2,2,1,1
AUTO_ALIAS_1A1_TOTAIS_IGUAIS,goiania,392132,7913,RES DUNAS WEST,,R  RIO VERDE,"R RIO VERDE CASA 03 , BAIRRO RES RIO JORDÃO",3,3,3,1,1
AUTO_ALIAS_1A1_TOTAIS_IGUAIS,goiania,196510,8009,RES DUQUE DE CAIXAS,,R  DUQUE DE CAXIAS,"R DUQUE DE CAXIAS  CASA-01 , BAIRRO PRQ ANHANGÜERA",3,3,3,1,1
AUTO_ALIAS_1A1_TOTAIS_IGUAIS,goiania,220525,12661,RES DURAES,,R  VB31,"R VB31  CASA 01 , BAIRRO RES VEREDA DOS BURITIS",2,2,2,1,1
AUTO_ALIAS_1A1_TOTAIS_IGUAIS,goiania,232528,13754,RES. DURVANI,,AV T15,"R MARAJO  CASA-01 , BAIRRO PRQ AMAZÔNIA",2,2,2,1,1
AUTO_ALIAS_1A1_TOTAIS_IGUAIS,goiania,118391,10371,RES DUTRA PAULA VIII,,R  DOS FERROVIARIOS,"R DOS FERROVIARIOS  CASA 03 , BAIRRO PRQ INDUSTRIAL JOÃO BRAZ 2",3,3,3,1,1
AUTO_ALIAS_1A1_TOTAIS_IGUAIS,goiania,99341,2599,RES DUTRA PAULA X,,R  P-11,"R P-11  CASA01 , BAIRRO RES PORTINARI",2,2,2,1,1
AUTO_ALIAS_1A1_TOTAIS_IGUAIS,goiania,171945,5823,RES. D'VILLE X,,R  PEDRO VIEIRA DOS SANTOS,"R PEDRO VIEIRA DOS SANTOS  CASA 01 , BAIRRO JD ITAIPÚ",3,3,3,1,1
AUTO_ALIAS_1A1_TOTAIS_IGUAIS,goiania,221210,5643,RES.D VILLE XI,,R  RC3,"AV TORONTO  C-1 , BAIRRO RES CANADÁ",3,3,3,1,1
AUTO_ALIAS_1A1_TOTAIS_IGUAIS,goiania,181841,7180,RES D VILLE XII,,R  1B,"R 1B  CASA 01 , BAIRRO S GARAVELO",3,3,3,1,1
AUTO_ALIAS_1A1_TOTAIS_IGUAIS,goiania,208367,7105,RES D'VILLE XIII,,R  F4,"R F4  CASA 01 , BAIRRO LOT FAIÇALVILLE",3,3,3,1,1
AUTO_ALIAS_1A1_TOTAIS_IGUAIS,goiania,216483,8590,RES D`VILLE XVII,,R  CV16,"R CV16  CASA 01 , BAIRRO RES CENTER VILLE",3,3,3,1,1
AUTO_ALIAS_1A1_TOTAIS_IGUAIS,goiania,219708,5998,RES D.ZACARIAS,,R  VB19,"R VB19  CASA 01 , BAIRRO RES VEREDA DOS BURITIS",2,2,2,1,1
AUTO_ALIAS_1A1_TOTAIS_IGUAIS,goiania,248597,9635,RES EACOSTA,,R  GR7,"R GR7 CASA 03 , BAIRRO GLEBA",3,3,3,1,1
AUTO_ALIAS_1A1_TOTAIS_IGUAIS,goiania,269681,1295,RES E COMERCIAL ANHANGUERA,,AV ANHANGUERA,"AV ANHANGUERA AREA 01 , BAIRRO VL BANDEIRANTES",2,2,2,1,1
AUTO_ALIAS_1A1_TOTAIS_IGUAIS,goiania,327253,1856,RES E COMER RECANTO LUZ,,R  SR54,"AV DO OURO CASA01 , BAIRRO S RECANTO DAS MINAS GERAIS",3,3,3,1,1
AUTO_ALIAS_1A1_TOTAIS_IGUAIS,goiania,188467,9005,RES EDILENE MEDUSA,,R  DA MEDUSA,"R DA MEDUSA  SOB. 01 , BAIRRO JD ATLÂNTICO",2,2,2,1,1
AUTO_ALIAS_1A1_TOTAIS_IGUAIS,goiania,59317,10421,RES EDILEUZA ARAUJO,,R  JB02,"R JB02 LT 20 CS 01 , BAIRRO RES JARDIM BELVEDERE",2,2,2,1,1
AUTO_ALIAS_1A1_TOTAIS_IGUAIS,goiania,167340,1743,RES EDJ,,R  PORTO SEGURO,"R PORTO SEGURO  CASA 01 , BAIRRO RES CAMPOS DOURADOS",2,2,2,1,1
AUTO_ALIAS_1A1_TOTAIS_IGUAIS,goiania,130353,1996,RES EDNA PIRES II,,R  N2,"R N2  CASA 01 , BAIRRO S DAS NAÇÕES EXTENSÃO",2,2,2,1,1
AUTO_ALIAS_1A1_TOTAIS_IGUAIS,goiania,272631,6026,RES. EDOSN 101,,R  2,"R 2 CASA 01 , BAIRRO RES PAULO ESTRELA",2,2,2,1,1
AUTO_ALIAS_1A1_TOTAIS_IGUAIS,goiania,144888,9628,RES EDSON NACIFF,,R  C184,"R C184 385     CASA01 , BAIRRO BRO JARDIM AMÉRICA",2,2,2,1,1
AUTO_ALIAS_1A1_TOTAIS_IGUAIS,goiania,97797,8802,RES EDSON PENHA,,R  2C,"R 2C  CASA 01 , BAIRRO RES CIDADE VERDE",3,3,3,1,1
AUTO_ALIAS_1A1_TOTAIS_IGUAIS,goiania,268808,8242,RES EFIGENIA,,R  FRANCISCO BARBOSA,"R FRANCISCO BARBOSA CASA01 , BAIRRO RES ANTÔNIO BARBOSA",2,2,2,1,1
AUTO_ALIAS_1A1_TOTAIS_IGUAIS,goiania,99718,6221,RES EGF-950,,R  RT1,"R RT1  CASA 01 , BAIRRO RES TUZIMOTO",2,2,2,1,1
AUTO_ALIAS_1A1_TOTAIS_IGUAIS,goiania,224429,438,RES EILTON ADAO,,R  SILENE BORGES DE FARIA,"R SILENE BORGES DE FARIA  CASA01 , BAIRRO VL SANTA RITA - 5ª ETAPA",2,2,2,1,1
AUTO_ALIAS_1A1_TOTAIS_IGUAIS,goiania,187964,7188,RES.E.J.S.II,,R  DO GUAIAMUM,"R DO GUAIAMUM  CASA 02 , BAIRRO JD ATLÂNTICO",2,2,2,1,1
AUTO_ALIAS_1A1_TOTAIS_IGUAIS,goiania,187409,8917,RES E.J.S.V.,,R  DA ESPONJA,"R DA ESPONJA  CASA 01 , BAIRRO JD ATLÂNTICO",2,2,2,1,1
AUTO_ALIAS_1A1_TOTAIS_IGUAIS,goiania,13790,7092,RES. ELAINE 16 DE MAIO,,R  16 DE MAIO,"R 16 DE MAIO C-1 , BAIRRO S ESTRELA DALVA",2,2,2,1,1
AUTO_ALIAS_1A1_TOTAIS_IGUAIS,goiania,164411,9332,RES ELAINE MARCELINO RESIDENCI II,,R  SANTA CLARA,"R SANTA CLARA  CASA 01 , BAIRRO RES SANTA FÉ I",2,2,2,1,1
AUTO_ALIAS_1A1_TOTAIS_IGUAIS,goiania,22054,11843,RES ELAINE PAIVA I,,R  DURVAL RIBEIRO DOS SANTOS,"R DURVAL RIBEIRO DOS SANTOS LT 23 CS 01/02 , BAIRRO S PARQUE TREMENDÃO",2,2,2,1,1
AUTO_ALIAS_1A1_TOTAIS_IGUAIS,goiania,190573,8846,RES ELAINE PINHEIRO,,R  PASTEUR,"R PASTEUR  CASA 01 , BAIRRO JD PLANALTO",2,2,2,1,1
AUTO_ALIAS_1A1_TOTAIS_IGUAIS,goiania,382107,2097,RES ELDO I,,R  FL23,"R FL23 CASA 01 , BAIRRO PRQ DAS FLORES",2,2,2,1,1
AUTO_ALIAS_1A1_TOTAIS_IGUAIS,goiania,169478,7837,RES ELDORADO RIBEIRO,,R  RI-9,"R RI-9  CASA 01 , BAIRRO RES ITAIPÚ",2,2,2,1,1
AUTO_ALIAS_1A1_TOTAIS_IGUAIS,goiania,166120,6154,RES.ELI-960,,R  DA VITORIA,"R DA VITORIA  CASA 01 , BAIRRO RES SANTA FÉ I",2,2,2,1,1
AUTO_ALIAS_1A1_TOTAIS_IGUAIS,goiania,137047,7506,RES ELIAS TAVARES I,,AV GERCINA BORGES TEIXEIRA,"AV GERCINA BORGES TEIXEIRA  CASA 01 , BAIRRO JD SÃO JOSÉ",4,4,4,1,1
AUTO_ALIAS_1A1_TOTAIS_IGUAIS,goiania,135310,7406,RES ELIAS TAVARES II,,R  SANINA HERMANO,"R SANINA HERMANO  SOB-01 , BAIRRO JD SÃO JOSÉ",4,4,4,1,1
AUTO_ALIAS_1A1_TOTAIS_IGUAIS,goiania,197500,10161,RES ELI I,,R  DA ASTERIA,"R DA ASTERIA  CASA01 , BAIRRO JD ATLÂNTICO",2,2,2,1,1
AUTO_ALIAS_1A1_TOTAIS_IGUAIS,goiania,265040,11875,RES ELIO PEREIRA DA SILVA I,,R  AB11,"R AB11 CASA 1 , BAIRRO RES ALICE BARBOSA",2,2,2,1,1
AUTO_ALIAS_1A1_TOTAIS_IGUAIS,goiania,356320,13450,RES ELISAMA,,R  GUARIROBA,"R GUARIROBA CASA 01 , BAIRRO BRO SANTA GENOVEVA",5,5,5,1,1
AUTO_ALIAS_1A1_TOTAIS_IGUAIS,goiania,395804,6247,RES ELIZENE I,,R  ES4,"R ES4 CASA 01 , BAIRRO RES ELIZENE SANTANA",2,2,2,1,1
AUTO_ALIAS_1A1_TOTAIS_IGUAIS,goiania,309422,6913,RES ELIZENE II,,R  ES4,"R ES4 CASA 01 , BAIRRO RES ELIZENE SANTANA",2,2,2,1,1
AUTO_ALIAS_1A1_TOTAIS_IGUAIS,goiania,131839,5298,RES ELMO-118,,R  N24,"R N24  CASA 01 , BAIRRO S DAS NAÇÕES EXTENSÃO",4,4,4,1,1
AUTO_ALIAS_1A1_TOTAIS_IGUAIS,goiania,136508,4775,RES.ELO-211,,R  IRMA ANTONIETA ESMERALDA CABRA,"AV INES PEREIRA DE MARIA  CASA 03 , BAIRRO JD SÃO JOSÉ",3,3,3,1,1
AUTO_ALIAS_1A1_TOTAIS_IGUAIS,goiania,142410,4147,RES.ELO-27-05,,R  ELO27,"R ELO27  CASA 01 , BAIRRO PRQ ELDORADO OESTE",2,2,2,1,1
AUTO_ALIAS_1A1_TOTAIS_IGUAIS,goiania,363778,13051,RES ELODY,,R  AB12,"R AB12 CASA 01 , BAIRRO RES ALICE BARBOSA",2,2,2,1,1
AUTO_ALIAS_1A1_TOTAIS_IGUAIS,goiania,153085,5668,RES ELPIDIO -26.11,,R  ELPIDIO JOSE FARIA,"R ELPIDIO JOSE FARIA  C-1 , BAIRRO RES FORTE VILLE - EXTENSÃO",2,2,2,1,1
AUTO_ALIAS_1A1_TOTAIS_IGUAIS,goiania,140440,7589,RES ELPIDIO BUENA VISTA 44.36,,R  ELPIDIO RODRIGUES,"R ELPIDIO RODRIGUES  CASA 01 , BAIRRO RES BUENA VISTA III",2,2,2,1,1
AUTO_ALIAS_1A1_TOTAIS_IGUAIS,goiania,243850,11857,RES ELPIDIO QUIRINO,,R  T32,"R T42  CASA 01 , BAIRRO S BUENO",2,2,2,1,1
AUTO_ALIAS_1A1_TOTAIS_IGUAIS,goiania,169678,10537,RES EL PLAZO COIMBRA,,R  RI28,"R RI28  CASA 01 , BAIRRO RES ITAIPÚ",3,3,3,1,1
AUTO_ALIAS_1A1_TOTAIS_IGUAIS,goiania,352692,6458,RES. ELS,,R  RSL1,"R RSL1 CASA 02 , BAIRRO RES SÃO LEOPOLDO - COMPLEMENTO",2,2,2,1,1
AUTO_ALIAS_1A1_TOTAIS_IGUAIS,goiania,347247,6677,RES ELZA FERREIRA DOS SANTOS I,,AV SAMAMBAIA,"AV SAMAMBAIA CASA 01 , BAIRRO RES ORLANDO DE MORAIS",2,2,2,1,1
AUTO_ALIAS_1A1_TOTAIS_IGUAIS,goiania,328445,11985,RES. ELZA FONSECA,,R  DANIEL JOAQUIM RODOVALHO,"R DANIEL JOAQUIM RODOVALHO CASA 01 , BAIRRO RES VALE DO ARAGUAIA",2,2,2,1,1
AUTO_ALIAS_1A1_TOTAIS_IGUAIS,goiania,162814,6189,RES EMA IX,,R  EMA9,"R EMA9  CASA 01 , BAIRRO RES RECANTO DAS EMAS",2,2,2,1,1
AUTO_ALIAS_1A1_TOTAIS_IGUAIS,goiania,156065,2509,RES EMERSON & CARLOS,,R  SR8,"R SR8  CASA 01 , BAIRRO PRQ SANTA RITA",2,2,2,1,1
AUTO_ALIAS_1A1_TOTAIS_IGUAIS,goiania,61332,4769,RES.EMERSON LUIZ I,,AV I,"AV I LT 05 . , BAIRRO LOT RECANTO BARRAVENTO",2,2,2,1,1
AUTO_ALIAS_1A1_TOTAIS_IGUAIS,goiania,136181,7971,RES E.M.F.I,,R  RMP15,"R RMP15 CASA 01 , BAIRRO RES MONTE PASCOAL",2,2,2,1,1
AUTO_ALIAS_1A1_TOTAIS_IGUAIS,goiania,260191,5558,RES. EMILIANOS I,,R  240,"R 240 CASA 01 , BAIRRO VL MONTICELLI",2,2,2,1,1
AUTO_ALIAS_1A1_TOTAIS_IGUAIS,goiania,301751,1974,RES E.M.S,,R  20,"R 20 CASA 01 , BAIRRO JD GOIÁS",2,2,2,1,1
AUTO_ALIAS_1A1_TOTAIS_IGUAIS,goiania,131135,6037,RES. EM'SILVA RESIDENCE III,,R  N24,"R N24  CASA 01 , BAIRRO S DAS NAÇÕES EXTENSÃO",4,4,4,1,1
AUTO_ALIAS_1A1_TOTAIS_IGUAIS,goiania,132204,6250,RES EM SILVA RESIDENCE IV,,R  N19,"R N19  CASA 01 , BAIRRO S DAS NAÇÕES EXTENSÃO",2,2,2,1,1
AUTO_ALIAS_1A1_TOTAIS_IGUAIS,goiania,123496,6208,RES EM´SILVA RESIDENCE V,,R  N19,"R N19  CASA 01 , BAIRRO S DAS NAÇÕES EXTENSÃO",2,2,2,1,1
AUTO_ALIAS_1A1_TOTAIS_IGUAIS,goiania,123812,6285,RES EM´SILVA RESIDENCE VI,,R  N19,"R N19  CASA 01 , BAIRRO S DAS NAÇÕES EXTENSÃO",2,2,2,1,1
AUTO_ALIAS_1A1_TOTAIS_IGUAIS,goiania,132312,6950,RES EM SILVA RESIDENCE VII,,R  CP26,"R CP26  CASA 01 , BAIRRO LOT CAROLINA PARQUE EXTENSÃO",2,2,2,1,1
AUTO_ALIAS_1A1_TOTAIS_IGUAIS,goiania,77921,6979,RES EM'SILVA RESIDENCE VIII,,R  TN11,"R TN11 CASA 01 , BAIRRO RES TEMPO NOVO",2,2,2,1,1
AUTO_ALIAS_1A1_TOTAIS_IGUAIS,goiania,328864,3660,RESENDE DE BARROS,,AV MARIA PESTANA,"AV MARIA PESTANA  CASA 01 , BAIRRO JD BALNEÁRIO MEIA PONTE",2,2,2,1,1
AUTO_ALIAS_1A1_TOTAIS_IGUAIS,goiania,19623,5276,RES ENGENHEIRO FERNANDO LUDWIG II,,R  ANDRELINA MONTEIRO,"R ANDRELINA MONTEIRO LT 19 CS 01 , BAIRRO S PARQUE TREMENDÃO",2,2,2,1,1
AUTO_ALIAS_1A1_TOTAIS_IGUAIS,goiania,20149,5275,RES ENGENHEIRO FERNANDO LUDWIG III,,R  ANDRELINA MONTEIRO,"R ANDRELINA MONTEIRO LT S/N CS 01 , BAIRRO S PARQUE TREMENDÃO",2,2,2,1,1
AUTO_ALIAS_1A1_TOTAIS_IGUAIS,goiania,21286,6116,RES ENGENHEIRO FERNANDO LUDWIG IV,,R  ANDRELINA MONTEIRO,"R ANDRELINA MONTEIRO LT 20 CS 01 , BAIRRO S PARQUE TREMENDÃO",2,2,2,1,1
AUTO_ALIAS_1A1_TOTAIS_IGUAIS,goiania,22030,6118,RES ENGENHEIRO FERNANDO LUDWIG VI,,R  ANDRELINA MONTEIRO,"R ANDRELINA MONTEIRO LT 22 . , BAIRRO S PARQUE TREMENDÃO",2,2,2,1,1
AUTO_ALIAS_1A1_TOTAIS_IGUAIS,goiania,249028,5850,RES ENGENHEIRO FERNANDO LUDWIG VII,,R  BM1,"R BM1 CASA 01 , BAIRRO RES BRISAS DA MATA",3,3,3,1,1
AUTO_ALIAS_1A1_TOTAIS_IGUAIS,goiania,305532,6123,RES ENGENHEIRO FERNANDO LUDWIG X,,AV NOVE DE JULHO,"AV NOVE DE JULHO CASA 01 , BAIRRO RES BRISAS DA MATA",3,3,3,1,1
AUTO_ALIAS_1A1_TOTAIS_IGUAIS,goiania,336689,6122,RES ENGENHEIRO FERNANDO LUDWIG XI,,AV DONA MELINHA,"AV DONA MELINHA CASA 01 , BAIRRO RES BRISAS DA MATA",3,3,3,1,1
AUTO_ALIAS_1A1_TOTAIS_IGUAIS,goiania,28293,6674,RES ENGENHEIRO FERNANDO LUDWIG XII,,R  VISTA BELA,"R VISTA BELA LT 65 CS 01 , BAIRRO S MORADA DO SOL",2,2,2,1,1
AUTO_ALIAS_1A1_TOTAIS_IGUAIS,goiania,300878,9396,RES ENGENHEIRO FERNANDO LUDWIG XV,,R  BM9,"R BM9 CASA 01 , BAIRRO RES BRISAS DA MATA",3,3,3,1,1
AUTO_ALIAS_1A1_TOTAIS_IGUAIS,goiania,29081,6673,RES ENGENHEIRO LUDWIG XIII,,R  VISTA BELA,"R VISTA BELA LT 67 CS 01 , BAIRRO S MORADA DO SOL",2,2,2,1,1
AUTO_ALIAS_1A1_TOTAIS_IGUAIS,goiania,340517,9078,RES ENGENHEIRO LUDWIG XIX,,R  BM1,"R BM1 CASA 01 , BAIRRO RES BRISAS DA MATA",2,2,2,1,1
AUTO_ALIAS_1A1_TOTAIS_IGUAIS,goiania,344297,9165,RES ENGENHEIRO LUDWIG XVIII,,R  BM10,"R BM10 CASA 02 , BAIRRO RES BRISAS DA MATA",2,2,2,1,1
AUTO_ALIAS_1A1_TOTAIS_IGUAIS,goiania,20122,9077,RES ENGENHEIRO LUDWIG XX,,R  JAVAE,"R JAVAE CASA 01 , BAIRRO S ESTRELA DALVA",2,2,2,1,1
AUTO_ALIAS_1A1_TOTAIS_IGUAIS,goiania,305536,8810,RES ENGENHEIRO LUDWIG XXII,,AV MANGALO,"AV MANGALO CASA 01 , BAIRRO RES BRISAS DA MATA",3,3,3,1,1
AUTO_ALIAS_1A1_TOTAIS_IGUAIS,goiania,21664,6117,RES.ENGENHEIRO LUDWING,,R  ANDRELINA MONTEIRO,"R ANDRELINA MONTEIRO LT 21 CS 01 , BAIRRO S PARQUE TREMENDÃO",2,2,2,1,1
AUTO_ALIAS_1A1_TOTAIS_IGUAIS,goiania,22897,6014,RES ENG. FERNANDO LUDWIG I,,R  3,"R 3 CASA 01 , BAIRRO S ESTRELA DALVA",2,2,2,1,1
AUTO_ALIAS_1A1_TOTAIS_IGUAIS,goiania,168278,1645,RES ENOQUE I,,R  RI10,"R RI10  CASA 01 , BAIRRO RES ITAIPÚ",2,2,2,1,1
AUTO_ALIAS_1A1_TOTAIS_IGUAIS,goiania,348547,5704,RES EPC JUNIOR,,R  BM6,"R BM6 S/N CASA 01 , BAIRRO RES BRISAS DA MATA",2,2,2,1,1
AUTO_ALIAS_1A1_TOTAIS_IGUAIS,goiania,198369,7672,RES EPITACIO PESSOA I,,R  PRESIDENTE EPITACIO PESSOA,"R PRESIDENTE EPITACIO PESSOA  CASA 01 , BAIRRO JD PRESIDENTE - EXTENSÃO",3,3,3,1,1
AUTO_ALIAS_1A1_TOTAIS_IGUAIS,goiania,86489,2019,RES ERECHINN II,,R  TRANCOSO,"R TRANCOSO CASA 01 , BAIRRO S BARRA DA TIJUCA",2,2,2,1,1
AUTO_ALIAS_1A1_TOTAIS_IGUAIS,goiania,391795,9720,RES ERICO/SEID,,R  HUMBERTO DE CAMPOS,"R HUMBERTO DE CAMPOS CASA 01 , BAIRRO VL JARDIM VITÓRIA",2,2,2,1,1
AUTO_ALIAS_1A1_TOTAIS_IGUAIS,goiania,198796,8074,RES ERM 1,,R  LAS VELAS,"R LAS VELAS  C-1 , BAIRRO S TRÊS MARIAS",2,2,2,1,1
AUTO_ALIAS_1A1_TOTAIS_IGUAIS,goiania,169086,6931,RES. ESDRAS II,,R  RI13,"R RI13  CASA01 , BAIRRO RES ITAIPÚ",2,2,2,1,1
AUTO_ALIAS_1A1_TOTAIS_IGUAIS,goiania,177622,11513,RES. E.S.J. I,,R  RI16,"R RI16  CASA-01 , BAIRRO RES ITAIPÚ",2,2,2,1,1
AUTO_ALIAS_1A1_TOTAIS_IGUAIS,goiania,170126,1670,RES ESMERADAS I,,R  5,"R 5  APTO. 202 , BAIRRO CON DAS ESMERALDAS",4,4,4,1,1
AUTO_ALIAS_1A1_TOTAIS_IGUAIS,goiania,170044,8851,RES ESMERALDA,,R  30,"R 30  CASA 01 , BAIRRO CON DAS ESMERALDAS",2,2,2,1,1
AUTO_ALIAS_1A1_TOTAIS_IGUAIS,goiania,170742,9225,RES ESMERALDA DIAS II,,R  49,"R 49  CASA 01 , BAIRRO CON DAS ESMERALDAS",2,2,2,1,1
AUTO_ALIAS_1A1_TOTAIS_IGUAIS,goiania,174818,1634,RES ESMERALDA XX,,R  40,"R 40  CASA 01 , BAIRRO CON DAS ESMERALDAS",2,2,2,1,1
AUTO_ALIAS_1A1_TOTAIS_IGUAIS,goiania,187613,5443,RES ESPADARTE I,,R  DO ESPADARTE,"R DO ESPADARTE  CASA 01 , BAIRRO JD ATLÂNTICO",2,2,2,1,1
AUTO_ALIAS_1A1_TOTAIS_IGUAIS,goiania,248506,11739,RES ESPERANCA,,R  JUIZ DE FORA,"R JUIZ DE FORA S/N     CASA 01 , BAIRRO JD GUANABARA",2,2,2,1,1
AUTO_ALIAS_1A1_TOTAIS_IGUAIS,goiania,194671,10287,RES ESPERANCA I,,R  BARCELONA,"R BARCELONA  CASA 01 , BAIRRO JD EUROPA",2,2,2,1,1
AUTO_ALIAS_1A1_TOTAIS_IGUAIS,goiania,210024,2256,RES ESPERANCA III,,R  PRESIDENTE MONROE,"R PRESIDENTE MONROE  CASA 1 , BAIRRO JD PRESIDENTE",2,2,2,1,1
AUTO_ALIAS_1A1_TOTAIS_IGUAIS,goiania,219316,2419,RES ESPINDOLA DANTAS I,,R  RC15,"R RC15  CASA 01 , BAIRRO RES CANADÁ",2,2,2,1,1
AUTO_ALIAS_1A1_TOTAIS_IGUAIS,goiania,189480,11864,RES ESQUALO,,R  DO ESQUALO,"R DO ESQUALO  CASA 01 , BAIRRO JD ATLÂNTICO",2,2,2,1,1
AUTO_ALIAS_1A1_TOTAIS_IGUAIS,goiania,45165,8088,RES ESTANCIA CAMILO COSTA IV,,R  HM1,"R HM1 LT S/N CASA 01 , BAIRRO RES HUGO DE MORAES",3,3,3,1,1
AUTO_ALIAS_1A1_TOTAIS_IGUAIS,goiania,310718,11617,RES. ESTANCIA DO OLIVEIRA ROSA,,R  PEDRO ROSA,"R PEDRO ROSA CASA 01 , BAIRRO RES BELO HORIZONTE",2,2,2,1,1
AUTO_ALIAS_1A1_TOTAIS_IGUAIS,goiania,254402,11473,RES ESTANCIA DO OLIVEIRA SR32,,R  SR32,"R SR32 CASA 01 , BAIRRO S RECANTO DAS MINAS GERAIS",2,2,2,1,1
AUTO_ALIAS_1A1_TOTAIS_IGUAIS,goiania,53560,9172,RES ESTANCIA LUIS CARLOS,,R  48,"R 48 LT 08 CASA 01 , BAIRRO S SANTOS DUMONT",2,2,2,1,1
AUTO_ALIAS_1A1_TOTAIS_IGUAIS,goiania,236321,501,RES ESTEPHANIA,,R  SAO LUIZ,"R SAO LUIZ  CASA-01 , BAIRRO PRQ AMAZÔNIA",3,3,3,1,1
AUTO_ALIAS_1A1_TOTAIS_IGUAIS,goiania,251283,6580,RES ESTRELA,,R  RIO FORMOSO,"R 9 SOBRADO 01 , BAIRRO RES PAULO ESTRELA",3,3,3,1,1
AUTO_ALIAS_1A1_TOTAIS_IGUAIS,goiania,16393,9196,RES ESTRELA 19A,,R  19A,"R 19A CASA 01 , BAIRRO S ESTRELA DALVA",2,2,2,1,1
AUTO_ALIAS_1A1_TOTAIS_IGUAIS,goiania,58545,11597,RES ESTRELA BOREAL I,,R  FN16,"R FN16 LT 14 CS 01 , BAIRRO JD FONTE NOVA",2,2,2,1,1
AUTO_ALIAS_1A1_TOTAIS_IGUAIS,goiania,22666,7910,RES ESTRELA BORGES II,,R  MARIA INES PIRES DE SA,"R MARIA INES PIRES DE SA 7 CASA 01 , BAIRRO S ESTRELA DALVA",2,2,2,1,1
AUTO_ALIAS_1A1_TOTAIS_IGUAIS,goiania,22928,1849,RES ESTRELA BORGES IV,,R  MARIA INES PIRES DE SA,"R MARIA INES PIRES DE SA CASA 01 , BAIRRO S ESTRELA DALVA",2,2,2,1,1
AUTO_ALIAS_1A1_TOTAIS_IGUAIS,goiania,209474,12303,RES ESTRELA DALVA,,AL PEDRO PRIMEIRO,"AL PEDRO PRIMEIRO  CASA 2 , BAIRRO LOT FAIÇALVILLE",2,2,2,1,1
AUTO_ALIAS_1A1_TOTAIS_IGUAIS,goiania,20062,7282,RES ESTRELA DALVA-19,,R  PINDORAMA,"R PINDORAMA CASA 01 , BAIRRO S ESTRELA DALVA",2,2,2,1,1
AUTO_ALIAS_1A1_TOTAIS_IGUAIS,goiania,346509,6592,RES. ESTRELA DE CASTRO,,R  AB7,"R AB7 CASA 01 , BAIRRO RES ALICE BARBOSA",2,2,2,1,1
AUTO_ALIAS_1A1_TOTAIS_IGUAIS,goiania,31012,3337,RES ESTRELA DE FRANCISCO IV,,R  PRINCESA DAIANA,"R PRINCESA DAIANA CASA 01 , BAIRRO S ESTRELA DALVA",2,2,2,1,1
AUTO_ALIAS_1A1_TOTAIS_IGUAIS,goiania,264495,8264,RES ESTRELA DO JAO,,AV RIO BRANCO,"AV RIO BRANCO SN      CASA 02 , BAIRRO S JAÓ",2,2,2,1,1
AUTO_ALIAS_1A1_TOTAIS_IGUAIS,goiania,238428,5870,RES ESTRELA DO VALE,,R  T58,"R T58  SOBRADO-06 , BAIRRO S BUENO",6,6,6,1,1
AUTO_ALIAS_1A1_TOTAIS_IGUAIS,goiania,378594,6627,RES ESTRELA MAGALHAES,,R  2,"R 2 CASA 01 , BAIRRO RES PAULO ESTRELA",2,2,2,1,1
AUTO_ALIAS_1A1_TOTAIS_IGUAIS,goiania,266598,8498,RES ESTRELA MAGALHAES 4,,R  CPR3,"R CPR3 CASA 02 , BAIRRO RES COSTA PARANHOS",2,2,2,1,1
AUTO_ALIAS_1A1_TOTAIS_IGUAIS,goiania,391504,8377,RES. ESTRELA MAGALHAES 5,,R  9,"R 9 CASA 01 , BAIRRO RES PAULO ESTRELA",2,2,2,1,1
AUTO_ALIAS_1A1_TOTAIS_IGUAIS,goiania,345801,8858,RES ESTRELA MAGALHAES 6,,R  SR16,"R SR16 CASA 01 , BAIRRO S RECANTO DAS MINAS GERAIS",3,3,3,1,1
AUTO_ALIAS_1A1_TOTAIS_IGUAIS,goiania,18942,1428,RES ESTRELA MARTINS I,,R  FERNANDES,"R FERNANDES CASA 01 , BAIRRO S ESTRELA DALVA",2,2,2,1,1
AUTO_ALIAS_1A1_TOTAIS_IGUAIS,goiania,384788,1587,RES ESTRELA SOARES,,R  1058,"R 1058 CASA01 , BAIRRO S PEDRO LUDOVICO",2,2,2,1,1
AUTO_ALIAS_1A1_TOTAIS_IGUAIS,goiania,192712,11635,RES. ESTRELA SOARES III,,R  V10,"R V10  CASA 01 , BAIRRO VL REZENDE",2,2,2,1,1
AUTO_ALIAS_1A1_TOTAIS_IGUAIS,goiania,147902,10812,RES ESTRELA SOARES VI,,R  C147,"R C147  CASA 01 , BAIRRO BRO JARDIM AMÉRICA",2,2,2,1,1
AUTO_ALIAS_1A1_TOTAIS_IGUAIS,goiania,261424,5581,RES. ETERNA,,AV PEDRO ALVARES CABRAL,"AV PEDRO ALVARES CABRAL SOB01 , BAIRRO S JAÓ",2,2,2,1,1
AUTO_ALIAS_1A1_TOTAIS_IGUAIS,goiania,317656,8262,RES. ETERNO II,,R  CPR5,"R CPR5 CASA 01 , BAIRRO RES COSTA PARANHOS",2,2,2,1,1
AUTO_ALIAS_1A1_TOTAIS_IGUAIS,goiania,235205,6769,RES. EUCLIDES PEREIRA,,AV DONA MARIA CARDOSO,"AV DONA MARIA CARDOSO  CASA 03 , BAIRRO PRQ AMAZÔNIA",3,3,3,1,1
AUTO_ALIAS_1A1_TOTAIS_IGUAIS,goiania,81217,2198,RES EUFRASIO II,,R  17,"R 17 CASA 01 , BAIRRO S SANTOS DUMONT",2,2,2,1,1
AUTO_ALIAS_1A1_TOTAIS_IGUAIS,goiania,208516,8682,RES EUGENIO F-49,,R  F49,"R F49 NS      CASA 01 , BAIRRO LOT FAIÇALVILLE",2,2,2,1,1
AUTO_ALIAS_1A1_TOTAIS_IGUAIS,goiania,306131,11372,RES EUNICE DE CASTRO,,R  MANGUBA,"R MANGUBA CASA 01 , BAIRRO JD MARILIZA",2,2,2,1,1
AUTO_ALIAS_1A1_TOTAIS_IGUAIS,goiania,133421,10361,RES EURIPEDES RIBEIRO,,R  MONS ALDORANDO MENDES,"R ATAULFO ALVES  CASA 03 , BAIRRO JD SÃO JOSÉ",3,3,3,1,1
AUTO_ALIAS_1A1_TOTAIS_IGUAIS,goiania,47150,7845,RES EURO 145 02,,R  DAS LARANJEIRAS,"R DAS LARANJEIRAS LT 02 . , BAIRRO JD NOVA ESPERANÇA",3,3,3,1,1
AUTO_ALIAS_1A1_TOTAIS_IGUAIS,goiania,193386,5254,RES. EUROPA,,R  GALILEU,"R GALILEU  CASA-1 , BAIRRO JD EUROPA",8,8,8,1,1
AUTO_ALIAS_1A1_TOTAIS_IGUAIS,goiania,207316,7362,RES. EVANGELISTA,,R  GALICIA,"R GALICIA  CASA01 , BAIRRO S TRÊS MARIAS",2,2,2,1,1
AUTO_ALIAS_1A1_TOTAIS_IGUAIS,goiania,201780,1276,RES EVANGELISTA III,,R  F57,"R F57  CASA 01 , BAIRRO LOT FAIÇALVILLE",2,2,2,1,1
AUTO_ALIAS_1A1_TOTAIS_IGUAIS,goiania,220920,10996,RES EVENCIO 07,,R  VB17,"R VB17  CASA 01 , BAIRRO RES VEREDA DOS BURITIS",2,2,2,1,1
AUTO_ALIAS_1A1_TOTAIS_IGUAIS,goiania,36153,14469,RES FABIANA I,,R  SC23,"R SC23 LT 24 CS 01 , BAIRRO JD COLORADO",2,2,2,1,1
AUTO_ALIAS_1A1_TOTAIS_IGUAIS,goiania,273825,11841,RES.FABIANA OLIVEIRA,,R  CARVALHO,"R CARVALHO CASA 01 , BAIRRO JD MARILIZA",3,3,3,1,1
AUTO_ALIAS_1A1_TOTAIS_IGUAIS,goiania,250307,13737,RES FABIANO INACIO I,,R  PB1,"R PB1 CASA 01 , BAIRRO RES LICARDINO NEY",3,3,3,1,1
AUTO_ALIAS_1A1_TOTAIS_IGUAIS,goiania,356306,7469,RES FABIO JUNIOR,,AV BELO HORIZONTE,"R J10 CASA-1 , BAIRRO S JAÓ",2,2,2,1,1
AUTO_ALIAS_1A1_TOTAIS_IGUAIS,goiania,238433,5311,RES FABRICIA,,R  T58,"R T58 S/N     SOB03 , BAIRRO S BUENO",5,5,5,1,1
AUTO_ALIAS_1A1_TOTAIS_IGUAIS,goiania,388350,11391,RES FABRICIO FELIPE I,,R  J5,"R J3 CASA02 , BAIRRO S JAÓ",2,2,2,1,1
AUTO_ALIAS_1A1_TOTAIS_IGUAIS,goiania,99705,11908,RES FACILITA DAS NACOES I,,R  MONTIVIDEU,"R MONTIVIDEU  CASA 03 , BAIRRO S DAS NAÇÕES",3,3,3,1,1
AUTO_ALIAS_1A1_TOTAIS_IGUAIS,goiania,187780,6163,RES.FAG,,R  DA ESPONJA,"R DA ESPONJA  CASA 01 , BAIRRO JD ATLÂNTICO",2,2,2,1,1
AUTO_ALIAS_1A1_TOTAIS_IGUAIS,goiania,290274,8304,RES. FAGUNDES PEREIRA,,R  MARILIA,"R MARILIA CASA 01 , BAIRRO JD GUANABARA",2,2,2,1,1
AUTO_ALIAS_1A1_TOTAIS_IGUAIS,goiania,208139,11918,RES FAICALVILLE 3,,AL ALCIDES DE ARAUJO ROMAO,"AL ALCIDES DE ARAUJO ROMAO  CASA 01 , BAIRRO LOT FAIÇALVILLE",2,2,2,1,1
AUTO_ALIAS_1A1_TOTAIS_IGUAIS,goiania,194189,10660,RES. FALCAO,,R  BARCELONA,"R BARCELONA  CASA 01 , BAIRRO JD EUROPA",2,2,2,1,1
AUTO_ALIAS_1A1_TOTAIS_IGUAIS,goiania,124663,5618,RES FALCAO 07 14,,AV OSMIRA MOREIRA DOS SANTOS,"AV OSMIRA MOREIRA DOS SANTOS  SOB 01 , BAIRRO RES GOYAZ PARK",3,3,3,1,1
AUTO_ALIAS_1A1_TOTAIS_IGUAIS,goiania,188430,8838,RES FALCAO-100.21,,R  DO MIXILAO,"R DO MIXILAO  CASA 01 , BAIRRO JD ATLÂNTICO",2,2,2,1,1
AUTO_ALIAS_1A1_TOTAIS_IGUAIS,goiania,127973,5713,RES FALCAO-159,,R  N20,"R N20 S/N     CASA 01 , BAIRRO S DAS NAÇÕES EXTENSÃO",2,2,2,1,1
AUTO_ALIAS_1A1_TOTAIS_IGUAIS,goiania,87657,6518,RES FALCAO-394,,R  TOMAZ SOARES,"R TOMAZ SOARES CASA 01 , BAIRRO RES SOLAR VILLE",2,2,2,1,1
AUTO_ALIAS_1A1_TOTAIS_IGUAIS,goiania,88220,6517,RES FALCAO-395,,R  TOMAZ SOARES,"R TOMAZ SOARES CASA 01 , BAIRRO RES SOLAR VILLE",2,2,2,1,1
AUTO_ALIAS_1A1_TOTAIS_IGUAIS,goiania,137311,5340,RES FALCAO-4722,,R  PE NELSON ANTONINO,"R PE NELSON ANTONINO  CASA 02 , BAIRRO JD SÃO JOSÉ",2,2,2,1,1
AUTO_ALIAS_1A1_TOTAIS_IGUAIS,goiania,104303,6522,RES FALCAO-5590,,R  NATHALIA MEIRELES JUNQUEIRA,"R NATHALIA MEIRELES JUNQUEIRA  CASA 01 , BAIRRO RES JUNQUEIRA",2,2,2,1,1
AUTO_ALIAS_1A1_TOTAIS_IGUAIS,goiania,99028,6521,RES FALCAO-620,,R  LRM3,"R LRM4  SOB 01 , BAIRRO RES MENDANHA",4,4,4,1,1
AUTO_ALIAS_1A1_TOTAIS_IGUAIS,goiania,141087,5339,RES FALCAO-845,,R  MONS JOAO DAIBER,"R MONS JOAO DAIBER  CASA 01 , BAIRRO JD SÃO JOSÉ",2,2,2,1,1
AUTO_ALIAS_1A1_TOTAIS_IGUAIS,goiania,129480,5620,RES FALCAO-855,,R  TRINIDAD,"R TRINIDAD  CASA 01 , BAIRRO RES NOVA AURORA",2,2,2,1,1
AUTO_ALIAS_1A1_TOTAIS_IGUAIS,goiania,88695,6520,RES FALCAO-906,,R  TOMAZ SOARES,"R TOMAZ SOARES CASA 01 , BAIRRO RES SOLAR VILLE",2,2,2,1,1
AUTO_ALIAS_1A1_TOTAIS_IGUAIS,goiania,88871,6519,RES FALCAO-907,,R  TOMAZ SOARES,"R TOMAZ SOARES CASA 01 , BAIRRO RES SOLAR VILLE",2,2,2,1,1
AUTO_ALIAS_1A1_TOTAIS_IGUAIS,goiania,127976,5712,RES FALCAO-N18,,R  N18,"R N18  CASA 01 , BAIRRO S DAS NAÇÕES EXTENSÃO",2,2,2,1,1
AUTO_ALIAS_1A1_TOTAIS_IGUAIS,goiania,133942,12601,RES. FALCAO VAZ III,,R  RMP3,"R RMP3  CASA 01 , BAIRRO RES MONTE PASCOAL",2,2,2,1,1
AUTO_ALIAS_1A1_TOTAIS_IGUAIS,goiania,345442,7673,RES. FALEIRANTES I,,AV FRANCISCO LUDOVICO DE ALMEIDA,"AV FRANCISCO LUDOVICO DE ALMEIDA CASA 01 , BAIRRO PRQ DAS AMENDOEIRAS",2,2,2,1,1
AUTO_ALIAS_1A1_TOTAIS_IGUAIS,goiania,268375,8859,RES. FALEIRANTES II,,R  SR57,"R SR57 CASA 01 , BAIRRO S RECANTO DAS MINAS GERAIS",2,2,2,1,1
AUTO_ALIAS_1A1_TOTAIS_IGUAIS,goiania,21966,12710,RES FALEIRO DE SA I,,R  FELIZ,"R FELIZ CASA-01 , BAIRRO S ESTRELA DALVA",2,2,2,1,1
AUTO_ALIAS_1A1_TOTAIS_IGUAIS,goiania,152869,11188,RES FALEIRO II,,R  SRM13,"R SRM13  CASA 01 , BAIRRO VLG SANTA RITA",3,3,3,1,1
AUTO_ALIAS_1A1_TOTAIS_IGUAIS,goiania,223451,13628,RES.FAMILIA MONTEIRO CHAVES IV,,R  TUCUNARE,"R TUCUNARE  CASA 01 , BAIRRO RES AQUÁRIOS II",2,2,2,1,1
AUTO_ALIAS_1A1_TOTAIS_IGUAIS,goiania,126295,1967,RES FAMILIA SANTA,,R  CP23,"R CP23  CASA 01 , BAIRRO LOT CAROLINA PARQUE EXTENSÃO",2,2,2,1,1
AUTO_ALIAS_1A1_TOTAIS_IGUAIS,goiania,194171,8486,RES F.A.N.,,R  NAVARRA,"R NAVARRA  CASA 03 , BAIRRO JD EUROPA",3,3,3,1,1
AUTO_ALIAS_1A1_TOTAIS_IGUAIS,goiania,154096,6698,RES FARAIDES I,,R  PEDRO LUIZ PEREIRA,"R PEDRO LUIZ PEREIRA  C-1 , BAIRRO RES FORTEVILLE",2,2,2,1,1
AUTO_ALIAS_1A1_TOTAIS_IGUAIS,goiania,31871,6192,RES. FARIA E MOTA V,,R  DARCY RIBEIRO,"R DARCY RIBEIRO  CASA 1 , BAIRRO RES GREEN PARK",3,3,3,1,1
AUTO_ALIAS_1A1_TOTAIS_IGUAIS,goiania,216630,12244,RES. FARIA I,,R  CV27,"R CV27  CASA 01 , BAIRRO RES CENTER VILLE",2,2,2,1,1
AUTO_ALIAS_1A1_TOTAIS_IGUAIS,goiania,29666,10297,RES FARIA & MOTA I,,R  7,"R 7 CASA 01 , BAIRRO S ESTRELA DALVA",3,3,3,1,1
AUTO_ALIAS_1A1_TOTAIS_IGUAIS,goiania,347115,6263,RES. FATIMA ROSA,,R  FL23,"R FL23 CASA-01 , BAIRRO PRQ DAS FLORES",2,2,2,1,1
AUTO_ALIAS_1A1_TOTAIS_IGUAIS,goiania,345320,5307,RES FAVORITAA V,,R  7,"R 7 CASA 01 , BAIRRO RES PAULO ESTRELA",2,2,2,1,1
AUTO_ALIAS_1A1_TOTAIS_IGUAIS,goiania,219535,6639,RES F.BARROS I,,R  MDV28,"R MDV28  C-2 , BAIRRO LOT MOINHO DOS VENTOS",2,2,2,1,1
AUTO_ALIAS_1A1_TOTAIS_IGUAIS,goiania,219422,7133,RES F.BARROS II,,R  MDV7,"R MDV7  CASA 02 , BAIRRO LOT MOINHO DOS VENTOS",2,2,2,1,1
AUTO_ALIAS_1A1_TOTAIS_IGUAIS,goiania,219606,7510,RES F. BARROS III,,AV TORONTO,"AV TORONTO  CASA 01 , BAIRRO LOT MOINHO DOS VENTOS",2,2,2,1,1
AUTO_ALIAS_1A1_TOTAIS_IGUAIS,goiania,314339,6393,RES FB BORGES SILVA,,R  RB4,"R RB4 CASA 01 , BAIRRO RES RECANTO DO BOSQUE",2,2,2,1,1
AUTO_ALIAS_1A1_TOTAIS_IGUAIS,goiania,259875,6595,RES. FB BORGES SILVA I,,R  RB13,"R RB13 CASA 01 , BAIRRO RES RECANTO DO BOSQUE",2,2,2,1,1
AUTO_ALIAS_1A1_TOTAIS_IGUAIS,goiania,383004,6828,RES. FB BORGES SILVA II,,R  RB39A,"R RB39A CASA 01 , BAIRRO RES RECANTO DO BOSQUE",2,2,2,1,1
AUTO_ALIAS_1A1_TOTAIS_IGUAIS,goiania,15691,6859,RES. FB BORGES SILVA IV,,R  JH37,"R JH37 LT 12 . , BAIRRO JD DAS HORTÊNCIAS",3,3,3,1,1
AUTO_ALIAS_1A1_TOTAIS_IGUAIS,goiania,283339,2050,RES FCP II,,R  AB4,"R AB4 CASA 01 , BAIRRO RES ALICE BARBOSA",3,3,3,1,1
AUTO_ALIAS_1A1_TOTAIS_IGUAIS,goiania,96916,11250,RES. FEITOSA DA SILVA,,R  CRAOS,"R CRAOS  CASA 01 , BAIRRO RES PETRÓPOLIS",2,2,2,1,1
AUTO_ALIAS_1A1_TOTAIS_IGUAIS,goiania,172746,7811,RES FELICIDADE AMPLA,,R  UNAI,"R ILHEUS  CASA 1 , BAIRRO RES CAMPOS DOURADOS",2,2,2,1,1
AUTO_ALIAS_1A1_TOTAIS_IGUAIS,goiania,222156,12405,RES FELICIDADE IV,,R  RC9,"R RC9  __CASA 01 , BAIRRO RES CANADÁ",2,2,2,1,1
AUTO_ALIAS_1A1_TOTAIS_IGUAIS,goiania,161726,10013,RES. FELICIO FIDELIS I,,R  ANTONIO FIDELIS,"R ANTONIO FIDELIS  CASA 02 , BAIRRO RES FIDÉLIS",2,2,2,1,1
AUTO_ALIAS_1A1_TOTAIS_IGUAIS,goiania,388384,2046,RES FELIPE,,R  J1,"R J1 CASA 01 , BAIRRO S JAÓ",2,2,2,1,1
AUTO_ALIAS_1A1_TOTAIS_IGUAIS,goiania,276176,5641,RES.FELIPE 2015,,R  PROF MANOEL CAETANO SIQUEIRA,"R PROF MANOEL CAETANO SIQUEIRA  CASA 01 , BAIRRO RES DAS ACÁCIAS",2,2,2,1,1
AUTO_ALIAS_1A1_TOTAIS_IGUAIS,goiania,128276,6471,RES FELIPE-895,,R  N19,"R N19  C-1 , BAIRRO S DAS NAÇÕES EXTENSÃO",2,2,2,1,1
AUTO_ALIAS_1A1_TOTAIS_IGUAIS,goiania,190241,14277,RES FELIPE IV,,R  ISA LOSTRACCO,"R ISA LOSTRACCO  CASA 1 , BAIRRO JD PLANALTO",3,3,3,1,1
AUTO_ALIAS_1A1_TOTAIS_IGUAIS,goiania,196370,10249,RES FELIPE ROMEIRO,,R  CASSIMIRO DE ABREU,"R CASSIMIRO DE ABREU  CASA 02 , BAIRRO BRO ANHANGÜERA",2,2,2,1,1
AUTO_ALIAS_1A1_TOTAIS_IGUAIS,goiania,142293,7805,RES FELIPE SERBETO RESIDENCI I,,R  ELPIDIO RODRIGUES,"R ELPIDIO RODRIGUES  CASA 01 , BAIRRO RES BUENA VISTA III",3,3,3,1,1
AUTO_ALIAS_1A1_TOTAIS_IGUAIS,goiania,134527,9047,RES FELIPE SERBETO RESIDENCI IV,,R  OSMAR RODRIGUES,"R OSMAR RODRIGUES  CASA 01 , BAIRRO RES BUENA VISTA III",2,2,2,1,1
AUTO_ALIAS_1A1_TOTAIS_IGUAIS,goiania,176782,9418,RES FERNANDA MORAIS,,R  43,"R 43  CASA 01 , BAIRRO CON DAS ESMERALDAS",2,2,2,1,1
AUTO_ALIAS_1A1_TOTAIS_IGUAIS,goiania,88590,1223,RES FERNANDES,,R  ROSIMIRA MARQUES,"R ROSIMIRA MARQUES CASA02 , BAIRRO PRQ BURITI",2,2,2,1,1
AUTO_ALIAS_1A1_TOTAIS_IGUAIS,goiania,326860,7308,RES FERNANDES,,R  AB11,"R AB11 CASA 01 , BAIRRO RES ALICE BARBOSA",2,2,2,1,1
AUTO_ALIAS_1A1_TOTAIS_IGUAIS,goiania,135728,9261,RES FERNANDES CAVALCANTE XI,,R  RMP8,"R RMP8  CASA 01 , BAIRRO RES MONTE PASCOAL",2,2,2,1,1
AUTO_ALIAS_1A1_TOTAIS_IGUAIS,goiania,100419,7177,RES. FERNANDES CUNHA I,,R  VI8,"R VI8 CASA-01 , BAIRRO CJ VERA CRUZ",4,4,4,1,1
AUTO_ALIAS_1A1_TOTAIS_IGUAIS,goiania,218066,7057,RES FERNANDES DE ANDRADE I,,R  VB47,"R VB47  CASA 01 , BAIRRO RES VEREDA DOS BURITIS",2,2,2,1,1
AUTO_ALIAS_1A1_TOTAIS_IGUAIS,goiania,131042,10948,RES.FERNANDES E ROSA,,R  HOMERO ROSA,"R HOMERO ROSA  CASA 01 , BAIRRO JD DAS ROSAS",2,2,2,1,1
AUTO_ALIAS_1A1_TOTAIS_IGUAIS,goiania,123669,1257,RES FERNANDES E ROSA IV,,R  SM36,"R SM36  CASA-02 , BAIRRO RES SÃO MARCOS",2,2,2,1,1
AUTO_ALIAS_1A1_TOTAIS_IGUAIS,goiania,217262,13617,RES.FERNANDES FONSECA,,AV CENTER,"AV CENTER  CASA 01 , BAIRRO RES CENTER VILLE",3,3,3,1,1
AUTO_ALIAS_1A1_TOTAIS_IGUAIS,goiania,153750,6068,RES FERNANDES I,,R  FV35,"R FV35  CASA 01 , BAIRRO RES FORTE VILLE - EXTENSÃO",2,2,2,1,1
AUTO_ALIAS_1A1_TOTAIS_IGUAIS,goiania,219399,10060,RES FERNANDES MDV 06,,R  MDV6,"R MDV6  CASA 01 , BAIRRO LOT MOINHO DOS VENTOS",2,2,2,1,1
AUTO_ALIAS_1A1_TOTAIS_IGUAIS,goiania,123450,8608,RES FERNANDES MONTEIRO I,,R  23 DE ABRIL,"R 23 DE ABRIL  CASA 01 , BAIRRO JD MARQUES DE ABREU",2,2,2,1,1
AUTO_ALIAS_1A1_TOTAIS_IGUAIS,goiania,192960,1486,RES FERNANDES V,,R  AUSTRIA,"R AUSTRIA  SOBRADO 01 , BAIRRO JD EUROPA",2,2,2,1,1
AUTO_ALIAS_1A1_TOTAIS_IGUAIS,goiania,222465,5751,RES.FERNANDES VI,,R  MDV6,"R MDV6  C-1 , BAIRRO LOT MOINHO DOS VENTOS",2,2,2,1,1
AUTO_ALIAS_1A1_TOTAIS_IGUAIS,goiania,222400,7170,RES FERNANDES VII,,R  MDV6,"R MDV6 S/N     CASA 01 , BAIRRO LOT MOINHO DOS VENTOS",2,2,2,1,1
AUTO_ALIAS_1A1_TOTAIS_IGUAIS,goiania,165795,1149,RES FERNANDO CESAR I,,R  HERMANTINO FERNANDES,"R HERMANTINO FERNANDES  CASA 01 , BAIRRO RES SANTA FÉ",2,2,2,1,1
AUTO_ALIAS_1A1_TOTAIS_IGUAIS,goiania,17345,2671,RES FERNANDO LUDWIG II,,R  OLINDA,"R OLINDA LT 15 CS 01 , BAIRRO S MORADA DO SOL",2,2,2,1,1
AUTO_ALIAS_1A1_TOTAIS_IGUAIS,goiania,222323,11273,RES FERNANDO MARTINS,,R  MDV23,"R MDV23  CASA 1 , BAIRRO LOT MOINHO DOS VENTOS",2,2,2,1,1
AUTO_ALIAS_1A1_TOTAIS_IGUAIS,goiania,222304,12452,RES FERNANDO MARTINS X,,R  MDV23,"R MDV23  CASA 01 , BAIRRO LOT MOINHO DOS VENTOS",2,2,2,1,1
AUTO_ALIAS_1A1_TOTAIS_IGUAIS,goiania,120568,9010,RES FERNANDO PIRES I,,R  RDR-1,"R RDR-1  CASA 01 , BAIRRO RES DOM RAFAEL",2,2,2,1,1
AUTO_ALIAS_1A1_TOTAIS_IGUAIS,goiania,149660,14016,RES FERREIRA,,R  C234,"R C234 636     CASA-02 , BAIRRO BRO JARDIM AMÉRICA",2,2,2,1,1
AUTO_ALIAS_1A1_TOTAIS_IGUAIS,goiania,248628,2433,RES FERREIRA ALCANTARA I,,R  2,"R 9 CASA 01 , BAIRRO RES PAULO ESTRELA",2,2,2,1,1
AUTO_ALIAS_1A1_TOTAIS_IGUAIS,goiania,177698,13408,RES FERREIRA & BASTOS I,,R  RI10,"R RI10  CASA 1 , BAIRRO RES ITAIPÚ",2,2,2,1,1
AUTO_ALIAS_1A1_TOTAIS_IGUAIS,goiania,177625,12275,RES FERREIRA DA COSTA II,,R  RI16,"R RI16  CASA 01 , BAIRRO RES ITAIPÚ",2,2,2,1,1
AUTO_ALIAS_1A1_TOTAIS_IGUAIS,goiania,196673,11758,RES FERREIRA DINIZ,,R  POLONIA,"R POLONIA  CASA 01 , BAIRRO JD EUROPA",2,2,2,1,1
AUTO_ALIAS_1A1_TOTAIS_IGUAIS,goiania,220149,5171,RES.FERREIRA E BARBOSA I,,R  RT6,"R RT6  CASA 01 , BAIRRO RES TALISMÃ I",2,2,2,1,1
AUTO_ALIAS_1A1_TOTAIS_IGUAIS,goiania,123701,8270,RES FERREIRA E GODOY RESIDENCI,,R  NATAN GUILHERME,"R NATAN GUILHERME  CASA 01 , BAIRRO JD DAS ROSAS",2,2,2,1,1
AUTO_ALIAS_1A1_TOTAIS_IGUAIS,goiania,191723,9252,RES FERREIRA E SANTOS,,R  POCOS DE CALDAS,"R POCOS DE CALDAS LT 06 CASA 01 , BAIRRO JD ANA LÚCIA",3,3,3,1,1
AUTO_ALIAS_1A1_TOTAIS_IGUAIS,goiania,158747,10610,RES FERREIRA FARIA,,R  RV10,"R RV10  CASA 01 , BAIRRO RES RIO VERDE",2,2,2,1,1
AUTO_ALIAS_1A1_TOTAIS_IGUAIS,goiania,12165,2314,RES FERREIRA FORTE,,AV C10,"AV C10  CASA 01 , BAIRRO S SUDOESTE",2,2,2,1,1
AUTO_ALIAS_1A1_TOTAIS_IGUAIS,goiania,367498,12763,RES FERREIRA GARCINA,,R  AB20,"R AB20 CASA 01 , BAIRRO RES ALICE BARBOSA",2,2,2,1,1
AUTO_ALIAS_1A1_TOTAIS_IGUAIS,goiania,54623,1228,RES FERREIRA I,,R  602,"R 602 LT01 CASA01 , BAIRRO S SÃO JOSÉ",2,2,2,1,1
AUTO_ALIAS_1A1_TOTAIS_IGUAIS,goiania,53926,13101,RES.FERREIRA II,,R  15 DE NOVEMBRO,"R 15 DE NOVEMBRO LT 09 CS 01 , BAIRRO VL CRISTINA",2,2,2,1,1
AUTO_ALIAS_1A1_TOTAIS_IGUAIS,goiania,41993,9166,RES FERREIRA III,,R  HM7,"R HM7 LT 01 CASA01 , BAIRRO RES HUGO DE MORAES",3,3,3,1,1
AUTO_ALIAS_1A1_TOTAIS_IGUAIS,goiania,209225,12736,RES. FERREIRA IV,,AL BERNARDO GUIMARAES,"AL BERNARDO GUIMARAES  CASA 01 , BAIRRO LOT FAIÇALVILLE",2,2,2,1,1
AUTO_ALIAS_1A1_TOTAIS_IGUAIS,goiania,81908,14247,RES FERREIRA NUNES,,R  AGRONOMO JOAQUIM BATISTA,"R AGRONOMO JOAQUIM BATISTA CASA 01 , BAIRRO RES SOLAR VILLE",2,2,2,1,1
AUTO_ALIAS_1A1_TOTAIS_IGUAIS,goiania,170600,8211,RES FERREIRA OSMAR II,,AV VILA RICA,"AV VILA RICA  CASA 01 , BAIRRO RES CAMPOS DOURADOS",2,2,2,1,1
AUTO_ALIAS_1A1_TOTAIS_IGUAIS,goiania,216503,1574,RES FERREIRA PLACE,,R  CV19,"R CV22  CASA 01 , BAIRRO RES CENTER VILLE",6,6,6,1,1
AUTO_ALIAS_1A1_TOTAIS_IGUAIS,goiania,235797,9061,RES FERREIRA RIBEIRO,,AV DONA MARIA CARDOSO,"AV DONA MARIA CARDOSO  SOB 01 , BAIRRO PRQ AMAZÔNIA",2,2,2,1,1
AUTO_ALIAS_1A1_TOTAIS_IGUAIS,goiania,283499,8635,RES FERREIRA SAMAMBAIA,,AV SAMAMBAIA,"AV SAMAMBAIA CASA 01 , BAIRRO RES ORLANDO DE MORAIS",2,2,2,1,1
AUTO_ALIAS_1A1_TOTAIS_IGUAIS,goiania,344263,11929,RES FERREIRA SILVA,,R  AB14,"R AB14 CASA 01 , BAIRRO RES ALICE BARBOSA",2,2,2,1,1
AUTO_ALIAS_1A1_TOTAIS_IGUAIS,goiania,261765,1291,RES FERREIRA SILVA I,,R  BM1,"R BM1 CASA 01 , BAIRRO RES BRISAS DA MATA",2,2,2,1,1
AUTO_ALIAS_1A1_TOTAIS_IGUAIS,goiania,323400,6807,RES. FERREIRA SOUZA,,R  DA PLATINA,"R DA PLATINA S N CASA 01 , BAIRRO JD NOVO MUNDO",2,2,2,1,1
AUTO_ALIAS_1A1_TOTAIS_IGUAIS,goiania,77900,10036,RES. FERREIRA VALADAO,,R  HUDSON REIS,"R HUDSON REIS CASA 01 , BAIRRO S MAYSA EXTENSÃO",4,4,4,1,1
AUTO_ALIAS_1A1_TOTAIS_IGUAIS,goiania,53271,12572,RES FERREIRA VII,,R  HM11,"R HM11 LT 08 . , BAIRRO VL CRISTINA EXTENSÃO",2,2,2,1,1
AUTO_ALIAS_1A1_TOTAIS_IGUAIS,goiania,152551,1797,RES FERREIRA XX,,R  SRM24,"R EF8  CASA 02 , BAIRRO RES VILLAGE SANTA RITA IV",2,2,2,1,1
AUTO_ALIAS_1A1_TOTAIS_IGUAIS,goiania,59902,1344,RES FERRENTINO,,R  JOSE LUDOVICO DE ALMEIDA,"R JOSE LUDOVICO DE ALMEIDA LT26 CASA 01 , BAIRRO RES BARRAVENTO",3,3,3,1,1
AUTO_ALIAS_1A1_TOTAIS_IGUAIS,goiania,170619,2023,RES FERRENTINO II,,R  PARATI,"R PARATI  CASA 01 , BAIRRO RES CAMPOS DOURADOS",2,2,2,1,1
AUTO_ALIAS_1A1_TOTAIS_IGUAIS,goiania,343800,5917,RES FIDELIO FERREIRA DOS SANTOS I,,R  OM17,"R OM17 CASA 01 , BAIRRO RES ORLANDO DE MORAIS",2,2,2,1,1
AUTO_ALIAS_1A1_TOTAIS_IGUAIS,goiania,161387,9309,RES FIDELIS,,R  FV36,"R FV36  CASA 02 , BAIRRO RES FIDÉLIS",2,2,2,1,1
AUTO_ALIAS_1A1_TOTAIS_IGUAIS,goiania,190283,6537,RES FIOTE,,R  V2,"R V2  CASA 01 , BAIRRO VL REZENDE",2,2,2,1,1
AUTO_ALIAS_1A1_TOTAIS_IGUAIS,goiania,278927,9086,RES FIRIGATO 3,,R  RSL13,"R RSL13 CASA 01 , BAIRRO RES COSTA PARANHOS",3,3,3,1,1
AUTO_ALIAS_1A1_TOTAIS_IGUAIS,goiania,341373,7448,RES. FIRIGATO I,,R  RSL13,"R RSL13 CASA 02 , BAIRRO RES SÃO LEOPOLDO - COMPLEMENTO",2,2,2,1,1
AUTO_ALIAS_1A1_TOTAIS_IGUAIS,goiania,193345,9950,RES. FLAVIA FABIANA V,,R  VERDI,"R VERDI S/N     C 2 , BAIRRO JD EUROPA",2,2,2,1,1
AUTO_ALIAS_1A1_TOTAIS_IGUAIS,goiania,191928,14581,RES FLAVIA FABIANA VII,,AV ROMA,"AV ROMA 505     C 1 , BAIRRO JD EUROPA",2,2,2,1,1
AUTO_ALIAS_1A1_TOTAIS_IGUAIS,goiania,240069,11490,RES FLAVIO,,R  1144,"R 1144  CASA 01 , BAIRRO S MARISTA",3,3,3,1,1
AUTO_ALIAS_1A1_TOTAIS_IGUAIS,goiania,137040,6485,RES. FLAVIO E FALCAO,,R  IRMA MARIA BERNARDA,"R IRMA MARIA BERNARDA  CASA 01 , BAIRRO JD SÃO JOSÉ",2,2,2,1,1
AUTO_ALIAS_1A1_TOTAIS_IGUAIS,goiania,308927,6410,RES FL IX,,R  FL9,"R FL9 CASA 01 , BAIRRO PRQ DAS FLORES",2,2,2,1,1
AUTO_ALIAS_1A1_TOTAIS_IGUAIS,goiania,146214,5799,RES. FLORA,,R  C162,"R C162  CASA 01 , BAIRRO BRO JARDIM AMÉRICA",2,2,2,1,1
AUTO_ALIAS_1A1_TOTAIS_IGUAIS,goiania,128278,7466,RES FLORACI MOREIRA RESIDENCI I,,R  N2,"R N2  CASA 01 , BAIRRO S DAS NAÇÕES EXTENSÃO",2,2,2,1,1
AUTO_ALIAS_1A1_TOTAIS_IGUAIS,goiania,254658,5464,RES FLORA IV,,R  RIO BRANCO,"R CUIABA SOB 03 , BAIRRO BRO JARDIM DAS ESMERALDAS",3,3,3,1,1
AUTO_ALIAS_1A1_TOTAIS_IGUAIS,goiania,346106,7048,RES FLORA VI,,R  AB4,"R AB4 CASA 01 , BAIRRO RES ALICE BARBOSA",2,2,2,1,1
AUTO_ALIAS_1A1_TOTAIS_IGUAIS,goiania,344996,8686,RES FLORA VIII,,R  AB4,"R AB4 CASA 01 , BAIRRO RES ALICE BARBOSA",2,2,2,1,1
AUTO_ALIAS_1A1_TOTAIS_IGUAIS,goiania,252465,1880,RES FLORES,,R  FL36,"R FL36 CASA 01 , BAIRRO PRQ DAS FLORES",3,3,3,1,1
AUTO_ALIAS_1A1_TOTAIS_IGUAIS,goiania,356878,6215,RES FLORES-151,,R  FL39,"R FL39 CASA 01 , BAIRRO PRQ DAS FLORES",4,4,4,1,1
AUTO_ALIAS_1A1_TOTAIS_IGUAIS,goiania,270632,11464,RES. FLORES DE GOIAS,,R  FL1,"R FL1 CASA 01 , BAIRRO PRQ DAS FLORES",2,2,2,1,1
AUTO_ALIAS_1A1_TOTAIS_IGUAIS,goiania,252464,6772,RES. FLORES DE GOIAS I,,R  FL41,"AV CARRINHO CUNHA S/N CASA-1 , BAIRRO PRQ DAS FLORES",3,3,3,1,1
AUTO_ALIAS_1A1_TOTAIS_IGUAIS,goiania,396594,14177,RES FLORES DO CAMPO,,R  RB8,"R RB8 CASA 01 , BAIRRO RES RECANTO DO BOSQUE",2,2,2,1,1
AUTO_ALIAS_1A1_TOTAIS_IGUAIS,goiania,188890,1729,RES FLORIANOPOLIS,,R  DA RAIA,"R DA RAIA  CASA-01 , BAIRRO JD ATLÂNTICO",2,2,2,1,1
AUTO_ALIAS_1A1_TOTAIS_IGUAIS,goiania,177269,9560,RES FLORIANOPOLIS V,,R  FLORIANOPOLIS,"R FLORIANOPOLIS  CASA 01 , BAIRRO RES ANA CLARA",2,2,2,1,1
AUTO_ALIAS_1A1_TOTAIS_IGUAIS,goiania,59896,2239,RES FN 28,,R  FN28,"R FN28 LT 26 CS 01 , BAIRRO JD FONTE NOVA",2,2,2,1,1
AUTO_ALIAS_1A1_TOTAIS_IGUAIS,goiania,136501,7428,RES FONSECA LEMOS I,,R  PROF JOSE LUCIANO,"R PROF JOSE LUCIANO  SOB 02 , BAIRRO JD SÃO JOSÉ",2,2,2,1,1
AUTO_ALIAS_1A1_TOTAIS_IGUAIS,goiania,136750,10569,RES FONSECA'S VILLE,,R  RMP20,"R RMP20  CASA 01 , BAIRRO RES MONTE PASCOAL",2,2,2,1,1
AUTO_ALIAS_1A1_TOTAIS_IGUAIS,goiania,176827,12981,RES FONTE CELESTE,,R  47,"R 47  CASA 01 , BAIRRO CON DAS ESMERALDAS",2,2,2,1,1
AUTO_ALIAS_1A1_TOTAIS_IGUAIS,goiania,40101,1263,RES FONTE VILLE,,R  SC20,"R SC20 LT 06 CS 01 , BAIRRO RES JARDIM HELOU",2,2,2,1,1
AUTO_ALIAS_1A1_TOTAIS_IGUAIS,goiania,273194,8605,RES FONTOURA,,AL TIZIANO,"AL TIZIANO  SOB01 , BAIRRO S GENTIL MEIRELLES",3,3,3,1,1
AUTO_ALIAS_1A1_TOTAIS_IGUAIS,goiania,79895,14321,RES FONTOURA I,,R  PENEDO,"R SOL DAGUA  CASA 01 , BAIRRO LOT TROPICAL VILLE",2,2,2,1,1
AUTO_ALIAS_1A1_TOTAIS_IGUAIS,goiania,249563,2084,RES FORTALEZA,,R  PEROBA,"R PEROBA CASA 01 , BAIRRO JD MARILIZA",2,2,2,1,1
AUTO_ALIAS_1A1_TOTAIS_IGUAIS,goiania,310919,4206,RES.FORT HOUSE III,,R  RIO FORMOSO,"R RIO FORMOSO CASA 03 , BAIRRO RES RIO JORDÃO",3,3,3,1,1
AUTO_ALIAS_1A1_TOTAIS_IGUAIS,goiania,138005,7852,RES FORTIM II,,R  RY2,"R RY2  CASA 02 , BAIRRO RES YTAPUÃ",2,2,2,1,1
AUTO_ALIAS_1A1_TOTAIS_IGUAIS,goiania,137224,13455,RES FORTIM III,,R  RY3,"R RY3  CASA 02 , BAIRRO RES YTAPUÃ",2,2,2,1,1
AUTO_ALIAS_1A1_TOTAIS_IGUAIS,goiania,248811,6182,RES FORTUNATO XV,,R  FL9,"R FL9 C-2 , BAIRRO CH RIO BRANCO",2,2,2,1,1
AUTO_ALIAS_1A1_TOTAIS_IGUAIS,goiania,138817,7536,RES. FORT VI,,R  RMP22,"R RMP23  CASA 01 , BAIRRO RES MONTE PASCOAL",4,4,4,1,1
AUTO_ALIAS_1A1_TOTAIS_IGUAIS,goiania,226218,8883,RES F.P.C I,,R  DO PEQUI,"R DO PEQUI  CASA 01 , BAIRRO PRQ DAS PAINEIRAS II ETAPA",2,2,2,1,1
AUTO_ALIAS_1A1_TOTAIS_IGUAIS,goiania,336325,6877,RES FRANCA,,R  FOGO APAGOU,"R ANDORINHA CASA-01 , BAIRRO BRO SANTA GENOVEVA",2,2,2,1,1
AUTO_ALIAS_1A1_TOTAIS_IGUAIS,goiania,164185,10411,RES. FRANCISCA & SILVA,,R  DO COLEGIO,"R DO COLEGIO  CASA 01 , BAIRRO RES SANTA FÉ I",2,2,2,1,1
AUTO_ALIAS_1A1_TOTAIS_IGUAIS,goiania,259790,8753,RES FRANCISCO 38A,,R  RB38A,"R RB38A CASA 01 , BAIRRO RES RECANTO DO BOSQUE",2,2,2,1,1
AUTO_ALIAS_1A1_TOTAIS_IGUAIS,goiania,189594,5924,RES. FRANCISCO BARBOSA,,R  DO SALMAO,"R DO SALMAO S/N     CASA-1 , BAIRRO JD ATLÂNTICO",2,2,2,1,1
AUTO_ALIAS_1A1_TOTAIS_IGUAIS,goiania,190946,7648,RES FRANCISCO E AGNALDO,,R  VERDI,"R VERDI  CASA 01 , BAIRRO JD EUROPA",2,2,2,1,1
AUTO_ALIAS_1A1_TOTAIS_IGUAIS,goiania,383687,12276,RES. FRANCISCO HOLANDA 01,,R  RB10A,"R RB10A CASA 01 , BAIRRO RES RECANTO DO BOSQUE",2,2,2,1,1
AUTO_ALIAS_1A1_TOTAIS_IGUAIS,goiania,177762,8836,RES FRANCISCO H.S,,R  RI13,"R RI13  CASA 01 , BAIRRO RES ITAIPÚ",3,3,3,1,1
AUTO_ALIAS_1A1_TOTAIS_IGUAIS,goiania,89494,8866,RES FRANCO 02.09,,R  RIO MEIA PONTE,"R RIO MEIA PONTE  CASA 01 , BAIRRO JD NOVO PETRÓPOLIS",2,2,2,1,1
AUTO_ALIAS_1A1_TOTAIS_IGUAIS,goiania,172702,6637,RES FRANCO CARVALHO RESIDENCI,,R  BAIA FORMOSA,"R BAIA FORMOSA  CASA 01 , BAIRRO RES CAMPOS DOURADOS",2,2,2,1,1
AUTO_ALIAS_1A1_TOTAIS_IGUAIS,goiania,158188,8674,RES. FRANCO FILHO I,,R  CHARLES ANTONIO SIMAO,"R CHARLES ANTONIO SIMAO  CASA-01 , BAIRRO RES KÁTIA",2,2,2,1,1
AUTO_ALIAS_1A1_TOTAIS_IGUAIS,goiania,344729,13672,RES.FRATA,,R  DOM PEDRO I,"R DOM PEDRO I CASA 01 , BAIRRO RES VILLE DE FRANCE",2,2,2,1,1
AUTO_ALIAS_1A1_TOTAIS_IGUAIS,goiania,189707,10740,RES FREIRE,,R  DA SOIA,"R DA SOIA  CASA 02 , BAIRRO JD ATLÂNTICO",2,2,2,1,1
AUTO_ALIAS_1A1_TOTAIS_IGUAIS,goiania,267965,9056,RES FREITAS,,R  JOSE PEDRO COSTA,"R JOSE PEDRO COSTA 1135    CASA 01 , BAIRRO S CENTRO OESTE",3,3,3,1,1
AUTO_ALIAS_1A1_TOTAIS_IGUAIS,goiania,300490,6643,RES FREITAS-865,,R  FL20,"R FL20 CASA 01 , BAIRRO PRQ DAS FLORES",2,2,2,1,1
AUTO_ALIAS_1A1_TOTAIS_IGUAIS,goiania,172902,2056,RES FREITAS EDUARDO II,,R  CABO FRIO,"R CABO FRIO  CASA 01 , BAIRRO RES CAMPOS DOURADOS",2,2,2,1,1
AUTO_ALIAS_1A1_TOTAIS_IGUAIS,goiania,248929,8159,RES FREITAS E FERNANDES,,R  ERNESTO MARTINS CARDOSO,"R PROFESSORA JULIA KUBITSCHEK CASA 01 , BAIRRO BRO SANTO HILÁRIO II",2,2,2,1,1
AUTO_ALIAS_1A1_TOTAIS_IGUAIS,goiania,81240,9235,RES FREITAS I,,R  1,"R 1 CASA 01 , BAIRRO S SANTOS DUMONT",2,2,2,1,1
AUTO_ALIAS_1A1_TOTAIS_IGUAIS,goiania,124755,6547,RES FREITAS PAIVA I,,R  BENI,"R BENI  CASA 01 , BAIRRO RES NOVA AURORA",2,2,2,1,1
AUTO_ALIAS_1A1_TOTAIS_IGUAIS,goiania,127979,8650,RES FREITAS PAIVA II,,R  TRINIDAD,"R COCHABAMBA  CASA 01 , BAIRRO RES NOVA AURORA",2,2,2,1,1
AUTO_ALIAS_1A1_TOTAIS_IGUAIS,goiania,11736,9736,RES FREITAS PEREIRA,,R  C103,"AV C13 S/N     CASA01 , BAIRRO S SUDOESTE",4,4,4,1,1
AUTO_ALIAS_1A1_TOTAIS_IGUAIS,goiania,177543,13583,RES FREITAS SOARES,,R  RI17,"R RI17  C01 , BAIRRO RES ITAIPÚ",2,2,2,1,1
AUTO_ALIAS_1A1_TOTAIS_IGUAIS,goiania,164419,6248,RES. FREITAS X,,AV GYN23,"AV GYN23  CASA 02 , BAIRRO RES SANTA FÉ I",2,2,2,1,1
AUTO_ALIAS_1A1_TOTAIS_IGUAIS,goiania,239226,8380,RES FRESNEL,,AV T15,"AV T15  SOB 02 , BAIRRO S BUENO",2,2,2,1,1
AUTO_ALIAS_1A1_TOTAIS_IGUAIS,goiania,259695,4371,RES.FRIEDEN II,,R  RB49A,"R RB49A CASA 01 , BAIRRO RES RECANTO DO BOSQUE",2,2,2,1,1
AUTO_ALIAS_1A1_TOTAIS_IGUAIS,goiania,326628,8647,RES FRIEDEN VX,,R  FL23,"R FL23 CASA 01 , BAIRRO PRQ DAS FLORES",3,3,3,1,1
AUTO_ALIAS_1A1_TOTAIS_IGUAIS,goiania,250348,7580,RES FRIEDEN XX,,R  RB14,"R RB14 CASA 01 , BAIRRO RES RECANTO DO BOSQUE",2,2,2,1,1
AUTO_ALIAS_1A1_TOTAIS_IGUAIS,goiania,376532,9204,RES FRIENDEN XL,,R  RB39A,"R RB39A CASA 02 , BAIRRO RES RECANTO DO BOSQUE",2,2,2,1,1
AUTO_ALIAS_1A1_TOTAIS_IGUAIS,goiania,124251,1782,RES FROES,,R  DONA MORENA,"R DONA MORENA  CASA_01 , BAIRRO JD MARQUES DE ABREU",2,2,2,1,1
AUTO_ALIAS_1A1_TOTAIS_IGUAIS,goiania,127828,1676,RES FROES IV,,R  DAS CAMELIAS,"R DAS CAMELIAS  CASA01 , BAIRRO BRO JARDIM BOTÂNICO",2,2,2,1,1
AUTO_ALIAS_1A1_TOTAIS_IGUAIS,goiania,95247,6501,RES. F.S.P I,,R  RECIFE,"R RECIFE  C-1 , BAIRRO RES PETRÓPOLIS",2,2,2,1,1
AUTO_ALIAS_1A1_TOTAIS_IGUAIS,goiania,138786,7911,RES FT IV,,R  RMP7,"R RMP7  CASA 01 , BAIRRO RES MONTE PASCOAL",2,2,2,1,1
AUTO_ALIAS_1A1_TOTAIS_IGUAIS,goiania,101802,7909,RES FT V,,R  CRP14,"R CRP14  CASA 03 , BAIRRO RES PRIMAVERA",3,3,3,1,1
AUTO_ALIAS_1A1_TOTAIS_IGUAIS,goiania,104133,8278,RES FT VI,,R  MARIA ROSA DE JESUS,"R MARIA ROSA DE JESUS  CASA 02 , BAIRRO RES ANA MORAES",2,2,2,1,1
AUTO_ALIAS_1A1_TOTAIS_IGUAIS,goiania,138694,8280,RES FT VII,,R  RMP12,"R RMP12  CASA 01 , BAIRRO RES MONTE PASCOAL",2,2,2,1,1
AUTO_ALIAS_1A1_TOTAIS_IGUAIS,goiania,137940,8279,RES FT VIII,,R  RMP12,"R RMP12  CASA 01 , BAIRRO RES MONTE PASCOAL",2,2,2,1,1
AUTO_ALIAS_1A1_TOTAIS_IGUAIS,goiania,143688,8281,RES FT X,,R  MADRE RITA BRETAS,"R MADRE RITA BRETAS  CASA 01 , BAIRRO JD SÃO JOSÉ",2,2,2,1,1
AUTO_ALIAS_1A1_TOTAIS_IGUAIS,goiania,217656,2001,RES FUJISAWA,,R  CV16,"R CV16  CASA 01 , BAIRRO RES CENTER VILLE",2,2,2,1,1
AUTO_ALIAS_1A1_TOTAIS_IGUAIS,goiania,138437,7455,RES FURTADO CLEMENS RESIDENCE,,R  JOAO MAXIMO BORGES,"R JOAO MAXIMO BORGES  CASA 01 , BAIRRO RES BUENA VISTA III",2,2,2,1,1
AUTO_ALIAS_1A1_TOTAIS_IGUAIS,goiania,57135,7400,RES FURTADO SANTANA,,R  18A,"R 18B LT 07 . , BAIRRO BRO DOS AEROVIÁRIOS",2,2,2,1,1
AUTO_ALIAS_1A1_TOTAIS_IGUAIS,goiania,159178,2704,RES FV-38 FIDELIS,,R  FV38,"R FV38  CASA 02 , BAIRRO RES FIDÉLIS",2,2,2,1,1
AUTO_ALIAS_1A1_TOTAIS_IGUAIS,goiania,152753,7777,RES F.V.P. I,,R  PARIS,"R PARIS  CASA 01 , BAIRRO RES SANTA FÉ",2,2,2,1,1
AUTO_ALIAS_1A1_TOTAIS_IGUAIS,goiania,61802,9459,RES GABRIELA I,,R  FN9,"R FN9 LT 09 CS 01 , BAIRRO JD FONTE NOVA",2,2,2,1,1
AUTO_ALIAS_1A1_TOTAIS_IGUAIS,goiania,136781,10725,RES. GABRIELA II,,R  DR SAMIR HELOU,"R DR SAMIR HELOU  CASA 01 , BAIRRO JD SÃO JOSÉ",2,2,2,1,1
AUTO_ALIAS_1A1_TOTAIS_IGUAIS,goiania,141100,6052,RES GABRIEL DUTRA IV,,R  DR LAURO DA VEIGA JARDIM,"R DR LAURO DA VEIGA JARDIM S/N     CASA 01 , BAIRRO JD SÃO JOSÉ",2,2,2,1,1
AUTO_ALIAS_1A1_TOTAIS_IGUAIS,goiania,148648,10531,RES. GABRIELE,,R  C119,"R C119  CASA 01 , BAIRRO BRO JARDIM AMÉRICA",2,2,2,1,1
AUTO_ALIAS_1A1_TOTAIS_IGUAIS,goiania,242081,14376,RES GALATAS,,R  T29,"R T35 S/N     CASA 01 , BAIRRO S BUENO",2,2,2,1,1
AUTO_ALIAS_1A1_TOTAIS_IGUAIS,goiania,143421,7542,RES GALLIETA II,,R  PORTO HORIZONTE,"R PORTO HORIZONTE S/N     CASA 01 , BAIRRO RES BUENA VISTA IV",2,2,2,1,1
AUTO_ALIAS_1A1_TOTAIS_IGUAIS,goiania,381821,8809,RES GALVAO DOURADO I,,R  TIA BEIJA,"R TIA BEIJA CASA 01 , BAIRRO RES ANTÔNIO BARBOSA",2,2,2,1,1
AUTO_ALIAS_1A1_TOTAIS_IGUAIS,goiania,348390,8511,RES GALVAO OLIVEIRA II,,R  3,"R 3 CASA 01 , BAIRRO RES PAULO ESTRELA",2,2,2,1,1
AUTO_ALIAS_1A1_TOTAIS_IGUAIS,goiania,301775,5768,RES GAMELEIRA,,R  GAMELEIRA,"R DOS EUCALIPTOS SOB01 , BAIRRO LOT GOIÂNIA 2",3,3,3,1,1
AUTO_ALIAS_1A1_TOTAIS_IGUAIS,goiania,169947,1131,RES GANDRA,,R  W2,"R W2  SOB01 , BAIRRO JD ITAIPÚ",6,6,6,1,1
AUTO_ALIAS_1A1_TOTAIS_IGUAIS,goiania,177125,10395,RES GANZELERO,,R  RI29,"R RI29  CASA 01 , BAIRRO RES ITAIPÚ",2,2,2,1,1
AUTO_ALIAS_1A1_TOTAIS_IGUAIS,goiania,167332,2062,RES GARABOSKI X,,R  PORTO SEGURO,"R PORTO SEGURO  CASA 01 , BAIRRO RES CAMPOS DOURADOS",2,2,2,1,1
AUTO_ALIAS_1A1_TOTAIS_IGUAIS,goiania,230030,1214,RES GARAVELO,,R  19B,"R 19B  , BAIRRO S GARAVELO",2,2,2,1,1
AUTO_ALIAS_1A1_TOTAIS_IGUAIS,goiania,202169,1787,RES GARCIA,,AL GILSON ALVES DE SOUZA,"AL GILSON ALVES DE SOUZA  CASA 02 , BAIRRO LOT FAIÇALVILLE",2,2,2,1,1
AUTO_ALIAS_1A1_TOTAIS_IGUAIS,goiania,143379,5838,RES.GARCIA-13,,R  IRMA MARIA BERNARDA,"R IRMA MARIA BERNARDA  CASA 01 , BAIRRO JD SÃO JOSÉ",2,2,2,1,1
AUTO_ALIAS_1A1_TOTAIS_IGUAIS,goiania,147908,7501,RES GARCIA FERREIRA,,R  C155,"R C155  CASA 01 , BAIRRO BRO JARDIM AMÉRICA",2,2,2,1,1
AUTO_ALIAS_1A1_TOTAIS_IGUAIS,goiania,220432,7825,RES GARRA,,R  VANCOUVER,"R VANCOUVER  CASA 01 , BAIRRO RES CANADÁ",2,2,2,1,1
AUTO_ALIAS_1A1_TOTAIS_IGUAIS,goiania,140779,8975,RES. G & B,,R  ELPIDIO RODRIGUES,"R ELPIDIO RODRIGUES  CASA 01 , BAIRRO RES BUENA VISTA III",2,2,2,1,1
AUTO_ALIAS_1A1_TOTAIS_IGUAIS,goiania,175015,11461,RES. G.B.O. I,,AV BRASIL,"AV BRASIL  CASA01 , BAIRRO JD ITAIPÚ",2,2,2,1,1
AUTO_ALIAS_1A1_TOTAIS_IGUAIS,goiania,157117,7442,RES GB TEIXEIRA RESIDENCI II,,R  SB11,"R EF09 9       CASA 01 , BAIRRO RES SOLAR BOUGAINVILLE",2,2,2,1,1
AUTO_ALIAS_1A1_TOTAIS_IGUAIS,goiania,45363,8501,RES GB`TEIXEIRA RESIDENCI IV,,R  5 DE JULHO,"R 5 DE JULHO LT 16 . , BAIRRO JD GRAMADO",2,2,2,1,1
AUTO_ALIAS_1A1_TOTAIS_IGUAIS,goiania,118455,8322,RES GELLIM II,,R  PC-13,"R PC-13  CASA 01 , BAIRRO RES DOM RAFAEL",3,3,3,1,1
AUTO_ALIAS_1A1_TOTAIS_IGUAIS,goiania,289477,6993,RES. GEMTIL MEIRELES,,AL ANGELICO,"AL ANGELICO  CASA 01 , BAIRRO S GENTIL MEIRELLES",2,2,2,1,1
AUTO_ALIAS_1A1_TOTAIS_IGUAIS,goiania,198730,8068,RES GENESIS IX,,R  ASTURIAS,"R ASTURIAS  CASA 01 , BAIRRO S TRÊS MARIAS",2,2,2,1,1
AUTO_ALIAS_1A1_TOTAIS_IGUAIS,goiania,79259,2262,RES GENESI VI,,R  GENESI ALVES SIMON,"R GENESI ALVES SIMON CASA 01 , BAIRRO RES RECANTO DAS GARÇAS",2,2,2,1,1
AUTO_ALIAS_1A1_TOTAIS_IGUAIS,goiania,287430,12294,RES. GENILZA & POLIBIO,,R  CPR2,"R CPR2 CASA 02 , BAIRRO RES COSTA PARANHOS",2,2,2,1,1
AUTO_ALIAS_1A1_TOTAIS_IGUAIS,goiania,177217,13762,RES GEOVANNA,,R  W11,"R W11  CASA 1 , BAIRRO JD ITAIPÚ",2,2,2,1,1
AUTO_ALIAS_1A1_TOTAIS_IGUAIS,goiania,177659,2055,RES GEOVANY XL,,R  RI17,"R RI17  CASA 01 , BAIRRO RES ITAIPÚ",2,2,2,1,1
AUTO_ALIAS_1A1_TOTAIS_IGUAIS,goiania,11126,8395,RES GERACI,,R  C82,"R C74 LT 25 CASA 01 , BAIRRO S SUDOESTE",2,2,2,1,1
AUTO_ALIAS_1A1_TOTAIS_IGUAIS,goiania,177000,6494,RES GERALDO RIBEIRO,,R  RI17,"R RI17  CASA 01 , BAIRRO RES ITAIPÚ",2,2,2,1,1
AUTO_ALIAS_1A1_TOTAIS_IGUAIS,goiania,132853,7503,RES GERCINA BORGES I,,AV GERCINA BORGES TEIXEIRA,"R RMP26  CASA 01 , BAIRRO RES MONTE PASCOAL",2,2,2,1,1
AUTO_ALIAS_1A1_TOTAIS_IGUAIS,goiania,95801,2087,RES GERHARD PSZOLA II,,R  MANTIQUEIRA,"R MANTIQUEIRA  SOBRADO 04 , BAIRRO JD PETRÓPOLIS",4,4,4,1,1
AUTO_ALIAS_1A1_TOTAIS_IGUAIS,goiania,305006,534,RES GERMINADA,,R  7,"R 7 CASA01 , BAIRRO JD SANTO ANTÔNIO",2,2,2,1,1
AUTO_ALIAS_1A1_TOTAIS_IGUAIS,goiania,130201,6758,RES GESSY A.F II,,R  SM37,"R SM37  CASA 02 , BAIRRO RES SÃO MARCOS",2,2,2,1,1
AUTO_ALIAS_1A1_TOTAIS_IGUAIS,goiania,312989,9114,RES GETULIO AB 06,,R  AB6,"R AB6 CASA 01 , BAIRRO RES ALICE BARBOSA",2,2,2,1,1
AUTO_ALIAS_1A1_TOTAIS_IGUAIS,goiania,141320,6570,RES GEVIC CAVALCANTE COSTA I,,R  JOAO JOSE DE OLIVEIRA,"R JOAO JOSE DE OLIVEIRA  CASA 02 , BAIRRO RES YTAPUÃ",2,2,2,1,1
AUTO_ALIAS_1A1_TOTAIS_IGUAIS,goiania,102487,7012,RES GEVIC CAVALCANTE COSTA II,,AV FREI CONFALLONI,"AV FREI CONFALLONI  CASA 02 , BAIRRO RES ANA MORAES",2,2,2,1,1
AUTO_ALIAS_1A1_TOTAIS_IGUAIS,goiania,139935,6508,RES GEVIC CAVALCANTE XLX,,R  RY7,"R RY7  CASA 02 , BAIRRO RES YTAPUÃ",2,2,2,1,1
AUTO_ALIAS_1A1_TOTAIS_IGUAIS,goiania,138537,6569,RES GEVIC CAVALCANTE XP,,R  JOAO JOSE DE OLIVEIRA,"R JOAO JOSE DE OLIVEIRA  CASA 02 , BAIRRO RES YTAPUÃ",2,2,2,1,1
AUTO_ALIAS_1A1_TOTAIS_IGUAIS,goiania,79246,6641,RES GEVIC CAVALCANTE XT,,AV GOIANIA,"R GOIANIA CASA 01 , BAIRRO S MAYSA EXTENSÃO",4,4,4,1,1
AUTO_ALIAS_1A1_TOTAIS_IGUAIS,goiania,139361,5439,RES GEVIC CAVALCANTE XV,,R  MONS MOACIR BERNARDINO,"R MONS MOACIR BERNARDINO  CASA 02 , BAIRRO JD SÃO JOSÉ",2,2,2,1,1
AUTO_ALIAS_1A1_TOTAIS_IGUAIS,goiania,137226,6571,RES GEVIC CAVALCANTE XVX,,R  JOAO JOSE DE OLIVEIRA,"R JOAO JOSE DE OLIVEIRA  CASA 02 , BAIRRO RES YTAPUÃ",2,2,2,1,1
AUTO_ALIAS_1A1_TOTAIS_IGUAIS,goiania,103445,6185,RES. GEVIC CAVALCANTE XX,,AV FREI CONFALLONI,"AV FREI CONFALLONI  CASA 02 , BAIRRO RES ANA MORAES",2,2,2,1,1
AUTO_ALIAS_1A1_TOTAIS_IGUAIS,goiania,143262,6319,RES GEVIC CAVALCANTE XXL,,R  RY9,"R RY9  CASA 02 , BAIRRO RES YTAPUÃ",2,2,2,1,1
AUTO_ALIAS_1A1_TOTAIS_IGUAIS,goiania,104367,7309,RES GEVIC COSTA XXX,,AV FREI CONFALLONI,"AV FREI CONFALLONI  C-2 , BAIRRO RES ANA MORAES",2,2,2,1,1
AUTO_ALIAS_1A1_TOTAIS_IGUAIS,goiania,154039,9899,RES. GF PEREIRA I,,R  ALUISIO ALVARENGA,"R ALUISIO ALVARENGA  CASA 01 , BAIRRO RES SANTA FÉ",2,2,2,1,1
AUTO_ALIAS_1A1_TOTAIS_IGUAIS,goiania,145131,11591,RES. GH ALVARENGA I,,R  C148,"R C148  CASA 02 , BAIRRO BRO JARDIM AMÉRICA",2,2,2,1,1
AUTO_ALIAS_1A1_TOTAIS_IGUAIS,goiania,206855,11223,RES. GIBRALTAR III,,R  F41,"R F41  CASA01 , BAIRRO LOT FAIÇALVILLE",2,2,2,1,1
AUTO_ALIAS_1A1_TOTAIS_IGUAIS,goiania,155325,13931,RES GIDEON I,,AV ORLANDO MARQUES DE ABREU,"AV ORLANDO MARQUES DE ABREU  CASA-01 , BAIRRO S SOLAR SANTA RITA",2,2,2,1,1
AUTO_ALIAS_1A1_TOTAIS_IGUAIS,goiania,143366,12266,RES GILBERTO SILVA,,R  NAZARENO RORIZ,"R NAZARENO RORIZ  CASA 01 , BAIRRO JD SÃO JOSÉ",2,2,2,1,1
AUTO_ALIAS_1A1_TOTAIS_IGUAIS,goiania,376346,7515,RES GILMAR EVANGELISTA,,AV DO CAFE,"R PINHEIRO CASA 01 , BAIRRO BRO SANTA GENOVEVA",3,3,3,1,1
AUTO_ALIAS_1A1_TOTAIS_IGUAIS,goiania,315715,7861,RES GILMAR EVANGELISTA II,,R  JEQUITIBA,"R IPE CASA-01 , BAIRRO BRO SANTA GENOVEVA",3,3,3,1,1
AUTO_ALIAS_1A1_TOTAIS_IGUAIS,goiania,11630,7326,RES GILTON,,R  C53,"R C53 LT 04 CASA 02 , BAIRRO S SUDOESTE",2,2,2,1,1
AUTO_ALIAS_1A1_TOTAIS_IGUAIS,goiania,12021,8081,RES GILTON 5,,PC C10,"PC C10  CASA 01 , BAIRRO S SUDOESTE",2,2,2,1,1
AUTO_ALIAS_1A1_TOTAIS_IGUAIS,goiania,222437,9025,RES GIOVANNY RODRIGUES I,,R  MDV19,"R MDV19  CASA 01 , BAIRRO LOT MOINHO DOS VENTOS",3,3,3,1,1
AUTO_ALIAS_1A1_TOTAIS_IGUAIS,goiania,224908,13649,RES GISELA BASTOS DA MOTA ALMEIDA II,,R  MATRINCHA,"R MATRINCHA  CASA 01 , BAIRRO RES AQUÁRIOS II",2,2,2,1,1
AUTO_ALIAS_1A1_TOTAIS_IGUAIS,goiania,220447,6105,RES. G JUNIO,,R  RC1,"R RC1  CASA 01 , BAIRRO RES CANADÁ",2,2,2,1,1
AUTO_ALIAS_1A1_TOTAIS_IGUAIS,goiania,148088,7863,RES. GLAUCIANE,,R  C160,"R C160  SOB 01 , BAIRRO BRO JARDIM AMÉRICA",2,2,2,1,1
AUTO_ALIAS_1A1_TOTAIS_IGUAIS,goiania,30282,7545,RES GLEONICE JAVAE,,R  JAVAE,"R JAVAE CASA 01 , BAIRRO S ESTRELA DALVA",2,2,2,1,1
AUTO_ALIAS_1A1_TOTAIS_IGUAIS,goiania,374232,8092,RES GLEYSSA PAZ,,R  PIRATININGA,"R PIRATININGA CASA 01 , BAIRRO JD BELA VISTA",2,2,2,1,1
AUTO_ALIAS_1A1_TOTAIS_IGUAIS,goiania,355968,7983,RES GLEYSSA PAZ III,,R  MARIA DE LURDES G FERREIRA,"R MARIA DE LURDES G FERREIRA CASA 02 , BAIRRO RES PARQUE FLAMBOYANT",2,2,2,1,1
AUTO_ALIAS_1A1_TOTAIS_IGUAIS,goiania,280493,8114,RES GLEYSSA PAZ IV,,R  PRINCESA IZABEL,"R PRINCESA IZABEL CASA 01 , BAIRRO RES VILLE DE FRANCE",2,2,2,1,1
AUTO_ALIAS_1A1_TOTAIS_IGUAIS,goiania,157398,6998,RES G.L.M.II,,R  F8,"R F8  CASA 02 , BAIRRO RES FIDÉLIS",2,2,2,1,1
AUTO_ALIAS_1A1_TOTAIS_IGUAIS,goiania,222253,10962,RES. GM,,AV TORONTO,"AV TORONTO  CASA-01 , BAIRRO RES CANADÁ",2,2,2,1,1
AUTO_ALIAS_1A1_TOTAIS_IGUAIS,goiania,169374,5871,RES.GM 2,,R  RI-9,"R RI-9  CASA 01 , BAIRRO RES ITAIPÚ",2,2,2,1,1
AUTO_ALIAS_1A1_TOTAIS_IGUAIS,goiania,169369,7132,RES GM 4,,R  RI-9,"R RI-9  CASA 01 , BAIRRO RES ITAIPÚ",2,2,2,1,1
AUTO_ALIAS_1A1_TOTAIS_IGUAIS,goiania,170254,7325,RES GM 42,,R  RI6,"R RI6  CASA 01 , BAIRRO RES ITAIPÚ",2,2,2,1,1
AUTO_ALIAS_1A1_TOTAIS_IGUAIS,goiania,169272,7324,RES GM 43,,R  RI6,"R RI6  CASA 01 , BAIRRO RES ITAIPÚ",2,2,2,1,1
AUTO_ALIAS_1A1_TOTAIS_IGUAIS,goiania,169271,7323,RES GM 44,,R  RI6,"R RI6  CASA 01 , BAIRRO RES ITAIPÚ",2,2,2,1,1
AUTO_ALIAS_1A1_TOTAIS_IGUAIS,goiania,169273,7135,RES GM 5,,R  RI-9,"R RI-9  CASA 01 , BAIRRO RES ITAIPÚ",2,2,2,1,1
AUTO_ALIAS_1A1_TOTAIS_IGUAIS,goiania,223266,7008,RES.GM III,,R  MDV13,"R MDV13  CASA 01 , BAIRRO LOT MOINHO DOS VENTOS",2,2,2,1,1
AUTO_ALIAS_1A1_TOTAIS_IGUAIS,goiania,167946,1632,RES GODOI REZENDE III,,R  W13,"R W13  CASA 01 , BAIRRO JD ITAIPÚ",2,2,2,1,1
AUTO_ALIAS_1A1_TOTAIS_IGUAIS,goiania,93598,13993,RES GOIA 148194,,R  PADRE MONTE,"R PADRE MONTE  SOBRADO 01 , BAIRRO BRO GOIÁ 2",4,4,4,1,1
AUTO_ALIAS_1A1_TOTAIS_IGUAIS,goiania,96463,12185,RES. GOIANIA V,,R  TAMOIOS,"R TAMOIOS  CASA01 , BAIRRO RES PETRÓPOLIS",2,2,2,1,1
AUTO_ALIAS_1A1_TOTAIS_IGUAIS,goiania,197268,7433,RES GOIAS,,R  GETULIO VARGAS,"R GETULIO VARGAS  CASA 01 , BAIRRO PRQ ANHANGÜERA",2,2,2,1,1
AUTO_ALIAS_1A1_TOTAIS_IGUAIS,goiania,130618,1998,RES GOIAZ PARK XX,,AV OSMIRA MOREIRA DOS SANTOS,"AV OSMIRA MOREIRA DOS SANTOS  CASA 01 , BAIRRO RES GOYAZ PARK",2,2,2,1,1
AUTO_ALIAS_1A1_TOTAIS_IGUAIS,goiania,372005,8232,RES.GOIAZ SELANI,,AV SEXTA AVENIDA,"AV SEXTA AVENIDA CASA 01 , BAIRRO S LESTE UNIVERSITÁRIO",3,3,3,1,1
AUTO_ALIAS_1A1_TOTAIS_IGUAIS,goiania,190242,14023,RES GOIOERE,,R  ISA LOSTRACCO,"R ISA LOSTRACCO  CASA 02 , BAIRRO JD PLANALTO",2,2,2,1,1
AUTO_ALIAS_1A1_TOTAIS_IGUAIS,goiania,313554,5437,RES.GOIS,,R  RIO GRANDE,"R RIO GRANDE S/N     CASA 01 , BAIRRO RES RIO JORDÃO",2,2,2,1,1
AUTO_ALIAS_1A1_TOTAIS_IGUAIS,goiania,176689,11316,RES GOLDFELD SKAF,,R  RI18,"R RI18  CASA 01 , BAIRRO RES ITAIPÚ",2,2,2,1,1
AUTO_ALIAS_1A1_TOTAIS_IGUAIS,goiania,13528,1711,RES GOLD SALES,,R  19 DE NOVEMBRO,"R 19 DE NOVEMBRO CASA 01 , BAIRRO S ESTRELA DALVA",2,2,2,1,1
AUTO_ALIAS_1A1_TOTAIS_IGUAIS,goiania,164733,5707,RES.GOMES -718,,R  HERMANTINO FERNANDES,"R HERMANTINO FERNANDES  CASA 01 , BAIRRO RES SANTA FÉ",2,2,2,1,1
AUTO_ALIAS_1A1_TOTAIS_IGUAIS,goiania,376707,8572,RES GOMES BRITO VI,,R  RB56A,"R RB56A CASA 01 , BAIRRO RES RECANTO DO BOSQUE",2,2,2,1,1
AUTO_ALIAS_1A1_TOTAIS_IGUAIS,goiania,376356,7598,RES GOMES BRITO XXX,,R  RB49A,"R RB49A CASA 01 , BAIRRO RES RECANTO DO BOSQUE",2,2,2,1,1
AUTO_ALIAS_1A1_TOTAIS_IGUAIS,goiania,189635,5594,RES GOMES DA COSTA V,,R  DO GOLFINHO,"R DO GOLFINHO  CASA 01 , BAIRRO JD ATLÂNTICO",2,2,2,1,1
AUTO_ALIAS_1A1_TOTAIS_IGUAIS,goiania,158342,9794,RES. GOMES DOS SANTOS IV,,R  SB18,"R SB18  CASA 02 , BAIRRO RES SOLAR BOUGAINVILLE",2,2,2,1,1
AUTO_ALIAS_1A1_TOTAIS_IGUAIS,goiania,135919,7330,RES GOMES FERNANDES V,,R  IRMA LAURA CHAER,"R IRMA LAURA CHAER  CASA01 , BAIRRO JD SÃO JOSÉ",2,2,2,1,1
AUTO_ALIAS_1A1_TOTAIS_IGUAIS,goiania,138855,8201,RES GOMES FERNANDES VI,,R  IRMA LAURA CHAER,"R IRMA LAURA CHAER  CASA 01 , BAIRRO JD SÃO JOSÉ",2,2,2,1,1
AUTO_ALIAS_1A1_TOTAIS_IGUAIS,goiania,168123,11362,RES GOMES FERREIRA I,,R  RI32,"R RI32  CASA 01 , BAIRRO RES ITAIPÚ",3,3,3,1,1
AUTO_ALIAS_1A1_TOTAIS_IGUAIS,goiania,168117,11305,RES GOMES FERREIRA II,,R  RI8,"R RI32  CASA 01 , BAIRRO RES ITAIPÚ",3,3,3,1,1
AUTO_ALIAS_1A1_TOTAIS_IGUAIS,goiania,159845,6658,RES GOMES GERAIS I,,AV CRUZEIRO DO SUL,"AV CRUZEIRO DO SUL  C-2 , BAIRRO RES SANTA FÉ I",2,2,2,1,1
AUTO_ALIAS_1A1_TOTAIS_IGUAIS,goiania,160497,7715,RES GOMES GERAIS II,,AV CRUZEIRO DO SUL,"AV CRUZEIRO DO SUL  C-1 , BAIRRO RES SANTA FÉ I",2,2,2,1,1
AUTO_ALIAS_1A1_TOTAIS_IGUAIS,goiania,128884,8045,RES GOMES I,,R  N2,"R N2  CASA 01 , BAIRRO S DAS NAÇÕES EXTENSÃO",2,2,2,1,1
AUTO_ALIAS_1A1_TOTAIS_IGUAIS,goiania,223168,11958,RES GOMES II,,R  MDV18,"R MDV18  CASA 01 , BAIRRO LOT MOINHO DOS VENTOS",2,2,2,1,1
AUTO_ALIAS_1A1_TOTAIS_IGUAIS,goiania,207535,8261,RES GOMES NETO,,R  F17,"R F17  CASA 01 , BAIRRO LOT FAIÇALVILLE",3,3,3,1,1
AUTO_ALIAS_1A1_TOTAIS_IGUAIS,goiania,269303,11795,RES. GOMES ROCHA,,R  MA13,"R MA13 CASA 1 , BAIRRO RES OLINDA",2,2,2,1,1
AUTO_ALIAS_1A1_TOTAIS_IGUAIS,goiania,39936,6987,RES. GOMIDE RIBEIRO,,R  SC14,"R SC14 LT 06 CASA 01 , BAIRRO JD COLORADO",2,2,2,1,1
AUTO_ALIAS_1A1_TOTAIS_IGUAIS,goiania,122935,7443,RES GONCALVES 881,,R  RITA DE CASSIA ULTRA,"R RITA DE CASSIA ULTRA  C-1 , BAIRRO CON RIO BRANCO",2,2,2,1,1
AUTO_ALIAS_1A1_TOTAIS_IGUAIS,goiania,127346,6171,RES GONCALVES-955,,AV IPIRANGA,"AV IPIRANGA  CASA 01 , BAIRRO CON RIO BRANCO",2,2,2,1,1
AUTO_ALIAS_1A1_TOTAIS_IGUAIS,goiania,334196,8786,RES GONCALVES DE MENEZES II,,R  CASCATA,"R CASCATA CASA 01 , BAIRRO BRO SANTA GENOVEVA",3,3,3,1,1
AUTO_ALIAS_1A1_TOTAIS_IGUAIS,goiania,183121,1260,RES GONCALVES E MOURA II,,R  BRASIL,"R BRASIL  CASA 01 , BAIRRO S GRAJAÚ",2,2,2,1,1
AUTO_ALIAS_1A1_TOTAIS_IGUAIS,goiania,183114,10848,RES GONCALVES & MOURA IV,,R  BRASIL,"R BRASIL  CASA 02 , BAIRRO S GRAJAÚ",2,2,2,1,1
AUTO_ALIAS_1A1_TOTAIS_IGUAIS,goiania,260789,13261,RES GONTIJO II,,R  56,"R 56 SOB 01 , BAIRRO JD GOIÁS",2,2,2,1,1
AUTO_ALIAS_1A1_TOTAIS_IGUAIS,goiania,378997,9032,RES GONZAGA PEREIRA I,,R  FN,"R FN CASA 01 , BAIRRO RES VALE DOS SONHOS I",2,2,2,1,1
AUTO_ALIAS_1A1_TOTAIS_IGUAIS,goiania,81385,13316,RES GOUVEIA DE PAULA II,,R  SV26,"R SV26 CASA 01 , BAIRRO RES SOLAR VILLE",2,2,2,1,1
AUTO_ALIAS_1A1_TOTAIS_IGUAIS,goiania,117408,2816,RES GOUVEIA II,,R  DOS FERROVIARIOS,"R DOS FERROVIARIOS  CASA 02 , BAIRRO PRQ INDUSTRIAL JOÃO BRAZ 2",2,2,2,1,1
AUTO_ALIAS_1A1_TOTAIS_IGUAIS,goiania,116095,9361,RES GOUVEIA SOARES III,,R  ANTONIA CANDIDA PEREIRA,"R ANTONIA CANDIDA PEREIRA  CASA 01 , BAIRRO PRQ INDUSTRIAL JOÃO BRAZ 2",2,2,2,1,1
AUTO_ALIAS_1A1_TOTAIS_IGUAIS,goiania,129090,6145,RES.GOYAZ GP0633,,R  GP12,"R GP12  CASA 01 , BAIRRO RES GOYAZ PARK",2,2,2,1,1
AUTO_ALIAS_1A1_TOTAIS_IGUAIS,goiania,131047,11576,RES GOYAZ PARK XXI,,R  GP6,"R GP6  CASA 02 , BAIRRO RES GOYAZ PARK",2,2,2,1,1
AUTO_ALIAS_1A1_TOTAIS_IGUAIS,goiania,30421,6990,RES GP X,,R  G,"R JC35 LT S/N . , BAIRRO S PARQUE TREMENDÃO",4,4,4,1,1
AUTO_ALIAS_1A1_TOTAIS_IGUAIS,goiania,13901,7663,RES GP XI,,R  J,"R J LT 01 CS 01/02 , BAIRRO S PARQUE TREMENDÃO",2,2,2,1,1
AUTO_ALIAS_1A1_TOTAIS_IGUAIS,goiania,59707,8415,RES GP XIII,,R  JB01,"R JB01 LT 24 CS 02 , BAIRRO RES JARDIM BELVEDERE",2,2,2,1,1
AUTO_ALIAS_1A1_TOTAIS_IGUAIS,goiania,170058,8900,RES GRACAS DA SILVA III,,R  30,"R 30  CASA01 , BAIRRO CON DAS ESMERALDAS",2,2,2,1,1
AUTO_ALIAS_1A1_TOTAIS_IGUAIS,goiania,176142,7492,RES GRACAS PEREIRA,,R  RI19,"R RI19  C-01 , BAIRRO RES ITAIPÚ",2,2,2,1,1
AUTO_ALIAS_1A1_TOTAIS_IGUAIS,goiania,206840,7107,RES GRACIANA I,,R  F41,"R F41  CASA 01 , BAIRRO LOT FAIÇALVILLE",2,2,2,1,1
AUTO_ALIAS_1A1_TOTAIS_IGUAIS,goiania,103866,14456,RES GRACIANO FIFTEEN,,R  CRP-05,"R CRP-05  CASA-02 , BAIRRO RES ANA MORAES",2,2,2,1,1
AUTO_ALIAS_1A1_TOTAIS_IGUAIS,goiania,101704,11290,RES GRACIANO SEVEN,,R  CRP14,"R CRP14  CASA02 , BAIRRO RES PRIMAVERA",2,2,2,1,1
AUTO_ALIAS_1A1_TOTAIS_IGUAIS,goiania,87316,13469,RES GRACIANO V,,R  LUIS JOSE COSTA,"R LUIS JOSE COSTA  CASA 02 , BAIRRO RES PILAR DOS SONHOS",2,2,2,1,1
AUTO_ALIAS_1A1_TOTAIS_IGUAIS,goiania,164985,14065,RES GRACIEL D OLIVEIRA II,,R  GOMES DE SANTANA RAMOS,"R GOMES DE SANTANA RAMOS  CASA 01 , BAIRRO RES SANTA FÉ",2,2,2,1,1
AUTO_ALIAS_1A1_TOTAIS_IGUAIS,goiania,165517,14047,RES GRACIEL D´OLIVEIRA II,,R  HERMANTINO FERNANDES,"R HERMANTINO FERNANDES  CASA 01 , BAIRRO RES SANTA FÉ",2,2,2,1,1
AUTO_ALIAS_1A1_TOTAIS_IGUAIS,goiania,165314,12560,RES GRACIEL D OLIVEIRA VI,,R  GOMES DE SANTANA RAMOS,"R GOMES DE SANTANA RAMOS  CASA 01 , BAIRRO RES SANTA FÉ",2,2,2,1,1
AUTO_ALIAS_1A1_TOTAIS_IGUAIS,goiania,166125,7977,RES. GRACIEL D OLIVEIRA XIII,,R  DA PAZ,"R DA PAZ  CASA 01 , BAIRRO RES SANTA FÉ",2,2,2,1,1
AUTO_ALIAS_1A1_TOTAIS_IGUAIS,goiania,165403,1965,RES GRACIEL D OLIVEIRA XIV,,R  DA PAZ,"R DA PAZ  CASA 01 , BAIRRO RES SANTA FÉ",2,2,2,1,1
AUTO_ALIAS_1A1_TOTAIS_IGUAIS,goiania,157217,3326,RES GRACIEL D OLIVEIRA XVII,,R  FV11,"R FV12  CASA 01 , BAIRRO RES FORTEVILLE",2,2,2,1,1
AUTO_ALIAS_1A1_TOTAIS_IGUAIS,goiania,78901,11652,RES GRACI RAMOS,,R  SV11,"R SV11 CASA 01 , BAIRRO RES SOLAR VILLE",2,2,2,1,1
AUTO_ALIAS_1A1_TOTAIS_IGUAIS,goiania,178890,7320,RES. GRAJAU VILLAGE I,,R  G11,"R GRAJAU  CASA 01 , BAIRRO S GRAJAÚ",3,3,3,1,1
AUTO_ALIAS_1A1_TOTAIS_IGUAIS,goiania,183222,7245,RES. GRAJAU VILLAGE II,,R  G1,"R G1  CASA 01 , BAIRRO S GRAJAÚ",2,2,2,1,1
AUTO_ALIAS_1A1_TOTAIS_IGUAIS,goiania,46597,6601,RES GRAMADO,,R  5 DE JULHO,"R 5 DE JULHO LT 19 CS 01 , BAIRRO JD GRAMADO",2,2,2,1,1
AUTO_ALIAS_1A1_TOTAIS_IGUAIS,goiania,52249,6929,RES. GRAMADO 06,,R  JGO1,"R JGO1 LT 06 CS 01 , BAIRRO JD GRAMADO",2,2,2,1,1
AUTO_ALIAS_1A1_TOTAIS_IGUAIS,goiania,189538,1458,RES GRAMADO ATLANTICO,,R  DO XAREU,"R DO XAREU  SOB01 , BAIRRO JD ATLÂNTICO",5,5,5,1,1
AUTO_ALIAS_1A1_TOTAIS_IGUAIS,goiania,261635,2112,RES GRAMADOS,,R  5,"R 5 CASA 01 , BAIRRO RES PAULO ESTRELA",2,2,2,1,1
AUTO_ALIAS_1A1_TOTAIS_IGUAIS,goiania,168072,7322,RES GRANDE FAMILIA X,,R  RI10,"R RI10  CASA 01 , BAIRRO RES ITAIPÚ",2,2,2,1,1
AUTO_ALIAS_1A1_TOTAIS_IGUAIS,goiania,199060,10226,RES GRAZIELLE ROCHA I,,R  F31,"R F31  CASA 01 , BAIRRO LOT FAIÇALVILLE",2,2,2,1,1
AUTO_ALIAS_1A1_TOTAIS_IGUAIS,goiania,208255,7836,RES GRAZIELLE ROCHA II,,AL ALCIDES DE ARAUJO ROMAO,"AL ALCIDES DE ARAUJO ROMAO  CASA 01 , BAIRRO LOT FAIÇALVILLE",2,2,2,1,1
AUTO_ALIAS_1A1_TOTAIS_IGUAIS,goiania,347357,1274,RES GREEN PALACE,,R  DA CONCORDIA,"SN CASA1 TIPO1 , BAIRRO BRO SANTA GENOVEVA",49,49,49,1,1
AUTO_ALIAS_1A1_TOTAIS_IGUAIS,goiania,312812,7146,RES.GSM FRANKFURT,,R  FL23,"R FL23 CASA 01 , BAIRRO PRQ DAS FLORES",2,2,2,1,1
AUTO_ALIAS_1A1_TOTAIS_IGUAIS,goiania,401439,9343,RES GSS XVI,,R  SC1,"R SC1 LT 17 CS 01 / CS 02 , BAIRRO JD COLORADO",2,2,2,1,1
AUTO_ALIAS_1A1_TOTAIS_IGUAIS,goiania,122565,9164,RES GUAICURUS 09,,R  GUAICURUS,"R GUAICURUS  CASA 03 , BAIRRO PRQ INDUSTRIAL JOÃO BRAZ",3,3,3,1,1
AUTO_ALIAS_1A1_TOTAIS_IGUAIS,goiania,193207,1590,RES GUANAMBI,,R  CARLOS GOMES,"R CARLOS GOMES  SOBRADO 1 , BAIRRO PRQ ANHANGÜERA",2,2,2,1,1
AUTO_ALIAS_1A1_TOTAIS_IGUAIS,goiania,308954,1465,RES GUARAJUBA,,R  CR3,"R CR3  CASA 01 , BAIRRO RES ITÁLIA",2,2,2,1,1
AUTO_ALIAS_1A1_TOTAIS_IGUAIS,goiania,290518,9085,RES. GUARANI,,R  GUARANI,"R GUARANI SOB. 01 , BAIRRO JD GUANABARA",3,3,3,1,1
AUTO_ALIAS_1A1_TOTAIS_IGUAIS,goiania,172810,7804,RES GUARDIANO DE SANTANA,,R  BARRA DO PIRAI,"R BARRA DO PIRAI  CASA 01 , BAIRRO RES CAMPOS DOURADOS",3,3,3,1,1
AUTO_ALIAS_1A1_TOTAIS_IGUAIS,goiania,161441,1712,RES GUAVIRA II,,R  FV32,"R FV32  C-1 , BAIRRO RES FORTE VILLE - EXTENSÃO",2,2,2,1,1
AUTO_ALIAS_1A1_TOTAIS_IGUAIS,goiania,166171,4697,RES.GUAVIRA X,,R  BOA VISTA,"R BOA VISTA  CASA 01 , BAIRRO RES SANTA FÉ I",2,2,2,1,1
AUTO_ALIAS_1A1_TOTAIS_IGUAIS,goiania,82795,11673,RES. GUAXUMA,,R  GUAXUMA,"R GUAXUMA C-1 , BAIRRO S BARRA DA TIJUCA",2,2,2,1,1
AUTO_ALIAS_1A1_TOTAIS_IGUAIS,goiania,388795,9327,RES. GUERRA OLIVEIRA II,,R  LOTUS,"R LOTUS CASA 02 , BAIRRO LOT GOIÂNIA 2",2,2,2,1,1
AUTO_ALIAS_1A1_TOTAIS_IGUAIS,goiania,302721,7782,RES GUERRA OLIVEIRA X,,R  DO ONIX,"R DO ONIX CASA 01 , BAIRRO LOT GOIÂNIA 2",2,2,2,1,1
AUTO_ALIAS_1A1_TOTAIS_IGUAIS,goiania,117783,2015,RES GUERRIERI,,R  PH9,"R PH9  CASA 01 , BAIRRO LOT SOLANGE PARQUE III",2,2,2,1,1
AUTO_ALIAS_1A1_TOTAIS_IGUAIS,goiania,207561,6459,RES. GUIMAARES,,R  F20,"R F20  CASA 02 , BAIRRO LOT FAIÇALVILLE",2,2,2,1,1
AUTO_ALIAS_1A1_TOTAIS_IGUAIS,goiania,351395,11595,RES GUIMARAES,,R  PARECYS,"R PARECYS S/N CASA 01 , BAIRRO JD BELA VISTA",2,2,2,1,1
AUTO_ALIAS_1A1_TOTAIS_IGUAIS,goiania,269857,6958,RES GUIMARAES III,,R  DONA TEREZA,"R DONA TEREZA CASA 01 , BAIRRO JD BELA VISTA",2,2,2,1,1
AUTO_ALIAS_1A1_TOTAIS_IGUAIS,goiania,179071,7826,RES GUIMARAES OKA RESIDENCI I,,VIAERICO VERISSIMO,"VIAERICO VERISSIMO  CASA 03 , BAIRRO S AMIM CAMARGO",3,3,3,1,1
AUTO_ALIAS_1A1_TOTAIS_IGUAIS,goiania,189513,12669,RES. GUIMARAES RIBEIRO,,R  DO SAVEU,"R DO SAVEU  CASA 01 , BAIRRO JD ATLÂNTICO",2,2,2,1,1
AUTO_ALIAS_1A1_TOTAIS_IGUAIS,goiania,148886,7003,RES GUIM TORADA,,R  C212,"R C212  SOB 1 , BAIRRO BRO JARDIM AMÉRICA",2,2,2,1,1
AUTO_ALIAS_1A1_TOTAIS_IGUAIS,goiania,299358,8766,RES GUSTAVO VAZ I,,R  RB16,"R RB16 CASA 1 , BAIRRO RES RECANTO DO BOSQUE",2,2,2,1,1
AUTO_ALIAS_1A1_TOTAIS_IGUAIS,goiania,230327,7414,RES HAGTA,,AV CENTER,"AV CENTER  CASA 01 , BAIRRO JD MADRI",2,2,2,1,1
AUTO_ALIAS_1A1_TOTAIS_IGUAIS,goiania,263942,8871,RES HAMILTON CASTRO II,,R  DOM PEDRO I,"R DOM PEDRO I CASA 01 , BAIRRO RES VILLE DE FRANCE",2,2,2,1,1
AUTO_ALIAS_1A1_TOTAIS_IGUAIS,goiania,139796,14226,RES HANADA III,,R  PE ORMINDO VIVEIRO DE CASTRO,"R PE ORMINDO VIVEIRO DE CASTRO  CASA 01 , BAIRRO JD SÃO JOSÉ",2,2,2,1,1
AUTO_ALIAS_1A1_TOTAIS_IGUAIS,goiania,94699,1717,RES HANS GERHARD PSZOLA,,R  SANTO AMARO,"R TRINDADE S/N     SOB01. , BAIRRO JD PETRÓPOLIS",4,4,4,1,1
AUTO_ALIAS_1A1_TOTAIS_IGUAIS,goiania,285485,7856,RES HARCA,,R  1051 UNIDADE 105,"R 1051 UNIDADE 105 SOBRADO 01 , BAIRRO PRQ ATHENEU",3,3,3,1,1
AUTO_ALIAS_1A1_TOTAIS_IGUAIS,goiania,311301,7638,RES HARCA II,,R  JACARANDA,"R JACARANDA CASA 01 , BAIRRO JD MARILIZA",2,2,2,1,1
AUTO_ALIAS_1A1_TOTAIS_IGUAIS,goiania,172732,2080,RES HARLEY DA COSTA I,,R  ANGRA DOS REIS,"R ANGRA DOS REIS  CASA 01 , BAIRRO RES CAMPOS DOURADOS",2,2,2,1,1
AUTO_ALIAS_1A1_TOTAIS_IGUAIS,goiania,373378,5526,RES.HAVANA,,R  ACP28,"R ACP28 CASA 01 , BAIRRO RES ANTONIO CARLOS PIRES",2,2,2,1,1
AUTO_ALIAS_1A1_TOTAIS_IGUAIS,goiania,159832,8050,RES. HAWK-39,,R  R17,"R R17 61      CASA 01 , BAIRRO S SOLAR SANTA RITA",2,2,2,1,1
AUTO_ALIAS_1A1_TOTAIS_IGUAIS,goiania,298249,5300,RES HC BENTO V,,R  EL GRECO,"R EL GREGO SOBRADO 01 , BAIRRO RES MORUMBI",2,2,2,1,1
AUTO_ALIAS_1A1_TOTAIS_IGUAIS,goiania,222319,2283,RES HEDGAR CUNHA,,R  MDV6,"R MDV6  CASA 01 , BAIRRO LOT MOINHO DOS VENTOS",2,2,2,1,1
AUTO_ALIAS_1A1_TOTAIS_IGUAIS,goiania,130823,8356,RES HEITOR PIRES I,,R  PROF. JOSE FERREIRA DA CUNHA,"R PROF. JOSE FERREIRA DA CUNHA  CASA 01 , BAIRRO JD ARITANA",2,2,2,1,1
AUTO_ALIAS_1A1_TOTAIS_IGUAIS,goiania,189780,8601,RES HEITOR V,,R  DA SOIA,"R DA SOIA  CASA 01 , BAIRRO JD ATLÂNTICO",2,2,2,1,1
AUTO_ALIAS_1A1_TOTAIS_IGUAIS,goiania,140091,2313,RES HELENA DA SILVA XV,,R  RMP4,"R RMP4  CASA 01 , BAIRRO RES MONTE PASCOAL",2,2,2,1,1
AUTO_ALIAS_1A1_TOTAIS_IGUAIS,goiania,202485,13151,RES.HELENA MARIA,,R  PRESIDENTE TRUMAN,"R PRESIDENTE TRUMAN  CASA 1 , BAIRRO JD PRESIDENTE",2,2,2,1,1
AUTO_ALIAS_1A1_TOTAIS_IGUAIS,goiania,199902,10038,RES HELEN XAVIER DAMASCENO,,R  ARANJUEZ,"R ARANJUEZ  CASA 01 , BAIRRO S TRÊS MARIAS",2,2,2,1,1
AUTO_ALIAS_1A1_TOTAIS_IGUAIS,goiania,169687,1684,RES HELIO FERREIRA II,,R  RI5,"R RI5  CASA 01 , BAIRRO RES ITAIPÚ",2,2,2,1,1
AUTO_ALIAS_1A1_TOTAIS_IGUAIS,goiania,196169,8453,RES HELIO I,,AV DE CONTORNO SUL,"AV DE CONTORNO SUL  CASA 01 , BAIRRO PRQ ANHANGÜERA",2,2,2,1,1
AUTO_ALIAS_1A1_TOTAIS_IGUAIS,goiania,169550,6940,RES.HELIO II,,R  RI27,"R RI27  C-1 , BAIRRO RES ITAIPÚ",3,3,3,1,1
AUTO_ALIAS_1A1_TOTAIS_IGUAIS,goiania,219675,6961,RES HELIO III,,R  MDV43,"R MDV43  CASA 01 , BAIRRO LOT MOINHO DOS VENTOS",3,3,3,1,1
AUTO_ALIAS_1A1_TOTAIS_IGUAIS,goiania,169514,8065,RES HELIO JR IV,,R  RI4,"R RI4  CASA 01 , BAIRRO RES ITAIPÚ",3,3,3,1,1
AUTO_ALIAS_1A1_TOTAIS_IGUAIS,goiania,177631,7829,RES HENRIQUE BORBA SOARES RESIDENCI I,,R  RI17,"R RI17  CASA 01 , BAIRRO RES ITAIPÚ",2,2,2,1,1
AUTO_ALIAS_1A1_TOTAIS_IGUAIS,goiania,60328,6526,RES HENRIQUE MACHADO II,,R  RP5,"R RP5 LT S/N . , BAIRRO RES RECREIO PANORAMA",2,2,2,1,1
AUTO_ALIAS_1A1_TOTAIS_IGUAIS,goiania,184183,7571,RES HENRIQUE ROCHA RESIDENCI I,,R  JCA19,"R JCA19  CASA 01 , BAIRRO JD CARAVELAS 1ª ETAPA",3,3,3,1,1
AUTO_ALIAS_1A1_TOTAIS_IGUAIS,goiania,154943,8366,RES HENRIQUE ROCHA RESIDENCI I,,R  FV32,"R F3  CASA 01 , BAIRRO RES FIDÉLIS",2,2,2,1,1
AUTO_ALIAS_1A1_TOTAIS_IGUAIS,goiania,154787,10078,RES. HENRIQUE ROCHA V,,R  SRM21,"R SRM21  CASA 01 , BAIRRO RES VILLAGE SANTA RITA IV",2,2,2,1,1
AUTO_ALIAS_1A1_TOTAIS_IGUAIS,goiania,367473,10933,RES HENRIQUE SILVA,,R  AMAPA,"R AMAPA  CASA01 , BAIRRO JD BALNEÁRIO MEIA PONTE",2,2,2,1,1
AUTO_ALIAS_1A1_TOTAIS_IGUAIS,goiania,94337,6188,RES HERBERT KENIO MARTINS GONCALVES SOUSA VII,,AL ANICUNS,"AL ANICUNS  CASA 01 , BAIRRO RES CIDADE VERDE",2,2,2,1,1
AUTO_ALIAS_1A1_TOTAIS_IGUAIS,goiania,201935,1771,RES HERMANN,,AL LUCY RASSI DE OLIVEIRA,"AL LUCY RASSI DE OLIVEIRA 292     CASA 01 , BAIRRO LOT FAIÇALVILLE",2,2,2,1,1
AUTO_ALIAS_1A1_TOTAIS_IGUAIS,goiania,288202,9021,RES HERMELINDO,,R  ESPINOS,"R ESPINOS  SOBRADO 01 , BAIRRO S GENTIL MEIRELLES",3,3,3,1,1
AUTO_ALIAS_1A1_TOTAIS_IGUAIS,goiania,366520,6384,RES HERNANE LINO RESIDENCE I,,R  FL20,"R FL20 CASA 01 , BAIRRO PRQ DAS FLORES",2,2,2,1,1
AUTO_ALIAS_1A1_TOTAIS_IGUAIS,goiania,198377,12953,RES. HEUSS II,,R  PRESIDENTE HEUSS,"R PRESIDENTE HEUSS  CASA 01 , BAIRRO JD PRESIDENTE",2,2,2,1,1
AUTO_ALIAS_1A1_TOTAIS_IGUAIS,goiania,261184,2061,RES HFR I,,R  H1,"R H1 CASA 01 , BAIRRO RES HAWAÍ",2,2,2,1,1
AUTO_ALIAS_1A1_TOTAIS_IGUAIS,goiania,76608,12945,RES HIGOR MAIKEL LEAL,,R  JB10,"R JB10 CASA 01 , BAIRRO JD BONANZA",2,2,2,1,1
AUTO_ALIAS_1A1_TOTAIS_IGUAIS,goiania,330906,1768,RES HILARIO RIBEIRO,,R  AB19,"R AB19 CASA 01 , BAIRRO RES ALICE BARBOSA",2,2,2,1,1
AUTO_ALIAS_1A1_TOTAIS_IGUAIS,goiania,354655,2588,RES HILDA RESIDENCI I,,R  FL20,"R FL20 CASA 01 , BAIRRO PRQ DAS FLORES",2,2,2,1,1
AUTO_ALIAS_1A1_TOTAIS_IGUAIS,goiania,328106,10710,RES HILTON,,AV DOM PEDRO II,"AV DOM PEDRO II CASA 01 , BAIRRO VL JARDIM POMPÉIA",2,2,2,1,1
AUTO_ALIAS_1A1_TOTAIS_IGUAIS,goiania,191220,1990,RES HILUX,,R  INCAS,"R ACARAJE  CASA02 , BAIRRO JD PLANALTO",2,2,2,1,1
AUTO_ALIAS_1A1_TOTAIS_IGUAIS,goiania,17075,11674,RES. H.M.A I,,R  19 DE NOVEMBRO,"R 19 DE NOVEMBRO CASA 01 , BAIRRO S ESTRELA DALVA",2,2,2,1,1
AUTO_ALIAS_1A1_TOTAIS_IGUAIS,goiania,123340,5542,RES HM II,,R  SM38,"R SM38  CASA 04 , BAIRRO RES SÃO MARCOS",4,4,4,1,1
AUTO_ALIAS_1A1_TOTAIS_IGUAIS,goiania,130666,12642,RES HM OLIVEIRA,,R  ORLANDO M. DE ABREU,"R ORLANDO M. DE ABREU  CASA-01 , BAIRRO JD MARQUES DE ABREU",2,2,2,1,1
AUTO_ALIAS_1A1_TOTAIS_IGUAIS,goiania,178548,1920,RES HN DA SERRA I,,R  G1,"R G1  CASA 01 , BAIRRO S GRAJAÚ",3,3,3,1,1
AUTO_ALIAS_1A1_TOTAIS_IGUAIS,goiania,255390,2607,RES HOME RESIDENCE,,AV PARACATU,"AV PARACATU CASA 01 , BAIRRO VL PEDROSO",3,3,3,1,1
AUTO_ALIAS_1A1_TOTAIS_IGUAIS,goiania,99058,8063,RES HONORATO,,R  VC4,"R ALVARO JOSE MORAIS  UNIDADE01 , BAIRRO RES JUNQUEIRA",3,3,3,1,1
AUTO_ALIAS_1A1_TOTAIS_IGUAIS,goiania,188776,8445,RES HONORIO 2021,,R  DA PESCADA,"R DA PESCADA  CASA 01 , BAIRRO JD ATLÂNTICO",2,2,2,1,1
AUTO_ALIAS_1A1_TOTAIS_IGUAIS,goiania,217216,6181,RES.HONORIO II,,R  CV14,"R CV14  CASA 02 , BAIRRO RES CENTER VILLE",2,2,2,1,1
AUTO_ALIAS_1A1_TOTAIS_IGUAIS,goiania,36476,8260,RES HORTENCIAS JH 10,,R  JH10,"R JH10 LT 25 CS 01 , BAIRRO JD DAS HORTÊNCIAS",2,2,2,1,1
AUTO_ALIAS_1A1_TOTAIS_IGUAIS,goiania,76058,8139,RES HOUSE 14 BIS,,R  1,"R 1 CASA 01 , BAIRRO RES 14 BIS",2,2,2,1,1
AUTO_ALIAS_1A1_TOTAIS_IGUAIS,goiania,344285,5718,RES.HRF III,,R  BM27,"R BM27 C-1 , BAIRRO RES BRISAS DA MATA",2,2,2,1,1
AUTO_ALIAS_1A1_TOTAIS_IGUAIS,goiania,361774,6701,RES HRF IV,,R  BM1,"R BM1 CASA 01 , BAIRRO RES BRISAS DA MATA",2,2,2,1,1
AUTO_ALIAS_1A1_TOTAIS_IGUAIS,goiania,25303,7079,RES HRF X,,R  JC48,"R JC48 CASA 01 , BAIRRO JD CURITIBA",3,3,3,1,1
AUTO_ALIAS_1A1_TOTAIS_IGUAIS,goiania,63868,7729,RES HRF XI,,R  BF38,"R BF38 CASA 01 , BAIRRO BRO FLORESTA",2,2,2,1,1
AUTO_ALIAS_1A1_TOTAIS_IGUAIS,goiania,15739,8072,RES HRF XIII,,R  COLEGIAL,"R COLEGIAL CASA 01 , BAIRRO S ESTRELA DALVA",2,2,2,1,1
AUTO_ALIAS_1A1_TOTAIS_IGUAIS,goiania,28675,8495,RES HRF XIV,,R  MARANHAO,"R MARANHAO CASA 01 , BAIRRO S ESTRELA DALVA",2,2,2,1,1
AUTO_ALIAS_1A1_TOTAIS_IGUAIS,goiania,24332,9481,RES HRF XVI,,R  JOAO NUNES DA COSTA,"R JOAO NUNES DA COSTA CASA 01 , BAIRRO S ESTRELA DALVA",2,2,2,1,1
AUTO_ALIAS_1A1_TOTAIS_IGUAIS,goiania,332292,5688,RES HSL-628,,R  OM24,"R OM24 CASA 02 , BAIRRO RES ORLANDO DE MORAIS",2,2,2,1,1
AUTO_ALIAS_1A1_TOTAIS_IGUAIS,goiania,322919,5687,RES HSL-93,,R  OM19,"R OM23 CASA 01 , BAIRRO RES ORLANDO DE MORAIS",2,2,2,1,1
AUTO_ALIAS_1A1_TOTAIS_IGUAIS,goiania,149635,13363,RES HUGO ALEXANDRE,,R  C165,"R C165 638     CASA 02 , BAIRRO BRO JARDIM AMÉRICA",2,2,2,1,1
AUTO_ALIAS_1A1_TOTAIS_IGUAIS,goiania,167903,1097,RES HUGO DA SILVA,,R  SANTA CATARINA,"R SANTA CATARINA  CASA 01 , BAIRRO JD ITAIPÚ",3,3,3,1,1
AUTO_ALIAS_1A1_TOTAIS_IGUAIS,goiania,349842,7117,RES HUMAITA I,,R  JI1,"R JI1 SOB01 , BAIRRO RES HUMAITA",2,2,2,1,1
AUTO_ALIAS_1A1_TOTAIS_IGUAIS,goiania,191796,1779,RES HUMBERTO,,PC UBA,"PC UBA LT 05 CASA 01 , BAIRRO JD ANA LÚCIA",2,2,2,1,1
AUTO_ALIAS_1A1_TOTAIS_IGUAIS,goiania,169674,14090,RES HUMBERTO M.R,,R  RI27,"R RI27  CASA 01 , BAIRRO RES ITAIPÚ",3,3,3,1,1
AUTO_ALIAS_1A1_TOTAIS_IGUAIS,goiania,197926,12355,RES HUMBERTO RIBEIRO III,,R  DO BADEJO,"R DO BADEJO  CASA 01 , BAIRRO JD ATLÂNTICO",2,2,2,1,1
AUTO_ALIAS_1A1_TOTAIS_IGUAIS,goiania,16408,6825,RES HUYGOR-RUA 1,,R  1,"R 1 CASA 01 , BAIRRO S ESTRELA DALVA",2,2,2,1,1
AUTO_ALIAS_1A1_TOTAIS_IGUAIS,goiania,17745,5425,RES.HUYTALO III,,R  ANGICO,"R ANGICO CASA 01 , BAIRRO S ESTRELA DALVA",2,2,2,1,1
AUTO_ALIAS_1A1_TOTAIS_IGUAIS,goiania,349442,6668,RES HUYTALO IV,,R  RB9,"R RB9 CASA 01 , BAIRRO RES RECANTO DO BOSQUE",2,2,2,1,1
AUTO_ALIAS_1A1_TOTAIS_IGUAIS,goiania,29182,6840,RES. IACCINO LAGARES I,,R  DAS VIOLETAS,"R DAS VIOLETAS CASA 01 , BAIRRO RES ESTRELA D'ALVA",2,2,2,1,1
AUTO_ALIAS_1A1_TOTAIS_IGUAIS,goiania,267704,7688,RES IC CALIXTO X,,R  BM27,"R BM27 CASA 02 , BAIRRO RES BRISAS DA MATA",2,2,2,1,1
AUTO_ALIAS_1A1_TOTAIS_IGUAIS,goiania,151279,9571,RESI CRISTIANE SANTANA CARNEIRO,,R  C147,"R C147A 97      CASA-01 , BAIRRO BRO JARDIM AMÉRICA",3,3,3,1,1
AUTO_ALIAS_1A1_TOTAIS_IGUAIS,goiania,215961,3984,RESID. AIMAR MARIANO I,,R  RT5,"R RT5  CASA 01 , BAIRRO RES TALISMÃ",2,2,2,1,1
AUTO_ALIAS_1A1_TOTAIS_IGUAIS,goiania,13035,3696,RESID. ALEXANDRE LACERDA,,R  C75,"R C75  CASA 01 , BAIRRO S SUDOESTE",2,2,2,1,1
AUTO_ALIAS_1A1_TOTAIS_IGUAIS,goiania,158743,3987,RESID. ALFENAS I,,R  RV6,"R RV6 S/N     CASA 01 , BAIRRO RES RIO VERDE",2,2,2,1,1
AUTO_ALIAS_1A1_TOTAIS_IGUAIS,goiania,223253,5866,RES IDALINA PIMENTEL II,,R  MDV11,"R MDV11  CASA 01 , BAIRRO LOT MOINHO DOS VENTOS",2,2,2,1,1
AUTO_ALIAS_1A1_TOTAIS_IGUAIS,goiania,212874,8707,RES IDALINA SOARES V,,R  CP13,"R CP13  CASA 01 , BAIRRO LOT CELINA PARK",2,2,2,1,1
AUTO_ALIAS_1A1_TOTAIS_IGUAIS,goiania,183212,5501,RESID. ALMEIDA VITORIA,,R  DA VITORIA,"R DA VITORIA  CASA 02 , BAIRRO S GRAJAÚ",2,2,2,1,1
AUTO_ALIAS_1A1_TOTAIS_IGUAIS,goiania,197987,12895,RESID. ALVES DANTAS VII,,R  DO ATUM,"R DO ATUM  CASA 01 , BAIRRO JD ATLÂNTICO",2,2,2,1,1
AUTO_ALIAS_1A1_TOTAIS_IGUAIS,goiania,147282,14381,RESID. ALVES JUSTINO,,R  C38,"R C38  CASA 01 , BAIRRO BRO JARDIM AMÉRICA",2,2,2,1,1
AUTO_ALIAS_1A1_TOTAIS_IGUAIS,goiania,99309,3666,RESID. AMELIANA CASTRO III,,R  MARIA ISABEL DE FREITAS,"R MARIA ISABEL DE FREITAS  CASA02 , BAIRRO RES ANA MORAES",2,2,2,1,1
AUTO_ALIAS_1A1_TOTAIS_IGUAIS,goiania,360516,3687,RESID. ANALICIA,,R  ACP02,"R ACP02 CASA 02 , BAIRRO RES ANTONIO CARLOS PIRES",2,2,2,1,1
AUTO_ALIAS_1A1_TOTAIS_IGUAIS,goiania,182947,3451,RESID ANA RODRIGUES,,R  SALUTE PAVAN PETROLLI,"R SALUTE PAVAN PETROLLI  CASA 02 , BAIRRO S ORIENTVILLE",2,2,2,1,1
AUTO_ALIAS_1A1_TOTAIS_IGUAIS,goiania,263009,5238,RESID. ARACEMA,,R  10,"R 10 CASA 01 , BAIRRO PRQ INDUSTRIAL DE GOIÂNIA",4,4,4,1,1
AUTO_ALIAS_1A1_TOTAIS_IGUAIS,goiania,269056,10310,RESID. ASTURIAS,,R  7,"R 7 SOBRADO 01 , BAIRRO JD SANTO ANTÔNIO",2,2,2,1,1
AUTO_ALIAS_1A1_TOTAIS_IGUAIS,goiania,255516,12432,RESID. BARBOSA E VIEIRA IV,,R  RB8,"R RB8 CASA 01 , BAIRRO RES RECANTO DO BOSQUE",2,2,2,1,1
AUTO_ALIAS_1A1_TOTAIS_IGUAIS,goiania,158698,5262,RESID. BARBOSA TEIXEIRA RESIDENCE,,R  SB15,"R SB15  CASA 01 , BAIRRO RES SOLAR BOUGAINVILLE",2,2,2,1,1
AUTO_ALIAS_1A1_TOTAIS_IGUAIS,goiania,169154,13167,RESID. BINO III,,R  RI10,"R RI10  CASA 01 , BAIRRO RES ITAIPÚ",2,2,2,1,1
AUTO_ALIAS_1A1_TOTAIS_IGUAIS,goiania,152593,5237,RESID. BORGES DE ABREU RESIDENCE,,R  ANTONIO FIDELIS,"AV SEBASTIANA SOARES FARIA  CASA 02 , BAIRRO RES FIDÉLIS",2,2,2,1,1
AUTO_ALIAS_1A1_TOTAIS_IGUAIS,goiania,337241,13278,RESID. BRASILEIRO,,AV ARISTOTELES,"AV ARISTOTELES CASA 01 , BAIRRO JD MARILIZA",2,2,2,1,1
AUTO_ALIAS_1A1_TOTAIS_IGUAIS,goiania,380392,12964,RESID. BRAVA TALISMA III,,R  PROF. EDESIA C RABELO,"R PROF. EDESIA C RABELO CASA 01 , BAIRRO BRO SANTO HILÁRIO",2,2,2,1,1
AUTO_ALIAS_1A1_TOTAIS_IGUAIS,goiania,222296,5531,RESID. BRISA DOS VENTOS I,,R  MDV6,"R MDV6  CASA 01 , BAIRRO LOT MOINHO DOS VENTOS",2,2,2,1,1
AUTO_ALIAS_1A1_TOTAIS_IGUAIS,goiania,322780,3941,RESID. BRISAS DA MANHA,,AV 15 DE NOVEMBRO,"AV 15 DE NOVEMBRO CASA 01 , BAIRRO LOT GRANDE RETIRO",2,2,2,1,1
AUTO_ALIAS_1A1_TOTAIS_IGUAIS,goiania,363674,3715,RESID. BUENO PIRES,,R  FL17,"R FL17 CASA 01 , BAIRRO PRQ DAS FLORES",2,2,2,1,1
AUTO_ALIAS_1A1_TOTAIS_IGUAIS,goiania,172772,3809,RESID. CAMPOS DOURADOS 13,,R  BACABAL,"R BACABAL  CASA01 , BAIRRO RES CAMPOS DOURADOS",2,2,2,1,1
AUTO_ALIAS_1A1_TOTAIS_IGUAIS,goiania,164522,3881,RESID. CESAR 16,,R  PADRE JOAO PAIN,"R PADRE JOAO PAIN  CASA 01 , BAIRRO RES SANTA FÉ",2,2,2,1,1
AUTO_ALIAS_1A1_TOTAIS_IGUAIS,goiania,317404,5346,RESID. CESAR AUGUSTO VII,,R  BM8,"R BM8 CASA 01 , BAIRRO RES BRISAS DA MATA",2,2,2,1,1
AUTO_ALIAS_1A1_TOTAIS_IGUAIS,goiania,146011,5496,RESID. CESAR VITORINO,,R  DIREITA,"R C19A  CASA 1 , BAIRRO VL SANTA EFIGÊNIA",2,2,2,1,1
AUTO_ALIAS_1A1_TOTAIS_IGUAIS,goiania,99673,13239,RESID. CIANO VI,,R  CRP8,"R CRP8  CASA 02 , BAIRRO RES PRIMAVERA",2,2,2,1,1
AUTO_ALIAS_1A1_TOTAIS_IGUAIS,goiania,164348,3948,RESID. COLEGIO 92.12,,R  DO COLEGIO,"R DO COLEGIO  CASA 01 , BAIRRO RES SANTA FÉ I",2,2,2,1,1
AUTO_ALIAS_1A1_TOTAIS_IGUAIS,goiania,146648,13659,RESID. DANIELA NAVA,,R  C125,"R C125  CASA 01 , BAIRRO BRO JARDIM AMÉRICA",2,2,2,1,1
AUTO_ALIAS_1A1_TOTAIS_IGUAIS,goiania,146095,11909,RESID. DANIELA S. SANTANA,,R  C31,"R C31  CASA 3 , BAIRRO BRO JARDIM AMÉRICA",3,3,3,1,1
AUTO_ALIAS_1A1_TOTAIS_IGUAIS,goiania,164610,3986,RESID. DARC 17,,AV ELI ALVES FORTES,"AV ELI ALVES FORTES  CASA 01 , BAIRRO RES SANTA FÉ I",2,2,2,1,1
AUTO_ALIAS_1A1_TOTAIS_IGUAIS,goiania,372341,9698,RESID. DELFINA,,R  COQUEIROS,"R COQUEIROS CASA 01 , BAIRRO JD MARILIZA",3,3,3,1,1
AUTO_ALIAS_1A1_TOTAIS_IGUAIS,goiania,174724,11650,RESID. D. ESPERANCA II,,R  W10,"R W10  CASA 1 , BAIRRO JD ITAIPÚ",2,2,2,1,1
AUTO_ALIAS_1A1_TOTAIS_IGUAIS,goiania,317889,5341,RESID. DFR DIANAMNETES,,R  DOS DIAMANTES,"R DOS DIAMANTES CASA 01 , BAIRRO JD NOVO MUNDO",2,2,2,1,1
AUTO_ALIAS_1A1_TOTAIS_IGUAIS,goiania,202528,11249,RESID. DONA GERCINA,,AV PRESIDENTE PRUDENTE,"AV PRESIDENTE PRUDENTE  CASA 01 , BAIRRO JD PRESIDENTE",2,2,2,1,1
AUTO_ALIAS_1A1_TOTAIS_IGUAIS,goiania,93110,5313,RESID. DR. AVIADOR,,R  DO OUTONO,"R DO OUTONO  CASA 01 , BAIRRO RES PARQUE OESTE",2,2,2,1,1
AUTO_ALIAS_1A1_TOTAIS_IGUAIS,goiania,136603,5503,RESID. EDGARD PELUSO III,,R  IRMA MARIA BERNARDA,"R IRMA MARIA BERNARDA  CASA 01 , BAIRRO JD SÃO JOSÉ",2,2,2,1,1
AUTO_ALIAS_1A1_TOTAIS_IGUAIS,goiania,151953,3934,RESID. EDSON NACIFF,,R  C184,"R C184 389     SOBRADO 04 , BAIRRO BRO JARDIM AMÉRICA",2,2,2,1,1
AUTO_ALIAS_1A1_TOTAIS_IGUAIS,goiania,208427,3762,RESID. ELIAS SANTOS,,R  F39,"R F39  CASA01 , BAIRRO LOT FAIÇALVILLE",7,7,7,1,1
AUTO_ALIAS_1A1_TOTAIS_IGUAIS,goiania,326810,7041,RESIDENCE RECANTO I,,R  BM26,"R BM26 CASA 01 , BAIRRO RES BRISAS DA MATA",2,2,2,1,1
AUTO_ALIAS_1A1_TOTAIS_IGUAIS,goiania,389207,12455,RESIDENCE RECANTO III,,AV DONA MELINHA,"AV DONA MELINHA CASA 01 , BAIRRO RES BRISAS DA MATA",2,2,2,1,1
AUTO_ALIAS_1A1_TOTAIS_IGUAIS,goiania,147036,8940,RESIDENCIAL 3- R - 2,,R  C124,"R C124  CASA 01 , BAIRRO BRO JARDIM AMÉRICA",2,2,2,1,1
AUTO_ALIAS_1A1_TOTAIS_IGUAIS,goiania,173276,9550,RESIDENCIAL ABS-PEDRO VIEIRA,,R  PEDRO VIEIRA DOS SANTOS,"R PEDRO VIEIRA DOS SANTOS  CASA 01 , BAIRRO JD ITAIPÚ",2,2,2,1,1
AUTO_ALIAS_1A1_TOTAIS_IGUAIS,goiania,198803,6647,RESIDENCIAL ACG-02,,R  TARANCON,"R TARANCON  CASA 01 , BAIRRO S TRÊS MARIAS",2,2,2,1,1
AUTO_ALIAS_1A1_TOTAIS_IGUAIS,goiania,150074,12440,RESIDENCIAL ADAN,,R  C163,"R C163  CASA-01 , BAIRRO BRO JARDIM AMÉRICA",2,2,2,1,1
AUTO_ALIAS_1A1_TOTAIS_IGUAIS,goiania,151051,10966,RESIDENCIAL ADELMO SILVEIRA,,R  C160,"R C160  CASA 01 , BAIRRO BRO JARDIM AMÉRICA",2,2,2,1,1
AUTO_ALIAS_1A1_TOTAIS_IGUAIS,goiania,124338,9268,RESIDENCIAL AGATA,,R  SM9,"R SM9  CASA 01 , BAIRRO RES SÃO MARCOS",2,2,2,1,1
AUTO_ALIAS_1A1_TOTAIS_IGUAIS,goiania,252667,9296,RESIDENCIAL AGP,,R  DOS CARIOCAS,"R DOS CARIOCAS S/N     CASA-01 , BAIRRO JD BALNEÁRIO MEIA PONTE",2,2,2,1,1
AUTO_ALIAS_1A1_TOTAIS_IGUAIS,goiania,174870,11632,RESIDENCIAL AGRA,,R  38,"R 38  CASA01 , BAIRRO CON DAS ESMERALDAS",2,2,2,1,1
AUTO_ALIAS_1A1_TOTAIS_IGUAIS,goiania,124715,13347,RESIDENCIAL ALEXANDRE II,,R  ORLANDO M. DE ABREU,"R DESOR. EMILIO FLEURY DE BRITO  CASA 1 , BAIRRO JD MARQUES DE ABREU",2,2,2,1,1
AUTO_ALIAS_1A1_TOTAIS_IGUAIS,goiania,188140,10218,RESIDENCIAL AMANDA,,R  PRUDENTE DE MORAIS,"R PRUDENTE DE MORAIS  CASA-1 , BAIRRO PRQ ANHANGÜERA",2,2,2,1,1
AUTO_ALIAS_1A1_TOTAIS_IGUAIS,goiania,396491,8662,RESIDENCIAL AMARAL RB 18,,R  RB18,"R RB18 CASA 01 , BAIRRO RES RECANTO DO BOSQUE",2,2,2,1,1
AUTO_ALIAS_1A1_TOTAIS_IGUAIS,goiania,148544,9576,RESIDENCIAL AMAROK,,R  C158,"R C158  CASA 1 , BAIRRO BRO JARDIM AMÉRICA",2,2,2,1,1
AUTO_ALIAS_1A1_TOTAIS_IGUAIS,goiania,322836,12242,RESIDENCIAL AMB II,,R  AB9,"R AB9 CASA 01 , BAIRRO RES ALICE BARBOSA",2,2,2,1,1
AUTO_ALIAS_1A1_TOTAIS_IGUAIS,goiania,325305,12160,RESIDENCIAL AMB III,,R  AB9,"R AB9 CASA 01 , BAIRRO RES ALICE BARBOSA",2,2,2,1,1
AUTO_ALIAS_1A1_TOTAIS_IGUAIS,goiania,144583,14345,RESIDENCIAL AMIGOS IX,,R  C161,"R C161  CASA 01 , BAIRRO BRO JARDIM AMÉRICA",2,2,2,1,1
AUTO_ALIAS_1A1_TOTAIS_IGUAIS,goiania,160294,14464,RESIDENCIAL AMORIM III,,R  RV6,"R RV6  CASA01 , BAIRRO RES RIO VERDE",2,2,2,1,1
AUTO_ALIAS_1A1_TOTAIS_IGUAIS,goiania,189770,9697,RESIDENCIAL ANA LUIZA,,R  DA TAINHA,"R DA TAINHA  SOBRADO 01 , BAIRRO JD ATLÂNTICO",2,2,2,1,1
AUTO_ALIAS_1A1_TOTAIS_IGUAIS,goiania,144236,10322,RESIDENCIAL ANDARILHO,,R  C163,"R C163  CASA 01 , BAIRRO BRO JARDIM AMÉRICA",2,2,2,1,1
AUTO_ALIAS_1A1_TOTAIS_IGUAIS,goiania,366778,11382,RESIDENCIAL ANNA ROSA,,R  ESTRELA DO SUL,"R ESTRELA DO SUL CASA C-01 , BAIRRO JD GUANABARA",2,2,2,1,1
AUTO_ALIAS_1A1_TOTAIS_IGUAIS,goiania,209676,7495,RESIDENCIAL AQUIAR BARBOSA,,R  GIBRALTAR,"R GIBRALTAR  CASA 01 , BAIRRO S TRÊS MARIAS",2,2,2,1,1
AUTO_ALIAS_1A1_TOTAIS_IGUAIS,goiania,160738,13352,RESIDENCIAL ARISTOTELES XX,,R  RENI SIADE,"R RENI SIADE  CASA01 , BAIRRO RES FORTE VILLE - EXTENSÃO",2,2,2,1,1
AUTO_ALIAS_1A1_TOTAIS_IGUAIS,goiania,169691,13992,RESIDENCIAL ASV,,R  RI6,"R RI6  CASA 01 , BAIRRO RES ITAIPÚ",3,3,3,1,1
AUTO_ALIAS_1A1_TOTAIS_IGUAIS,goiania,302217,1341,RESIDENCIAL BARROS & BATISTA,,R  SANTA RITA,"CASA 01 , BAIRRO RES CLEA BORGES",2,2,2,1,1
AUTO_ALIAS_1A1_TOTAIS_IGUAIS,goiania,358254,9019,RESIDENCIAL BARROS MORAIS V,,R  BM26,"R BM26 CASA 02 , BAIRRO RES BRISAS DA MATA",2,2,2,1,1
AUTO_ALIAS_1A1_TOTAIS_IGUAIS,goiania,125667,7076,RESIDENCIAL BATISTA,,R  NOSSA SRA. DA ABADIA,"R NOSSA SRA. DA ABADIA  CASA 01 , BAIRRO JD MARQUES DE ABREU",2,2,2,1,1
AUTO_ALIAS_1A1_TOTAIS_IGUAIS,goiania,279169,10910,RESIDENCIAL BEIJA FLOR,,AV DR. JOSE NETO CARNEIRO,"AV DR. JOSE NETO CARNEIRO CASA 01 , BAIRRO S CRIMÉIA LESTE",3,3,3,1,1
AUTO_ALIAS_1A1_TOTAIS_IGUAIS,goiania,206837,1339,RESIDENCIAL BELTRAO,,R  F41,"R F41  SOB 01 , BAIRRO LOT FAIÇALVILLE",10,10,10,1,1
AUTO_ALIAS_1A1_TOTAIS_IGUAIS,goiania,369673,13129,RESIDENCIAL BLESSING II,,R  RB24,"R RB24 CASA 01 , BAIRRO RES RECANTO DO BOSQUE",2,2,2,1,1
AUTO_ALIAS_1A1_TOTAIS_IGUAIS,goiania,320920,13933,RESIDENCIAL BRAVA TALISMA V,,R  DR. ELIZARDO E SOUZA,"R DR. ELIZARDO E SOUZA SN      CASA 1 , BAIRRO BRO SANTO HILÁRIO",2,2,2,1,1
AUTO_ALIAS_1A1_TOTAIS_IGUAIS,goiania,13339,8507,RESIDENCIAL BRAZ-J,,R  J,"R J LT 01 CS 01/02 , BAIRRO S PARQUE TREMENDÃO",2,2,2,1,1
AUTO_ALIAS_1A1_TOTAIS_IGUAIS,goiania,295234,13003,RESIDENCIAL BRITANIA I,,R  AB3,"R AB3 CASA 01 , BAIRRO RES ALICE BARBOSA",2,2,2,1,1
AUTO_ALIAS_1A1_TOTAIS_IGUAIS,goiania,99736,10711,RESIDENCIAL BUENOS AIRES III,,R  BUENOS AIRES,"R BUENOS AIRES  CASA-01 , BAIRRO S DAS NAÇÕES",3,3,3,1,1
AUTO_ALIAS_1A1_TOTAIS_IGUAIS,goiania,150557,8606,RESIDENCIAL C 200,,R  C200,"R C200  CASA 01 , BAIRRO BRO JARDIM AMÉRICA",2,2,2,1,1
AUTO_ALIAS_1A1_TOTAIS_IGUAIS,goiania,144256,13797,RESIDENCIAL C-206,,R  C210,"R C210  SOBRADO 01 , BAIRRO BRO JARDIM AMÉRICA",4,4,4,1,1
AUTO_ALIAS_1A1_TOTAIS_IGUAIS,goiania,200259,6729,RESIDENCIAL CAMILA SOARES,,R  PRESIDENTE EPITACIO PESSOA,"R PRESIDENTE EPITACIO PESSOA  CASA 01 , BAIRRO JD PRESIDENTE - EXTENSÃO",2,2,2,1,1
AUTO_ALIAS_1A1_TOTAIS_IGUAIS,goiania,218771,10946,RESIDENCIAL CAMPOS I,,R  FP30,"R FP30  CASA 01 , BAIRRO BRO RECREIO DO FUNCIONÁRIO PUBLICO",2,2,2,1,1
AUTO_ALIAS_1A1_TOTAIS_IGUAIS,goiania,143261,14253,RESIDENCIAL CAMPOS VERDES,,R  DR CELSO FLEURY,"R DR CELSO FLEURY  CASA01 , BAIRRO JD SÃO JOSÉ",2,2,2,1,1
AUTO_ALIAS_1A1_TOTAIS_IGUAIS,goiania,382420,12648,RESIDENCIAL CANAA II,,R  AB9,"R AB9 CASA 01 , BAIRRO RES ALICE BARBOSA",2,2,2,1,1
AUTO_ALIAS_1A1_TOTAIS_IGUAIS,goiania,217974,8038,RESIDENCIAL CATELAN,,R  VB42,"R VB42  CASA 01 , BAIRRO RES VEREDA DOS BURITIS",2,2,2,1,1
AUTO_ALIAS_1A1_TOTAIS_IGUAIS,goiania,142407,8718,RESIDENCIAL CEDRAL II,,R  PE ORMINDO VIVEIRO DE CASTRO,"R PE ORMINDO VIVEIRO DE CASTRO  CASA 01 , BAIRRO JD SÃO JOSÉ",2,2,2,1,1
AUTO_ALIAS_1A1_TOTAIS_IGUAIS,goiania,187745,10434,RESIDENCIAL CIOBA IV,,R  DA CIOBA,"R DA CIOBA  CASA 01 , BAIRRO JD ATLÂNTICO",2,2,2,1,1
AUTO_ALIAS_1A1_TOTAIS_IGUAIS,goiania,147849,7236,RESIDENCIAL COMERCIAL CAETANO DE FARIA,,R  C157,"R C157  CASA 02 , BAIRRO BRO JARDIM AMÉRICA",2,2,2,1,1
AUTO_ALIAS_1A1_TOTAIS_IGUAIS,goiania,253565,14243,RESIDENCIAL/COMERCIAL ITAMARACA I,,AV R11,"AV R11 S/N     , BAIRRO S OESTE",2,2,2,1,1
AUTO_ALIAS_1A1_TOTAIS_IGUAIS,goiania,396658,13162,RESIDENCIAL / COMERCIAL MARIA CELIA,,R  85,"R 85 S/N     LOJA 1 , BAIRRO S SUL",8,8,8,1,1
AUTO_ALIAS_1A1_TOTAIS_IGUAIS,goiania,149952,9404,RESIDENCIAL/COMERCIAL RADAN FABIANO,,R  C237,"R C237  UN.COMERCIAL , BAIRRO BRO JARDIM AMÉRICA",2,2,2,1,1
AUTO_ALIAS_1A1_TOTAIS_IGUAIS,goiania,219492,13264,RESIDENCIAL COSTA 18,,R  MDV31,"R MDV31 163     CASA 01 , BAIRRO LOT MOINHO DOS VENTOS",2,2,2,1,1
AUTO_ALIAS_1A1_TOTAIS_IGUAIS,goiania,293986,10219,RESIDENCIAL COUTINHO & MANSO,,AV ACARI PASSOS,"AV ACARI PASSOS CASA01 , BAIRRO RES OLINDA",2,2,2,1,1
AUTO_ALIAS_1A1_TOTAIS_IGUAIS,goiania,315225,11414,RESIDENCIAL COUTINHO & MANSO IV,,AV ACARI PASSOS,"AV ACARI PASSOS CASA-01 , BAIRRO RES OLINDA",2,2,2,1,1
AUTO_ALIAS_1A1_TOTAIS_IGUAIS,goiania,275306,13343,RESIDENCIAL CUNHA I,,R  DOM PEDRO I,"R DOM PEDRO I CASA 01 , BAIRRO RES VILLE DE FRANCE",2,2,2,1,1
AUTO_ALIAS_1A1_TOTAIS_IGUAIS,goiania,217803,14325,RESIDENCIAL DANTAS CATELAN,,R  CV34,"R CV34  CASA 01 , BAIRRO RES CENTER VILLE",3,3,3,1,1
AUTO_ALIAS_1A1_TOTAIS_IGUAIS,goiania,238212,11090,RESIDENCIAL DAS ARTES,,R  C179,"R C179  SOBRADO-01 , BAIRRO BRO NOVA SUIÇA",2,2,2,1,1
AUTO_ALIAS_1A1_TOTAIS_IGUAIS,goiania,190209,9829,RESIDENCIAL DATENA,,R  FRANCISCO GODINHO,"R FRANCISCO GODINHO  CASA 01 , BAIRRO VL ROSA",2,2,2,1,1
AUTO_ALIAS_1A1_TOTAIS_IGUAIS,goiania,217983,14148,RESIDENCIAL DE ALVES DANTAS I,,R  VB38,"R VB38  CASA 01 , BAIRRO RES VEREDA DOS BURITIS",2,2,2,1,1
AUTO_ALIAS_1A1_TOTAIS_IGUAIS,goiania,189645,6986,RESIDENCIAL DE MELO,,R  DO ESQUALO,"R DO ESQUALO  CASA 01 , BAIRRO JD ATLÂNTICO",2,2,2,1,1
AUTO_ALIAS_1A1_TOTAIS_IGUAIS,goiania,386434,8759,RESIDENCIAL DE PAULI,,R  JOAO BORGES DA MATTA,"R JOAO BORGES DA MATTA CASA 01 , BAIRRO RES VALE DO ARAGUAIA",3,3,3,1,1
AUTO_ALIAS_1A1_TOTAIS_IGUAIS,goiania,165040,12607,RESIDENCIAL DE SOUZA I,,R  DA PAZ,"R DA PAZ  CASA 01 , BAIRRO RES SANTA FÉ",2,2,2,1,1
AUTO_ALIAS_1A1_TOTAIS_IGUAIS,goiania,129821,10590,RESIDENCIAL DIAMOND,,R  ANDRE HENRIQUE,"R ANDRE HENRIQUE  CASA 01 , BAIRRO RES SÃO MARCOS",2,2,2,1,1
AUTO_ALIAS_1A1_TOTAIS_IGUAIS,goiania,176877,8672,RESIDENCIAL DIAS SILVA,,R  84,"R 84  CASA 01 , BAIRRO CON DAS ESMERALDAS",2,2,2,1,1
AUTO_ALIAS_1A1_TOTAIS_IGUAIS,goiania,144499,14478,RESIDENCIAL DINIZ,,R  C165,"R C165  SOBRADO 01 , BAIRRO BRO JARDIM AMÉRICA",2,2,2,1,1
AUTO_ALIAS_1A1_TOTAIS_IGUAIS,goiania,6734,11477,RESIDENCIAL DJ V,,R  PADRE TOLEDO MELO,"R PADRE TOLEDO MELO LT 6 CS 01 , BAIRRO BRO CIDADE JARDIM",2,2,2,1,1
AUTO_ALIAS_1A1_TOTAIS_IGUAIS,goiania,21512,8828,RESIDENCIAL DMO,,R  I,"R I LT 21 CS 01/02 , BAIRRO S PARQUE TREMENDÃO",2,2,2,1,1
AUTO_ALIAS_1A1_TOTAIS_IGUAIS,goiania,223138,13748,RESIDENCIAL DOM QUIXOTE,,R  MDV17,"R MDV17  CASA 03 , BAIRRO LOT MOINHO DOS VENTOS",3,3,3,1,1
AUTO_ALIAS_1A1_TOTAIS_IGUAIS,goiania,146590,8014,RESIDENCIAL DONA GERALDA,,R  C160,"R C160  CASA 02 , BAIRRO BRO JARDIM AMÉRICA",2,2,2,1,1
AUTO_ALIAS_1A1_TOTAIS_IGUAIS,goiania,209346,6752,RESIDENCIAL DON PEDRO II,,R  F12,"AL BERNARDO GUIMARAES  CASA-01 , BAIRRO LOT FAIÇALVILLE",7,7,7,1,1
AUTO_ALIAS_1A1_TOTAIS_IGUAIS,goiania,224047,7040,RESIDENCIAL DREYDY PAULA,,R  TUCUNARE,"R TUCUNARE  CASA 01 , BAIRRO RES AQUÁRIOS II",2,2,2,1,1
AUTO_ALIAS_1A1_TOTAIS_IGUAIS,goiania,196468,8005,RESIDENCIAL D'TOCA,,R  CASSIMIRO DE ABREU,"R OLAVO BILAC  CASA 01 , BAIRRO BRO ANHANGÜERA",2,2,2,1,1
AUTO_ALIAS_1A1_TOTAIS_IGUAIS,goiania,168497,7101,RESIDENCIAL EDUARDO DIAS,,R  58,"R 58  CASA 01 , BAIRRO CON DAS ESMERALDAS",2,2,2,1,1
AUTO_ALIAS_1A1_TOTAIS_IGUAIS,goiania,116792,14213,RESIDENCIAL ELIAS DA CRUZ,,R  LUCIANO CAPUZZO,"R LUCIANO CAPUZZO  C-1 , BAIRRO LOT SOLANGE PARQUE COMPLEMENTO",2,2,2,1,1
AUTO_ALIAS_1A1_TOTAIS_IGUAIS,goiania,364425,6212,RESIDENCIAL ELITA,,R  MARTINS,"R MARTINS CASA 01 , BAIRRO JD MARILIZA",2,2,2,1,1
AUTO_ALIAS_1A1_TOTAIS_IGUAIS,goiania,394863,10613,RESIDENCIAL EMANUELA,,R  J61,"R J61 SOB 01 , BAIRRO S JAÓ",3,3,3,1,1
AUTO_ALIAS_1A1_TOTAIS_IGUAIS,goiania,321377,6730,RESIDENCIAL EMBAIXADOR I,,R  JI1,"R JI1 CASA 1 , BAIRRO JD IPÊ",2,2,2,1,1
AUTO_ALIAS_1A1_TOTAIS_IGUAIS,goiania,153240,2298,RESIDENCIAL EMERSON & CARLOS III,,R  JAV12,"R JAV12  CASA01 , BAIRRO JD ALPHAVILLE",2,2,2,1,1
AUTO_ALIAS_1A1_TOTAIS_IGUAIS,goiania,238262,12819,RESIDENCIAL ENOF,,R  C268,"R C268  SOBRADO 01 , BAIRRO BRO NOVA SUIÇA",2,2,2,1,1
AUTO_ALIAS_1A1_TOTAIS_IGUAIS,goiania,187597,12260,RESIDENCIAL ESPADRTE II,,R  DO ESPADARTE,"R DO ESPADARTE  SOB 01 , BAIRRO JD ATLÂNTICO",2,2,2,1,1
AUTO_ALIAS_1A1_TOTAIS_IGUAIS,goiania,314409,10941,RESIDENCIAL ESTANCIA DO SONIMAR I,,R  BH2,"R BH2 CASA 02 , BAIRRO RES BELO HORIZONTE",2,2,2,1,1
AUTO_ALIAS_1A1_TOTAIS_IGUAIS,goiania,359005,11079,RESIDENCIAL ETERNO DE SALES,,R  3,"R 3 CASA 01 , BAIRRO RES PAULO ESTRELA",2,2,2,1,1
AUTO_ALIAS_1A1_TOTAIS_IGUAIS,goiania,208520,9858,RESIDENCIAL F-49,,R  F49,"R F49  CASA 1 , BAIRRO LOT FAIÇALVILLE",2,2,2,1,1
AUTO_ALIAS_1A1_TOTAIS_IGUAIS,goiania,193350,11465,RESIDENCIAL FABIANA X,,R  BELINI,"R BELINI 285     C 2 , BAIRRO JD EUROPA",2,2,2,1,1
AUTO_ALIAS_1A1_TOTAIS_IGUAIS,goiania,201554,11252,RESIDENCIAL FAICALVILLE,,R  F21,"R F21  CASA 01 , BAIRRO LOT FAIÇALVILLE",2,2,2,1,1
AUTO_ALIAS_1A1_TOTAIS_IGUAIS,goiania,142965,12367,RESIDENCIAL FALCAO VAZ II,,R  RMP3,"R RMP3  CASA 01 , BAIRRO RES MONTE PASCOAL",2,2,2,1,1
AUTO_ALIAS_1A1_TOTAIS_IGUAIS,goiania,290784,7582,RESIDENCIAL FL,,R  FL36,"R FL36 CASA 02 , BAIRRO PRQ DAS FLORES",2,2,2,1,1
AUTO_ALIAS_1A1_TOTAIS_IGUAIS,goiania,147396,12064,RESIDENCIAL FLAVIA,,R  C202,"R C202 S/N     SOBRADO 01 , BAIRRO BRO JARDIM AMÉRICA",2,2,2,1,1
AUTO_ALIAS_1A1_TOTAIS_IGUAIS,goiania,248754,8665,RESIDENCIAL FLOR DE LIZ,,R  CAMBARA,"R DO BABACU CASA 02 , BAIRRO LOT GOIÂNIA 2",2,2,2,1,1
AUTO_ALIAS_1A1_TOTAIS_IGUAIS,goiania,218672,9559,RESIDENCIAL FP-I,,R  FP6,"R FP6  CASA 01 , BAIRRO BRO RECREIO DO FUNCIONÁRIO PUBLICO",2,2,2,1,1
AUTO_ALIAS_1A1_TOTAIS_IGUAIS,goiania,282873,8332,RESIDENCIAL FRANCA,,AL HENRIQUE SILVA,"R 1011 CASA 01 , BAIRRO S PEDRO LUDOVICO",4,4,4,1,1
AUTO_ALIAS_1A1_TOTAIS_IGUAIS,goiania,366295,6005,RESIDENCIAL FRANCA I,,AV FRANCA,"AV FRANCA S/N CASA01 , BAIRRO RES VILLE DE FRANCE",2,2,2,1,1
AUTO_ALIAS_1A1_TOTAIS_IGUAIS,goiania,170407,9807,RESIDENCIAL GIBRALTAR II,,R  W12,"R W12  CASA 01 , BAIRRO JD ITAIPÚ",2,2,2,1,1
AUTO_ALIAS_1A1_TOTAIS_IGUAIS,goiania,150081,8002,RESIDENCIAL GILTON 6,,R  C146,"R C146  SOB 01 , BAIRRO BRO JARDIM AMÉRICA",2,2,2,1,1
AUTO_ALIAS_1A1_TOTAIS_IGUAIS,goiania,366377,8540,RESIDENCIAL GLEYSSA PAZ II,,R  MARIA DE LURDES G FERREIRA,"R MARIA DE LURDES G FERREIRA CASA 02 , BAIRRO RES PARQUE FLAMBOYANT",2,2,2,1,1
AUTO_ALIAS_1A1_TOTAIS_IGUAIS,goiania,145698,12416,RESIDENCIAL G & M,,R  C148,"R C148  CASA-03 , BAIRRO BRO JARDIM AMÉRICA",3,3,3,1,1
AUTO_ALIAS_1A1_TOTAIS_IGUAIS,goiania,219783,9951,RESIDENCIAL GOMES AQUINO,,R  VB32,"R VB32 S/N     CASA-1 , BAIRRO RES VEREDA DOS BURITIS",2,2,2,1,1
AUTO_ALIAS_1A1_TOTAIS_IGUAIS,goiania,394603,13322,RESIDENCIAL GONTIJO NERES,,R  CRUZEIRO DO SUL,"R CRUZEIRO DO SUL CASA-01 , BAIRRO JD BELA VISTA",2,2,2,1,1
AUTO_ALIAS_1A1_TOTAIS_IGUAIS,goiania,162084,10614,RESIDENCIAL GRACIEL D`OLIVEIRA XVIII,,R  ALUISIO ALVARENGA,"R ALUISIO ALVARENGA  CASA01 , BAIRRO RES SANTA FÉ",2,2,2,1,1
AUTO_ALIAS_1A1_TOTAIS_IGUAIS,goiania,196369,11404,RESIDENCIAL HANDEL JUNIOR,,R  CASSIMIRO DE ABREU,"R GONCALVES DIAS  CASA 03 , BAIRRO BRO ANHANGÜERA",3,3,3,1,1
AUTO_ALIAS_1A1_TOTAIS_IGUAIS,goiania,200178,10828,RESIDENCIAL HC,,R  LAS VELAS,"R LAS VELAS  CASA 01 , BAIRRO S TRÊS MARIAS",2,2,2,1,1
AUTO_ALIAS_1A1_TOTAIS_IGUAIS,goiania,301478,9863,RESIDENCIAL HCS SILVA,,R  ILLINOIS,"R ILLINOIS CASA 01 , BAIRRO JD NOVO MUNDO",2,2,2,1,1
AUTO_ALIAS_1A1_TOTAIS_IGUAIS,goiania,150101,14285,RESIDENCIAL HEBE LOBO,,R  C247,"R C247  CASA 01 , BAIRRO BRO JARDIM AMÉRICA",5,5,5,1,1
AUTO_ALIAS_1A1_TOTAIS_IGUAIS,goiania,192790,8535,RESIDENCIAL HEITOR I,,R  BRISTOL,"R BRISTOL  CASA 02 , BAIRRO JD EUROPA",2,2,2,1,1
AUTO_ALIAS_1A1_TOTAIS_IGUAIS,goiania,189781,10860,RESIDENCIAL HEITOR III,,R  DA SOIA,"R DA SOIA  CASA 01 , BAIRRO JD ATLÂNTICO",2,2,2,1,1
AUTO_ALIAS_1A1_TOTAIS_IGUAIS,goiania,372356,8546,RESIDENCIAL IMBUIA,,R  IMBUIA,"R IMBUIA CASA 01 , BAIRRO JD MARILIZA",2,2,2,1,1
AUTO_ALIAS_1A1_TOTAIS_IGUAIS,goiania,200528,8487,RESIDENCIAL INGREDY CAETANO,,R  PRESIDENTE MEDISON,"R PRESIDENTE MEDISON  CASA 01 , BAIRRO JD PRESIDENTE",2,2,2,1,1
AUTO_ALIAS_1A1_TOTAIS_IGUAIS,goiania,245832,8764,RESIDENCIAL INSPIRATION,,R  MINAS GERAIS,"R MINAS GERAIS CASA 03 , BAIRRO RES LUCY PINHEIRO",3,3,3,1,1
AUTO_ALIAS_1A1_TOTAIS_IGUAIS,goiania,119805,13320,RESIDENCIAL I' NUNES CARDOSO I,,R  RODRIGUES ALVES,"R RODRIGUES ALVES  CASA 01 , BAIRRO PRQ INDUSTRIAL JOÃO BRAZ",2,2,2,1,1
AUTO_ALIAS_1A1_TOTAIS_IGUAIS,goiania,222522,12750,RESIDENCIAL IOVAM,,R  MDV18,"R MDV7  CASA 01 , BAIRRO LOT MOINHO DOS VENTOS",2,2,2,1,1
AUTO_ALIAS_1A1_TOTAIS_IGUAIS,goiania,144504,14104,RESIDENCIAL IPANEMA III,,R  C245,"R C245  CASA-01 , BAIRRO BRO JARDIM AMÉRICA",2,2,2,1,1
AUTO_ALIAS_1A1_TOTAIS_IGUAIS,goiania,235402,10199,RESIDENCIAL IRACEMA,,R  TAUA,"R TAUA  CASA 02 , BAIRRO PRQ AMAZÔNIA",2,2,2,1,1
AUTO_ALIAS_1A1_TOTAIS_IGUAIS,goiania,136124,8037,RESIDENCIAL ISSA III,,R  PE ORMINDO VIVEIRO DE CASTRO,"R PE ORMINDO VIVEIRO DE CASTRO  CASA 01 , BAIRRO JD SÃO JOSÉ",2,2,2,1,1
AUTO_ALIAS_1A1_TOTAIS_IGUAIS,goiania,176570,7993,RESIDENCIAL ITAIPU II,,R  RI20,"R RI20 S/N     CASA 01 , BAIRRO RES ITAIPÚ I",2,2,2,1,1
AUTO_ALIAS_1A1_TOTAIS_IGUAIS,goiania,196862,13002,RESIDENCIAL IZAPAULA,,R  DUQUE DE CAXIAS,"R DUQUE DE CAXIAS  CASA-02 , BAIRRO PRQ ANHANGÜERA",2,2,2,1,1
AUTO_ALIAS_1A1_TOTAIS_IGUAIS,goiania,149079,9836,RESIDENCIAL JARDINS,,R  C142,"R C142  CASA01 , BAIRRO BRO JARDIM AMÉRICA",3,3,3,1,1
AUTO_ALIAS_1A1_TOTAIS_IGUAIS,goiania,268243,8484,RESIDENCIAL JARINA,,R  JARINA,"R JARINA CASA01 , BAIRRO JD MARILIZA",2,2,2,1,1
AUTO_ALIAS_1A1_TOTAIS_IGUAIS,goiania,36913,13439,RESIDENCIAL JC-LVI,,R  SC40,"R SC40 LT 28 CS 01 , BAIRRO JD COLORADO I",2,2,2,1,1
AUTO_ALIAS_1A1_TOTAIS_IGUAIS,goiania,222521,12265,RESIDENCIAL J.F.M. II,,R  MDV18,"R MDV18  CASA-01 , BAIRRO LOT MOINHO DOS VENTOS",2,2,2,1,1
AUTO_ALIAS_1A1_TOTAIS_IGUAIS,goiania,39692,12268,RESIDENCIAL JK-VI,,R  JH6,"R JH6 LT 05 CS 01 , BAIRRO JD DAS HORTÊNCIAS",2,2,2,1,1
AUTO_ALIAS_1A1_TOTAIS_IGUAIS,goiania,34400,12999,RESIDENCIAL JK-X,,R  JH8,"R JH20 LT 18 CS 01 , BAIRRO JD DAS HORTÊNCIAS",3,3,3,1,1
AUTO_ALIAS_1A1_TOTAIS_IGUAIS,goiania,57923,12940,RESIDENCIAL JM RODRIGUES II,,R  MARLENE OLIVEIRA MACHADO,"R MARLENE OLIVEIRA MACHADO LT 01 CS 01 , BAIRRO RES JARDIM BELVEDERE EXPANSÃO",3,3,3,1,1
AUTO_ALIAS_1A1_TOTAIS_IGUAIS,goiania,327334,10718,RESIDENCIAL JNB,,R  GR6,"R GR6 CASA 02 , BAIRRO LOT GRANDE RETIRO",2,2,2,1,1
AUTO_ALIAS_1A1_TOTAIS_IGUAIS,goiania,207080,8722,RESIDENCIAL JONHSON IV,,R  PRESIDENTE JONHSON,"R PRESIDENTE JONHSON  CASA 01 , BAIRRO JD PRESIDENTE",2,2,2,1,1
AUTO_ALIAS_1A1_TOTAIS_IGUAIS,goiania,172861,3104,RESIDENCIAL JOTAS,,R  ARMACAO DE BUZIOS,"R ARMACAO DE BUZIOS  CASA 01 , BAIRRO RES CAMPOS DOURADOS",2,2,2,1,1
AUTO_ALIAS_1A1_TOTAIS_IGUAIS,goiania,40787,11309,RESIDENCIAL J SILVA,,R  JH33,"R JH33 LT 08 CS 01 , BAIRRO JD DAS HORTÊNCIAS",2,2,2,1,1
AUTO_ALIAS_1A1_TOTAIS_IGUAIS,goiania,248607,6029,RESIDENCIAL JS SALATIEL V,,R  NILVA ANGELICA,"AV UBALDINA NAVES DE BRITO CASA 01 , BAIRRO JD BALNEÁRIO MEIA PONTE",3,3,3,1,1
AUTO_ALIAS_1A1_TOTAIS_IGUAIS,goiania,161401,8982,RESIDENCIAL JUCIRLANDO III,,R  F6,"R F6  CASA 2 , BAIRRO RES FIDÉLIS",2,2,2,1,1
AUTO_ALIAS_1A1_TOTAIS_IGUAIS,goiania,51859,12812,RESIDENCIAL JUNQUEIRA,,R  48,"R 48 LT 05 . , BAIRRO S SANTOS DUMONT",2,2,2,1,1
AUTO_ALIAS_1A1_TOTAIS_IGUAIS,goiania,327520,14489,RESIDENCIAL KARLUS MAIA II,,R  EUNICE DE ALENCAR B.C.CAMPOS,"R EUNICE DE ALENCAR B.C.CAMPOS CASA 01 , BAIRRO RES RECANTO DOS BURITIS",2,2,2,1,1
AUTO_ALIAS_1A1_TOTAIS_IGUAIS,goiania,191190,12795,RESIDENCIAL LAMOUNIER,,PC GENOVEVA R.CARNEIRO (ITAPUAN),"PC GENOVEVA R.CARNEIRO (ITAPUAN)  CASA 01 , BAIRRO JD PLANALTO",2,2,2,1,1
AUTO_ALIAS_1A1_TOTAIS_IGUAIS,goiania,154470,13345,RESIDENCIAL LAZARO DANTAS I,,R  EF3,"R EF3  CASA02 , BAIRRO JD ELI FORTE",2,2,2,1,1
AUTO_ALIAS_1A1_TOTAIS_IGUAIS,goiania,207281,2307,RESIDENCIAL LAZARO I,,R  SEVILHA,"R SEVILHA  CASA 01 , BAIRRO S TRÊS MARIAS",3,3,3,1,1
AUTO_ALIAS_1A1_TOTAIS_IGUAIS,goiania,12576,1137,RESIDENCIAL LEAL,,R  C270,"R C270 LT 08 . , BAIRRO BRO CIDADE JARDIM",7,7,7,1,1
AUTO_ALIAS_1A1_TOTAIS_IGUAIS,goiania,189619,9966,RESIDENCIAL LEAO,,R  DA RAIA,"R DA RAIA  CASA 01 , BAIRRO JD ATLÂNTICO",2,2,2,1,1
AUTO_ALIAS_1A1_TOTAIS_IGUAIS,goiania,181056,1363,RESIDENCIAL LEI COUTO 3C,,R  JUSCELINO KUBITSCHEK,"R JUSCELINO KUBITSCHEK  CASA 01 , BAIRRO S CRISTINA",2,2,2,1,1
AUTO_ALIAS_1A1_TOTAIS_IGUAIS,goiania,193530,6077,RESIDENCIAL LETICIA,,PC IBIA,"PC IBIA LT 12 CASA 01 , BAIRRO JD ANA LÚCIA",2,2,2,1,1
AUTO_ALIAS_1A1_TOTAIS_IGUAIS,goiania,128079,10809,RESIDENCIAL LIMA SILVA,,R  LINDOLFO PRUDENTE,"R LINDOLFO PRUDENTE  CASA 01 , BAIRRO JD DAS ROSAS",2,2,2,1,1
AUTO_ALIAS_1A1_TOTAIS_IGUAIS,goiania,107420,10457,RESIDENCIAL LLEGO 06,,AV CRP3,"AV CRP3  CASA 02 , BAIRRO RES PRIMAVERA",2,2,2,1,1
AUTO_ALIAS_1A1_TOTAIS_IGUAIS,goiania,153081,9260,RESIDENCIAL LRS,,R  F6,"R F6  CASA 02 , BAIRRO RES FIDÉLIS",2,2,2,1,1
AUTO_ALIAS_1A1_TOTAIS_IGUAIS,goiania,406176,10327,RESIDENCIAL LUANDA II,,R  ANA NERI,"R ANA NERI  SOBRADO 01 , BAIRRO PRQ ANHANGÜERA",2,2,2,1,1
AUTO_ALIAS_1A1_TOTAIS_IGUAIS,goiania,62001,10265,RESIDENCIAL LUCY II,,R  E4,"R E4 LT 01 CS 01 E CS 02 , BAIRRO VL LUCY",2,2,2,1,1
AUTO_ALIAS_1A1_TOTAIS_IGUAIS,goiania,145677,13332,RESIDENCIAL LUDMILLA PIMENTA,,R  C36,"R C22 LA RODR CASA 01 , BAIRRO BRO JARDIM AMÉRICA",2,2,2,1,1
AUTO_ALIAS_1A1_TOTAIS_IGUAIS,goiania,32199,3272,RESIDENCIAL MAANAIM 08-11,,R  LUCRECIO SOARES,"R LUCRECIO SOARES LT 11 CS 1 , BAIRRO S PARQUE TREMENDÃO",2,2,2,1,1
AUTO_ALIAS_1A1_TOTAIS_IGUAIS,goiania,219923,9593,RESIDENCIAL MACEDO DANTAS,,R  VB14,"R VB16  CASA 02 , BAIRRO RES VEREDA DOS BURITIS",2,2,2,1,1
AUTO_ALIAS_1A1_TOTAIS_IGUAIS,goiania,177072,11840,RESIDENCIAL MACEDO FERREIRA,,R  RI7,"R RI7  CASA01 , BAIRRO RES ITAIPÚ",2,2,2,1,1
AUTO_ALIAS_1A1_TOTAIS_IGUAIS,goiania,115914,9245,RESIDENCIAL MAJU,,R  2,"R 2  CASA 01 , BAIRRO RES PONTA NEGRA",2,2,2,1,1
AUTO_ALIAS_1A1_TOTAIS_IGUAIS,goiania,58921,14232,RESIDENCIAL MANANCIAL XI,,R  FN14,"R FN14 LT 12 CS 01 , BAIRRO JD FONTE NOVA",2,2,2,1,1
AUTO_ALIAS_1A1_TOTAIS_IGUAIS,goiania,152417,10188,RESIDENCIAL MARCELO ROSA,,R  ELPIDIO JOSE FARIA,"R ELPIDIO JOSE FARIA  CASA-01 , BAIRRO RES FORTE VILLE - EXTENSÃO",3,3,3,1,1
AUTO_ALIAS_1A1_TOTAIS_IGUAIS,goiania,390471,11057,RESIDENCIAL MAR DEL PLATA,,R  MP12,"R MP13 CASA 02 , BAIRRO RES MAR DEL PLATA",2,2,2,1,1
AUTO_ALIAS_1A1_TOTAIS_IGUAIS,goiania,197412,10657,RESIDENCIAL MARIA DULCE II,,R  DO CORAL,"R DO CORAL  CASA 01 , BAIRRO JD ATLÂNTICO",2,2,2,1,1
AUTO_ALIAS_1A1_TOTAIS_IGUAIS,goiania,216502,1303,RESIDENCIAL MARIA FLOR VI,,R  CV19,"R CV20 S/N     CASA 01 , BAIRRO RES CENTER VILLE",5,5,5,1,1
AUTO_ALIAS_1A1_TOTAIS_IGUAIS,goiania,337259,7425,RESIDENCIAL MARILIZA 6,,R  AMBURANA,"R AMBURANA CASA01 , BAIRRO JD MARILIZA",2,2,2,1,1
AUTO_ALIAS_1A1_TOTAIS_IGUAIS,goiania,127192,14358,RESIDENCIAL MARQUES DE SA 23,,R  SM17,"R SM17  CASA 01 , BAIRRO RES SÃO MARCOS",2,2,2,1,1
AUTO_ALIAS_1A1_TOTAIS_IGUAIS,goiania,209568,8756,RESIDENCIAL MARTINS NOVAIS I,,R  GIBRALTAR,"R GIBRALTAR  CASA 01 , BAIRRO S TRÊS MARIAS",2,2,2,1,1
AUTO_ALIAS_1A1_TOTAIS_IGUAIS,goiania,118497,7411,RESIDENCIAL MATOS SILVA,,R  PLANALTO CENTRAL,"R PLANALTO CENTRAL  CASA 01 , BAIRRO PRQ INDUSTRIAL JOÃO BRAZ",2,2,2,1,1
AUTO_ALIAS_1A1_TOTAIS_IGUAIS,goiania,251293,8228,RESIDENCIAL MELO II,,R  MP2,"R MP7 CASA 02 , BAIRRO RES MAR DEL PLATA",2,2,2,1,1
AUTO_ALIAS_1A1_TOTAIS_IGUAIS,goiania,145541,8510,RESIDENCIAL MELO II,,AV C5,"AV C5  CASA-01 , BAIRRO BRO JARDIM AMÉRICA",2,2,2,1,1
AUTO_ALIAS_1A1_TOTAIS_IGUAIS,goiania,117307,13228,RESIDENCIAL MENDES-338.734,,R  DONA CAROLINA,"R DONA CAROLINA CASA 01 , BAIRRO PRQ INDUSTRIAL JOÃO BRAZ",2,2,2,1,1
AUTO_ALIAS_1A1_TOTAIS_IGUAIS,goiania,259518,11893,RESIDENCIAL MESSIAS X,,R  RB5A,"R RB5A CASA 01 , BAIRRO RES RECANTO DO BOSQUE",2,2,2,1,1
AUTO_ALIAS_1A1_TOTAIS_IGUAIS,goiania,178053,12006,RESIDENCIAL MGS I,,R  RI12,"R RI12  CASA-01 , BAIRRO RES ITAIPÚ",2,2,2,1,1
AUTO_ALIAS_1A1_TOTAIS_IGUAIS,goiania,191151,12574,RESIDENCIAL MIGUEL BARROS,,R  V4,"R V4 113     CASA 01 , BAIRRO VL REZENDE",2,2,2,1,1
AUTO_ALIAS_1A1_TOTAIS_IGUAIS,goiania,176591,10936,RESIDENCIAL MIRANDA,,R  RI16,"R RI16  CASA 01 , BAIRRO RES ITAIPÚ",3,3,3,1,1
AUTO_ALIAS_1A1_TOTAIS_IGUAIS,goiania,200219,11453,RESIDENCIAL M.J.O.N.I,,R  LAS VELAS,"R LAS VELAS  SOB 02 , BAIRRO S TRÊS MARIAS",2,2,2,1,1
AUTO_ALIAS_1A1_TOTAIS_IGUAIS,goiania,280559,7590,RESIDENCIAL MOEMA,,R  DONA TEREZA,"R CRUZEIRO DO SUL CASA 01 , BAIRRO JD BELA VISTA",2,2,2,1,1
AUTO_ALIAS_1A1_TOTAIS_IGUAIS,goiania,160060,11368,RESIDENCIAL MORAES SILVA IV,,R  JERONIMO SIMOES DE LIMA,"R JERONIMO SIMOES DE LIMA  CASA 01 , BAIRRO RES KÁTIA",2,2,2,1,1
AUTO_ALIAS_1A1_TOTAIS_IGUAIS,goiania,188887,14234,RESIDENCIAL MORAK NA RAIA,,R  DA RAIA,"R DA RAIA S/N     CASA 01 , BAIRRO JD ATLÂNTICO",2,2,2,1,1
AUTO_ALIAS_1A1_TOTAIS_IGUAIS,goiania,144506,12711,RESIDENCIAL MOREIRA,,R  C243,"R C243 S/N     CASA 02 , BAIRRO BRO JARDIM AMÉRICA",2,2,2,1,1
AUTO_ALIAS_1A1_TOTAIS_IGUAIS,goiania,224977,8021,RESIDENCIAL MOTTA,,R  SM3,"R SM3  CASA 01 , BAIRRO JD SÔNIA MARIA",2,2,2,1,1
AUTO_ALIAS_1A1_TOTAIS_IGUAIS,goiania,134129,13898,RESIDENCIAL MSC,,R  MONS RODOLFO TELLMAN,"R MONS RODOLFO TELLMAN  CASA 01 , BAIRRO JD SÃO JOSÉ",2,2,2,1,1
AUTO_ALIAS_1A1_TOTAIS_IGUAIS,goiania,155826,13205,RESIDENCIAL MURILO JUNIOR,,R  FV25,"R FV25  CASA 01 , BAIRRO RES FORTE VILLE - EXTENSÃO",2,2,2,1,1
AUTO_ALIAS_1A1_TOTAIS_IGUAIS,goiania,100521,1164,RESIDENCIAL NACOES I,,R  ARGENTINA,"R ARGENTINA  CASA 12 , BAIRRO S DAS NAÇÕES",14,14,14,1,1
AUTO_ALIAS_1A1_TOTAIS_IGUAIS,goiania,123697,9269,RESIDENCIAL NALON,,R  SM1,"R SM1  CASA 01 , BAIRRO RES SÃO MARCOS",2,2,2,1,1
AUTO_ALIAS_1A1_TOTAIS_IGUAIS,goiania,8320,396,RESIDENCIAL NEVERSON,,R  C14,"R C14  CASA-01 , BAIRRO S SUDOESTE",2,2,2,1,1
AUTO_ALIAS_1A1_TOTAIS_IGUAIS,goiania,250097,10987,RESIDENCIAL NEW HOUSE I,,R  DA PLATINA,"R DA PLATINA CASA 01 , BAIRRO JD NOVO MUNDO",2,2,2,1,1
AUTO_ALIAS_1A1_TOTAIS_IGUAIS,goiania,198709,9787,RESIDENCIAL NILA,,R  GUADALQUIVIR,"R GUADALQUIVIR  CASA 01 , BAIRRO S TRÊS MARIAS",2,2,2,1,1
AUTO_ALIAS_1A1_TOTAIS_IGUAIS,goiania,118328,13732,RESIDENCIAL NR PLACE,,R  PH10,"R PH10  CASA 01 , BAIRRO LOT SOLANGE PARQUE III",2,2,2,1,1
AUTO_ALIAS_1A1_TOTAIS_IGUAIS,goiania,386225,7457,RESIDENCIAL NUNES,,AV BONPLAND,"R JARINA 35 CASA 01 , BAIRRO JD MARILIZA",3,3,3,1,1
AUTO_ALIAS_1A1_TOTAIS_IGUAIS,goiania,144211,8430,RESIDENCIAL NUNES I,,R  C179,"R C151  CASA-A , BAIRRO BRO JARDIM AMÉRICA",2,2,2,1,1
AUTO_ALIAS_1A1_TOTAIS_IGUAIS,goiania,164735,13293,RESIDENCIAL NUNES RIBEIRO III,,R  HERMANTINO FERNANDES,"R HERMANTINO FERNANDES  CASA 01 , BAIRRO RES SANTA FÉ",2,2,2,1,1
AUTO_ALIAS_1A1_TOTAIS_IGUAIS,goiania,158440,10859,RESIDENCIAL OAK GROVE XIV,,R  MARIA GALIANA,"R MARIA GALIANA  CASA 01 , BAIRRO RES SANTA FÉ",3,3,3,1,1
AUTO_ALIAS_1A1_TOTAIS_IGUAIS,goiania,188798,12543,RESIDENCIAL OASIS XL,,R  DA PESCADA,"R DA PESCADA  CASA 01 , BAIRRO JD ATLÂNTICO",2,2,2,1,1
AUTO_ALIAS_1A1_TOTAIS_IGUAIS,goiania,222525,13139,RESIDENCIAL OLIVEIRA CINTRA,,R  MDV7,"R MDV7  CASA 02 , BAIRRO LOT MOINHO DOS VENTOS",2,2,2,1,1
AUTO_ALIAS_1A1_TOTAIS_IGUAIS,goiania,16793,12684,RESIDENCIAL ORTENCIA,,R  17A,"R 17A CASA 01 , BAIRRO S ESTRELA DALVA",2,2,2,1,1
AUTO_ALIAS_1A1_TOTAIS_IGUAIS,goiania,18987,12976,RESIDENCIAL ORTENCIA I,,R  17A,"R 17A CASA 1 , BAIRRO S ESTRELA DALVA",2,2,2,1,1
AUTO_ALIAS_1A1_TOTAIS_IGUAIS,goiania,164369,14261,RESIDENCIAL OUTRO PRETO II,,R  EDUARDO VERANO,"R EDUARDO VERANO  CASA 01 , BAIRRO RES SANTA FÉ",2,2,2,1,1
AUTO_ALIAS_1A1_TOTAIS_IGUAIS,goiania,243642,11076,RESIDENCIAL PACHECO,,R  T30,"R T41 S/N     APT 01 , BAIRRO S BUENO",3,3,3,1,1
AUTO_ALIAS_1A1_TOTAIS_IGUAIS,goiania,249588,13948,RESIDENCIAL PALOMINO,,R  JARINA,"R JARINA CASA 01 , BAIRRO JD MARILIZA",2,2,2,1,1
AUTO_ALIAS_1A1_TOTAIS_IGUAIS,goiania,196815,10220,RESIDENCIAL PARQUE ANHANGUERA,,AV CONTORNO,"R TIRADENTES  CASA 01 , BAIRRO PRQ ANHANGÜERA",6,6,6,1,1
AUTO_ALIAS_1A1_TOTAIS_IGUAIS,goiania,154888,11393,RESIDENCIAL PARQUE SANTA RITA,,R  SR17,"R SR17  CASA-A , BAIRRO PRQ SANTA RITA",2,2,2,1,1
AUTO_ALIAS_1A1_TOTAIS_IGUAIS,goiania,161968,10907,RESIDENCIAL PARQUE STA RITA,,R  SR5,"R SR5  CASA-A , BAIRRO PRQ SANTA RITA",2,2,2,1,1
AUTO_ALIAS_1A1_TOTAIS_IGUAIS,goiania,149350,8713,RESIDENCIAL PATRICIA,,R  C139,"R C139  CASA 02 , BAIRRO BRO JARDIM AMÉRICA",2,2,2,1,1
AUTO_ALIAS_1A1_TOTAIS_IGUAIS,goiania,188880,10971,RESIDENCIAL PAULISTA,,R  DA RAIA,"R DA RAIA  CASA 01 , BAIRRO JD ATLÂNTICO",2,2,2,1,1
AUTO_ALIAS_1A1_TOTAIS_IGUAIS,goiania,159573,12912,RESIDENCIAL PEIXOTO-183986,,R  SR11,"R SR11  CASA01 , BAIRRO VLG SANTA RITA",2,2,2,1,1
AUTO_ALIAS_1A1_TOTAIS_IGUAIS,goiania,178003,11380,RESIDENCIAL PENNA 06,,R  RI11,"R RI30  CASA 01 , BAIRRO RES ITAIPÚ",4,4,4,1,1
AUTO_ALIAS_1A1_TOTAIS_IGUAIS,goiania,172819,8717,RESIDENCIAL PENNA 12,,R  ARMACAO DE BUZIOS,"R BARRA DO PIRAI  CASA 01 , BAIRRO RES CAMPOS DOURADOS",3,3,3,1,1
AUTO_ALIAS_1A1_TOTAIS_IGUAIS,goiania,143782,8534,RESIDENCIAL PEREIRA DA SILVA II,,R  JUAREZ AMORELLI,"R JUAREZ AMORELLI  CASA 01 , BAIRRO RES BUENA VISTA III",2,2,2,1,1
AUTO_ALIAS_1A1_TOTAIS_IGUAIS,goiania,335190,13578,RESIDENCIAL PERIMETRAL,,AV PERIMETRAL ( VAM ),"AV PERIMETRAL ( VAM ) 1331    CASA-01 , BAIRRO S CAMPINAS",3,3,3,1,1
AUTO_ALIAS_1A1_TOTAIS_IGUAIS,goiania,268246,10326,RESIDENCIAL PEROBA,,R  PEROBA,"R PEROBA CASA 01 , BAIRRO JD MARILIZA",2,2,2,1,1
AUTO_ALIAS_1A1_TOTAIS_IGUAIS,goiania,271352,14458,RESIDENCIAL PIQUIA II,,R  DA REPUBLICA,"R SAO JOSE UNID01 , BAIRRO VL JARDIM VITÓRIA",5,5,5,1,1
AUTO_ALIAS_1A1_TOTAIS_IGUAIS,goiania,11456,12633,RESIDENCIAL POENTE DO SOL,,AV C16,"AV C16  SOBRADO 01 , BAIRRO S SUDOESTE",2,2,2,1,1
AUTO_ALIAS_1A1_TOTAIS_IGUAIS,goiania,826,9846,RESIDENCIAL PORTAL,,AV C7,"AV C7  SOB 01 , BAIRRO S SOL NASCENTE",2,2,2,1,1
AUTO_ALIAS_1A1_TOTAIS_IGUAIS,goiania,261593,14237,RESIDENCIAL PORTAL BRANCO,,R  FRANCISCO BARBOSA,"R FRANCISCO BARBOSA CASA 01 , BAIRRO RES ANTÔNIO BARBOSA",2,2,2,1,1
AUTO_ALIAS_1A1_TOTAIS_IGUAIS,goiania,152767,13506,RESIDENCIAL PORTAL SUCUPIRA,,R  FV30,"R FV30  CASA 01 , BAIRRO RES FORTE VILLE - EXTENSÃO",2,2,2,1,1
AUTO_ALIAS_1A1_TOTAIS_IGUAIS,goiania,85485,10739,RESIDENCIAL PORTAL TORRES,,R  RB1,"R RB1 CASA 01 , BAIRRO JD BONANZA",2,2,2,1,1
AUTO_ALIAS_1A1_TOTAIS_IGUAIS,goiania,154826,14149,RESIDENCIAL PORTO FILHO,,R  GERSON DE CASTRO COSTA,"R GERSON DE CASTRO COSTA  CASA 02 , BAIRRO RES KÁTIA",2,2,2,1,1
AUTO_ALIAS_1A1_TOTAIS_IGUAIS,goiania,137426,13942,RESIDENCIAL PORTUGAL SONHO DE LISBOA III,,R  CONSELHEIRO JOSE DE CASTRO,"R CON. JOSE DE CASTRO  CASA 01 , BAIRRO JD SÃO JOSÉ",2,2,2,1,1
AUTO_ALIAS_1A1_TOTAIS_IGUAIS,goiania,308823,8745,RESIDENCIAL PRESTES,,AL DAS BUGANVILEAS,"AL DAS BUGANVILEAS CASA 01 , BAIRRO LOT GOIÂNIA 2",2,2,2,1,1
AUTO_ALIAS_1A1_TOTAIS_IGUAIS,goiania,177560,11146,RESIDENCIAL PRI 15,,R  RI15,"R RI15  CASA01 , BAIRRO RES ITAIPÚ",2,2,2,1,1
AUTO_ALIAS_1A1_TOTAIS_IGUAIS,goiania,145839,9650,RESIDENCIAL PROSPERIDADE,,R  C137,"R C137  CASA 01 , BAIRRO BRO JARDIM AMÉRICA",2,2,2,1,1
AUTO_ALIAS_1A1_TOTAIS_IGUAIS,goiania,272978,7363,RESIDENCIAL QUEIROZ 13,,R  1,"R 1 CASA 01 , BAIRRO VL PEDROSO",2,2,2,1,1
AUTO_ALIAS_1A1_TOTAIS_IGUAIS,goiania,285269,7935,RESIDENCIAL QUEIROZ 300,,R  MP2,"R MP11 CASA 03 , BAIRRO RES MAR DEL PLATA",3,3,3,1,1
AUTO_ALIAS_1A1_TOTAIS_IGUAIS,goiania,169822,13111,RESIDENCIAL RANGEL II,,R  W2,"R W2  CASA 01 , BAIRRO JD ITAIPÚ",2,2,2,1,1
AUTO_ALIAS_1A1_TOTAIS_IGUAIS,goiania,222657,7039,RESIDENCIAL R.C.M. III,,R  CV4,"R CV4  CASA 01 , BAIRRO RES CENTER VILLE",2,2,2,1,1
AUTO_ALIAS_1A1_TOTAIS_IGUAIS,goiania,222639,7052,RESIDENCIAL R.C.M. III,,R  CV4,"R CV4  CASA 01 , BAIRRO RES CENTER VILLE",2,2,2,1,1
AUTO_ALIAS_1A1_TOTAIS_IGUAIS,goiania,198756,11544,RESIDENCIAL RECANTO DOS SONHOS,,R  ASTURIAS,"R ASTURIAS  CASA 02 , BAIRRO S TRÊS MARIAS",2,2,2,1,1
AUTO_ALIAS_1A1_TOTAIS_IGUAIS,goiania,138992,13354,RESIDENCIAL REO-24.3,,ESTGYN20,"ESTGYN20  CASA 01 , BAIRRO PRQ ELDORADO OESTE",2,2,2,1,1
AUTO_ALIAS_1A1_TOTAIS_IGUAIS,goiania,192724,8952,RESIDENCIAL RESENDE II,,R  V9,"R V4  R.RESEN.II C/02 , BAIRRO VL REZENDE",2,2,2,1,1
AUTO_ALIAS_1A1_TOTAIS_IGUAIS,goiania,8507,10303,RESIDENCIAL RIBEIRO SANTOS,,R  C90,"R C90  CASA 01 , BAIRRO S SUDOESTE",2,2,2,1,1
AUTO_ALIAS_1A1_TOTAIS_IGUAIS,goiania,116746,13514,RESIDENCIAL RIO JORDAO,,R  2,"R 2  CASA 01 , BAIRRO RES PONTA NEGRA",2,2,2,1,1
AUTO_ALIAS_1A1_TOTAIS_IGUAIS,goiania,383335,8725,RESIDENCIAL R.L.F II,,R  RB18A,"R RB18A CASA 01 , BAIRRO RES RECANTO DO BOSQUE",2,2,2,1,1
AUTO_ALIAS_1A1_TOTAIS_IGUAIS,goiania,170376,9522,RESIDENCIAL R.M.S II,,R  RI4,"R RI4  CASA01 , BAIRRO RES ITAIPÚ",2,2,2,1,1
AUTO_ALIAS_1A1_TOTAIS_IGUAIS,goiania,187582,6728,RESIDENCIAL ROCHA ESPADARTE,,R  DO ESPADARTE,"R DO ESPADARTE  CASA 01 , BAIRRO JD ATLÂNTICO",2,2,2,1,1
AUTO_ALIAS_1A1_TOTAIS_IGUAIS,goiania,209576,9717,RESIDENCIAL ROCHA III,,AV VALENCIA,"AV VALENCIA  CASA-01 , BAIRRO S TRÊS MARIAS",2,2,2,1,1
AUTO_ALIAS_1A1_TOTAIS_IGUAIS,goiania,176627,9659,RESIDENCIAL ROCHA LEMES I,,R  RI30,"R RI30  CASA 01 , BAIRRO RES ITAIPÚ I",4,4,4,1,1
AUTO_ALIAS_1A1_TOTAIS_IGUAIS,goiania,148311,6649,RESIDENCIAL ROSA DE JESUS,,R  C185,"R C185  CASA 01 , BAIRRO BRO JARDIM AMÉRICA",2,2,2,1,1
AUTO_ALIAS_1A1_TOTAIS_IGUAIS,goiania,231244,9954,RESIDENCIAL ROSA DOS SONHOS,,R  CORONEL LUIZ SAMPAIO,"R CORONEL LUIZ SAMPAIO  SOBRADO 01 , BAIRRO VL ROSA",2,2,2,1,1
AUTO_ALIAS_1A1_TOTAIS_IGUAIS,goiania,235140,13950,RESIDENCIAL ROSENDA,,R  MATUPA,"AL JUAZEIRO DO NORTE  CASA 01 , BAIRRO PRQ AMAZÔNIA",3,3,3,1,1
AUTO_ALIAS_1A1_TOTAIS_IGUAIS,goiania,127765,2226,RESIDENCIAL ROSSI VAZ I,,R  GP10,"R GP10  CASA 01 , BAIRRO RES GOYAZ PARK",2,2,2,1,1
AUTO_ALIAS_1A1_TOTAIS_IGUAIS,goiania,100199,9791,RESIDENCIAL RT 6,,R  RT6,"R RT6  CASA 01 , BAIRRO RES TUZIMOTO",5,5,5,1,1
AUTO_ALIAS_1A1_TOTAIS_IGUAIS,goiania,104770,9293,RESIDENCIAL RT 605,,AV VINICIUS DE MORAES,"AV VINICIUS DE MORAES  CASA 01 , BAIRRO RES TUZIMOTO",2,2,2,1,1
AUTO_ALIAS_1A1_TOTAIS_IGUAIS,goiania,172179,9553,RESIDENCIAL RUBI,,R  32,"R 32  CASA01 , BAIRRO CON DAS ESMERALDAS",2,2,2,1,1
AUTO_ALIAS_1A1_TOTAIS_IGUAIS,goiania,5234,13270,RESIDENCIAL RUBI,,R  FORMOSA,"R FORMOSA LT S/N CS 01 , BAIRRO BRO NOSSA SENHORA DE FÁTIMA",2,2,2,1,1
AUTO_ALIAS_1A1_TOTAIS_IGUAIS,goiania,50578,8640,RESIDENCIAL RV II,,R  25 DE DEZEMBRO,"R 25 DE DEZEMBRO LT S/N CS 01 , BAIRRO JD GRAMADO",2,2,2,1,1
AUTO_ALIAS_1A1_TOTAIS_IGUAIS,goiania,141631,12542,RESIDENCIAL RY-10,,R  RY10,"R RY10  CASA 1 , BAIRRO JD SÃO JOSÉ",2,2,2,1,1
AUTO_ALIAS_1A1_TOTAIS_IGUAIS,goiania,162223,10911,RESIDENCIAL SANTA FE,,R  DA FE,"R DA FE  C-1 , BAIRRO RES SANTA FÉ I",2,2,2,1,1
AUTO_ALIAS_1A1_TOTAIS_IGUAIS,goiania,152520,8556,RESIDENCIAL SANTA RITA 2,,R  SRM7,"R SRM7  CASA 01 , BAIRRO VLG SANTA RITA",3,3,3,1,1
AUTO_ALIAS_1A1_TOTAIS_IGUAIS,goiania,189581,14476,RESIDENCIAL SAVEU I,,R  DO SAVEU,"R DO SAVEU  CASA 1 , BAIRRO JD ATLÂNTICO",2,2,2,1,1
AUTO_ALIAS_1A1_TOTAIS_IGUAIS,goiania,102839,11472,RESIDENCIAL SILVA GONTIJO,,R  VI13,"R VI13 CASA-01 , BAIRRO CJ VERA CRUZ",4,4,4,1,1
AUTO_ALIAS_1A1_TOTAIS_IGUAIS,goiania,82801,12739,RESIDENCIAL SIMAO I,,R  CORUMBE,"R CORUMBE CASA 01 , BAIRRO S BARRA DA TIJUCA",2,2,2,1,1
AUTO_ALIAS_1A1_TOTAIS_IGUAIS,goiania,126795,13198,RESIDENCIAL SIVIRINO DA COSTA II,,R  SM1,"R SM1  CASA 01 , BAIRRO RES SÃO MARCOS",2,2,2,1,1
AUTO_ALIAS_1A1_TOTAIS_IGUAIS,goiania,128312,8198,RESIDENCIAL SM-17,,R  SM17,"R SM17  CASA 01 , BAIRRO RES SÃO MARCOS",2,2,2,1,1
AUTO_ALIAS_1A1_TOTAIS_IGUAIS,goiania,121695,7874,RESIDENCIAL SOARES I,,R  ARMANDO DE SALES,"R ARMANDO DE SALES  CASA-02 , BAIRRO PRQ INDUSTRIAL JOÃO BRAZ",2,2,2,1,1
AUTO_ALIAS_1A1_TOTAIS_IGUAIS,goiania,189746,14475,RESIDENCIAL SOIAMAR,,R  DA SOIA,"R DA SOIA  CASA 1 , BAIRRO JD ATLÂNTICO",2,2,2,1,1
AUTO_ALIAS_1A1_TOTAIS_IGUAIS,goiania,128478,10525,RESIDENCIAL SOLAR MARQUES DE ABREU III,,AV CASSIMIRO J MARQUES DE ABREU,"AV CASSIMIRO J MARQUES DE ABREU  CASA 1 , BAIRRO JD MARQUES DE ABREU",3,3,3,1,1
AUTO_ALIAS_1A1_TOTAIS_IGUAIS,goiania,141011,10836,RESIDENCIAL SOLAR SAO JOSE XI,,R  PE ORMINDO VIVEIRO DE CASTRO,"R PE ORMINDO VIVEIRO DE CASTRO  CASA 01 , BAIRRO JD SÃO JOSÉ",2,2,2,1,1
AUTO_ALIAS_1A1_TOTAIS_IGUAIS,goiania,148201,8109,RESIDENCIAL SONIA NEIVA,,R  C139,"R C139  SOB. 01 , BAIRRO BRO JARDIM AMÉRICA",2,2,2,1,1
AUTO_ALIAS_1A1_TOTAIS_IGUAIS,goiania,182161,9392,RESIDENCIAL SOUZA MEIRA I,,R  DOS MISSIONARIOS,"R DOS MISSIONARIOS  CASA 01 , BAIRRO S ORIENTVILLE",2,2,2,1,1
AUTO_ALIAS_1A1_TOTAIS_IGUAIS,goiania,158731,10505,RESIDENCIAL STIVAL VII,,R  LAGOA FORMOSA,"R LAGOA FORMOSA  CASA 01 , BAIRRO RES SANTA FÉ",2,2,2,1,1
AUTO_ALIAS_1A1_TOTAIS_IGUAIS,goiania,147611,14286,RESIDENCIAL TARUMA TOP,,R  C125,"R C125  CASA 02 , BAIRRO BRO JARDIM AMÉRICA",2,2,2,1,1
AUTO_ALIAS_1A1_TOTAIS_IGUAIS,goiania,87358,12003,RESIDENCIAL TELES III,,R  10,"R 10 CASA 02 , BAIRRO S SANTOS DUMONT",2,2,2,1,1
AUTO_ALIAS_1A1_TOTAIS_IGUAIS,goiania,82245,14488,RESIDENCIAL TELES XV,,R  GUAIBIM,"R GUAIBIM CASA 01 , BAIRRO S BARRA DA TIJUCA",3,3,3,1,1
AUTO_ALIAS_1A1_TOTAIS_IGUAIS,goiania,88612,14457,RESIDENCIAL TEMPO NOVO TN-05,,R  TN6,"R TN6 CASA 02 , BAIRRO RES TEMPO NOVO",2,2,2,1,1
AUTO_ALIAS_1A1_TOTAIS_IGUAIS,goiania,240068,9765,RESIDENCIAL THALLES,,R  1144,"R 1144  SOBRADO-02 , BAIRRO S MARISTA",2,2,2,1,1
AUTO_ALIAS_1A1_TOTAIS_IGUAIS,goiania,201852,13902,RESIDENCIAL TRES BELOS,,R  F58,"R F58  CASA 01 , BAIRRO LOT FAIÇALVILLE",2,2,2,1,1
AUTO_ALIAS_1A1_TOTAIS_IGUAIS,goiania,238452,14317,RESIDENCIAL TROPICAL,,R  T38,"R T38  , BAIRRO S BUENO",3,3,3,1,1
AUTO_ALIAS_1A1_TOTAIS_IGUAIS,goiania,224013,9558,RESIDENCIAL VALDECI ROSA 23,,R  CARANHA,"R CARANHA  CASA 01 , BAIRRO RES AQUÁRIOS",2,2,2,1,1
AUTO_ALIAS_1A1_TOTAIS_IGUAIS,goiania,206754,9395,RESIDENCIAL VERMONT,,R  PRESIDENTE RODRIGUES ALVES,"AL ABEL SOARES DE CASTRO  SOBRADO 01 , BAIRRO LOT FAIÇALVILLE",6,6,6,1,1
AUTO_ALIAS_1A1_TOTAIS_IGUAIS,goiania,188945,7507,RESIDENCIAL VERONESSI,,R  DO GUAJA,"R DO GUAJA  CASA01 , BAIRRO JD ATLÂNTICO",2,2,2,1,1
AUTO_ALIAS_1A1_TOTAIS_IGUAIS,goiania,153224,7969,RESIDENCIAL VIEIRA DE MELLO,,R  SRM29,"R SRM29  CASA 01 , BAIRRO RES VILLAGE SANTA RITA IV",2,2,2,1,1
AUTO_ALIAS_1A1_TOTAIS_IGUAIS,goiania,88503,1331,RESIDENCIAL VILLAGE FRECCHIAMI,,AV CORCOVADO,"AL CORCOVADO CASA 01 , BAIRRO S SANTOS DUMONT",2,2,2,1,1
AUTO_ALIAS_1A1_TOTAIS_IGUAIS,goiania,155276,14111,RESIDENCIAL VILLAGE LOPES DE OLIVEIRA,,R  PROSOLINA ALCANTARA PEREIRA,"R FV4  CASA 01 , BAIRRO RES FORTEVILLE",3,3,3,1,1
AUTO_ALIAS_1A1_TOTAIS_IGUAIS,goiania,155140,11413,RESIDENCIAL VILLAGE LOPES DE OLIVEIRA II,,AV BACURI,"AV BACURI  CASA01 , BAIRRO PRQ SANTA RITA",2,2,2,1,1
AUTO_ALIAS_1A1_TOTAIS_IGUAIS,goiania,80663,13403,RESIDENCIAL VILLAGE LUANDA II,,R  EMILIO JORGE MIGUEL,"R EMILIO JORGE MIGUEL C-1 , BAIRRO JD CLARISSA",2,2,2,1,1
AUTO_ALIAS_1A1_TOTAIS_IGUAIS,goiania,143392,14236,RESIDENCIAL VILLAGE MARCIANO VIEIRA II,,R  ELO29,"R ELO29  CASA 01 , BAIRRO PRQ ELDORADO OESTE",2,2,2,1,1
AUTO_ALIAS_1A1_TOTAIS_IGUAIS,goiania,184010,10834,RESIDENCIAL VILLAGE PEAR,,R  MARIA SENHORINHA DE JESUS,"R MARIA SENHORINHA DE JESUS  CASA01 , BAIRRO S ORIENTVILLE",2,2,2,1,1
AUTO_ALIAS_1A1_TOTAIS_IGUAIS,goiania,193584,12745,RESIDENCIAL VILLAGE RAIO DE SOL II,,R  PIRAPORA,"R PIRAPORA LT 06 CS 01 , BAIRRO JD ANA LÚCIA",2,2,2,1,1
AUTO_ALIAS_1A1_TOTAIS_IGUAIS,goiania,60764,11696,RESIDENCIAL VILLAGE RAMIRO DE LIMA I,,R  FN21,"R FN21 LT 36 CS 01 , BAIRRO JD FONTE NOVA",2,2,2,1,1
AUTO_ALIAS_1A1_TOTAIS_IGUAIS,goiania,368655,14281,RESIDENCIAL VILLAGE SERRA DOURADA I,,R  SERRA DOURADA,"R SERRA DOURADA  .      SOB 02 , BAIRRO BRO SANTA GENOVEVA",2,2,2,1,1
AUTO_ALIAS_1A1_TOTAIS_IGUAIS,goiania,133673,12081,RESIDENCIAL VILLLAGE,,R  ELO28,"R ELO28  CASA 02 , BAIRRO PRQ ELDORADO OESTE",2,2,2,1,1
AUTO_ALIAS_1A1_TOTAIS_IGUAIS,goiania,137312,3333,RESIDENCIAL VINHA XVII,,R  DR ORLANDO MORAES,"R DR ORLANDO MORAES  CASA 01 , BAIRRO JD SÃO JOSÉ",2,2,2,1,1
AUTO_ALIAS_1A1_TOTAIS_IGUAIS,goiania,375383,10827,RESIDENCIAL VITORIA,,R  RICARDO PARANHOS,"R RICARDO PARANHOS SN CASA-01 , BAIRRO JD BALNEÁRIO MEIA PONTE",2,2,2,1,1
AUTO_ALIAS_1A1_TOTAIS_IGUAIS,goiania,208311,8951,RESIDENCIAL VIVENDA F43,,R  F43,"R F43  CASA 01 , BAIRRO LOT FAIÇALVILLE",2,2,2,1,1
AUTO_ALIAS_1A1_TOTAIS_IGUAIS,goiania,174680,8467,RESIDENCIAL VIVIANE I,,R  W11,"R W11  CASA 01 , BAIRRO RES ANA CLARA",2,2,2,1,1
AUTO_ALIAS_1A1_TOTAIS_IGUAIS,goiania,131306,12539,RESIDENCIAL W.A. XIV,,R  23 DE ABRIL,"R 23 DE ABRIL  CASA 01 , BAIRRO JD MARQUES DE ABREU",3,3,3,1,1
AUTO_ALIAS_1A1_TOTAIS_IGUAIS,goiania,58075,12802,RESIDENCIAL WDP I,,R  FN14,"R FN14 LT 10 CS 01 , BAIRRO JD FONTE NOVA",2,2,2,1,1
AUTO_ALIAS_1A1_TOTAIS_IGUAIS,goiania,220881,7120,RESIDENCIAL WILQUER I,,R  VB11,"R VB11  CASA 01 , BAIRRO RES VEREDA DOS BURITIS",2,2,2,1,1
AUTO_ALIAS_1A1_TOTAIS_IGUAIS,goiania,346496,9042,RESIDENCIAL WL XXII,,R  GR3,"R GR3 CASA 01 , BAIRRO LOT GRANDE RETIRO",3,3,3,1,1
AUTO_ALIAS_1A1_TOTAIS_IGUAIS,goiania,311858,12231,RESIDENCIAL WR II,,R  BM18,"R BM18 CASA 01 , BAIRRO RES BRISAS DA MATA",3,3,3,1,1
AUTO_ALIAS_1A1_TOTAIS_IGUAIS,goiania,194019,7119,RESIDENCIAL XIMENES BARBOSA I,,R  JUIZ DE FORA,"R JUIZ DE FORA LT 09 CASA 01 , BAIRRO JD ANA LÚCIA",2,2,2,1,1
AUTO_ALIAS_1A1_TOTAIS_IGUAIS,goiania,205650,7797,RESIDENCIAL ZICA,,R  PRESIDENTE GRONCHI,"R PRESIDENTE GRONCHI  CASA 1 , BAIRRO JD PRESIDENTE",2,2,2,1,1
AUTO_ALIAS_1A1_TOTAIS_IGUAIS,goiania,95407,5500,RESID. ESMERALDO SOARES I,,R  SAO LUIZ,"R SAO LUIZ  CASA 01 , BAIRRO JD PETRÓPOLIS",2,2,2,1,1
AUTO_ALIAS_1A1_TOTAIS_IGUAIS,goiania,177626,14252,RESID. FERREIRA DA COSTA,,R  RI16,"R RI16  CASA 01 , BAIRRO RES ITAIPÚ",2,2,2,1,1
AUTO_ALIAS_1A1_TOTAIS_IGUAIS,goiania,167344,5345,RESID. FJ CASA NOVA,,R  PORTO SEGURO,"R PORTO SEGURO  CASA 01 , BAIRRO RES CAMPOS DOURADOS",2,2,2,1,1
AUTO_ALIAS_1A1_TOTAIS_IGUAIS,goiania,104281,3686,RESID. GEVICK II,,AV CRP3,"AV CRP3  CASA 01 , BAIRRO RES PRIMAVERA",5,5,5,1,1
AUTO_ALIAS_1A1_TOTAIS_IGUAIS,goiania,153451,10109,RESID. GOMES AGUIAR X,,R  ALPHA28,"R ALPHA28  CASA 01 , BAIRRO LOT ALPHAVILLE RESIDENCIAL",2,2,2,1,1
AUTO_ALIAS_1A1_TOTAIS_IGUAIS,goiania,140606,5400,RESID. G.P BASTOS RESIDENCI,,R  ITABIRA,"R ITABIRA  CASA 01 , BAIRRO RES BUENA VISTA IV",2,2,2,1,1
AUTO_ALIAS_1A1_TOTAIS_IGUAIS,goiania,283387,3610,RESID. GRAN OLIMPO,,R  11,"R 11 CASA01 , BAIRRO RES PAULO ESTRELA",2,2,2,1,1
AUTO_ALIAS_1A1_TOTAIS_IGUAIS,goiania,106252,5495,RESID. GUEDES RT,,R  RT2,"R RT2  CASA 01 , BAIRRO RES TUZIMOTO",2,2,2,1,1
AUTO_ALIAS_1A1_TOTAIS_IGUAIS,goiania,17819,3654,RESID. HELSINKI V,,R  18 DE DEZEMBRO,"R 18 DE DEZEMBRO CASA01 , BAIRRO S ESTRELA DALVA",2,2,2,1,1
AUTO_ALIAS_1A1_TOTAIS_IGUAIS,goiania,319265,5317,RESID. HERCULANO GALVAO DOURADO PRIMO,,R  OM01,"R OM06 CASA 01 , BAIRRO RES ORLANDO DE MORAIS",3,3,3,1,1
AUTO_ALIAS_1A1_TOTAIS_IGUAIS,goiania,343273,3801,RESID. HOME I,,AV D JOSE NEWTON DE A. BATISTA,"AV D JOSE NEWTON DE A. BATISTA CASA 01 , BAIRRO BRO SANTO HILÁRIO",3,3,3,1,1
AUTO_ALIAS_1A1_TOTAIS_IGUAIS,goiania,310823,3633,RESID. HOSOKAWA,,R  SR56,"R SR56 CASA 01 , BAIRRO S RECANTO DAS MINAS GERAIS",3,3,3,1,1
AUTO_ALIAS_1A1_TOTAIS_IGUAIS,goiania,177671,3777,RESID. IFF CONSTRUTORA V,,R  RI17,"R RI17  CASA 01 , BAIRRO RES ITAIPÚ",2,2,2,1,1
AUTO_ALIAS_1A1_TOTAIS_IGUAIS,goiania,164398,3778,RESID. I.J.C. II RESIDENCI,,R  DA BARRA GRANDE,"R DA BARRA GRANDE  CASA 01 , BAIRRO RES SANTA FÉ I",2,2,2,1,1
AUTO_ALIAS_1A1_TOTAIS_IGUAIS,goiania,385660,5312,RESID. ILHAS DO CAPRI,,R  RSL7,"R RSL7 CASA 01 , BAIRRO RES SÃO LEOPOLDO",2,2,2,1,1
AUTO_ALIAS_1A1_TOTAIS_IGUAIS,goiania,382988,9747,RESID. IZABELLA,,AV JOAO LEITE,"AV JOAO LEITE CASA 01 , BAIRRO BRO SANTA GENOVEVA",2,2,2,1,1
AUTO_ALIAS_1A1_TOTAIS_IGUAIS,goiania,271074,5419,RESID. JANE LIMA,,R  ES4,"R ES4 CASA 01 , BAIRRO RES ELIZENE SANTANA",2,2,2,1,1
AUTO_ALIAS_1A1_TOTAIS_IGUAIS,goiania,87007,5498,RESID. JAW 407,,R  ANA PAULA OLIVEIRA,"R ANA PAULA OLIVEIRA CASA 01 , BAIRRO JD CLARISSA",2,2,2,1,1
AUTO_ALIAS_1A1_TOTAIS_IGUAIS,goiania,310682,3985,RESID. JOAO E ANA VIII,,R  9,"R 9 CASA 02 , BAIRRO RES PAULO ESTRELA",2,2,2,1,1
AUTO_ALIAS_1A1_TOTAIS_IGUAIS,goiania,275371,11031,RESID. KEILA MELO,,R  DONA TEREZA,"R DONA TEREZA CASA 01 , BAIRRO JD BELA VISTA",2,2,2,1,1
AUTO_ALIAS_1A1_TOTAIS_IGUAIS,goiania,205971,3847,RESID. LACERDA,,R  PRESIDENTE TRUMAN,"R PRESIDENTE TRUMAN  CASA 01 , BAIRRO JD PRESIDENTE",2,2,2,1,1
AUTO_ALIAS_1A1_TOTAIS_IGUAIS,goiania,236386,5250,RESID. LEONARDO GUERREIRO V,,R  DAS ROCAS,"R DAS ROCAS  CASA01 , BAIRRO JD ATLÂNTICO",2,2,2,1,1
AUTO_ALIAS_1A1_TOTAIS_IGUAIS,goiania,340181,9724,RESID. LIMA & NETO I,,AV CARRINHO CUNHA,"AV CARRINHO CUNHA CASA-01 , BAIRRO PRQ DAS FLORES",2,2,2,1,1
AUTO_ALIAS_1A1_TOTAIS_IGUAIS,goiania,181555,9920,RESID. LINDOVAL I,,R  I-4,"R I-4  CASA 01 , BAIRRO JD IPANEMA",2,2,2,1,1
AUTO_ALIAS_1A1_TOTAIS_IGUAIS,goiania,199876,3988,RESID. LOBO SAMPAIO,,R  LAS VELAS,"R LAS VELAS  CASA01 , BAIRRO S TRÊS MARIAS",2,2,2,1,1
AUTO_ALIAS_1A1_TOTAIS_IGUAIS,goiania,234844,4232,RESID. LUAN,,R  IGAPO,"R IGAPO  SOBRADO 01 , BAIRRO PRQ AMAZÔNIA",3,3,3,1,1
AUTO_ALIAS_1A1_TOTAIS_IGUAIS,goiania,62077,7035,RESID. LUCIA,,R  LUIZ DE MATOS,"R LUIZ DE MATOS 110     APT 01 , BAIRRO S SUDOESTE",4,4,4,1,1
AUTO_ALIAS_1A1_TOTAIS_IGUAIS,goiania,145442,10766,RESID. LUCIANA,,R  C145,"R C145  SOBRADO 01 , BAIRRO BRO JARDIM AMÉRICA",3,3,3,1,1
AUTO_ALIAS_1A1_TOTAIS_IGUAIS,goiania,401702,12688,RESID. LUCIANA FERRO,,R  JOSE DE MELO,"R JOSE DE MELO  CASA 01 , BAIRRO VL ROSA",3,3,3,1,1
AUTO_ALIAS_1A1_TOTAIS_IGUAIS,goiania,135917,3866,RESID. LUDOVICO 330,,R  MADRE RITA BRETAS,"R MADRE RITA BRETAS  CASA 01 , BAIRRO JD SÃO JOSÉ",2,2,2,1,1
AUTO_ALIAS_1A1_TOTAIS_IGUAIS,goiania,140903,3841,RESID LUDOVICO-362,,R  IRMA DINA LOUSA,"R IRMA DINA LOUSA  CASA 01 , BAIRRO JD SÃO JOSÉ",2,2,2,1,1
AUTO_ALIAS_1A1_TOTAIS_IGUAIS,goiania,164954,5343,RESID. MACAHDO RESDIDENCI I,,R  ANTONIO LUIZ DE PINA,"R DA FIGUEIRA  CASA 01 , BAIRRO RES SANTA FÉ I",3,3,3,1,1
AUTO_ALIAS_1A1_TOTAIS_IGUAIS,goiania,21237,5239,RESID. MACHADO SILVA I,,R  JOANA B. SANTOS,"R JOANA B. SANTOS LT 20 CS 01/02 , BAIRRO S PARQUE TREMENDÃO",2,2,2,1,1
AUTO_ALIAS_1A1_TOTAIS_IGUAIS,goiania,378311,1180,RESID MADRI,,R  RB12,"R RB12 CASA-01 , BAIRRO RES RECANTO DO BOSQUE",2,2,2,1,1
AUTO_ALIAS_1A1_TOTAIS_IGUAIS,goiania,333246,5347,RESID. MAGALHAES,,R  RSL1,"R RSL1 C-1 , BAIRRO RES SÃO LEOPOLDO - COMPLEMENTO",2,2,2,1,1
AUTO_ALIAS_1A1_TOTAIS_IGUAIS,goiania,250029,4549,RESID MAGNO PEREIRA,,R  20,"R 20 CASA 01 , BAIRRO VL MORAIS",3,3,3,1,1
AUTO_ALIAS_1A1_TOTAIS_IGUAIS,goiania,126212,5395,RESID. MARQUES PIRES 37,,R  CP14,"R CP14  CASA 01 , BAIRRO RES SÃO MARCOS",2,2,2,1,1
AUTO_ALIAS_1A1_TOTAIS_IGUAIS,goiania,121076,13133,RESID. MATIAS SILVA,,R  RDR-6,"R RDR-6  CASA 01 , BAIRRO RES DOM RAFAEL",2,2,2,1,1
AUTO_ALIAS_1A1_TOTAIS_IGUAIS,goiania,225544,3920,RESID. MDV 11,,R  MDV11,"R MDV11  CASA-01 , BAIRRO LOT MOINHO DOS VENTOS",2,2,2,1,1
AUTO_ALIAS_1A1_TOTAIS_IGUAIS,goiania,310487,4070,RESID. MENEZES I,,R  11,"R 11 CASA 01 , BAIRRO RES PAULO ESTRELA",2,2,2,1,1
AUTO_ALIAS_1A1_TOTAIS_IGUAIS,goiania,369799,12848,RESID. MESQUITA FILHO I,,R  RB13,"R RB13 CASA 01 , BAIRRO RES RECANTO DO BOSQUE",2,2,2,1,1
AUTO_ALIAS_1A1_TOTAIS_IGUAIS,goiania,190836,3609,RESID. MIRAGE,,PC GENOVEVA R.CARNEIRO (ITAPUAN),"PC GENOVEVA R.CARNEIRO (ITAPUAN) S/N     SOB 01 , BAIRRO JD PLANALTO",3,3,3,1,1
AUTO_ALIAS_1A1_TOTAIS_IGUAIS,goiania,331710,4010,RESID. MORADA CLINTON CUNHA IV,,R  BM17,"R BM17 CASA 01 , BAIRRO RES BRISAS DA MATA",2,2,2,1,1
AUTO_ALIAS_1A1_TOTAIS_IGUAIS,goiania,181495,3950,RESID. MORADA IPANEMA DE BOAZ I,,AV ALMIRANTE TAMANDARE,"AV ALMIRANTE TAMANDARE  CASA01 , BAIRRO JD IPANEMA",2,2,2,1,1
AUTO_ALIAS_1A1_TOTAIS_IGUAIS,goiania,368137,3910,RESID. MORADA KAROLAYNE ALVES II,,R  BM3,"R BM3 CASA 01 , BAIRRO RES BRISAS DA MATA",3,3,3,1,1
AUTO_ALIAS_1A1_TOTAIS_IGUAIS,goiania,19297,3545,RESID MORADA LUDWIG BARBOSA 18,,R  VISTA BELA,"R VISTA BELA LT 18 CS 01 , BAIRRO S MORADA DO SOL",2,2,2,1,1
AUTO_ALIAS_1A1_TOTAIS_IGUAIS,goiania,278226,3983,RESID. MORADA MARTINS E SOUZA IV,,R  LP2,"R LP2 CASA 01 , BAIRRO RES LUCY PINHEIRO",2,2,2,1,1
AUTO_ALIAS_1A1_TOTAIS_IGUAIS,goiania,23161,3677,RESID. MORADA RITA ALVES BARBOSA III,,R  MS2,"R MS2 LT 26 CS 01 , BAIRRO S MORADA DO SOL",2,2,2,1,1
AUTO_ALIAS_1A1_TOTAIS_IGUAIS,goiania,14272,3755,RESID. MORADA ROSENA DE SOUZA I,,R  BOM JESUS,"R BOM JESUS CASA 01 , BAIRRO S ESTRELA DALVA",2,2,2,1,1
AUTO_ALIAS_1A1_TOTAIS_IGUAIS,goiania,202084,3548,RESID MORADA VALDEREIS JOSE SOARES I,,R  F61,"R F61  CASA 01 , BAIRRO LOT FAIÇALVILLE",4,4,4,1,1
AUTO_ALIAS_1A1_TOTAIS_IGUAIS,goiania,364670,11251,RESID. MORGANA,,R  MARIA JOANNA DE JESUS,"R MARIA JOANNA DE JESUS CASA 01 , BAIRRO RES VALE DO ARAGUAIA",2,2,2,1,1
AUTO_ALIAS_1A1_TOTAIS_IGUAIS,goiania,166020,4360,RESID N`DANTAS RESIDENCE II,,R  ANTONIO LUIZ DE PINA,"R ANTONIO LUIZ DE PINA  CASA 02 , BAIRRO RES SANTA FÉ",2,2,2,1,1
AUTO_ALIAS_1A1_TOTAIS_IGUAIS,goiania,340573,10032,RESID. NOLASCO SAMPAIO,,AV ROCHEDO,"AV ROCHEDO SOBRADO 01 , BAIRRO BRO JARDIM CALIFÓRNIA",2,2,2,1,1
AUTO_ALIAS_1A1_TOTAIS_IGUAIS,goiania,115814,3611,RESID NUNES II,,R  ANTONIA CANDIDA PEREIRA,"R ANTONIA CANDIDA PEREIRA  CASA 02 , BAIRRO PRQ INDUSTRIAL JOÃO BRAZ 2",2,2,2,1,1
AUTO_ALIAS_1A1_TOTAIS_IGUAIS,goiania,81971,4369,RESID PABLO TULIO I,,R  GUADALUPE,"R GUADALUPE  SOB01 , BAIRRO LOT TROPICAL VILLE",4,4,4,1,1
AUTO_ALIAS_1A1_TOTAIS_IGUAIS,goiania,363151,5422,RESID. PANTANEIRO VI,,R  2,"R 2 CASA 01 , BAIRRO RES PAULO ESTRELA",2,2,2,1,1
AUTO_ALIAS_1A1_TOTAIS_IGUAIS,goiania,18405,5249,RESID. PASSOS II,,R  ALTAMIRA,"R ALTAMIRA LT 15 CS 01 , BAIRRO S MORADA DO SOL",2,2,2,1,1
AUTO_ALIAS_1A1_TOTAIS_IGUAIS,goiania,141376,3990,RESID. PATY 400,,R  IRMA LAURA CHAER,"R IRMA LAURA CHAER  CASA02 , BAIRRO JD SÃO JOSÉ",2,2,2,1,1
AUTO_ALIAS_1A1_TOTAIS_IGUAIS,goiania,132807,4072,RESID. PAULA DUTRA I,,R  IRMA LUIZA DIAS LIMA,"R IRMA LUIZA DIAS LIMA  CASA 01 , BAIRRO JD SÃO JOSÉ",2,2,2,1,1
AUTO_ALIAS_1A1_TOTAIS_IGUAIS,goiania,22006,3505,RESID PAULO - 22,,R  BERDINAZI,"R BERDINAZI CASA 01 , BAIRRO S ESTRELA DALVA",2,2,2,1,1
AUTO_ALIAS_1A1_TOTAIS_IGUAIS,goiania,369360,11542,RESID. PAULO BATISTA,,R  RB24,"R RB24 CASA 01 , BAIRRO RES RECANTO DO BOSQUE",2,2,2,1,1
AUTO_ALIAS_1A1_TOTAIS_IGUAIS,goiania,312366,12632,RESID. PIRATININGA,,R  PIRATININGA,"R PIRATININGA CASA 01 , BAIRRO JD BELA VISTA",2,2,2,1,1
AUTO_ALIAS_1A1_TOTAIS_IGUAIS,goiania,341649,2422,RESID PIRES E GOMES,,R  102,"R 102  CASA 01 , BAIRRO S SUL",2,2,2,1,1
AUTO_ALIAS_1A1_TOTAIS_IGUAIS,goiania,174896,5386,RESID. PIRES III,,R  34,"PC PEDRA VERDE  CASA 01 , BAIRRO CON DAS ESMERALDAS",2,2,2,1,1
AUTO_ALIAS_1A1_TOTAIS_IGUAIS,goiania,128870,5315,RESID. PLANO 244,,R  CP23,"R CP23  CASA 01 , BAIRRO LOT CAROLINA PARQUE EXTENSÃO",2,2,2,1,1
AUTO_ALIAS_1A1_TOTAIS_IGUAIS,goiania,389969,4555,RESID PORTAL DO BOSQUE I,,R  RB1A,"R RB1A CASA 01 , BAIRRO RES RECANTO DO BOSQUE",2,2,2,1,1
AUTO_ALIAS_1A1_TOTAIS_IGUAIS,goiania,139456,9596,RESID PORTAL ELDORADO OESTE,,R  ELO8,"R ELO8  CASA 01 , BAIRRO PRQ ELDORADO OESTE",2,2,2,1,1
AUTO_ALIAS_1A1_TOTAIS_IGUAIS,goiania,170965,3991,RESID. PORTAL GARABOSKI I,,R  VALENCA,"R VALENCA  CASA 01 , BAIRRO RES CAMPOS DOURADOS",2,2,2,1,1
AUTO_ALIAS_1A1_TOTAIS_IGUAIS,goiania,141189,5258,RESID. PORTAL HC SOUZA E SILVA III,,R  JUAREZ AMORELLI,"R JUAREZ AMORELLI  CASA 01 , BAIRRO RES BUENA VISTA III",2,2,2,1,1
AUTO_ALIAS_1A1_TOTAIS_IGUAIS,goiania,129186,5260,RESID. PORTAL VILACO SILVA,,R  SM29,"R SM29  CASA 01 , BAIRRO RES SÃO MARCOS",2,2,2,1,1
AUTO_ALIAS_1A1_TOTAIS_IGUAIS,goiania,105946,12281,RESID. PORTINARI FERREIRA I,,R  LRM-11,"R LRM-11  CASA 01 , BAIRRO RES PORTINARI",2,2,2,1,1
AUTO_ALIAS_1A1_TOTAIS_IGUAIS,goiania,126236,10965,RESID. PRUDENTE TEIXEIRA,,R  SM27,"R SM27  CASA 01 , BAIRRO RES SÃO MARCOS",2,2,2,1,1
AUTO_ALIAS_1A1_TOTAIS_IGUAIS,goiania,139546,2380,RESID. RAMOS GARCIA,,R  MONS. PRIMO VIEIRA,"R MONS. PRIMO VIEIRA  CASA 01 , BAIRRO RES MONTE PASCOAL",2,2,2,1,1
AUTO_ALIAS_1A1_TOTAIS_IGUAIS,goiania,135870,3669,RESID. REINALVA VIDAL I,,R  DOM CELSO PEREIRA DE ALMEIDA,"R DOM CELSO PEREIRA DE ALMEIDA  CASA01 , BAIRRO JD SÃO JOSÉ",3,3,3,1,1
AUTO_ALIAS_1A1_TOTAIS_IGUAIS,goiania,61285,5318,RESID. RENIO DA COSTA VI,,R  LUIZ PINTO NETO,"R FN40 LT 05 CS 01 , BAIRRO RES BARRAVENTO",2,2,2,1,1
AUTO_ALIAS_1A1_TOTAIS_IGUAIS,goiania,7393,12896,RESID. SALES DE PAULA,,R  DOS DUARTES,"R DOS DUARTES LT 08 CASA 01 , BAIRRO VL SANTA RITA",2,2,2,1,1
AUTO_ALIAS_1A1_TOTAIS_IGUAIS,goiania,22132,6000,RESID. SANTOS I,,R  VF56,"R VF56 LT 23 . , BAIRRO VL FINSOCIAL",2,2,2,1,1
AUTO_ALIAS_1A1_TOTAIS_IGUAIS,goiania,331681,3955,RESID. SAO FRANCISCO,,R  SR7,"R SR7 CASA 02 , BAIRRO RES RIO JORDÃO",2,2,2,1,1
AUTO_ALIAS_1A1_TOTAIS_IGUAIS,goiania,59837,3954,RESID. SNEIDER I,,R  MANOEL MARINI,"R MANOEL MARINI CASA 01 , BAIRRO RES BARRAVENTO",2,2,2,1,1
AUTO_ALIAS_1A1_TOTAIS_IGUAIS,goiania,221655,3972,RESID. SOARES DE CASTRO XI,,AV JACINTO ALVES DE ABREU,"AV JACINTO ALVES DE ABREU  CASA 01 , BAIRRO RES VEREDA DOS BURITIS",2,2,2,1,1
AUTO_ALIAS_1A1_TOTAIS_IGUAIS,goiania,151914,4018,RESID. SOARES IV,,R  C146,"R C146  CASA 01 , BAIRRO BRO JARDIM AMÉRICA",2,2,2,1,1
AUTO_ALIAS_1A1_TOTAIS_IGUAIS,goiania,197251,5234,RESID. SOFIA VI,,AV DO CONTORNO,"AV DE CONTORNO SUL  SOBRADO 02 , BAIRRO PRQ ANHANGÜERA",3,3,3,1,1
AUTO_ALIAS_1A1_TOTAIS_IGUAIS,goiania,41191,3475,RESID SOLAR DAS FLORES VI,,R  SC43,"R SC43 LT 09 CS 01 , BAIRRO JD COLORADO I",2,2,2,1,1
AUTO_ALIAS_1A1_TOTAIS_IGUAIS,goiania,135608,5342,RESID. SOLAR SAO JOSE XXXIII,,R  DR SAMIR HELOU,"R DR SAMIR HELOU  APTO 01 , BAIRRO JD SÃO JOSÉ",3,3,3,1,1
AUTO_ALIAS_1A1_TOTAIS_IGUAIS,goiania,128846,13266,RESID SOUZA BATISTA I,,R  GP4,"R GP4  CASA 02 , BAIRRO RES GOYAZ PARK",2,2,2,1,1
AUTO_ALIAS_1A1_TOTAIS_IGUAIS,goiania,248090,11541,RESID. SOUZA BRAVO V,,R  10,"R 10 CASA 01 , BAIRRO VL PEDROSO",3,3,3,1,1
AUTO_ALIAS_1A1_TOTAIS_IGUAIS,goiania,24815,5575,RESID. STARKS XV,,R  SOL NASCENTE,"R SOL NASCENTE CASA 01 , BAIRRO S ESTRELA DALVA",2,2,2,1,1
AUTO_ALIAS_1A1_TOTAIS_IGUAIS,goiania,184528,4679,RESID TOP CASAS RESIDENCE I,,R  3B,"R 3B  CASA 01 , BAIRRO S GARAVELO",3,3,3,1,1
AUTO_ALIAS_1A1_TOTAIS_IGUAIS,goiania,154550,3853,RESID. VAU POMBAS ANTONIO 48.15,,R  VAU DAS POMBAS,"R VAU DAS POMBAS  CASA 02 , BAIRRO RES SANTA FÉ I",2,2,2,1,1
AUTO_ALIAS_1A1_TOTAIS_IGUAIS,goiania,201206,5235,RESID. VAZ & ALVARENGA II,,AV PRESIDENTE DUTRA,"CASA 01 , BAIRRO JD PRESIDENTE - EXTENSÃO I",3,3,3,1,1
AUTO_ALIAS_1A1_TOTAIS_IGUAIS,goiania,77350,4052,RESID. VENTURA VI,,R  10,"R 10 CASA 01 , BAIRRO S SANTOS DUMONT",3,3,3,1,1
AUTO_ALIAS_1A1_TOTAIS_IGUAIS,goiania,160513,11520,RESID. VIEIRA ALVES I,,R  JAV5,"R JAV5  CASA 01 , BAIRRO JD ALPHAVILLE",2,2,2,1,1
AUTO_ALIAS_1A1_TOTAIS_IGUAIS,goiania,132825,13171,RESID. VIEIRA NOVA FONTE II,,R  PE NELSON ANTONINO,"R PE NELSON ANTONINO  CASA 01 , BAIRRO JD SÃO JOSÉ",3,3,3,1,1
AUTO_ALIAS_1A1_TOTAIS_IGUAIS,goiania,371797,9912,RESID. VILA GILDEONE XX,,R  BM7,"R BM7 CASA 01 , BAIRRO RES BRISAS DA MATA",2,2,2,1,1
AUTO_ALIAS_1A1_TOTAIS_IGUAIS,goiania,59443,3681,RESID. VILLAGE CARNEIRO II,,R  FN28,"R FN28 LT 21 CS 01 , BAIRRO JD FONTE NOVA I",2,2,2,1,1
AUTO_ALIAS_1A1_TOTAIS_IGUAIS,goiania,175457,13385,RESID. VILLAGE DAS SEQUOIAS IV,,R  FLORIANOPOLIS,"R FLORIANOPOLIS  CASA 01 , BAIRRO RES ANA CLARA",3,3,3,1,1
AUTO_ALIAS_1A1_TOTAIS_IGUAIS,goiania,153395,11408,RESID VILLAGE EIRELI-ME I,,R  JAV8,"R JAV8  CASA 01 , BAIRRO JD ALPHAVILLE",2,2,2,1,1
AUTO_ALIAS_1A1_TOTAIS_IGUAIS,goiania,307149,5212,RESID. VILLAGEE JAW EMPREENDIMENTOS XX,,R  26,"R 26 CASA 01 , BAIRRO S SANTOS DUMONT",4,4,4,1,1
AUTO_ALIAS_1A1_TOTAIS_IGUAIS,goiania,118577,5533,RESID. VILLAGE FGH PARQUE XXI,,AL ANICUNS,"AL ANICUNS  CASA 01 , BAIRRO PRQ INDUSTRIAL JOÃO BRAZ",10,10,10,1,1
AUTO_ALIAS_1A1_TOTAIS_IGUAIS,goiania,50479,11953,RESID. VILLAGE MEIRELES JUNIOR I,,R  JGO5,"R JGO5 LT 34 . , BAIRRO JD GRAMADO",2,2,2,1,1
AUTO_ALIAS_1A1_TOTAIS_IGUAIS,goiania,217440,5497,RESID. VILLAGE TALISMA SOUSA,,R  RT3,"R RT3  CASA 01 , BAIRRO RES TALISMÃ",2,2,2,1,1
AUTO_ALIAS_1A1_TOTAIS_IGUAIS,goiania,364716,10567,RESID. VIVER OLINDA,,R  MA1,"R MA1 CASA 01 , BAIRRO RES OLINDA",2,2,2,1,1
AUTO_ALIAS_1A1_TOTAIS_IGUAIS,goiania,304899,3607,RESID. WESLLEY NO HAWAI,,R  H7,"R H7 S/N     CASA 02 , BAIRRO RES HAWAÍ",2,2,2,1,1
AUTO_ALIAS_1A1_TOTAIS_IGUAIS,goiania,196658,13085,RESID. XIMENES 8,,R  POLONIA,"R POLONIA  CASA 02 , BAIRRO JD EUROPA",2,2,2,1,1
AUTO_ALIAS_1A1_TOTAIS_IGUAIS,goiania,389681,5257,RESID. X X DAN,,R  RB7A,"R RB7A CASA 01 , BAIRRO RES RECANTO DO BOSQUE",2,2,2,1,1
AUTO_ALIAS_1A1_TOTAIS_IGUAIS,goiania,320327,8624,RES IEDA,,R  RB4,"R RB4 CASA01 , BAIRRO RES RECANTO DO BOSQUE",2,2,2,1,1
AUTO_ALIAS_1A1_TOTAIS_IGUAIS,goiania,314636,9004,RES IEUXINO,,R  MOGNO,"R MOGNO C-1 , BAIRRO JD MARILIZA",2,2,2,1,1
AUTO_ALIAS_1A1_TOTAIS_IGUAIS,goiania,77783,10807,RES IGOR MAIKEL LEAL II,,R  RB9,"R RB9 CASA 01 , BAIRRO RES 14 BIS - EXTENSÃO",2,2,2,1,1
AUTO_ALIAS_1A1_TOTAIS_IGUAIS,goiania,360391,9743,RES IGR IV,,R  RIO GRANDE,"R RIO GRANDE CASA 03 , BAIRRO RES RIO JORDÃO",3,3,3,1,1
AUTO_ALIAS_1A1_TOTAIS_IGUAIS,goiania,378115,6089,RES IGR TR-7,,R  TR 7,"C-01 , BAIRRO LOT TUPYNAMBÁ DOS REIS",3,3,3,1,1
AUTO_ALIAS_1A1_TOTAIS_IGUAIS,goiania,322585,2171,RES IGR VI,,R  GR12,"R GR12 CASA 02 , BAIRRO LOT GRANDE RETIRO",2,2,2,1,1
AUTO_ALIAS_1A1_TOTAIS_IGUAIS,goiania,335571,6725,RES ILHAS 03,,R  SH5,"R SH5 CASA 01 , BAIRRO BRO SANTO HILÁRIO - EXPANSÃO",2,2,2,1,1
AUTO_ALIAS_1A1_TOTAIS_IGUAIS,goiania,352713,6544,RES ILHAS 04,,R  SH5,"R SH5 CASA 01 , BAIRRO BRO SANTO HILÁRIO - EXPANSÃO",2,2,2,1,1
AUTO_ALIAS_1A1_TOTAIS_IGUAIS,goiania,267587,6200,RES ILHAS DE CAPRI 12,,R  2,"R 2 CASA 01 , BAIRRO RES PAULO ESTRELA",2,2,2,1,1
AUTO_ALIAS_1A1_TOTAIS_IGUAIS,goiania,272687,6021,RES. ILHAS DE CAPRI II,,R  1,"R 1 CASA 01 , BAIRRO RES PAULO ESTRELA",2,2,2,1,1
AUTO_ALIAS_1A1_TOTAIS_IGUAIS,goiania,197899,10912,RES. ILHAS DO CAMPECHE,,R  DO ATUM,"R DO ATUM  CASA01 , BAIRRO JD ATLÂNTICO",2,2,2,1,1
AUTO_ALIAS_1A1_TOTAIS_IGUAIS,goiania,261654,6265,RES.IMM I,,AV PARACATU,"AV PARACATU C-1 , BAIRRO VL PEDROSO",2,2,2,1,1
AUTO_ALIAS_1A1_TOTAIS_IGUAIS,goiania,137323,8757,RES INACIO-360.592,,R  DR ORLANDO MORAES,"R DR ORLANDO MORAES  CASA 03 , BAIRRO JD SÃO JOSÉ",3,3,3,1,1
AUTO_ALIAS_1A1_TOTAIS_IGUAIS,goiania,164188,6576,RES INACIO-604,,R  DA FARTURA,"R DA FARTURA  CASA 02 , BAIRRO RES SANTA FÉ I",2,2,2,1,1
AUTO_ALIAS_1A1_TOTAIS_IGUAIS,goiania,140268,7391,RES INACIO 689,,R  JOAO MAXIMO BORGES,"R FLORESTA  C01 C/R.FLOREST , BAIRRO RES BUENA VISTA III",2,2,2,1,1
AUTO_ALIAS_1A1_TOTAIS_IGUAIS,goiania,150825,9340,RES INEZ LIMA V,,R  C180,"R C180 S/N     CASA 1 , BAIRRO BRO JARDIM AMÉRICA",2,2,2,1,1
AUTO_ALIAS_1A1_TOTAIS_IGUAIS,goiania,288780,9373,RES INGA,,R  DO INGA,"R DO INGA CASA 01 , BAIRRO JD MARILIZA",2,2,2,1,1
AUTO_ALIAS_1A1_TOTAIS_IGUAIS,goiania,306730,5906,RES. INGRID KAROLLAYNE,,R  22 DE ABRIL,"R 22 DE ABRIL CASA 02 , BAIRRO RES PARQUE FLAMBOYANT",2,2,2,1,1
AUTO_ALIAS_1A1_TOTAIS_IGUAIS,goiania,181701,1515,RES IPANEMA,,R  I-10,"R I-8  CASA01 , BAIRRO JD IPANEMA",2,2,2,1,1
AUTO_ALIAS_1A1_TOTAIS_IGUAIS,goiania,238388,6533,RES.IPANEMA VI,,R  C179,"R C179  SOBRADO N.001 , BAIRRO BRO NOVA SUIÇA",2,2,2,1,1
AUTO_ALIAS_1A1_TOTAIS_IGUAIS,goiania,150054,10422,RES IPANEMA X,,R  C167,"R C155  CASA-01 , BAIRRO BRO JARDIM AMÉRICA",2,2,2,1,1
AUTO_ALIAS_1A1_TOTAIS_IGUAIS,goiania,147274,8397,RES IPANEMA XI,,R  C160,"R C160  CASA 01 , BAIRRO BRO JARDIM AMÉRICA",2,2,2,1,1
AUTO_ALIAS_1A1_TOTAIS_IGUAIS,goiania,95673,5673,RES IPIRANGA,,R  AGUA LIMPA,"R SAO DOMINGOS  SOB 01 , BAIRRO BRO IPIRANGA",3,3,3,1,1
AUTO_ALIAS_1A1_TOTAIS_IGUAIS,goiania,197973,8570,RES. IRIS ATUM,,R  DO ATUM,"R DO ATUM  CASA 01 , BAIRRO JD ATLÂNTICO",2,2,2,1,1
AUTO_ALIAS_1A1_TOTAIS_IGUAIS,goiania,196864,13460,RES IRIZ MACAMBIRA,,R  DUQUE DE CAXIAS,"R DUQUE DE CAXIAS  CASA 01 , BAIRRO PRQ ANHANGÜERA",2,2,2,1,1
AUTO_ALIAS_1A1_TOTAIS_IGUAIS,goiania,133222,2450,RES. IRMA LUIZA,,R  IRMA LUIZA DIAS LIMA,"R IRMA LUIZA DIAS LIMA  CASA 02 , BAIRRO JD SÃO JOSÉ",2,2,2,1,1
AUTO_ALIAS_1A1_TOTAIS_IGUAIS,goiania,19492,8153,RES IRMAO CINTRA VIII,,R  24 DE MAIO,"R 24 DE MAIO CASA 01 , BAIRRO S ESTRELA DALVA",2,2,2,1,1
AUTO_ALIAS_1A1_TOTAIS_IGUAIS,goiania,385059,10077,RES IRMAOS BIANCHINI,,R  119,"R 119 119     SOB 02 , BAIRRO S SUL",2,2,2,1,1
AUTO_ALIAS_1A1_TOTAIS_IGUAIS,goiania,51900,7744,RES IRMAOS CINTRA V,,R  DR SEBASTIAO HUGO DE MORAES,"R DR SEBASTIAO HUGO DE MORAES LT 5 CASA 01 , BAIRRO RES HUGO DE MORAES",2,2,2,1,1
AUTO_ALIAS_1A1_TOTAIS_IGUAIS,goiania,19019,8075,RES IRMAOS CINTRA VII,,R  24 DE MAIO,"R 24 DE MAIO CASA 01 , BAIRRO S ESTRELA DALVA",2,2,2,1,1
AUTO_ALIAS_1A1_TOTAIS_IGUAIS,goiania,366740,7516,RES IRMAOS MARTINS,,R  J16,"R J16 SOBRADO 01 , BAIRRO S JAÓ",2,2,2,1,1
AUTO_ALIAS_1A1_TOTAIS_IGUAIS,goiania,237974,11032,RES. IRMAOS NOLETO,,R  C165,"R C252  SOBRADO 1 , BAIRRO BRO NOVA SUIÇA",2,2,2,1,1
AUTO_ALIAS_1A1_TOTAIS_IGUAIS,goiania,90893,2047,RES IROANA,,AV MANOEL PEREIRA DUARTE,"AV MANOEL PEREIRA DUARTE  CASA 01 , BAIRRO BRO GOIÁ 2",3,3,3,1,1
AUTO_ALIAS_1A1_TOTAIS_IGUAIS,goiania,322630,5765,RES IRONISMAR,,R  SR31,"R SR25 CASA 01 , BAIRRO S RECANTO DAS MINAS GERAIS",3,3,3,1,1
AUTO_ALIAS_1A1_TOTAIS_IGUAIS,goiania,100027,8924,RES. ISAAC 01,,R  STEFANE MEIRELES JUNQUEIRA,"R STEFANE MEIRELES JUNQUEIRA  CASA 01 , BAIRRO RES JUNQUEIRA",2,2,2,1,1
AUTO_ALIAS_1A1_TOTAIS_IGUAIS,goiania,224039,14460,RES ISAAC LEONEL,,R  TUCUNARE,"R TUCUNARE  CASA-01 , BAIRRO RES AQUÁRIOS II",2,2,2,1,1
AUTO_ALIAS_1A1_TOTAIS_IGUAIS,goiania,81502,7109,RES. ISABELA,,R  SEBASTIANA FAUSTA DA SILVA,"R RSB1  CASA 01 , BAIRRO RES SÃO BERNARDO",3,3,3,1,1
AUTO_ALIAS_1A1_TOTAIS_IGUAIS,goiania,151762,14353,RES ISABELA LOBO,,R  C161,"R C161  CASA 01 , BAIRRO BRO JARDIM AMÉRICA",2,2,2,1,1
AUTO_ALIAS_1A1_TOTAIS_IGUAIS,goiania,263297,6262,RES.ISABELLA,,R  ANGICO,"R ANGICO CASA 01 , BAIRRO JD MARILIZA",2,2,2,1,1
AUTO_ALIAS_1A1_TOTAIS_IGUAIS,goiania,339924,5415,RES ISABELLE,,PC DA LIBERDADE,"PC DA LIBERDADE CASA 02 , BAIRRO VL JARDIM SÃO JUDAS TADEU",2,2,2,1,1
AUTO_ALIAS_1A1_TOTAIS_IGUAIS,goiania,295015,6995,RES ISAIS PEREIRA IV,,R  FL46,"R FL46 CASA 01 , BAIRRO PRQ DAS FLORES",2,2,2,1,1
AUTO_ALIAS_1A1_TOTAIS_IGUAIS,goiania,357050,7607,RES ISAIS PEREIRA VI,,AV COPACABANA,"AV COPACABANA C-1 AV.LUIZ P.S , BAIRRO JD BALNEÁRIO MEIA PONTE",2,2,2,1,1
AUTO_ALIAS_1A1_TOTAIS_IGUAIS,goiania,128070,8616,RES I SILVA NUNES I,,R  SM12,"R SM12  CASA 01 , BAIRRO RES SÃO MARCOS",2,2,2,1,1
AUTO_ALIAS_1A1_TOTAIS_IGUAIS,goiania,282008,5675,RES ISMAEL GOULART,,AL DA REPUBLICA,"AL DA REPUBLICA SOBRADO-01 , BAIRRO S JAÓ",3,3,3,1,1
AUTO_ALIAS_1A1_TOTAIS_IGUAIS,goiania,140643,1537,RES ISMAR SILVESTRE,,R  ELO29,"R ELO29  CASA 01 , BAIRRO PRQ ELDORADO OESTE",2,2,2,1,1
AUTO_ALIAS_1A1_TOTAIS_IGUAIS,goiania,376412,6288,RESI SOUSA LIMA I,,R  RB15A,"R RB15A CASA 01 , BAIRRO RES RECANTO DO BOSQUE",2,2,2,1,1
AUTO_ALIAS_1A1_TOTAIS_IGUAIS,goiania,291423,10643,RES. ISSA,,R  MACARANDUBA,"R MACARANDUBA CASA 01 , BAIRRO LOT GOIÂNIA 2",3,3,3,1,1
AUTO_ALIAS_1A1_TOTAIS_IGUAIS,goiania,217258,8694,RES ISSA COSTA II,,R  CV11,"R CV11  CASA 01 , BAIRRO RES CENTER VILLE",6,6,6,1,1
AUTO_ALIAS_1A1_TOTAIS_IGUAIS,goiania,216571,10177,RES. ISSA COSTA V,,R  CV8,"R CV31  CASA01 , BAIRRO RES CENTER VILLE",4,4,4,1,1
AUTO_ALIAS_1A1_TOTAIS_IGUAIS,goiania,155279,11586,RES ISSA DA COSTA,,AV ELI ALVES FORTE,"S/N     CASA-1 , BAIRRO RES FORTEVILLE",2,2,2,1,1
AUTO_ALIAS_1A1_TOTAIS_IGUAIS,goiania,134524,8769,RES IS SERBETO RESIDENCI I,,R  JUCA RODRIGUES,"R JUCA RODRIGUES  CASA 01 , BAIRRO RES BUENA VISTA III",4,4,4,1,1
AUTO_ALIAS_1A1_TOTAIS_IGUAIS,goiania,145758,5914,RES. ISTAMBUL,,R  C212,"R C212  CASA01 , BAIRRO BRO JARDIM AMÉRICA",2,2,2,1,1
AUTO_ALIAS_1A1_TOTAIS_IGUAIS,goiania,157893,2755,RES ITACARAMBI II,,R  MARIA ERMILIA DE ARAUJO,"R MARIA ERMILIA DE ARAUJO  CASA 01 , BAIRRO RES KÁTIA",2,2,2,1,1
AUTO_ALIAS_1A1_TOTAIS_IGUAIS,goiania,164991,1181,RES ITACARAMBY,,R  DO LYCEU,"R DO LYCEU  CASA 1 , BAIRRO RES SANTA FÉ",2,2,2,1,1
AUTO_ALIAS_1A1_TOTAIS_IGUAIS,goiania,169790,8412,RES. ITAIPU,,AV RI31,"R RI31  CASA01 , BAIRRO RES ITAIPÚ",2,2,2,1,1
AUTO_ALIAS_1A1_TOTAIS_IGUAIS,goiania,169454,7509,RES ITAIPU 2605,,R  RI-9,"R RI-9  C-01 , BAIRRO RES ITAIPÚ",2,2,2,1,1
AUTO_ALIAS_1A1_TOTAIS_IGUAIS,goiania,173187,5701,RES ITAIPU II,,R  BELO HORIZONTE,"R BELO HORIZONTE  CASA 01 , BAIRRO JD ITAIPÚ",4,4,4,1,1
AUTO_ALIAS_1A1_TOTAIS_IGUAIS,goiania,177667,7583,RES ITAIPU IV,,R  RIE7,"R RIE7  CASA 01 , BAIRRO RES ITAIPÚ I",2,2,2,1,1
AUTO_ALIAS_1A1_TOTAIS_IGUAIS,goiania,176527,7727,RES ITAIPU V,,R  RIE7,"R RIE7  CASA 01 , BAIRRO RES ITAIPÚ I",2,2,2,1,1
AUTO_ALIAS_1A1_TOTAIS_IGUAIS,goiania,176565,6888,RES ITAIPU VI,,R  RIE2,"R RIE2  CASA 01 , BAIRRO RES ITAIPÚ I",2,2,2,1,1
AUTO_ALIAS_1A1_TOTAIS_IGUAIS,goiania,149893,11330,RES ITALIA,,R  C240,"R C240 156     SOBRADO 01 , BAIRRO BRO JARDIM AMÉRICA",2,2,2,1,1
AUTO_ALIAS_1A1_TOTAIS_IGUAIS,goiania,194492,8560,RES ITALIA III,,R  TRIESTE,"R URIAS DE OLIVEIRA FILHO  CASA-01 , BAIRRO JD EUROPA",2,2,2,1,1
AUTO_ALIAS_1A1_TOTAIS_IGUAIS,goiania,48790,6403,RES ITAMARACA I,,R  RIT4,"R RIT4 LT 25 CASA 01 , BAIRRO RES ITAMARACA",2,2,2,1,1
AUTO_ALIAS_1A1_TOTAIS_IGUAIS,goiania,359541,5910,RESI TTAF XLIII,,R  OM21,"R OM21 CASA 02 , BAIRRO RES ANTONIO CARLOS PIRES",2,2,2,1,1
AUTO_ALIAS_1A1_TOTAIS_IGUAIS,goiania,173028,9050,RES IVANILDE I,,R  W5,"R W5  CASA 01 , BAIRRO JD ITAIPÚ",3,3,3,1,1
AUTO_ALIAS_1A1_TOTAIS_IGUAIS,goiania,208273,9036,RES IV IRMAS,,R  F24,"R F24  CASA 01 , BAIRRO LOT FAIÇALVILLE",2,2,2,1,1
AUTO_ALIAS_1A1_TOTAIS_IGUAIS,goiania,62024,12313,RES IVO ALVES XP II,,AV B,"AV B  CASA 001 , BAIRRO VL LUCY",2,2,2,1,1
AUTO_ALIAS_1A1_TOTAIS_IGUAIS,goiania,329734,1847,RES IVO E ONICE I,,R  OM17,"R OM17 CASA 01 , BAIRRO RES ORLANDO DE MORAIS",2,2,2,1,1
AUTO_ALIAS_1A1_TOTAIS_IGUAIS,goiania,15785,9371,RES IVOLEIDE RUA 4,,R  4,"R 4 CASA 01 , BAIRRO S ESTRELA DALVA",2,2,2,1,1
AUTO_ALIAS_1A1_TOTAIS_IGUAIS,goiania,324502,14487,RES JABUTICABEIRAS I,,R  BM26,"R BM26 CASA-02 , BAIRRO RES BRISAS DA MATA",2,2,2,1,1
AUTO_ALIAS_1A1_TOTAIS_IGUAIS,goiania,233327,1135,RES JACANA,,R  JACANA,"AV ANTONIO FIDELIS S/N     SOB01 , BAIRRO PRQ AMAZÔNIA",4,4,4,1,1
AUTO_ALIAS_1A1_TOTAIS_IGUAIS,goiania,233462,7484,RES JACINTO,,R  JACANA,"R JACANA  CASA 01 , BAIRRO PRQ AMAZÔNIA",2,2,2,1,1
AUTO_ALIAS_1A1_TOTAIS_IGUAIS,goiania,239393,13535,RES JACKELINE,,R  C235,"R C235 S/N     SOB 02 , BAIRRO S BUENO",4,4,4,1,1
AUTO_ALIAS_1A1_TOTAIS_IGUAIS,goiania,86086,5928,RES JACOB XII,,R  SV30,"R SV30 CASA 01 , BAIRRO RES PARK SOLAR",2,2,2,1,1
AUTO_ALIAS_1A1_TOTAIS_IGUAIS,goiania,329052,8517,RES JACOMO LOYOLA,,R  OM01,"R OM01 CASA 01 , BAIRRO RES ORLANDO DE MORAIS",3,3,3,1,1
AUTO_ALIAS_1A1_TOTAIS_IGUAIS,goiania,208401,11754,RES.JADERSON,,R  F4,"R F4  CASA 01 , BAIRRO LOT FAIÇALVILLE",2,2,2,1,1
AUTO_ALIAS_1A1_TOTAIS_IGUAIS,goiania,176779,14190,RES J.A. I,,R  84,"R 84  CASA-01 , BAIRRO CON DAS ESMERALDAS",4,4,4,1,1
AUTO_ALIAS_1A1_TOTAIS_IGUAIS,goiania,153525,5639,RES JAIRE ASSUNCAO I,,R  BOA VISTA,"R BOA VISTA  C-1 , BAIRRO RES SANTA FÉ I",2,2,2,1,1
AUTO_ALIAS_1A1_TOTAIS_IGUAIS,goiania,217708,6434,RES JAIR I,,R  CV12,"R CV12  CASA 01 , BAIRRO RES CENTER VILLE",2,2,2,1,1
AUTO_ALIAS_1A1_TOTAIS_IGUAIS,goiania,197900,12508,RES.JALBAS,,R  DO ATUM,"R DO ATUM  CASA-01 , BAIRRO JD ATLÂNTICO",2,2,2,1,1
AUTO_ALIAS_1A1_TOTAIS_IGUAIS,goiania,79764,6628,RES JAN 254,,R  SV26,"R SV26 CASA 01 , BAIRRO RES SOLAR VILLE",2,2,2,1,1
AUTO_ALIAS_1A1_TOTAIS_IGUAIS,goiania,144718,6746,RES JANAINA,,R  C135,"R C135  SOBRADO 01 , BAIRRO BRO JARDIM AMÉRICA",3,3,3,1,1
AUTO_ALIAS_1A1_TOTAIS_IGUAIS,goiania,88427,1872,RES JANAINA I,,R  MARIA EMILIA OLIVEIRA,"R MARIA EMILIA OLIVEIRA CASA 01 , BAIRRO JD CLARISSA",3,3,3,1,1
AUTO_ALIAS_1A1_TOTAIS_IGUAIS,goiania,329461,5852,RES. JANDER PEREIRA,,R  1010,"R 1010 SOB 01 , BAIRRO S PEDRO LUDOVICO",4,4,4,1,1
AUTO_ALIAS_1A1_TOTAIS_IGUAIS,goiania,319328,8613,RES. JANE LIMA IV,,R  ES8,"R ES8 CASA 01 , BAIRRO RES ELIZENE SANTANA",2,2,2,1,1
AUTO_ALIAS_1A1_TOTAIS_IGUAIS,goiania,364707,7807,RES. JANIO MENDES,,AV ACARY PASSOS,"AV ACARY PASSOS CASA 01 , BAIRRO RES VALE DO ARAGUAIA",2,2,2,1,1
AUTO_ALIAS_1A1_TOTAIS_IGUAIS,goiania,168054,1447,RES J. ANTONIO OLIVEIRA,,R  RI8,"R RI8 9       CASA 01 , BAIRRO RES ITAIPÚ",4,4,4,1,1
AUTO_ALIAS_1A1_TOTAIS_IGUAIS,goiania,58590,7549,RES JANUARIO I,,R  RP11,"R RP11 LT 14 CS 01 , BAIRRO RES RECREIO PANORAMA",2,2,2,1,1
AUTO_ALIAS_1A1_TOTAIS_IGUAIS,goiania,270156,7288,RES JAO XV,,R  J1,"R J1 CASA 01 , BAIRRO S JAÓ",2,2,2,1,1
AUTO_ALIAS_1A1_TOTAIS_IGUAIS,goiania,272573,6401,RES.JAQUI,,R  GR19,"R GR19 C-1 , BAIRRO LOT GRANDE RETIRO",3,3,3,1,1
AUTO_ALIAS_1A1_TOTAIS_IGUAIS,goiania,144775,8968,RES JARDIM AMERICA I,,R  C240,"R C240  CASA 01 , BAIRRO BRO JARDIM AMÉRICA",2,2,2,1,1
AUTO_ALIAS_1A1_TOTAIS_IGUAIS,goiania,145847,7691,RES. JARDIM AMERICA II,,R  C158,"R C158  CASA 01 , BAIRRO BRO JARDIM AMÉRICA",2,2,2,1,1
AUTO_ALIAS_1A1_TOTAIS_IGUAIS,goiania,146920,12262,RES JARDIM AMERICANO,,R  C161,"R C161  CASA 01 , BAIRRO BRO JARDIM AMÉRICA",2,2,2,1,1
AUTO_ALIAS_1A1_TOTAIS_IGUAIS,goiania,146283,6530,RES JARDIM DAS ACACIAS,,AV C6,"AV C6  CASA 01 , BAIRRO BRO JARDIM AMÉRICA",2,2,2,1,1
AUTO_ALIAS_1A1_TOTAIS_IGUAIS,goiania,294744,9074,RES JARDIM PECLAT,,R  J71,"R J71 SOB 02 , BAIRRO S JAÓ",2,2,2,1,1
AUTO_ALIAS_1A1_TOTAIS_IGUAIS,goiania,87495,8868,RES JARDIM REAL 06.05,,R  JR07,"R JR07  CASA 01 , BAIRRO JD REAL",2,2,2,1,1
AUTO_ALIAS_1A1_TOTAIS_IGUAIS,goiania,386204,7093,RES. JARDINS ABN,,R  MARTIM,"R CASTANHEIRA C-1 , BAIRRO JD MARILIZA",3,3,3,1,1
AUTO_ALIAS_1A1_TOTAIS_IGUAIS,goiania,160993,7167,RES JA REZENDE SILVA,,R  FV2,"R FV2  CASA 01 , BAIRRO RES FORTEVILLE",2,2,2,1,1
AUTO_ALIAS_1A1_TOTAIS_IGUAIS,goiania,187412,6431,RES.J.A.R.I,,R  DO GUAIAMUM,"R DO GUAIAMUM  CASA 01 , BAIRRO JD ATLÂNTICO",2,2,2,1,1
AUTO_ALIAS_1A1_TOTAIS_IGUAIS,goiania,353994,2229,RES JARINA,,R  JARINA,"R JARINA S/N CASA-1 , BAIRRO JD MARILIZA",2,2,2,1,1
AUTO_ALIAS_1A1_TOTAIS_IGUAIS,goiania,174922,1970,RES JARLEN,,R  20,"R 20  CASA 01 , BAIRRO CON DAS ESMERALDAS",3,3,3,1,1
AUTO_ALIAS_1A1_TOTAIS_IGUAIS,goiania,297367,7928,RES J.A SILVA,,R  DO CEDRO,"R DO CEDRO CASA 01 , BAIRRO JD MARILIZA",2,2,2,1,1
AUTO_ALIAS_1A1_TOTAIS_IGUAIS,goiania,196633,7780,RES J.A.S.M.,,R  POLONIA,"R POLONIA  CASA 01 , BAIRRO JD EUROPA",2,2,2,1,1
AUTO_ALIAS_1A1_TOTAIS_IGUAIS,goiania,133658,8618,RES J.A.S.M.I,,R  RMP7,"R RMP7  CASA 01 , BAIRRO RES MONTE PASCOAL",2,2,2,1,1
AUTO_ALIAS_1A1_TOTAIS_IGUAIS,goiania,158937,7339,RES JASON J TAVARES,,AV ORLANDO MARQUES DE ABREU,"AV ORLANDO MARQUES DE ABREU  AP01 , BAIRRO S SOLAR SANTA RITA",4,4,4,1,1
AUTO_ALIAS_1A1_TOTAIS_IGUAIS,goiania,297386,10979,RES JATOBA,,R  JATOBA,"R JATOBA CASA 01 , BAIRRO JD MARILIZA",2,2,2,1,1
AUTO_ALIAS_1A1_TOTAIS_IGUAIS,goiania,264346,5939,RES. JAVAE,,R  J61,"R J61 SOB 01 , BAIRRO S JAÓ",2,2,2,1,1
AUTO_ALIAS_1A1_TOTAIS_IGUAIS,goiania,88626,7570,RES JAW.05.07,,R  JR7,"R ARACATI  CASA 03 , BAIRRO LOT TROPICAL VILLE",3,3,3,1,1
AUTO_ALIAS_1A1_TOTAIS_IGUAIS,goiania,76542,6903,RES JAW-167,,R  MANUEL SILVA,"R SAO SEBASTIAO CASA 01 , BAIRRO VL REGINA",3,3,3,1,1
AUTO_ALIAS_1A1_TOTAIS_IGUAIS,goiania,86802,7215,RES JAW-1700,,R  FERNANDES,"R FERNANDES CASA 01 , BAIRRO VL REGINA",2,2,2,1,1
AUTO_ALIAS_1A1_TOTAIS_IGUAIS,goiania,123133,6092,RES.JAW-186,,R  N15,"R N15  CASA 03 , BAIRRO S DAS NAÇÕES EXTENSÃO",3,3,3,1,1
AUTO_ALIAS_1A1_TOTAIS_IGUAIS,goiania,94928,6858,RES JAW_197,,R  PAULO AFONSO,"R PAULO AFONSO  C-1 , BAIRRO BRO SÃO FRANCISCO",2,2,2,1,1
AUTO_ALIAS_1A1_TOTAIS_IGUAIS,goiania,78576,6666,RES JAW-252,,R  SV26,"R SV26 CASA 01 , BAIRRO RES SOLAR VILLE",2,2,2,1,1
AUTO_ALIAS_1A1_TOTAIS_IGUAIS,goiania,79335,6642,RES JAW-253,,R  SV26,"R SV26 CASA 01 , BAIRRO RES SOLAR VILLE",2,2,2,1,1
AUTO_ALIAS_1A1_TOTAIS_IGUAIS,goiania,88460,5909,RES. JAW-292,,R  CC1,"R CC1 CASA 01 , BAIRRO RES CARLA CRISTINA",2,2,2,1,1
AUTO_ALIAS_1A1_TOTAIS_IGUAIS,goiania,81618,5876,RES.JAW-293,,R  CC2,"R CC2 CASA 01 , BAIRRO RES CARLA CRISTINA",2,2,2,1,1
AUTO_ALIAS_1A1_TOTAIS_IGUAIS,goiania,88876,6659,RES JAW-404,,R  SV26,"R SV26 CASA 01 , BAIRRO RES SOLAR VILLE",2,2,2,1,1
AUTO_ALIAS_1A1_TOTAIS_IGUAIS,goiania,87484,7818,RES JAW-4110,,R  TRAIRI,"R TRAIRI  CASA 01 , BAIRRO LOT TROPICAL VILLE",2,2,2,1,1
AUTO_ALIAS_1A1_TOTAIS_IGUAIS,goiania,86861,5555,RES. JAW-603,,R  ANA PAULA OLIVEIRA,"R ANA PAULA OLIVEIRA CASA 01 , BAIRRO JD CLARISSA",2,2,2,1,1
AUTO_ALIAS_1A1_TOTAIS_IGUAIS,goiania,86946,5518,RES JAW-604,,R  ANA PAULA OLIVEIRA,"R ANA PAULA OLIVEIRA CASA 01 , BAIRRO JD CLARISSA",2,2,2,1,1
AUTO_ALIAS_1A1_TOTAIS_IGUAIS,goiania,88445,5665,RES. JAW 716,,R  WALDEMAR DA SILVA GUIMARAES,"R WALDEMAR DA SILVA GUIMARAES CASA 01 , BAIRRO RES PARK SOLAR",2,2,2,1,1
AUTO_ALIAS_1A1_TOTAIS_IGUAIS,goiania,81253,7025,RES.JAW-997,,R  20,"R 20 CASA 02 , BAIRRO S SANTOS DUMONT",3,3,3,1,1
AUTO_ALIAS_1A1_TOTAIS_IGUAIS,goiania,152915,8620,RES JAYME I,,R  EF09,"R EF09  CASA 02 , BAIRRO RES SOLAR BOUGAINVILLE",2,2,2,1,1
AUTO_ALIAS_1A1_TOTAIS_IGUAIS,goiania,156925,6383,RES JB DANTAS RESIDENCE II,,R  ANTONIO LUIZ DE PINA,"R ANTONIO LUIZ DE PINA S/N     C-2 , BAIRRO RES SANTA FÉ",2,2,2,1,1
AUTO_ALIAS_1A1_TOTAIS_IGUAIS,goiania,222552,8425,RES JB DANTAS RESIDENCI I,,R  DO PEQUI,"R DO PEQUI  CASA 02 , BAIRRO PRQ DAS PAINEIRAS IV ETAPA",2,2,2,1,1
AUTO_ALIAS_1A1_TOTAIS_IGUAIS,goiania,128208,7739,RES JBF I,,R  SM37,"R SM37  CASA 02 , BAIRRO RES SÃO MARCOS",2,2,2,1,1
AUTO_ALIAS_1A1_TOTAIS_IGUAIS,goiania,131954,1239,RES JB LIMA I,,R  EX. ALEIXO MARQUES C. DE ABREU,"R EX. ALEIXO MARQUES C. DE ABREU  CASA 01 , BAIRRO JD MARQUES DE ABREU",2,2,2,1,1
AUTO_ALIAS_1A1_TOTAIS_IGUAIS,goiania,58843,8115,RES JBM I,,R  JOSE P DE ALMEIDA,"R JOSE P DE ALMEIDA LT 17 CS 01 , BAIRRO RES BARRAVENTO",2,2,2,1,1
AUTO_ALIAS_1A1_TOTAIS_IGUAIS,goiania,259897,10511,RES JB ONE,,R  RB13,"R RB13 CASA02 , BAIRRO RES RECANTO DO BOSQUE",2,2,2,1,1
AUTO_ALIAS_1A1_TOTAIS_IGUAIS,goiania,100696,9654,RES JBR SILVA,,R  SANTIAGO,"R SANTIAGO S/N     CASA 01 , BAIRRO S DAS NAÇÕES",2,2,2,1,1
AUTO_ALIAS_1A1_TOTAIS_IGUAIS,goiania,145651,8186,RES J.C.,,R  C160,"R C160  SOBRADO-02 , BAIRRO BRO JARDIM AMÉRICA",5,5,5,1,1
AUTO_ALIAS_1A1_TOTAIS_IGUAIS,goiania,15916,7462,RES JC 57.13,,R  JC11,"R JC11 SOB 01 , BAIRRO JD CURITIBA",2,2,2,1,1
AUTO_ALIAS_1A1_TOTAIS_IGUAIS,goiania,180191,5445,RES JCA-12,,R  JCA12,"R JCA12  CASA 01 , BAIRRO JD CARAVELAS 1ª ETAPA",2,2,2,1,1
AUTO_ALIAS_1A1_TOTAIS_IGUAIS,goiania,180017,8118,RES JCA I,,R  JCA12,"R JCA12  CASA 01 , BAIRRO JD CARAVELAS 1ª ETAPA",3,3,3,1,1
AUTO_ALIAS_1A1_TOTAIS_IGUAIS,goiania,161469,1888,RES JC ITACARAMBY,,R  RAUL MANOEL PEREIRA,"R RAUL MANOEL PEREIRA  CASA 01 , BAIRRO RES FORTEVILLE",2,2,2,1,1
AUTO_ALIAS_1A1_TOTAIS_IGUAIS,goiania,160526,1823,RES JC ITACARAMBY I,,R  RAUL MANOEL PEREIRA,"R RAUL MANOEL PEREIRA  CASA 01 , BAIRRO RES FORTEVILLE",2,2,2,1,1
AUTO_ALIAS_1A1_TOTAIS_IGUAIS,goiania,39749,1522,RES JC-L,,R  SC38,"R SC38 LT 05 CS 01 , BAIRRO JD COLORADO I",2,2,2,1,1
AUTO_ALIAS_1A1_TOTAIS_IGUAIS,goiania,40994,1666,RES JC L IV,,R  SC38,"R SC38 LT 09 CS 01 , BAIRRO JD COLORADO I",2,2,2,1,1
AUTO_ALIAS_1A1_TOTAIS_IGUAIS,goiania,37733,1525,RES JC-LIX,,R  SC40,"R SC40 LT 31 CS 01 , BAIRRO JD COLORADO I",2,2,2,1,1
AUTO_ALIAS_1A1_TOTAIS_IGUAIS,goiania,37086,1730,RES JC LVI,,R  SC40,"R SC40 LT 29 CS 01 , BAIRRO JD COLORADO I",2,2,2,1,1
AUTO_ALIAS_1A1_TOTAIS_IGUAIS,goiania,37878,1665,RES JC LX,,R  SC40,"R SC40 LT 32 CS 01 , BAIRRO JD COLORADO I",2,2,2,1,1
AUTO_ALIAS_1A1_TOTAIS_IGUAIS,goiania,38635,6170,RES JC-LXXV,,R  SC15,"R SC15 LT 38/41 CS 01 , BAIRRO JD COLORADO I",8,8,8,1,1
AUTO_ALIAS_1A1_TOTAIS_IGUAIS,goiania,38344,8799,RES JC-LXXVII,,R  SC43,"R SC43 LT 35 CS 01 , BAIRRO JD COLORADO I",2,2,2,1,1
AUTO_ALIAS_1A1_TOTAIS_IGUAIS,goiania,223233,2281,RES J C M FILHO IV,,R  MDV12,"R MDV12  CASA01 , BAIRRO LOT MOINHO DOS VENTOS",3,3,3,1,1
AUTO_ALIAS_1A1_TOTAIS_IGUAIS,goiania,209484,12495,RES JC SOBRINHO,,AL PEDRO PRIMEIRO,"AL PEDRO PRIMEIRO  CASA 01 , BAIRRO LOT FAIÇALVILLE",2,2,2,1,1
AUTO_ALIAS_1A1_TOTAIS_IGUAIS,goiania,32758,10246,RES. JC VI,,R  SC38,"R SC38 LT 12 CS 01 , BAIRRO JD COLORADO I",2,2,2,1,1
AUTO_ALIAS_1A1_TOTAIS_IGUAIS,goiania,34961,1523,RES JC-XLVII,,R  SC38,"R SC38 LT 02 CS 01 , BAIRRO JD COLORADO I",2,2,2,1,1
AUTO_ALIAS_1A1_TOTAIS_IGUAIS,goiania,37314,1664,RES JC XLVIII,,R  SC38,"R SC38 LT 03 CS 01 , BAIRRO JD COLORADO I",2,2,2,1,1
AUTO_ALIAS_1A1_TOTAIS_IGUAIS,goiania,31849,11194,RES JC XXVII,,R  SC38,"R SC38 LT 01 CS 01 , BAIRRO JD COLORADO I",2,2,2,1,1
AUTO_ALIAS_1A1_TOTAIS_IGUAIS,goiania,39750,9528,RES JC XXX,,R  SC38,"R SC38 LT 05 CS 01 , BAIRRO JD COLORADO I",2,2,2,1,1
AUTO_ALIAS_1A1_TOTAIS_IGUAIS,goiania,35257,1646,RES JC XXXIX,,R  SC40,"R SC40 LT 20 CS 01 , BAIRRO JD COLORADO I",2,2,2,1,1
AUTO_ALIAS_1A1_TOTAIS_IGUAIS,goiania,35955,12637,RES.JC-XXXXII,,R  SC40,"R SC40 LT 23 CS 02 , BAIRRO JD COLORADO I",2,2,2,1,1
AUTO_ALIAS_1A1_TOTAIS_IGUAIS,goiania,35833,7292,RES JD,,R  JH26,"R JH26 LT 22 CS 01 , BAIRRO JD DAS HORTÊNCIAS",2,2,2,1,1
AUTO_ALIAS_1A1_TOTAIS_IGUAIS,goiania,268238,12693,RES JD DAS MARGARIDAS,,R  CARNAUBA,"R CARNAUBA CASA 01 , BAIRRO JD MARILIZA",2,2,2,1,1
AUTO_ALIAS_1A1_TOTAIS_IGUAIS,goiania,39871,1409,RES JD HELOU,,R  SC20,"R SC20 LT 05 CS 01 , BAIRRO RES JARDIM HELOU",2,2,2,1,1
AUTO_ALIAS_1A1_TOTAIS_IGUAIS,goiania,99016,13813,RES. JEANCARLO,,R  NATHALIA MEIRELES JUNQUEIRA,"R NATHALIA MEIRELES JUNQUEIRA  CASA 01 , BAIRRO RES JUNQUEIRA",2,2,2,1,1
AUTO_ALIAS_1A1_TOTAIS_IGUAIS,goiania,259488,8840,RES JEANY SOARES,,R  RB45A,"R RB45A CASA 01 , BAIRRO RES RECANTO DO BOSQUE",2,2,2,1,1
AUTO_ALIAS_1A1_TOTAIS_IGUAIS,goiania,352500,9287,RES JEFFERSON,,AV MINAS GERAIS,"AV MINAS GERAIS  CASA 1 , BAIRRO VL PEDROSO",2,2,2,1,1
AUTO_ALIAS_1A1_TOTAIS_IGUAIS,goiania,164341,13481,RES J E II,,R  DA MISERICORDIA,"R DA MISERICORDIA  CASA 02 , BAIRRO RES SANTA FÉ I",2,2,2,1,1
AUTO_ALIAS_1A1_TOTAIS_IGUAIS,goiania,164497,2207,RES J.E III RESIDENCE,,R  DA GLORIA,"R DA GLORIA  CASA01 , BAIRRO RES SANTA FÉ I",2,2,2,1,1
AUTO_ALIAS_1A1_TOTAIS_IGUAIS,goiania,156509,10873,RES. J.E. I RESIDENCE,,R  BOA VISTA,"R BOA VISTA  CASA 01 , BAIRRO RES SANTA FÉ I",2,2,2,1,1
AUTO_ALIAS_1A1_TOTAIS_IGUAIS,goiania,62030,7737,RES JEOVAH NISSAN I,,R  C94,"S/N     CASA-1 , BAIRRO S SUDOESTE",2,2,2,1,1
AUTO_ALIAS_1A1_TOTAIS_IGUAIS,goiania,328249,1477,RES JEOVAH NISSIN,,R  SR30,"R SR25 CASA 1 , BAIRRO S RECANTO DAS MINAS GERAIS",2,2,2,1,1
AUTO_ALIAS_1A1_TOTAIS_IGUAIS,goiania,188722,7624,RES JEOVA JIREH,,AV GUARAPARI,"AV GUARAPARI  CASA 01 , BAIRRO JD ATLÂNTICO",2,2,2,1,1
AUTO_ALIAS_1A1_TOTAIS_IGUAIS,goiania,200360,9041,RES JERONIMO SOARES,,R  PRESIDENTE EPITACIO PESSOA,"R PRESIDENTE EPITACIO PESSOA  CASA 01 , BAIRRO JD PRESIDENTE - EXTENSÃO",2,2,2,1,1
AUTO_ALIAS_1A1_TOTAIS_IGUAIS,goiania,198329,7709,RES JERUSA,,R  PRESIDENTE CLEVELAND,"R PRESIDENTE CLEVELAND  CASA 01 , BAIRRO JD PRESIDENTE",2,2,2,1,1
AUTO_ALIAS_1A1_TOTAIS_IGUAIS,goiania,178063,7307,RES. JERVINO I,,R  RI13,"R RI13  C-1 , BAIRRO RES ITAIPÚ",2,2,2,1,1
AUTO_ALIAS_1A1_TOTAIS_IGUAIS,goiania,163372,7141,RES.JESUS-158,,R  EMA12,"R EMA12  CASA 01 , BAIRRO RES RECANTO DAS EMAS",2,2,2,1,1
AUTO_ALIAS_1A1_TOTAIS_IGUAIS,goiania,49371,8684,RES JESUS SILVA X,,R  JGO5,"R JGO5 LT 28 . , BAIRRO JD GRAMADO",2,2,2,1,1
AUTO_ALIAS_1A1_TOTAIS_IGUAIS,goiania,42835,1580,RES JGO II,,R  JGO1,"R JGO1 LT S/N . , BAIRRO JD GRAMADO",2,2,2,1,1
AUTO_ALIAS_1A1_TOTAIS_IGUAIS,goiania,118501,6582,RES. JGS EDUARDO FORTES,,R  EDUARDO FORTES,"R EDUARDO FORTES  C-1 , BAIRRO LOT LORENA PARQUE",2,2,2,1,1
AUTO_ALIAS_1A1_TOTAIS_IGUAIS,goiania,168468,5560,RES.JGS-ESMERALDA,,R  37,"R 37  CASA 01 , BAIRRO CON DAS ESMERALDAS",2,2,2,1,1
AUTO_ALIAS_1A1_TOTAIS_IGUAIS,goiania,121868,6290,RES JGS - MISSOES,,R  DAS MISSOES,"R DAS MISSOES  CASA 01 , BAIRRO PRQ INDUSTRIAL JOÃO BRAZ",3,3,3,1,1
AUTO_ALIAS_1A1_TOTAIS_IGUAIS,goiania,118852,1647,RES JGS PLACE I,,R  DAS AMERICAS,"R DAS AMERICAS  CASA 01 , BAIRRO PRQ INDUSTRIAL JOÃO BRAZ",2,2,2,1,1
AUTO_ALIAS_1A1_TOTAIS_IGUAIS,goiania,167631,2953,RES JGS PLACE III,,R  W13,"R W13  CASA 01 , BAIRRO JD ITAIPÚ",2,2,2,1,1
AUTO_ALIAS_1A1_TOTAIS_IGUAIS,goiania,172352,6866,RES.JGS RI3,,R  RI3,"R RI3  C-1 , BAIRRO RES ITAIPÚ",2,2,2,1,1
AUTO_ALIAS_1A1_TOTAIS_IGUAIS,goiania,116700,4082,RES JGS SOLANGE PARQUE,,R  2,"R 2  CASA 01 , BAIRRO LOT SOLANGE PARQUE I",2,2,2,1,1
AUTO_ALIAS_1A1_TOTAIS_IGUAIS,goiania,33052,7102,RES JH 32,,R  JH32,"R JH32 LT 13 CS 01 , BAIRRO JD DAS HORTÊNCIAS",2,2,2,1,1
AUTO_ALIAS_1A1_TOTAIS_IGUAIS,goiania,358000,8178,RES JHONATAN LP,,R  LP,"R LP CASA 01 , BAIRRO RES VALE DOS SONHOS I",2,2,2,1,1
AUTO_ALIAS_1A1_TOTAIS_IGUAIS,goiania,169611,6794,RES.JILL I,,R  RI5,"R RI24  C-1 , BAIRRO RES ITAIPÚ",4,4,4,1,1
AUTO_ALIAS_1A1_TOTAIS_IGUAIS,goiania,168176,7317,RES JILL II,,AV VIEIRA SANTOS,"R RI36  CASA 01 , BAIRRO RES ITAIPÚ",4,4,4,1,1
AUTO_ALIAS_1A1_TOTAIS_IGUAIS,goiania,207890,8774,RES JILL III,,AL ALCIDES DE ARAUJO ROMAO,"AL ALCIDES DE ARAUJO ROMAO  CASA 01 , BAIRRO LOT FAIÇALVILLE",2,2,2,1,1
AUTO_ALIAS_1A1_TOTAIS_IGUAIS,goiania,145246,9452,RES JILSON NETO,,R  C149,"R C149  UNID COMERCIAL , BAIRRO BRO JARDIM AMÉRICA",2,2,2,1,1
AUTO_ALIAS_1A1_TOTAIS_IGUAIS,goiania,208545,1744,RES JJ-A2,,R  F51,"R F51  CASA 01 , BAIRRO LOT FAIÇALVILLE",2,2,2,1,1
AUTO_ALIAS_1A1_TOTAIS_IGUAIS,goiania,41134,9806,RES. JJ DOS SANTOS I,,R  JH1,"R JH1 LT 09 CS 01 , BAIRRO JD DAS HORTÊNCIAS",2,2,2,1,1
AUTO_ALIAS_1A1_TOTAIS_IGUAIS,goiania,22025,7022,RES JJF I,,R  DAS ORQUIDEAS,"R DAS ORQUIDEAS CASA 01 , BAIRRO RES ESTRELA D'ALVA",2,2,2,1,1
AUTO_ALIAS_1A1_TOTAIS_IGUAIS,goiania,86650,6738,RES J&J MAYSA LEOPOLDO 01,,R  LEOPOLDO DE BULHOES,"R LEOPOLDO DE BULHOES CASA 01 , BAIRRO S MAYSA EXTENSÃO",3,3,3,1,1
AUTO_ALIAS_1A1_TOTAIS_IGUAIS,goiania,220911,8285,RES J.K. II,,R  VB45,"R VB45  CASA 01 , BAIRRO RES VEREDA DOS BURITIS",2,2,2,1,1
AUTO_ALIAS_1A1_TOTAIS_IGUAIS,goiania,39515,11419,RES JK XIV,,R  SC3,"R SC3 LT 05 CS 01 , BAIRRO JD COLORADO",2,2,2,1,1
AUTO_ALIAS_1A1_TOTAIS_IGUAIS,goiania,95402,14091,RES JK-XVI,,R  ITORORO,"R ITORORO  CASA 01 , BAIRRO JD LEBLON",2,2,2,1,1
AUTO_ALIAS_1A1_TOTAIS_IGUAIS,goiania,59903,12663,RES J. LIMA E SILVA,,R  JOSE LUDOVICO DE ALMEIDA,"R JOSE LUDOVICO DE ALMEIDA LT26 CASA 01 , BAIRRO RES BARRAVENTO",3,3,3,1,1
AUTO_ALIAS_1A1_TOTAIS_IGUAIS,goiania,48972,2005,RES J L P,,R  HM6,"R HM6 LT 26 CASA 01 , BAIRRO RES HUGO DE MORAES",2,2,2,1,1
AUTO_ALIAS_1A1_TOTAIS_IGUAIS,goiania,210163,7642,RES J.L.R. I,,R  PRESIDENTE CAFE FILHO,"R PRESIDENTE CAFE FILHO  CASA 01 , BAIRRO JD PRESIDENTE",2,2,2,1,1
AUTO_ALIAS_1A1_TOTAIS_IGUAIS,goiania,208159,7802,RES J.L.R. II,,R  F26,"R F26  CASA 01 , BAIRRO LOT FAIÇALVILLE",2,2,2,1,1
AUTO_ALIAS_1A1_TOTAIS_IGUAIS,goiania,200265,8308,RES J.L.R. III,,R  PRESIDENTE EPITACIO PESSOA,"R PRESIDENTE EPITACIO PESSOA  CASA 01 , BAIRRO JD PRESIDENTE - EXTENSÃO",2,2,2,1,1
AUTO_ALIAS_1A1_TOTAIS_IGUAIS,goiania,202070,8700,RES J.L.R IV,,AL BOULEVARD,"AL BOULEVARD  CASA 01 , BAIRRO LOT FAIÇALVILLE",2,2,2,1,1
AUTO_ALIAS_1A1_TOTAIS_IGUAIS,goiania,200239,8877,RES J.L.R. VI,,R  PRESIDENTE LAZARO CARDENAS,"R PRESIDENTE LAZARO CARDENAS  CASA 01 , BAIRRO JD PRESIDENTE",2,2,2,1,1
AUTO_ALIAS_1A1_TOTAIS_IGUAIS,goiania,135401,5600,RES. JM. DANTAS RESIDENCE II,,R  JOAO MAXIMO BORGES,"R JOAO MAXIMO BORGES  CASA 01 , BAIRRO RES BUENA VISTA III",2,2,2,1,1
AUTO_ALIAS_1A1_TOTAIS_IGUAIS,goiania,201379,8337,RES J.M.P.S. II,,R  MARIA GONCALVES DE ARAUJO,"R MARIA GONCALVES DE ARAUJO  CASA 01 , BAIRRO S TRÊS MARIAS",2,2,2,1,1
AUTO_ALIAS_1A1_TOTAIS_IGUAIS,goiania,376879,7189,RES.JMRS X,,R  RB39A,"R RB39A C-1 , BAIRRO RES RECANTO DO BOSQUE",2,2,2,1,1
AUTO_ALIAS_1A1_TOTAIS_IGUAIS,goiania,128232,7183,RES J.M.S I,,R  HOMERO ROSA,"R HOMERO ROSA  CASA 01 , BAIRRO JD DAS ROSAS",2,2,2,1,1
AUTO_ALIAS_1A1_TOTAIS_IGUAIS,goiania,277807,1194,RES J N,,R  15 DE NOVEMBRO,"R DONA DIULA DE O S FRANCA CASA01 , BAIRRO RES PARQUE FLAMBOYANT",2,2,2,1,1
AUTO_ALIAS_1A1_TOTAIS_IGUAIS,goiania,234024,8334,RES. JOAO BARBOSA DE MELO,,AV ALEXANDRE DE MORAIS,"AV ALEXANDRE DE MORAIS  CASA 01 , BAIRRO PRQ AMAZÔNIA",2,2,2,1,1
AUTO_ALIAS_1A1_TOTAIS_IGUAIS,goiania,187391,7978,RES JOAO BOSCO,,R  DA ESPONJA,"R DA ESPONJA  SOB 02 , BAIRRO JD ATLÂNTICO",2,2,2,1,1
AUTO_ALIAS_1A1_TOTAIS_IGUAIS,goiania,200191,9374,RES JOAO BOSCO MARTINS II,,R  DOS MOROS,"R DOS MOROS  CASA 01 , BAIRRO S TRÊS MARIAS",2,2,2,1,1
AUTO_ALIAS_1A1_TOTAIS_IGUAIS,goiania,115779,7198,RES JOAO BRAZ 52.12,,R  RODRIGUES ALVES,"R RODRIGUES ALVES  CASA 01 , BAIRRO PRQ INDUSTRIAL JOÃO BRAZ",3,3,3,1,1
AUTO_ALIAS_1A1_TOTAIS_IGUAIS,goiania,154751,11373,RES. JOAO BRAZ SOARES,,R  SRM5,"R SRM5  CASA 01 , BAIRRO VLG SANTA RITA",3,3,3,1,1
AUTO_ALIAS_1A1_TOTAIS_IGUAIS,goiania,138853,10028,RES JOAO DAIBER II,,R  MONS JOAO DAIBER,"R MONS JOAO DAIBER  CASA 01 , BAIRRO JD SÃO JOSÉ",2,2,2,1,1
AUTO_ALIAS_1A1_TOTAIS_IGUAIS,goiania,248274,2159,RES JOAO E ANA,,R  SR18,"R SR19 CASA 01 , BAIRRO S RECANTO DAS MINAS GERAIS",4,4,4,1,1
AUTO_ALIAS_1A1_TOTAIS_IGUAIS,goiania,146532,8273,RES JOAO GALCINDO II,,AV C169,"AV C169  CASA-02 , BAIRRO BRO JARDIM AMÉRICA",2,2,2,1,1
AUTO_ALIAS_1A1_TOTAIS_IGUAIS,goiania,162242,6654,RES JOAO PAIN,,R  PADRE JOAO PAIN,"R PADRE JOAO PAIN  CASA 01 , BAIRRO RES SANTA FÉ",2,2,2,1,1
AUTO_ALIAS_1A1_TOTAIS_IGUAIS,goiania,161930,6710,RES. JOAO PAIN,,R  PADRE JOAO PAIN,"R PADRE JOAO PAIN  CASA 02 , BAIRRO RES SANTA FÉ",2,2,2,1,1
AUTO_ALIAS_1A1_TOTAIS_IGUAIS,goiania,156890,1878,RES JOAO PAIN 23,,R  PADRE JOAO PAIN,"R PADRE JOAO PAIN  CASA 02 , BAIRRO RES SANTA FÉ",2,2,2,1,1
AUTO_ALIAS_1A1_TOTAIS_IGUAIS,goiania,43710,8820,RES JOAO PAULO RECIFE,,R  ARACAJU,"R ARACAJU LT 13 CS 01 , BAIRRO VL JOÃO VAZ",3,3,3,1,1
AUTO_ALIAS_1A1_TOTAIS_IGUAIS,goiania,301425,6180,RES JOAO VICTOR 1,,R  JMH5,"R JMH5 C-1 , BAIRRO JD MARIA HELENA",2,2,2,1,1
AUTO_ALIAS_1A1_TOTAIS_IGUAIS,goiania,339400,2103,RES JOAO VICTOR DUDA II,,R  FL20,"R FL20 CASA 01 , BAIRRO PRQ DAS FLORES",3,3,3,1,1
AUTO_ALIAS_1A1_TOTAIS_IGUAIS,goiania,176574,6651,RES JOAO ZICA I,,R  RI 20,"R RI20  C-1 , BAIRRO RES ITAIPÚ",2,2,2,1,1
AUTO_ALIAS_1A1_TOTAIS_IGUAIS,goiania,176577,6372,RES JOAO ZICA II,,R  RI 20,"R RI20  C-1 , BAIRRO RES ITAIPÚ",2,2,2,1,1
AUTO_ALIAS_1A1_TOTAIS_IGUAIS,goiania,158449,9145,RES JOAQUIM AMARAL III,,R  FV24,"R FV24  CASA 01 , BAIRRO RES FORTE VILLE - EXTENSÃO",2,2,2,1,1
AUTO_ALIAS_1A1_TOTAIS_IGUAIS,goiania,200616,10516,RES. JOAQUIM SILVA II,,R  RIACHUELO,"R RIACHUELO  CASA 02 , BAIRRO JD VILA BOA",2,2,2,1,1
AUTO_ALIAS_1A1_TOTAIS_IGUAIS,goiania,200619,5290,RES JOAQUIM SILVA III,,R  RIACHUELO,"R RIACHUELO  CASA 2 , BAIRRO JD VILA BOA",2,2,2,1,1
AUTO_ALIAS_1A1_TOTAIS_IGUAIS,goiania,168789,5535,RES JOARES,,R  W3,"R W3  CASA 01 , BAIRRO JD ITAIPÚ",3,3,3,1,1
AUTO_ALIAS_1A1_TOTAIS_IGUAIS,goiania,302051,8073,RES JOB,,R  PS3,"R PS3 CASA 01 , BAIRRO RES SENADOR PARANHOS",2,2,2,1,1
AUTO_ALIAS_1A1_TOTAIS_IGUAIS,goiania,200204,7121,RES JOBER DAVID,,R  LAS VELAS,"R LAS VELAS  CASA 02 , BAIRRO S TRÊS MARIAS",2,2,2,1,1
AUTO_ALIAS_1A1_TOTAIS_IGUAIS,goiania,309162,8058,RES JOEL,,R  ESPINOS,"R ESPINOS S/N     SOB 01 , BAIRRO S GENTIL MEIRELLES",4,4,4,1,1
AUTO_ALIAS_1A1_TOTAIS_IGUAIS,goiania,86102,5918,RES JOEL JUNIOR,,R  1,"R 1 CASA 01 , BAIRRO RES 14 BIS",2,2,2,1,1
AUTO_ALIAS_1A1_TOTAIS_IGUAIS,goiania,76244,13311,RES JOEL TELES III,,R  AGENORA FERNANDES RODRIGUES,"R AGENORA FERNANDES RODRIGUES  CASA 02 , BAIRRO RES PILAR DOS SONHOS",3,3,3,1,1
AUTO_ALIAS_1A1_TOTAIS_IGUAIS,goiania,130998,6020,RES. JOFERNANDO I,,R  SM14,"R SM14  CASA 01 , BAIRRO RES SÃO MARCOS",3,3,3,1,1
AUTO_ALIAS_1A1_TOTAIS_IGUAIS,goiania,134419,2183,RES JOHNATHAN I,,R  BENEDITO PEREIRA DE CASTRO,"R BENEDITO PEREIRA DE CASTRO  CASA 01 , BAIRRO JD SÃO JOSÉ",2,2,2,1,1
AUTO_ALIAS_1A1_TOTAIS_IGUAIS,goiania,153690,1393,RES JON JONES,,R  LAGOA FORMOSA,"R LAGOA FORMOSA  CASA 01 , BAIRRO RES SANTA FÉ",2,2,2,1,1
AUTO_ALIAS_1A1_TOTAIS_IGUAIS,goiania,29493,2835,RES JORAH MORMONT II,,R  MEZENGA,"R MEZENGA CASA 01 , BAIRRO S ESTRELA DALVA",2,2,2,1,1
AUTO_ALIAS_1A1_TOTAIS_IGUAIS,goiania,29658,3329,RES JORAH MORMONT V,,R  ED5,"R ED5 CASA 01 , BAIRRO S ESTRELA DALVA",2,2,2,1,1
AUTO_ALIAS_1A1_TOTAIS_IGUAIS,goiania,375362,1988,RES JORGE SASSINE,,AV CANDIDO PORTINARI,"AV CANDIDO PORTINARI  CASA 02 , BAIRRO S GENTIL MEIRELLES",2,2,2,1,1
AUTO_ALIAS_1A1_TOTAIS_IGUAIS,goiania,158785,11210,RES JORIM III,,AV ORLANDO MARQUES DE ABREU,"AV ORLANDO MARQUES DE ABREU  CASA 01 , BAIRRO S SOLAR SANTA RITA",2,2,2,1,1
AUTO_ALIAS_1A1_TOTAIS_IGUAIS,goiania,21951,7900,RES JOSAFA II,,R  5,"R 5 CASA-01 , BAIRRO S ESTRELA DALVA",2,2,2,1,1
AUTO_ALIAS_1A1_TOTAIS_IGUAIS,goiania,125711,12328,RES. JOSCARLOS I,,R  ANJO ISMAEL,"R ANJO ISMAEL  CASA01 , BAIRRO RES DELLA PENA",2,2,2,1,1
AUTO_ALIAS_1A1_TOTAIS_IGUAIS,goiania,161129,6511,RES JOSE-212,,AV SERINGUEIRAS,"AV SERINGUEIRAS  CASA 01 , BAIRRO RES FORTEVILLE",2,2,2,1,1
AUTO_ALIAS_1A1_TOTAIS_IGUAIS,goiania,127202,6408,RES JOSE 485,,R  SM14,"R SM14  C-2 , BAIRRO RES SÃO MARCOS",2,2,2,1,1
AUTO_ALIAS_1A1_TOTAIS_IGUAIS,goiania,154829,7130,RES JOSE ALVES I,,R  JOSE ALVES PEREIRA,"R JOSE ALVES PEREIRA  CASA 02 , BAIRRO RES KÁTIA",2,2,2,1,1
AUTO_ALIAS_1A1_TOTAIS_IGUAIS,goiania,6370,12781,RES JOSE ANTONIO PEREIRA I,,R  MARIO FERREIRA,"R MARIO FERREIRA LT S/N . , BAIRRO BRO CIDADE JARDIM",2,2,2,1,1
AUTO_ALIAS_1A1_TOTAIS_IGUAIS,goiania,191207,7520,RES JOSE DO AMARAL,,AV JULIO CESAR,"AV JULIO CESAR  SOBRADO 001 , BAIRRO JD PLANALTO",3,3,3,1,1
AUTO_ALIAS_1A1_TOTAIS_IGUAIS,goiania,347477,6081,RES. JOSE E SILVA,,R  11,"R 11 C-1 , BAIRRO RES PAULO ESTRELA",2,2,2,1,1
AUTO_ALIAS_1A1_TOTAIS_IGUAIS,goiania,12117,6660,RES JOSE FERNANDO II,,R  C86,"R C86  CASA 01 , BAIRRO S SUDOESTE",2,2,2,1,1
AUTO_ALIAS_1A1_TOTAIS_IGUAIS,goiania,195731,12840,RES JOSE FERREIRA,,R  PROFESSOR JOSE HONORATO,"R PROFESSOR JOSE HONORATO  CASA 001 , BAIRRO VL ADÉLIA",3,3,3,1,1
AUTO_ALIAS_1A1_TOTAIS_IGUAIS,goiania,192612,10423,RES JOSE FRANCISCO,,R  MACHADO DE ASSIS,"R MACHADO DE ASSIS  CASA01 , BAIRRO BRO ANHANGÜERA",2,2,2,1,1
AUTO_ALIAS_1A1_TOTAIS_IGUAIS,goiania,378863,2165,RES JOSE LIMA,,R  RB8,"R RB8 CASA 01 , BAIRRO RES RECANTO DO BOSQUE",2,2,2,1,1
AUTO_ALIAS_1A1_TOTAIS_IGUAIS,goiania,224944,14523,RES JOSE MARQUES,,R  MATRINCHA,"R MATRINCHA  CASA 3 , BAIRRO RES AQUÁRIOS",3,3,3,1,1
AUTO_ALIAS_1A1_TOTAIS_IGUAIS,goiania,191022,428,RES JOSE RABELO,,R  ISA LOSTRACCO,"R ISA LOSTRACCO  CASA 01 , BAIRRO JD PLANALTO",2,2,2,1,1
AUTO_ALIAS_1A1_TOTAIS_IGUAIS,goiania,148777,9273,RES JOSE SOARES XIII,,R  C157,"R C157 S/N     CASA 01 , BAIRRO BRO JARDIM AMÉRICA",2,2,2,1,1
AUTO_ALIAS_1A1_TOTAIS_IGUAIS,goiania,197065,11602,RES JOSE SOARES XVII,,R  CASSIMIRO DE ABREU,"R CASSIMIRO DE ABREU  CASA 01 , BAIRRO BRO ANHANGÜERA",2,2,2,1,1
AUTO_ALIAS_1A1_TOTAIS_IGUAIS,goiania,394889,3589,RES JOSE SUERO,,R  SIRIEMA,"R SIRIEMA CASA 01 , BAIRRO BRO SANTA GENOVEVA",2,2,2,1,1
AUTO_ALIAS_1A1_TOTAIS_IGUAIS,goiania,19531,6452,RES JOSIAS-GUSTAVO,,R  GUSTAVO,"R GUSTAVO CASA 01 , BAIRRO S ESTRELA DALVA",2,2,2,1,1
AUTO_ALIAS_1A1_TOTAIS_IGUAIS,goiania,126672,1673,RES JOSUE VILELA SILVA,,AL BOLIVIA,"AL BOLIVIA  C-1 , BAIRRO RES NOVA AURORA",2,2,2,1,1
AUTO_ALIAS_1A1_TOTAIS_IGUAIS,goiania,130829,8960,RES JOSYELL RODRIGUES I,,R  SM14,"R SM14  CASA 01 , BAIRRO RES SÃO MARCOS",3,3,3,1,1
AUTO_ALIAS_1A1_TOTAIS_IGUAIS,goiania,100820,7149,RES JOTA A I,,R  CARMEM MIRANDA,"R CARMEM MIRANDA  CASA 01 , BAIRRO RES JUNQUEIRA",2,2,2,1,1
AUTO_ALIAS_1A1_TOTAIS_IGUAIS,goiania,303078,8070,RES JOYCE RB 24,,R  RB24,"R RB24 CASA 01 , BAIRRO RES RECANTO DO BOSQUE",2,2,2,1,1
AUTO_ALIAS_1A1_TOTAIS_IGUAIS,goiania,265130,1281,RES JOYCE SANTOS,,R  BM27,"R BM27 CASA 01 , BAIRRO RES BRISAS DA MATA",2,2,2,1,1
AUTO_ALIAS_1A1_TOTAIS_IGUAIS,goiania,133448,1995,RES JP II,,AV GERCINA BORGES TEIXEIRA,"AV GERCINA BORGES TEIXEIRA  CASA 01 , BAIRRO JD SÃO JOSÉ",2,2,2,1,1
AUTO_ALIAS_1A1_TOTAIS_IGUAIS,goiania,173369,6699,RES JP LACERDA,,R  W1,"R W1  CASA 01 , BAIRRO JD ITAIPÚ",3,3,3,1,1
AUTO_ALIAS_1A1_TOTAIS_IGUAIS,goiania,88609,6033,RES. JPM-07,,R  GUSTAVO ELIAS NETO,"R GUSTAVO ELIAS NETO CASA 01 , BAIRRO S MAYSA EXTENSÃO",2,2,2,1,1
AUTO_ALIAS_1A1_TOTAIS_IGUAIS,goiania,86856,8671,RES JPM 09.40,,R  THEODORO ERNESTO SIMON,"R THEODORO ERNESTO SIMON CASA 01 , BAIRRO RES RECANTO DAS GARÇAS",2,2,2,1,1
AUTO_ALIAS_1A1_TOTAIS_IGUAIS,goiania,84005,9467,RES JPM-11.28,,R  AMAR MARRA CASTRO,"R AMAR MARRA CASTRO CASA 01 , BAIRRO RES RECANTO DAS GARÇAS",2,2,2,1,1
AUTO_ALIAS_1A1_TOTAIS_IGUAIS,goiania,83663,5774,RES.JPM-27,,R  JOAQUIM PORTUGAL,"R JOAQUIM PORTUGAL CASA 01 , BAIRRO S MAYSA EXTENSÃO",3,3,3,1,1
AUTO_ALIAS_1A1_TOTAIS_IGUAIS,goiania,30452,9099,RES JPM I,,R  JOAO PAULO,"R JOAO PAULO CASA 01 , BAIRRO S ESTRELA DALVA",2,2,2,1,1
AUTO_ALIAS_1A1_TOTAIS_IGUAIS,goiania,82956,7791,RES JPM P 24,,R  JOAQUIM PORTUGAL,"R JOAQUIM PORTUGAL CASA 01 , BAIRRO S MAYSA EXTENSÃO",3,3,3,1,1
AUTO_ALIAS_1A1_TOTAIS_IGUAIS,goiania,136538,6332,RES JP RUIVO DANTAS RESIDENCE I,,R  JOSE ERNESTO MORAES,"R JOSE ERNESTO MORAES  CASA 01 , BAIRRO RES BUENA VISTA IV",2,2,2,1,1
AUTO_ALIAS_1A1_TOTAIS_IGUAIS,goiania,133927,6473,RES JP RUIVO DANTAS RESIDENCE II,,R  ELPIDIO RODRIGUES,"R ELPIDIO RODRIGUES  CASA 01 , BAIRRO RES BUENA VISTA III",2,2,2,1,1
AUTO_ALIAS_1A1_TOTAIS_IGUAIS,goiania,198688,9081,RES JP SANTOS,,R  GUADALQUIVIR,"R GUADALQUIVIR  CASA01 , BAIRRO S TRÊS MARIAS",2,2,2,1,1
AUTO_ALIAS_1A1_TOTAIS_IGUAIS,goiania,44814,11127,RES JP & SILVA,,R  RIO BRANCO,"R RIO BRANCO LT S/N SOB 01 , BAIRRO VL JOÃO VAZ",2,2,2,1,1
AUTO_ALIAS_1A1_TOTAIS_IGUAIS,goiania,1166,12656,RES J.R.,,R  C54,"R YOKOHAMA 958     CASA 1 , BAIRRO S SOL NASCENTE",2,2,2,1,1
AUTO_ALIAS_1A1_TOTAIS_IGUAIS,goiania,208264,7126,RES.J.R.D. I,,R  F23,"R F23  CASA 01 , BAIRRO LOT FAIÇALVILLE",3,3,3,1,1
AUTO_ALIAS_1A1_TOTAIS_IGUAIS,goiania,130781,9046,RES J.R.M.I,,R  RBN7,"R RBN7  CASA 01 , BAIRRO RES BEATRIZ NASCIMENTO",2,2,2,1,1
AUTO_ALIAS_1A1_TOTAIS_IGUAIS,goiania,206945,5727,RES JR PEREIRA,,R  PRESIDENTE ROOSEVELT,"R PRESIDENTE ROOSEVELT  CASA 01 , BAIRRO JD PRESIDENTE",2,2,2,1,1
AUTO_ALIAS_1A1_TOTAIS_IGUAIS,goiania,181456,6536,RES. JR-V,,R  I-5,"R I-5  C-1 , BAIRRO JD IPANEMA",2,2,2,1,1
AUTO_ALIAS_1A1_TOTAIS_IGUAIS,goiania,333492,5286,RES JS FERNANDES I,,R  BM1,"R BM1 CASA 01 , BAIRRO RES BRISAS DA MATA",4,4,4,1,1
AUTO_ALIAS_1A1_TOTAIS_IGUAIS,goiania,276156,7303,RES JS FERNANDES X,,AV MARCIO DA SILVA,"AV MARCIO DA SILVA  CASA 01 , BAIRRO RES ITÁLIA",2,2,2,1,1
AUTO_ALIAS_1A1_TOTAIS_IGUAIS,goiania,187373,10344,RES JSF I,,R  DO CHOCO,"R DO CHOCO  CASA 01 , BAIRRO JD ATLÂNTICO",2,2,2,1,1
AUTO_ALIAS_1A1_TOTAIS_IGUAIS,goiania,376811,8387,RES. JS SALATIEL VI,,R  RB32A,"R RB32A CASA 01 , BAIRRO RES RECANTO DO BOSQUE",2,2,2,1,1
AUTO_ALIAS_1A1_TOTAIS_IGUAIS,goiania,350701,6905,RES.JS SALATIEL VI,,R  OM07,"R OM02 CS 01/RUA OM07 , BAIRRO RES ORLANDO DE MORAIS",2,2,2,1,1
AUTO_ALIAS_1A1_TOTAIS_IGUAIS,goiania,154062,5636,RES JUCIRLANDIO I,,R  FV36,"R FV36  CASA 02 , BAIRRO RES FIDÉLIS",2,2,2,1,1
AUTO_ALIAS_1A1_TOTAIS_IGUAIS,goiania,219686,5199,RES. JUDITH DE CASTRO I,,R  MDV42,"R MDV42  CASA 01 , BAIRRO LOT MOINHO DOS VENTOS",3,3,3,1,1
AUTO_ALIAS_1A1_TOTAIS_IGUAIS,goiania,189874,10637,RES. JUDSON,,R  DONA ISOLETA,"R DONA ISOLETA  CASA 01 , BAIRRO VL ROSA",2,2,2,1,1
AUTO_ALIAS_1A1_TOTAIS_IGUAIS,goiania,206781,160,RES JULIANA GOMES,,R  F43,"R F43  CASA 01 , BAIRRO LOT FAIÇALVILLE",3,3,3,1,1
AUTO_ALIAS_1A1_TOTAIS_IGUAIS,goiania,310254,9547,RES. JULIANA LARISSA,,R  CPR2,"R CPR2 CASA 02 , BAIRRO RES COSTA PARANHOS",2,2,2,1,1
AUTO_ALIAS_1A1_TOTAIS_IGUAIS,goiania,192718,11491,RES JULIANA MARIA,,R  V9,"R V9 SN      CASA 02 , BAIRRO VL REZENDE",2,2,2,1,1
AUTO_ALIAS_1A1_TOTAIS_IGUAIS,goiania,151949,13753,RES. JULIAO,,R  C156,"R C156  CASA 01 , BAIRRO BRO JARDIM AMÉRICA",2,2,2,1,1
AUTO_ALIAS_1A1_TOTAIS_IGUAIS,goiania,391718,10905,RES JULIO E MARIA,,R  GOYA,"R BENEDITO COCO S/N     CASA 01 , BAIRRO S GENTIL MEIRELLES",2,2,2,1,1
AUTO_ALIAS_1A1_TOTAIS_IGUAIS,goiania,82899,10790,RES JULIO E MARIA II,,R  SOL DAGUA,"R SOL DAGUA  CASA01 , BAIRRO LOT TROPICAL VILLE",2,2,2,1,1
AUTO_ALIAS_1A1_TOTAIS_IGUAIS,goiania,349437,6101,RES. JUNIOR 377 MATA,,AL DA MATA,"AL DA MATA CASA 01 , BAIRRO RES BRISAS DA MATA",2,2,2,1,1
AUTO_ALIAS_1A1_TOTAIS_IGUAIS,goiania,16581,1981,RES JU PIRES I,,R  19 DE NOVEMBRO,"R 19 DE NOVEMBRO CASA 01 , BAIRRO S ESTRELA DALVA",2,2,2,1,1
AUTO_ALIAS_1A1_TOTAIS_IGUAIS,goiania,356798,6700,RES JURERE I,,AL DAS BUGANVILEAS,"AL DAS BUGANVILEAS CASA 01 , BAIRRO LOT GOIÂNIA 2",2,2,2,1,1
AUTO_ALIAS_1A1_TOTAIS_IGUAIS,goiania,270546,8355,RES JURERE II,,AL VITORIA REGIA,"AL VITORIA REGIA CASA 01 , BAIRRO LOT GOIÂNIA 2",2,2,2,1,1
AUTO_ALIAS_1A1_TOTAIS_IGUAIS,goiania,132772,2206,RES JUSTINO CARDOSO,,R  ELO43,"R ELO43  CASA 01 , BAIRRO PRQ ELDORADO OESTE",3,3,3,1,1
AUTO_ALIAS_1A1_TOTAIS_IGUAIS,goiania,154677,5559,RES. JUSTINO II,,R  RV6,"R RV6  CASA 02 , BAIRRO RES RIO VERDE",2,2,2,1,1
AUTO_ALIAS_1A1_TOTAIS_IGUAIS,goiania,255388,7232,RES JV2,,R  4,"R 4 CASA 01 , BAIRRO VL PEDROSO",2,2,2,1,1
AUTO_ALIAS_1A1_TOTAIS_IGUAIS,goiania,208797,6440,RES JV CABRAL DE MORAIS RESIDENCE IX,,R  MMM10,"R MMM10  CASA 02 , BAIRRO S TRÊS MARIAS I",2,2,2,1,1
AUTO_ALIAS_1A1_TOTAIS_IGUAIS,goiania,130995,6889,RES JV CABRAL DE MORAIS RESIDENCE X,,R  SM37,"R SM37  C-1 , BAIRRO RES SÃO MARCOS",2,2,2,1,1
AUTO_ALIAS_1A1_TOTAIS_IGUAIS,goiania,188368,6911,RES J.V.S.II,,R  DA LAGOSTA,"R DA LAGOSTA  CASA 01 , BAIRRO JD ATLÂNTICO",2,2,2,1,1
AUTO_ALIAS_1A1_TOTAIS_IGUAIS,goiania,144177,12413,RES KAISER FREIRE,,AV C106,"AV C106  CASA 01 , BAIRRO BRO JARDIM AMÉRICA",2,2,2,1,1
AUTO_ALIAS_1A1_TOTAIS_IGUAIS,goiania,197276,13445,RES KALIL GUIMARAES,,R  GETULIO VARGAS,"R GETULIO VARGAS  CASA01 , BAIRRO PRQ ANHANGÜERA",2,2,2,1,1
AUTO_ALIAS_1A1_TOTAIS_IGUAIS,goiania,217869,8562,RES KAMILLA I,,R  CV15,"R CV15  , BAIRRO RES CENTER VILLE",2,2,2,1,1
AUTO_ALIAS_1A1_TOTAIS_IGUAIS,goiania,219055,3552,RES KANDA,,R  VB48,"R VB48  CASA-01 , BAIRRO RES VEREDA DOS BURITIS",2,2,2,1,1
AUTO_ALIAS_1A1_TOTAIS_IGUAIS,goiania,188148,6338,RES KARINE FLAVIE,,R  DA TREMELGA,"R DA TREMELGA  CASA01 , BAIRRO JD ATLÂNTICO",2,2,2,1,1
AUTO_ALIAS_1A1_TOTAIS_IGUAIS,goiania,59625,10915,RES. KARINY,,R  FN9,"R FN9 LT 02 CS 01 , BAIRRO JD FONTE NOVA",4,4,4,1,1
AUTO_ALIAS_1A1_TOTAIS_IGUAIS,goiania,118757,3274,RES KARITA MACHADO BASTOS,,AL ANICUNS,"AL ANICUNS  CASA01 , BAIRRO PRQ INDUSTRIAL JOÃO BRAZ",10,10,10,1,1
AUTO_ALIAS_1A1_TOTAIS_IGUAIS,goiania,149067,5301,RES. KARLLA GRAZIELA,,R  C226,"R C226  CASA01 , BAIRRO BRO JARDIM AMÉRICA",2,2,2,1,1
AUTO_ALIAS_1A1_TOTAIS_IGUAIS,goiania,152811,8739,RES KATIA,,R  VALDEMAR BARBOSA,"R VALDEMAR BARBOSA  CASA 01 , BAIRRO RES KÁTIA",2,2,2,1,1
AUTO_ALIAS_1A1_TOTAIS_IGUAIS,goiania,143897,13357,RES KAUA MARQUES XII,,R  IRMA LUIZA DIAS LIMA,"R IRMA LUIZA DIAS LIMA  CASA02 , BAIRRO JD SÃO JOSÉ",2,2,2,1,1
AUTO_ALIAS_1A1_TOTAIS_IGUAIS,goiania,164626,10502,RES KAUA MARQUES XVI,,R  JOAO LUIS DE OLIVEIRA,"R JOAO LUIS DE OLIVEIRA  CASA 1 , BAIRRO RES SANTA FÉ",2,2,2,1,1
AUTO_ALIAS_1A1_TOTAIS_IGUAIS,goiania,356499,9686,RES. KAUE,,AV RUI BARBOSA,"AV RUI BARBOSA , BAIRRO S JAÓ",2,2,2,1,1
AUTO_ALIAS_1A1_TOTAIS_IGUAIS,goiania,124925,7395,RES KAWAKAMI,,R  SM1,"R SM1  C-2 , BAIRRO RES SÃO MARCOS",2,2,2,1,1
AUTO_ALIAS_1A1_TOTAIS_IGUAIS,goiania,125213,8619,RES KAWAKAMI-340.350,,R  SM26,"R SM26  CASA 01 , BAIRRO RES SÃO MARCOS",2,2,2,1,1
AUTO_ALIAS_1A1_TOTAIS_IGUAIS,goiania,220627,12471,RES KEBEC II,,R  RC19,"R RC19  CASA 01 , BAIRRO RES CANADÁ",2,2,2,1,1
AUTO_ALIAS_1A1_TOTAIS_IGUAIS,goiania,146869,11545,RES KEILIMAR,,R  C152,"R C152 610     SOB.01 , BAIRRO BRO JARDIM AMÉRICA",3,3,3,1,1
AUTO_ALIAS_1A1_TOTAIS_IGUAIS,goiania,166912,12937,RES KELLER IV,,R  RI13,"R RI13  CASA-01 , BAIRRO RES ITAIPÚ",2,2,2,1,1
AUTO_ALIAS_1A1_TOTAIS_IGUAIS,goiania,23581,6280,RES KELSTO-149,,R  1,"R 1 CASA 01 , BAIRRO S ESTRELA DALVA",2,2,2,1,1
AUTO_ALIAS_1A1_TOTAIS_IGUAIS,goiania,275780,8239,RES KERA,,R  J72,"R J72 CASA 01 , BAIRRO S JAÓ",2,2,2,1,1
AUTO_ALIAS_1A1_TOTAIS_IGUAIS,goiania,264755,1449,RES KESIA CRISTINA II,,R  DAS ACACIAS,"R DAS ACACIAS APART.1 , BAIRRO LOT GOIÂNIA 2",4,4,4,1,1
AUTO_ALIAS_1A1_TOTAIS_IGUAIS,goiania,171940,6702,RES KEVIO PERES XII,,R  GOIANIA,"R GOIANIA  CASA 01 , BAIRRO JD ITAIPÚ",2,2,2,1,1
AUTO_ALIAS_1A1_TOTAIS_IGUAIS,goiania,164966,8450,RES K.J.A.P.I,,AV CRUZEIRO DO SUL,"AV CRUZEIRO DO SUL  CASA 01 , BAIRRO RES SANTA FÉ I",2,2,2,1,1
AUTO_ALIAS_1A1_TOTAIS_IGUAIS,goiania,223952,11900,RES KLEBER I,,R  TUCUNARE,"R TUCUNARE  CASA 01 , BAIRRO RES AQUÁRIOS II",2,2,2,1,1
AUTO_ALIAS_1A1_TOTAIS_IGUAIS,goiania,175596,6703,RES KLEBER RODRIGUES,,R  W13,"R W13  C-1 , BAIRRO JD ITAIPÚ",2,2,2,1,1
AUTO_ALIAS_1A1_TOTAIS_IGUAIS,goiania,224993,5661,RES KLEUBER III,,R  SM3,"R SM3  CASA 01 , BAIRRO JD SÔNIA MARIA",2,2,2,1,1
AUTO_ALIAS_1A1_TOTAIS_IGUAIS,goiania,167045,11775,RES KLEUBER VII,,R  RI7,"R RI7  CASA 01 , BAIRRO RES ITAIPÚ",2,2,2,1,1
AUTO_ALIAS_1A1_TOTAIS_IGUAIS,goiania,127208,14368,RES KMG II,,R  SM3,"R SM3  CASA 01 , BAIRRO RES SÃO MARCOS",2,2,2,1,1
AUTO_ALIAS_1A1_TOTAIS_IGUAIS,goiania,231438,9211,RES KRISMAR,,R  DE ITAIRA,"R DE ITAIRA  CASA 01 , BAIRRO JD ATLÂNTICO",2,2,2,1,1
AUTO_ALIAS_1A1_TOTAIS_IGUAIS,goiania,300382,1914,RES L.A,,R  SR54,"AV DAS FLORES CASA 01 , BAIRRO S RECANTO DAS MINAS GERAIS",3,3,3,1,1
AUTO_ALIAS_1A1_TOTAIS_IGUAIS,goiania,207876,7609,RES LACERDA III,,R  F44,"R F44  CASA 01 , BAIRRO LOT FAIÇALVILLE",2,2,2,1,1
AUTO_ALIAS_1A1_TOTAIS_IGUAIS,goiania,189442,14462,RES LACERDA MEDEIROS,,R  DA ANCHOVA,"R DA ANCHOVA  CASA 01 , BAIRRO JD ATLÂNTICO",2,2,2,1,1
AUTO_ALIAS_1A1_TOTAIS_IGUAIS,goiania,189270,2086,RES LACERDA VI,,R  DO GOLFINHO,"R DO GOLFINHO  CASA 01 , BAIRRO JD ATLÂNTICO",2,2,2,1,1
AUTO_ALIAS_1A1_TOTAIS_IGUAIS,goiania,33635,8367,RES LAERT,,R  VMA7,"R VMA7 CASA 01 , BAIRRO VL MUTIRÃO II",2,2,2,1,1
AUTO_ALIAS_1A1_TOTAIS_IGUAIS,goiania,326822,12731,RES. LAGARES DA SILVA II,,R  RB14,"R RB14 CASA 01 , BAIRRO RES RECANTO DO BOSQUE",2,2,2,1,1
AUTO_ALIAS_1A1_TOTAIS_IGUAIS,goiania,296947,6270,RES LAGARES DA SILVA VI,,R  BM27,"R BM27 CASA 01 , BAIRRO RES BRISAS DA MATA",2,2,2,1,1
AUTO_ALIAS_1A1_TOTAIS_IGUAIS,goiania,300864,6667,RES LAGARES DA SILVA VII,,R  BM27,"R BM27 CASA 01 , BAIRRO RES BRISAS DA MATA",2,2,2,1,1
AUTO_ALIAS_1A1_TOTAIS_IGUAIS,goiania,13308,8060,RES LAGARES DA SILVA VIII,,R  H,"R H LT S/N CS 02 , BAIRRO S PARQUE TREMENDÃO",2,2,2,1,1
AUTO_ALIAS_1A1_TOTAIS_IGUAIS,goiania,17257,9000,RES LAGARES DA SILVA XI,,R  VIRTUAL,"R VIRTUAL LT 15 CS 01 , BAIRRO S PARQUE TREMENDÃO",2,2,2,1,1
AUTO_ALIAS_1A1_TOTAIS_IGUAIS,goiania,18908,9098,RES LAGARES DA SILVA XII,,R  ROSA MARIA GUIMARAES,"R ROSA MARIA GUIMARAES CASA 01 , BAIRRO S ESTRELA DALVA",2,2,2,1,1
AUTO_ALIAS_1A1_TOTAIS_IGUAIS,goiania,158406,7801,RES LAGOA FORMOSA,,R  LAGOA FORMOSA,"R LAGOA FORMOSA  CASA 1 , BAIRRO RES SANTA FÉ",2,2,2,1,1
AUTO_ALIAS_1A1_TOTAIS_IGUAIS,goiania,9989,10562,RES LAGO DAS BRISAS,,R  C40,"R C40  SOB 01 , BAIRRO S SUDOESTE",2,2,2,1,1
AUTO_ALIAS_1A1_TOTAIS_IGUAIS,goiania,383003,12327,RES. LAIS,,R  RB14,"R RB14 CASA01 , BAIRRO RES RECANTO DO BOSQUE",2,2,2,1,1
AUTO_ALIAS_1A1_TOTAIS_IGUAIS,goiania,223278,5821,RES L.A.J.I,,R  MDV13,"R MDV13  CASA 01 , BAIRRO LOT MOINHO DOS VENTOS",3,3,3,1,1
AUTO_ALIAS_1A1_TOTAIS_IGUAIS,goiania,165335,5697,RES LAJ II,,R  LIBERDADE,"R LIBERDADE  CASA 01 , BAIRRO RES SANTA FÉ I",2,2,2,1,1
AUTO_ALIAS_1A1_TOTAIS_IGUAIS,goiania,216525,5409,RES.L A JUNIOR,,R  CV12,"R CV19  CASA 01 , BAIRRO RES CENTER VILLE",4,4,4,1,1
AUTO_ALIAS_1A1_TOTAIS_IGUAIS,goiania,217280,11716,RES L A JUNIOR I,,R  MARIA CAROLINA DE JESUS,"R MARIA CAROLINA DE JESUS  CASA-01 , BAIRRO RES TALISMÃ",2,2,2,1,1
AUTO_ALIAS_1A1_TOTAIS_IGUAIS,goiania,222637,1826,RES L A JUNIOR II,,R  CV6,"R CV6  CASA 01 , BAIRRO RES CENTER VILLE",2,2,2,1,1
AUTO_ALIAS_1A1_TOTAIS_IGUAIS,goiania,217325,13427,RES LA JUNIOR III,,R  RT7,"R RT7  CASA 01 , BAIRRO RES TALISMÃ",2,2,2,1,1
AUTO_ALIAS_1A1_TOTAIS_IGUAIS,goiania,217323,7349,RES L A JUNIOR IV,,R  RT7,"R RT7  CASA 01 , BAIRRO RES TALISMÃ",2,2,2,1,1
AUTO_ALIAS_1A1_TOTAIS_IGUAIS,goiania,165041,9182,RES L A JUNIOR IX,,R  PADRE JOAO PAIN,"R PADRE JOAO PAIN  CASA 01 , BAIRRO RES SANTA FÉ",2,2,2,1,1
AUTO_ALIAS_1A1_TOTAIS_IGUAIS,goiania,153766,10864,RES L.A. JUNIOR VIII,,R  JOAO ALVES FORTES,"R JOAO ALVES FORTES  C01 , BAIRRO RES FORTEVILLE",2,2,2,1,1
AUTO_ALIAS_1A1_TOTAIS_IGUAIS,goiania,125465,14201,RES L A JUNIOR XI,,R  HOMERO R. FILHO,"R HOMERO R. FILHO  CASA 01 , BAIRRO RES SÃO MARCOS",3,3,3,1,1
AUTO_ALIAS_1A1_TOTAIS_IGUAIS,goiania,218411,6112,RES L.A.J. V,,R  VB34,"R VB34  CASA 01 , BAIRRO RES VEREDA DOS BURITIS",2,2,2,1,1
AUTO_ALIAS_1A1_TOTAIS_IGUAIS,goiania,223017,6225,RES L.A.J. VI,,R  MARROCOS,"R MARROCOS  CASA 01 , BAIRRO RES VEREDA DOS BURITIS",2,2,2,1,1
AUTO_ALIAS_1A1_TOTAIS_IGUAIS,goiania,218410,6226,RES L.A.J. VII,,R  VB34,"R VB34  CASA 01 , BAIRRO RES VEREDA DOS BURITIS",2,2,2,1,1
AUTO_ALIAS_1A1_TOTAIS_IGUAIS,goiania,222397,6111,RES L.A.J. VIII,,R  MDV21,"R MDV21  CASA 01 , BAIRRO LOT MOINHO DOS VENTOS",3,3,3,1,1
AUTO_ALIAS_1A1_TOTAIS_IGUAIS,goiania,221697,6320,RES L.A.J. XI,,R  VB22,"R VB22  CASA 01 , BAIRRO RES VEREDA DOS BURITIS",2,2,2,1,1
AUTO_ALIAS_1A1_TOTAIS_IGUAIS,goiania,161289,6665,RES L.A.J.XIII,,AV ORLANDO MARQUES DE ABREU,"AV ORLANDO MARQUES DE ABREU  CASA 01 , BAIRRO RES KÁTIA",2,2,2,1,1
AUTO_ALIAS_1A1_TOTAIS_IGUAIS,goiania,164462,6631,RES L.A.J. XIV,,R  BOA VISTA,"R BOA VISTA  CASA 01 , BAIRRO RES SANTA FÉ I",2,2,2,1,1
AUTO_ALIAS_1A1_TOTAIS_IGUAIS,goiania,206968,6924,RES.L.A.J XIX,,R  MARIA GONCALVES DE ARAUJO,"R MARIA GONCALVES DE ARAUJO  CASA 01 , BAIRRO S TRÊS MARIAS I",2,2,2,1,1
AUTO_ALIAS_1A1_TOTAIS_IGUAIS,goiania,208775,6690,RES L.A.J. XV,,R  MARIA GONCALVES DE ARAUJO,"R MARIA GONCALVES DE ARAUJO  CASA 01 , BAIRRO S TRÊS MARIAS I",2,2,2,1,1
AUTO_ALIAS_1A1_TOTAIS_IGUAIS,goiania,219333,6630,RES L.A.J. XVI,,R  RC11,"R RC11  CASA 01 , BAIRRO RES CANADÁ",2,2,2,1,1
AUTO_ALIAS_1A1_TOTAIS_IGUAIS,goiania,164246,6824,RES L.A.J.XVII,,R  BOA VISTA,"R BOA VISTA  CASA 01 , BAIRRO RES SANTA FÉ I",2,2,2,1,1
AUTO_ALIAS_1A1_TOTAIS_IGUAIS,goiania,220952,6823,RES L.A.J.XVIII,,R  VB19,"R VB19  CASA 01 , BAIRRO RES VEREDA DOS BURITIS",2,2,2,1,1
AUTO_ALIAS_1A1_TOTAIS_IGUAIS,goiania,220695,6925,RES.L.A.J XXI,,R  RC17,"R RC17  CASA 01 , BAIRRO RES CANADÁ",2,2,2,1,1
AUTO_ALIAS_1A1_TOTAIS_IGUAIS,goiania,159600,7205,RES L.A.J. XXII,,R  SB13,"R SB13  CASA 02 , BAIRRO RES SOLAR BOUGAINVILLE",2,2,2,1,1
AUTO_ALIAS_1A1_TOTAIS_IGUAIS,goiania,209635,7247,RES L.A.J XXIII,,R  MMM10,"R MMM10  CASA 01 , BAIRRO S TRÊS MARIAS I",2,2,2,1,1
AUTO_ALIAS_1A1_TOTAIS_IGUAIS,goiania,222734,7479,RES L.A.J.XXIV,,R  RC14,"R RC14  CASA 01 , BAIRRO RES CANADÁ",2,2,2,1,1
AUTO_ALIAS_1A1_TOTAIS_IGUAIS,goiania,159595,7206,RES L.A.J. XXV,,R  FABIO NASSER,"R FABIO NASSER  CASA 01 , BAIRRO RES KÁTIA",2,2,2,1,1
AUTO_ALIAS_1A1_TOTAIS_IGUAIS,goiania,223343,7478,RES L.A.J. XXVI,,R  MDV21,"R MDV21  CASA 01 , BAIRRO LOT MOINHO DOS VENTOS",2,2,2,1,1
AUTO_ALIAS_1A1_TOTAIS_IGUAIS,goiania,218127,7676,RES L.A.J. XXVII,,R  CV15,"R CV15  CASA 01 , BAIRRO RES CENTER VILLE",3,3,3,1,1
AUTO_ALIAS_1A1_TOTAIS_IGUAIS,goiania,189865,1740,RES LAM 3,,R  GENTIL PINTO,"R GENTIL PINTO  CASA 01 , BAIRRO VL ROSA",2,2,2,1,1
AUTO_ALIAS_1A1_TOTAIS_IGUAIS,goiania,171616,6941,RES LAMONICA,,R  W4,"R W4  CASA 01 , BAIRRO JD ITAIPÚ",2,2,2,1,1
AUTO_ALIAS_1A1_TOTAIS_IGUAIS,goiania,236718,10572,RES LAMYS BARATELI,,R  BELO HORIZONTE,"R BELO HORIZONTE  SOBRADO 02 , BAIRRO PRQ AMAZÔNIA",3,3,3,1,1
AUTO_ALIAS_1A1_TOTAIS_IGUAIS,goiania,58555,6279,RES LANA I,,R  FN10,"R FN10 LT 14 CS 01 , BAIRRO JD FONTE NOVA",2,2,2,1,1
AUTO_ALIAS_1A1_TOTAIS_IGUAIS,goiania,58723,12900,RES. LANA II,,R  FN25,"R FN25 LT 15 CS 01 , BAIRRO JD FONTE NOVA",2,2,2,1,1
AUTO_ALIAS_1A1_TOTAIS_IGUAIS,goiania,138630,7803,RES LANA SERBETO RESIDENCI I,,R  JUAREZ AMORELLI,"R JUAREZ AMORELLI  CASA 01 , BAIRRO RES BUENA VISTA I",2,2,2,1,1
AUTO_ALIAS_1A1_TOTAIS_IGUAIS,goiania,141580,8955,RES LANA SERBETO RESIDENCI II,,R  PAULO RODRIGUES,"R PAULO RODRIGUES  CASA 01 , BAIRRO RES BUENA VISTA III",2,2,2,1,1
AUTO_ALIAS_1A1_TOTAIS_IGUAIS,goiania,194408,9639,RES LANDI II,,R  PAGANINE,"R PAGANINE  CASA 01 , BAIRRO JD EUROPA",2,2,2,1,1
AUTO_ALIAS_1A1_TOTAIS_IGUAIS,goiania,395632,11400,RES LANNA I,,R  AB9,"R AB9 C-1 , BAIRRO RES ALICE BARBOSA",2,2,2,1,1
AUTO_ALIAS_1A1_TOTAIS_IGUAIS,goiania,224046,6617,RES LAPIS LAZULI,,R  SAULO COELHO CHAVES,"R SAULO COELHO CHAVES  CASA-01 , BAIRRO RES AQUÁRIOS II",2,2,2,1,1
AUTO_ALIAS_1A1_TOTAIS_IGUAIS,goiania,336565,6734,RES LA PULCINELLA,,R  PEDRO AMERICO,"R PEDRO AMERICO  SOB 01 , BAIRRO S GENTIL MEIRELLES",2,2,2,1,1
AUTO_ALIAS_1A1_TOTAIS_IGUAIS,goiania,306725,2282,RES LARA,,R  PIRES FIGUEREDO,"R PIRES FIGUEREDO CASA 01 , BAIRRO RES VILLE DE FRANCE",2,2,2,1,1
AUTO_ALIAS_1A1_TOTAIS_IGUAIS,goiania,165475,12415,RES LARA DIAS II,,AV SAO FRANCISCO DE ASSIS,"AV SAO FRANCISCO DE ASSIS  CASA 01 , BAIRRO RES SANTA FÉ",2,2,2,1,1
AUTO_ALIAS_1A1_TOTAIS_IGUAIS,goiania,222513,7710,RES. LARA IV,,R  MDV7,"R MDV7 S/N     CASA 01 , BAIRRO LOT MOINHO DOS VENTOS",2,2,2,1,1
AUTO_ALIAS_1A1_TOTAIS_IGUAIS,goiania,327383,9424,RES LARISSA DAIANE FELICIO SANTOS ALCANTARA,,R  RSL1,"R RSL10 CASA 01 , BAIRRO RES SÃO LEOPOLDO - COMPLEMENTO",2,2,2,1,1
AUTO_ALIAS_1A1_TOTAIS_IGUAIS,goiania,280677,8098,RES LARLUS MAIA III,,R  EUNICE DE ALENCAR B.C.CAMPOS,"R EUNICE DE ALENCAR B.C.CAMPOS CASA 01 , BAIRRO RES RECANTO DOS BURITIS",2,2,2,1,1
AUTO_ALIAS_1A1_TOTAIS_IGUAIS,goiania,11821,13596,RES LAS MANAS,,AV C11,"AV C11 LT S/N CASA-01 , BAIRRO S SUDOESTE",2,2,2,1,1
AUTO_ALIAS_1A1_TOTAIS_IGUAIS,goiania,198683,9247,RES LAS VELAS I,,R  LAS VELAS,"R LAS VELAS S/N     CASA 01 , BAIRRO S TRÊS MARIAS",2,2,2,1,1
AUTO_ALIAS_1A1_TOTAIS_IGUAIS,goiania,221461,8071,RES LAUREANO MATOS II,,R  MDV43,"R MDV43  CASA 01 , BAIRRO LOT MOINHO DOS VENTOS",2,2,2,1,1
AUTO_ALIAS_1A1_TOTAIS_IGUAIS,goiania,219893,8276,RES LAZARA A.J. VI,,R  VB20,"R VB20  CASA 02 , BAIRRO RES VEREDA DOS BURITIS",2,2,2,1,1
AUTO_ALIAS_1A1_TOTAIS_IGUAIS,goiania,221724,7921,RES LAZARO  A.J.I,,R  VB11,"R VB11  CASA 01 , BAIRRO RES VEREDA DOS BURITIS",2,2,2,1,1
AUTO_ALIAS_1A1_TOTAIS_IGUAIS,goiania,166063,7677,RES LAZARO A.J. III,,R  BOA VISTA,"R BOA VISTA  CASA 01 , BAIRRO RES SANTA FÉ I",2,2,2,1,1
AUTO_ALIAS_1A1_TOTAIS_IGUAIS,goiania,217308,7997,RES LAZARO A.J.VII,,R  RT9,"R RT9  CASA 01 , BAIRRO RES TALISMÃ",2,2,2,1,1
AUTO_ALIAS_1A1_TOTAIS_IGUAIS,goiania,208821,8816,RES LAZARO A.J VIII,,R  MARIA GONCALVES DE ARAUJO,"R MARIA GONCALVES DE ARAUJO  CASA 01 , BAIRRO S TRÊS MARIAS I",2,2,2,1,1
AUTO_ALIAS_1A1_TOTAIS_IGUAIS,goiania,220517,8333,RES LAZARO A.J.X,,R  VB30,"R VB30  CASA 01 , BAIRRO RES VEREDA DOS BURITIS",2,2,2,1,1
AUTO_ALIAS_1A1_TOTAIS_IGUAIS,goiania,217107,8844,RES LAZARO & ALVARENGA,,R  CV14,"R CV14  CASA 01 , BAIRRO RES CENTER VILLE",2,2,2,1,1
AUTO_ALIAS_1A1_TOTAIS_IGUAIS,goiania,156075,8845,RES LAZARO & ALVARENGA I,,R  AGENOR ALVES DE OLIVEIRA,"R AGENOR ALVES DE OLIVEIRA  CASA 01 , BAIRRO RES KÁTIA",2,2,2,1,1
AUTO_ALIAS_1A1_TOTAIS_IGUAIS,goiania,219575,12069,RES. LAZARO ANDRE,,AV TORONTO,"AV TORONTO  CASA 01 , BAIRRO LOT MOINHO DOS VENTOS",2,2,2,1,1
AUTO_ALIAS_1A1_TOTAIS_IGUAIS,goiania,222759,6125,RES. LAZARO ANDRE II,,AV MONTREAL,"AV MONTREAL  C-1 , BAIRRO RES CANADÁ",3,3,3,1,1
AUTO_ALIAS_1A1_TOTAIS_IGUAIS,goiania,221435,8885,RES LAZARO E ALVARENGA II,,R  MDV46,"R MDV46  CASA 01 , BAIRRO LOT MOINHO DOS VENTOS",2,2,2,1,1
AUTO_ALIAS_1A1_TOTAIS_IGUAIS,goiania,139206,5867,RES LCI PARK RESIDENCE II,,R  PAULO RODRIGUES,"R PAULO RODRIGUES  CASA 01 , BAIRRO RES BUENA VISTA III",2,2,2,1,1
AUTO_ALIAS_1A1_TOTAIS_IGUAIS,goiania,144795,1762,RES LC MORAES,,R  C22,"R C22  CASA 01 , BAIRRO BRO JARDIM AMÉRICA",3,3,3,1,1
AUTO_ALIAS_1A1_TOTAIS_IGUAIS,goiania,251956,11957,RES LEAH I,,R  J56,"R J56 SOB 01 , BAIRRO S JAÓ",2,2,2,1,1
AUTO_ALIAS_1A1_TOTAIS_IGUAIS,goiania,221104,6933,RES LEANDRO,,R  VB10,"R VB10  CASA 01 , BAIRRO RES VEREDA DOS BURITIS",2,2,2,1,1
AUTO_ALIAS_1A1_TOTAIS_IGUAIS,goiania,346430,7877,RES LEANDRO COELHO,,R  11,"R 11 CASA 01 , BAIRRO RES PAULO ESTRELA",2,2,2,1,1
AUTO_ALIAS_1A1_TOTAIS_IGUAIS,goiania,218009,9509,RES. LEAO PIMENTA,,R  VB43,"R VB43  CASA-01 , BAIRRO RES VEREDA DOS BURITIS",2,2,2,1,1
AUTO_ALIAS_1A1_TOTAIS_IGUAIS,goiania,53056,8512,RES LEAO XX,,R  HM3,"R HM3 LT 07 CASA01 , BAIRRO RES HUGO DE MORAES",2,2,2,1,1
AUTO_ALIAS_1A1_TOTAIS_IGUAIS,goiania,94415,14176,RES LEBLON DA SILVA,,R  JOSE BONIFACIO,"R JOSE BONIFACIO  CASA 01 , BAIRRO JD LEBLON",3,3,3,1,1
AUTO_ALIAS_1A1_TOTAIS_IGUAIS,goiania,295228,1883,RES LE CAMPUS II,,R  AB9,"R AB9 CASA 01 , BAIRRO RES ALICE BARBOSA",2,2,2,1,1
AUTO_ALIAS_1A1_TOTAIS_IGUAIS,goiania,1834,5396,RES. LEIVAN BORGES,,AV C7,"AV C7  SOBRADO 02 , BAIRRO S SOL NASCENTE",3,3,3,1,1
AUTO_ALIAS_1A1_TOTAIS_IGUAIS,goiania,385230,7957,RES LEMES DA SILVA II,,R  MARCELO PORTELA,"R MARCELO PORTELA  CASA 01 , BAIRRO RES DAS ACÁCIAS",2,2,2,1,1
AUTO_ALIAS_1A1_TOTAIS_IGUAIS,goiania,200075,9985,RES LEMES DE CARVALHO,,R  PRESIDENTE JOHN ADAMS,"R PRESIDENTE JOHN ADAMS  CASA 01 , BAIRRO JD PRESIDENTE",2,2,2,1,1
AUTO_ALIAS_1A1_TOTAIS_IGUAIS,goiania,286382,4607,RES.LEMES DE SOUZA I,,AV LEDUINA TONESI,"AV LEDUINA TONESI  CASA 01 , BAIRRO JD BALNEÁRIO MEIA PONTE",3,3,3,1,1
AUTO_ALIAS_1A1_TOTAIS_IGUAIS,goiania,128129,6496,RES LEMES DINIZ II,,R  N19,"R N19  CASA 01 , BAIRRO S DAS NAÇÕES EXTENSÃO",2,2,2,1,1
AUTO_ALIAS_1A1_TOTAIS_IGUAIS,goiania,104454,8405,RES LEMES DINIZ III,,R  P-02,"R P-02  CASA 01 , BAIRRO RES PORTINARI",2,2,2,1,1
AUTO_ALIAS_1A1_TOTAIS_IGUAIS,goiania,104989,9148,RES LEMES DINIZ IV,,R  P-09,"R P-09  CASA 01 , BAIRRO RES PORTINARI",2,2,2,1,1
AUTO_ALIAS_1A1_TOTAIS_IGUAIS,goiania,339705,8035,RES LEMES I,,R  DAS GARCAS,"R DAS GARCAS CASA 01 , BAIRRO BRO SANTA GENOVEVA",2,2,2,1,1
AUTO_ALIAS_1A1_TOTAIS_IGUAIS,goiania,81218,8266,RES LEMES I,,R  17,"R 17 CASA 01 , BAIRRO S SANTOS DUMONT",2,2,2,1,1
AUTO_ALIAS_1A1_TOTAIS_IGUAIS,goiania,76696,7091,RES LEMES III,,R  17,"R 17 CASA 01 , BAIRRO S SANTOS DUMONT",3,3,3,1,1
AUTO_ALIAS_1A1_TOTAIS_IGUAIS,goiania,219350,11725,RES LEMES R2,,R  MDV6,"R MDV6  CASA 01 , BAIRRO LOT MOINHO DOS VENTOS",2,2,2,1,1
AUTO_ALIAS_1A1_TOTAIS_IGUAIS,goiania,219664,7895,RES. LEMOS MACHADO,,R  MDV11,"R MDV11  CASA 1 , BAIRRO LOT MOINHO DOS VENTOS",3,3,3,1,1
AUTO_ALIAS_1A1_TOTAIS_IGUAIS,goiania,253641,1261,RES LENIR DE OLIVEIRA,,R  PECUARIA,"R PECUARIA SOB03 , BAIRRO BRO SANTA GENOVEVA",17,17,17,1,1
AUTO_ALIAS_1A1_TOTAIS_IGUAIS,goiania,217218,1741,RES LEO FROES I,,R  CV14,"R CV14  CASA 01 , BAIRRO RES CENTER VILLE",2,2,2,1,1
AUTO_ALIAS_1A1_TOTAIS_IGUAIS,goiania,182050,13146,RES LEO FROES II,,R  MELCHIADES JOSE DA SILVA,"R MELCHIADES JOSE DA SILVA  CASA 01 , BAIRRO S ORIENTVILLE",4,4,4,1,1
AUTO_ALIAS_1A1_TOTAIS_IGUAIS,goiania,24084,6688,RES. LEOMAR SILVA I,,R  DAS ROSAS,"R DAS ROSAS CASA 01 , BAIRRO RES ESTRELA D'ALVA",2,2,2,1,1
AUTO_ALIAS_1A1_TOTAIS_IGUAIS,goiania,231407,8721,RES LEONARDO GUERREIRO VII,,R  DE ITAPOA,"R DE ITAPOA  CASA 1 , BAIRRO JD ATLÂNTICO",2,2,2,1,1
AUTO_ALIAS_1A1_TOTAIS_IGUAIS,goiania,231381,7820,RES LEONARDO GUERREIRO VIII,,R  DE JACUMA,"R DE JACUMA NS      SOBRADO 01 , BAIRRO JD ATLÂNTICO",2,2,2,1,1
AUTO_ALIAS_1A1_TOTAIS_IGUAIS,goiania,188420,7434,RES LEONARDO GUERREIRO VIX,,R  DA MEDUSA,"R DA MEDUSA  CASA 01 , BAIRRO JD ATLÂNTICO",2,2,2,1,1
AUTO_ALIAS_1A1_TOTAIS_IGUAIS,goiania,236392,10683,RES LEONARDO GUERREIRO X,,R  DE JACUMA,"R DE JACUMA  SOB01 , BAIRRO JD ATLÂNTICO",2,2,2,1,1
AUTO_ALIAS_1A1_TOTAIS_IGUAIS,goiania,197918,11940,RES LEONEL BORGES PONTES,,R  DO ATUM,"R DO ATUM  CASA 01 , BAIRRO JD ATLÂNTICO",2,2,2,1,1
AUTO_ALIAS_1A1_TOTAIS_IGUAIS,goiania,28726,7030,RES LEONEL JAVAE,,R  JAVAE,"R JAVAE C-1 , BAIRRO S ESTRELA DALVA",2,2,2,1,1
AUTO_ALIAS_1A1_TOTAIS_IGUAIS,goiania,325447,6121,RES LEONEL PEREIRA DOS SANTOS V,,AV DONA MELINHA,"AV DONA MELINHA CASA 01 , BAIRRO RES BRISAS DA MATA",2,2,2,1,1
AUTO_ALIAS_1A1_TOTAIS_IGUAIS,goiania,361570,10147,RES. LEONIDAS CIRQUEIRA I,,R  DAS CAMELIAS,"R DAS CAMELIAS CASA 01 , BAIRRO LOT GOIÂNIA 2",2,2,2,1,1
AUTO_ALIAS_1A1_TOTAIS_IGUAIS,goiania,118354,6923,RES LEONORA COUTO RESIDENCI I,,R  DAS MISSOES,"R DAS MISSOES  C-2 , BAIRRO PRQ INDUSTRIAL JOÃO BRAZ",2,2,2,1,1
AUTO_ALIAS_1A1_TOTAIS_IGUAIS,goiania,207333,9674,RES LEONORA COUTO RESIDENCI II,,R  GALICIA,"R GALICIA  CASA 01 , BAIRRO S TRÊS MARIAS",2,2,2,1,1
AUTO_ALIAS_1A1_TOTAIS_IGUAIS,goiania,222310,12689,RES LETICIA,,R  MDV23,"R MDV23  CASA01 , BAIRRO LOT MOINHO DOS VENTOS",2,2,2,1,1
AUTO_ALIAS_1A1_TOTAIS_IGUAIS,goiania,405343,7952,RES.LETICIA FLAVIA RESIDENCI I,,R  17,"R 14 CASA 01 , BAIRRO S SANTOS DUMONT",3,3,3,1,1
AUTO_ALIAS_1A1_TOTAIS_IGUAIS,goiania,88647,8368,RES LETICIA FLAVIA RESIDENCI II,,R  26,"R 26 CASA 01 , BAIRRO S SANTOS DUMONT",3,3,3,1,1
AUTO_ALIAS_1A1_TOTAIS_IGUAIS,goiania,87143,8843,RES LETICIA FLAVIA RESIDENCI III,,AL DOS EUCALIPTOS,"AL DOS EUCALIPTOS CASA 01 , BAIRRO S BARRA DA TIJUCA",2,2,2,1,1
AUTO_ALIAS_1A1_TOTAIS_IGUAIS,goiania,219580,6915,RES LETICIA I,,R  MDV28,"R MDV28  CASA 1 , BAIRRO LOT MOINHO DOS VENTOS",2,2,2,1,1
AUTO_ALIAS_1A1_TOTAIS_IGUAIS,goiania,160954,6252,RES.LFM,,AV BACURI,"AV BACURI  CASA 01 , BAIRRO PRQ SANTA RITA",2,2,2,1,1
AUTO_ALIAS_1A1_TOTAIS_IGUAIS,goiania,126376,6943,RES LF SOUZA SILVA,,R  N14,"R N14  CASA 01 , BAIRRO S DAS NAÇÕES EXTENSÃO",2,2,2,1,1
AUTO_ALIAS_1A1_TOTAIS_IGUAIS,goiania,158802,7703,RES LIBERDADE 82.30,,R  LIBERDADE,"R LIBERDADE  CASA 01 , BAIRRO RES SANTA FÉ I",2,2,2,1,1
AUTO_ALIAS_1A1_TOTAIS_IGUAIS,goiania,261665,6869,RES LIBRA ACP-30,,R  ACP30,"R ACP30 CASA 01 , BAIRRO RES ANTONIO CARLOS PIRES",2,2,2,1,1
AUTO_ALIAS_1A1_TOTAIS_IGUAIS,goiania,357335,8048,RES LIBRA RABELO I,,R  ACP02,"R ACP02 CASA 02 , BAIRRO RES ANTONIO CARLOS PIRES",2,2,2,1,1
AUTO_ALIAS_1A1_TOTAIS_IGUAIS,goiania,253368,12057,RES. LIDER,,AV ACARI PASSOS,"AV ACARI PASSOS CASA 01 , BAIRRO RES OLINDA",3,3,3,1,1
AUTO_ALIAS_1A1_TOTAIS_IGUAIS,goiania,119683,1948,RES LIDIA FERREIRA,,R  PLANALTO CENTRAL,"R PLANALTO CENTRAL  CASA 1 , BAIRRO PRQ INDUSTRIAL JOÃO BRAZ",2,2,2,1,1
AUTO_ALIAS_1A1_TOTAIS_IGUAIS,goiania,120076,5182,RES LIDIA FERREIRA II,,AV BRASIL,"AV BRASIL  CASA 01 , BAIRRO PRQ INDUSTRIAL JOÃO BRAZ",2,2,2,1,1
AUTO_ALIAS_1A1_TOTAIS_IGUAIS,goiania,115996,13648,RES LIDIA FERREIRA V,,R  DOS ANDRADAS,"R DOS ANDRADAS  CASA 01 , BAIRRO PRQ INDUSTRIAL JOÃO BRAZ",2,2,2,1,1
AUTO_ALIAS_1A1_TOTAIS_IGUAIS,goiania,120652,7218,RES LIDIA FERREIRA VII,,R  PLANALTO CENTRAL,"R PLANALTO CENTRAL  CASA 1 , BAIRRO PRQ INDUSTRIAL JOÃO BRAZ",2,2,2,1,1
AUTO_ALIAS_1A1_TOTAIS_IGUAIS,goiania,118538,1125,RES LIDIA FERREIRA X,,R  DAS MISSOES,"R DAS MISSOES  CASA 01 , BAIRRO PRQ INDUSTRIAL JOÃO BRAZ",2,2,2,1,1
AUTO_ALIAS_1A1_TOTAIS_IGUAIS,goiania,117211,12472,RES LIDIA FERREIRA XI,,AL ANICUNS,"AL ANICUNS S/N     CASA 06 , BAIRRO PRQ INDUSTRIAL JOÃO BRAZ",6,6,6,1,1
AUTO_ALIAS_1A1_TOTAIS_IGUAIS,goiania,9004,3143,RES LILIAN MARCIA,,R  C14,"R C62  SOB01 , BAIRRO S SUDOESTE",3,3,3,1,1
AUTO_ALIAS_1A1_TOTAIS_IGUAIS,goiania,144468,8401,RES LIMA,,R  C129,"R C129  CASA-01 , BAIRRO BRO JARDIM AMÉRICA",3,3,3,1,1
AUTO_ALIAS_1A1_TOTAIS_IGUAIS,goiania,128090,6463,RES LIMA-411,,R  GP10,"R GP10  CASA 01 , BAIRRO RES GOYAZ PARK",2,2,2,1,1
AUTO_ALIAS_1A1_TOTAIS_IGUAIS,goiania,125110,6541,RES LIMA-640,,R  CP 53,"R RBN11  CASA 02 , BAIRRO LOT CAROLINA PARQUE - COMPLEMENTO",2,2,2,1,1
AUTO_ALIAS_1A1_TOTAIS_IGUAIS,goiania,133845,5570,RES.LIMA-824,,R  MONS RODOLFO TELLMAN,"R MONS RODOLFO TELLMAN  CASA 01 , BAIRRO JD SÃO JOSÉ",2,2,2,1,1
AUTO_ALIAS_1A1_TOTAIS_IGUAIS,goiania,321553,5960,RES LIMA I,,AL DA REPUBLICA,"R J7 SOB 01 , BAIRRO S JAÓ",3,3,3,1,1
AUTO_ALIAS_1A1_TOTAIS_IGUAIS,goiania,222633,7907,RES LIMA I,,R  CV6,"R CV6  CASA 01 , BAIRRO RES CENTER VILLE",3,3,3,1,1
AUTO_ALIAS_1A1_TOTAIS_IGUAIS,goiania,154516,6583,RES.LIMA I,,R  SB1,"R SB01  CASA 01 , BAIRRO RES SOLAR BOUGAINVILLE",2,2,2,1,1
AUTO_ALIAS_1A1_TOTAIS_IGUAIS,goiania,310738,7738,RES LIMA IV,,R  BM10,"R BM10 CASA 01 , BAIRRO RES BRISAS DA MATA",2,2,2,1,1
AUTO_ALIAS_1A1_TOTAIS_IGUAIS,goiania,295060,3132,RES LIMA & NETO II,,R  AGENOR VIGARIO DA COSTA,"R AGENOR VIGARIO DA COSTA  CASA 01 , BAIRRO RES DAS ACÁCIAS",2,2,2,1,1
AUTO_ALIAS_1A1_TOTAIS_IGUAIS,goiania,96603,5493,RES LIMA NUNES I,,AV JAIME CAMARA,"AV JAIME CAMARA  CASA 01 , BAIRRO RES CIDADE VERDE",2,2,2,1,1
AUTO_ALIAS_1A1_TOTAIS_IGUAIS,goiania,408361,1117,RES LIMA PARO II,,R  RI33,"R RI33  CASA 01 , BAIRRO RES ITAIPÚ",5,5,5,1,1
AUTO_ALIAS_1A1_TOTAIS_IGUAIS,goiania,217214,12095,RES. LIMA VIII,,R  CV10,"R CV10  CASA 01 , BAIRRO RES CENTER VILLE",2,2,2,1,1
AUTO_ALIAS_1A1_TOTAIS_IGUAIS,goiania,154680,2140,RES LIMA XII,,R  RV10,"R RV10  CASA 01 , BAIRRO RES RIO VERDE",2,2,2,1,1
AUTO_ALIAS_1A1_TOTAIS_IGUAIS,goiania,227887,14290,RES LINARES,,R  248C,"R 248C  CASA 01 , BAIRRO S COIMBRA",2,2,2,1,1
AUTO_ALIAS_1A1_TOTAIS_IGUAIS,goiania,61709,5969,RES LINCOLN II,,R  FN29,"R FN29 LT 08 CS 01 A , BAIRRO JD FONTE NOVA",4,4,4,1,1
AUTO_ALIAS_1A1_TOTAIS_IGUAIS,goiania,27295,8525,RES LINCOLN IV,,R  VF41,"R VF41 LT 49 CS 01 , BAIRRO VL FINSOCIAL",2,2,2,1,1
AUTO_ALIAS_1A1_TOTAIS_IGUAIS,goiania,329421,11411,RES LINCON HILLS,,AV DO OURO,"AV DO OURO CASA 01 , BAIRRO S RECANTO DAS MINAS GERAIS",3,3,3,1,1
AUTO_ALIAS_1A1_TOTAIS_IGUAIS,goiania,197993,5529,RES.LINCON HILLS,,R  DO ATUM,"R DO ATUM  CASA-01 , BAIRRO JD ATLÂNTICO",2,2,2,1,1
AUTO_ALIAS_1A1_TOTAIS_IGUAIS,goiania,225059,12344,RES LINDENBERG I,,R  SM4,"R SM4  CASA01 , BAIRRO JD SÔNIA MARIA",2,2,2,1,1
AUTO_ALIAS_1A1_TOTAIS_IGUAIS,goiania,115323,2519,RES LINDOMAR LUDUGERIO I,,AV PERIMETRAL OESTE,"R RDR-5 S/N     CASA01 , BAIRRO RES DOM RAFAEL",4,4,4,1,1
AUTO_ALIAS_1A1_TOTAIS_IGUAIS,goiania,219217,2058,RES LINDOVAL MDV 22,,R  MDV22,"R MDV22  CASA 03 , BAIRRO LOT MOINHO DOS VENTOS",3,3,3,1,1
AUTO_ALIAS_1A1_TOTAIS_IGUAIS,goiania,199824,6694,RES LINHARES COSTA,,R  C9,"R C9  CASA 01 , BAIRRO S NOVO HORIZONTE",2,2,2,1,1
AUTO_ALIAS_1A1_TOTAIS_IGUAIS,goiania,208161,8133,RES LINHARES COSTA II,,R  F26,"R F26  CASA 01 , BAIRRO LOT FAIÇALVILLE",2,2,2,1,1
AUTO_ALIAS_1A1_TOTAIS_IGUAIS,goiania,62302,11703,RES LINHARES I,,AV A,"AV A  CASA 01 , BAIRRO VL LUCY",2,2,2,1,1
AUTO_ALIAS_1A1_TOTAIS_IGUAIS,goiania,166932,6385,RES LINO II,,R  RI12,"R RI12  C-1 , BAIRRO RES ITAIPÚ",2,2,2,1,1
AUTO_ALIAS_1A1_TOTAIS_IGUAIS,goiania,177129,7431,RES LINO III,,R  RI29,"R RI29  CASA 01 , BAIRRO RES ITAIPÚ",4,4,4,1,1
AUTO_ALIAS_1A1_TOTAIS_IGUAIS,goiania,177632,7781,RES LINO IV,,R  RI17,"R RI17  CASA 01 , BAIRRO RES ITAIPÚ",3,3,3,1,1
AUTO_ALIAS_1A1_TOTAIS_IGUAIS,goiania,302066,6451,RES LIOMAR II,,R  OM21,"R OM21 CASA 01 , BAIRRO RES ORLANDO DE MORAIS",2,2,2,1,1
AUTO_ALIAS_1A1_TOTAIS_IGUAIS,goiania,294148,6893,RES LIOMAR III,,R  OM21,"R OM21 CASA 01 , BAIRRO RES ORLANDO DE MORAIS",2,2,2,1,1
AUTO_ALIAS_1A1_TOTAIS_IGUAIS,goiania,207058,11389,RES LISBOA III,,R  PRESIDENTE MEDISON,"R PRESIDENTE MEDISON  CASA 01 , BAIRRO JD PRESIDENTE",2,2,2,1,1
AUTO_ALIAS_1A1_TOTAIS_IGUAIS,goiania,31030,1972,RES LITTLE BLUE,,R  GUARAI,"R GUARAI CASA 01 , BAIRRO S ESTRELA DALVA",2,2,2,1,1
AUTO_ALIAS_1A1_TOTAIS_IGUAIS,goiania,84287,1584,RES LIVIAN TELES,,R  ARQUITETA ANA MARIA,"R ARQUITETA ANA MARIA CASA 01 , BAIRRO RES SOLAR VILLE",2,2,2,1,1
AUTO_ALIAS_1A1_TOTAIS_IGUAIS,goiania,193415,9387,RES LIVIA SANTANA,,R  CAPRI,"R CAPRI  CASA 01 , BAIRRO JD EUROPA",2,2,2,1,1
AUTO_ALIAS_1A1_TOTAIS_IGUAIS,goiania,145349,8488,RES LIZ,,R  C210,"R C210  CASA 001 , BAIRRO BRO JARDIM AMÉRICA",2,2,2,1,1
AUTO_ALIAS_1A1_TOTAIS_IGUAIS,goiania,107139,11046,RES LIZ DENER,,AV ARGENTINA MONTEIRO,"R VI10 CASA-01 , BAIRRO CJ VERA CRUZ",8,8,8,1,1
AUTO_ALIAS_1A1_TOTAIS_IGUAIS,goiania,39755,1550,RES LJ-I,,R  JH24,"R JH24 LT 05 CS 01 , BAIRRO JD DAS HORTÊNCIAS",3,3,3,1,1
AUTO_ALIAS_1A1_TOTAIS_IGUAIS,goiania,182073,5040,RES.L.J SANTOS RESIDENCE,,R  CAMPINAS,"R CAMPINAS  CASA 01 , BAIRRO S DOS DOURADOS",3,3,3,1,1
AUTO_ALIAS_1A1_TOTAIS_IGUAIS,goiania,141297,12470,RES LLEGO 16,,R  RMP3,"R RMP3  CASA 01 , BAIRRO RES MONTE PASCOAL",2,2,2,1,1
AUTO_ALIAS_1A1_TOTAIS_IGUAIS,goiania,142406,1649,RES LLEGO 25,,R  IRMA ANTONIETA ESMERALDA CABRA,"R IRMA ANTONIETA ESMERALDA CABRA  CASA 02 , BAIRRO JD SÃO JOSÉ",2,2,2,1,1
AUTO_ALIAS_1A1_TOTAIS_IGUAIS,goiania,141480,1682,RES LLEGO 31,,R  RY10,"R RY10  CASA 02 , BAIRRO JD SÃO JOSÉ",2,2,2,1,1
AUTO_ALIAS_1A1_TOTAIS_IGUAIS,goiania,140511,3358,RES LLEGO 34,,R  RY10,"R RY10  CASA01 , BAIRRO JD SÃO JOSÉ",2,2,2,1,1
AUTO_ALIAS_1A1_TOTAIS_IGUAIS,goiania,135603,5179,RES.LLEGO 39,,R  JOSE PEREIRA BORGES,"R JOSE PEREIRA BORGES  CASA 02 , BAIRRO JD SÃO JOSÉ",2,2,2,1,1
AUTO_ALIAS_1A1_TOTAIS_IGUAIS,goiania,137846,5611,RES.LLEGO-40,,R  PE NELSON ANTONINO,"R PE NELSON ANTONINO  CASA 01 , BAIRRO JD SÃO JOSÉ",2,2,2,1,1
AUTO_ALIAS_1A1_TOTAIS_IGUAIS,goiania,139582,5610,RES.LLEGO 41,,R  MONS MOACIR BERNARDINO,"R MONS MOACIR BERNARDINO  CASA 02 , BAIRRO JD SÃO JOSÉ",2,2,2,1,1
AUTO_ALIAS_1A1_TOTAIS_IGUAIS,goiania,142746,5677,RES LLEGO 42,,R  MONS PRIMO VIEIRA,"R MONS PRIMO VIEIRA  CASA 01 , BAIRRO JD SÃO JOSÉ",2,2,2,1,1
AUTO_ALIAS_1A1_TOTAIS_IGUAIS,goiania,363363,6973,RES LLONES,,R  GOMES FROTA,"R GOMES FROTA C-1 , BAIRRO PRQ DAS AMENDOEIRAS",2,2,2,1,1
AUTO_ALIAS_1A1_TOTAIS_IGUAIS,goiania,261067,8972,RES. LLONES 2,,R  SILVA E SOUZA,"R SILVA E SOUZA CASA 01 , BAIRRO PRQ DAS AMENDOEIRAS",2,2,2,1,1
AUTO_ALIAS_1A1_TOTAIS_IGUAIS,goiania,223013,8342,RES L.M.C. I,,R  VB1,"R VB1  CASA 01 , BAIRRO RES VEREDA DOS BURITIS",3,3,3,1,1
AUTO_ALIAS_1A1_TOTAIS_IGUAIS,goiania,339671,6692,RES LOBO,,R  SIRIEMA,"R SIRIEMA SOB 01 , BAIRRO BRO SANTA GENOVEVA",2,2,2,1,1
AUTO_ALIAS_1A1_TOTAIS_IGUAIS,goiania,221608,7954,RES LOFT VEREDAS I,,R  VB7,"R VB7  SOBRADO 01 , BAIRRO RES VEREDA DOS BURITIS",3,3,3,1,1
AUTO_ALIAS_1A1_TOTAIS_IGUAIS,goiania,389173,2072,RES LOHAN I,,R  AB6,"R AB6 CASA 01 , BAIRRO RES ALICE BARBOSA",2,2,2,1,1
AUTO_ALIAS_1A1_TOTAIS_IGUAIS,goiania,131746,13982,RES LOIOLA I,,R  GP12,"R GP12  CASA 1 , BAIRRO RES GOYAZ PARK",2,2,2,1,1
AUTO_ALIAS_1A1_TOTAIS_IGUAIS,goiania,378862,8872,RES LOIOLA MACEDO X,,R  RB6,"R RB6 CASA 01 , BAIRRO RES RECANTO DO BOSQUE",2,2,2,1,1
AUTO_ALIAS_1A1_TOTAIS_IGUAIS,goiania,349800,9865,RES. LOMA BARBOSA,,R  LOMA BARBOSA,"R LOMA BARBOSA SOB01 , BAIRRO RES ANTÔNIO BARBOSA",2,2,2,1,1
AUTO_ALIAS_1A1_TOTAIS_IGUAIS,goiania,360388,11928,RES LONDON,,R  RIO GRANDE,"R RIO GRANDE CASA 03 , BAIRRO RES RIO JORDÃO",3,3,3,1,1
AUTO_ALIAS_1A1_TOTAIS_IGUAIS,goiania,312113,8455,RES LONG POINT,,R  PS3,"R PS3 CASA 01 , BAIRRO RES SENADOR PARANHOS",2,2,2,1,1
AUTO_ALIAS_1A1_TOTAIS_IGUAIS,goiania,125292,5589,RES.LOPES-28,,R  MORAIS SOARES,"R MORAIS SOARES  CASA 01 , BAIRRO JD MARQUES DE ABREU",2,2,2,1,1
AUTO_ALIAS_1A1_TOTAIS_IGUAIS,goiania,158580,6190,RES.LOPES-402,,R  DE BAIXO,"R DE BAIXO  CASA 01 , BAIRRO RES SANTA FÉ I",2,2,2,1,1
AUTO_ALIAS_1A1_TOTAIS_IGUAIS,goiania,363067,5599,RES. LOPES E CARVALHO,,R  SR57,"R SR57 CASA 01 , BAIRRO S RECANTO DAS MINAS GERAIS",2,2,2,1,1
AUTO_ALIAS_1A1_TOTAIS_IGUAIS,goiania,156293,8642,RES LOPES E COSTA I,,R  RV6,"R RV6  CASA 01 , BAIRRO RES RIO VERDE",2,2,2,1,1
AUTO_ALIAS_1A1_TOTAIS_IGUAIS,goiania,333250,6337,RES LOPES E SILVEIRA,,R  SR33,"R SR33 CASA 01 , BAIRRO S RECANTO DAS MINAS GERAIS",2,2,2,1,1
AUTO_ALIAS_1A1_TOTAIS_IGUAIS,goiania,149522,9064,RES LORENA II,,AV C107,"AV C107  CASA 01 , BAIRRO BRO JARDIM AMÉRICA",3,3,3,1,1
AUTO_ALIAS_1A1_TOTAIS_IGUAIS,goiania,310038,7352,RES LORENA MOURA I,,R  OM21,"R OM21 CASA 01 , BAIRRO RES ORLANDO DE MORAIS",2,2,2,1,1
AUTO_ALIAS_1A1_TOTAIS_IGUAIS,goiania,285578,8898,RES LORENZO LOPES I,,R  RECANTO DOS BURITIS,"R RECANTO DOS BURITIS S/N CASA 01 , BAIRRO RES RECANTO DOS BURITIS",2,2,2,1,1
AUTO_ALIAS_1A1_TOTAIS_IGUAIS,goiania,224042,5376,RES. LORRAENNI WILCY I,,R  SAULO COELHO CHAVES,"R SAULO COELHO CHAVES  CASA 01 , BAIRRO RES AQUÁRIOS II",2,2,2,1,1
AUTO_ALIAS_1A1_TOTAIS_IGUAIS,goiania,84820,4856,RES LOURDES BARBOZA DE SOUZA I,,R  PENEDO,"R PENEDO  CASA 01 , BAIRRO LOT TROPICAL VILLE",4,4,4,1,1
AUTO_ALIAS_1A1_TOTAIS_IGUAIS,goiania,146016,6860,RES. LOURENCO,,R  C130A,"R C130A S/N     SOBRADO 01 , BAIRRO BRO JARDIM AMÉRICA",4,4,4,1,1
AUTO_ALIAS_1A1_TOTAIS_IGUAIS,goiania,346145,7474,RES LOURENCO 411,,R  RB25,"R RB25 CASA 01 , BAIRRO RES RECANTO DO BOSQUE",2,2,2,1,1
AUTO_ALIAS_1A1_TOTAIS_IGUAIS,goiania,390131,8942,RES LOURENCO 98.717,,R  RB38A,"R RB38A CASA 01 , BAIRRO RES RECANTO DO BOSQUE",2,2,2,1,1
AUTO_ALIAS_1A1_TOTAIS_IGUAIS,goiania,45978,8945,RES LOURENCO E FELICIANO-983,,R  HM12,"R HM12 LT 17 CASA 01 , BAIRRO RES HUGO DE MORAES",2,2,2,1,1
AUTO_ALIAS_1A1_TOTAIS_IGUAIS,goiania,79125,9024,RES LOURENCO E FELICIANO II,,R  ANA PAULA OLIVEIRA,"R ANA PAULA OLIVEIRA CASA 01 , BAIRRO JD CLARISSA",2,2,2,1,1
AUTO_ALIAS_1A1_TOTAIS_IGUAIS,goiania,153524,8996,RES LOURENCO VOLMAR,,AV CRUZEIRO DO SUL,"AV CRUZEIRO DO SUL S/N     CASA 01 , BAIRRO RES SANTA FÉ I",2,2,2,1,1
AUTO_ALIAS_1A1_TOTAIS_IGUAIS,goiania,388592,2791,RES LOUSEK I,,R  LIBANIA BARBOSA,"R LIBANIA BARBOSA CASA 1 , BAIRRO RES ANTÔNIO BARBOSA",2,2,2,1,1
AUTO_ALIAS_1A1_TOTAIS_IGUAIS,goiania,59423,8312,RES LOUSEK SILVA XI,,R  FN4,"R FN4 LT 21 CS 01 , BAIRRO JD FONTE NOVA",2,2,2,1,1
AUTO_ALIAS_1A1_TOTAIS_IGUAIS,goiania,291738,6513,RES. LOUVADO,,R  9,"R 9 332     CASA 01 , BAIRRO S MARECHAL RONDON",2,2,2,1,1
AUTO_ALIAS_1A1_TOTAIS_IGUAIS,goiania,219610,8247,RES. LOUZEIRO BARROS,,R  MDV28,"R MDV28  CASA 02 , BAIRRO LOT MOINHO DOS VENTOS",2,2,2,1,1
AUTO_ALIAS_1A1_TOTAIS_IGUAIS,goiania,218026,8834,RES LOUZEIRO BARROS II,,AV JACINTO ALVES DE ABREU,"AV JACINTO ALVES DE ABREU  CASA 01 , BAIRRO RES VEREDA DOS BURITIS",2,2,2,1,1
AUTO_ALIAS_1A1_TOTAIS_IGUAIS,goiania,115185,6723,RES LP 12.10,,R  MARIA HENRIQUE,"R MARIA HENRIQUE  C-2 , BAIRRO LOT LORENA PARQUE",2,2,2,1,1
AUTO_ALIAS_1A1_TOTAIS_IGUAIS,goiania,159302,5363,RES L.P DANTAS,,R  FV38,"R FV38  CASA 02 , BAIRRO RES FIDÉLIS",2,2,2,1,1
AUTO_ALIAS_1A1_TOTAIS_IGUAIS,goiania,164520,6427,RES L.PRUDENTE IV,,R  LIBERDADE,"R LIBERDADE  CASA 01 , BAIRRO RES SANTA FÉ I",3,3,3,1,1
AUTO_ALIAS_1A1_TOTAIS_IGUAIS,goiania,180862,5941,RES L PRUDENTE RESIDENCE,,R  G18,"R G20  CASA 01 , BAIRRO S GRAJAÚ",3,3,3,1,1
AUTO_ALIAS_1A1_TOTAIS_IGUAIS,goiania,181696,5942,RES L PRUDENTE RESIDENCE I,,R  I-10,"R I-10  CASA 01 , BAIRRO JD IPANEMA",3,3,3,1,1
AUTO_ALIAS_1A1_TOTAIS_IGUAIS,goiania,154925,8755,RES L PRUDENTES RESCIDENCI IV,,AV SAO FRANCISCO DE ASSIS,"AV SAO FRANCISCO DE ASSIS  CASA 01 , BAIRRO RES SANTA FÉ",3,3,3,1,1
AUTO_ALIAS_1A1_TOTAIS_IGUAIS,goiania,119305,8143,RES L PRUDENTES RESIDENCE III,,R  TRINDADE,"R TRINDADE  CASA 01 , BAIRRO PRQ INDUSTRIAL JOÃO BRAZ",2,2,2,1,1
AUTO_ALIAS_1A1_TOTAIS_IGUAIS,goiania,183139,7192,RES L PRUDENTES RESIDENCI I,,R  G1,"R G1  CASA 01 , BAIRRO S GRAJAÚ",2,2,2,1,1
AUTO_ALIAS_1A1_TOTAIS_IGUAIS,goiania,155390,7809,RES L PRUDENTES RESIDENCI II,,AV SERINGUEIRAS,"AV SERINGUEIRAS  CASA 01 , BAIRRO RES SANTA FÉ",2,2,2,1,1
AUTO_ALIAS_1A1_TOTAIS_IGUAIS,goiania,100404,8880,RES LRM 101,,R  LRM10,"R LRM10  CASA 01 , BAIRRO RES TUZIMOTO",2,2,2,1,1
AUTO_ALIAS_1A1_TOTAIS_IGUAIS,goiania,157053,8256,RES L.R.M.I,,R  SB9,"R SB9  CASA 02 , BAIRRO RES SOLAR BOUGAINVILLE",2,2,2,1,1
AUTO_ALIAS_1A1_TOTAIS_IGUAIS,goiania,156404,13508,RES. LRS III,,R  F2,"R F2  CASA 02 , BAIRRO RES FIDÉLIS",2,2,2,1,1
AUTO_ALIAS_1A1_TOTAIS_IGUAIS,goiania,125768,1554,RES LRS XIV,,R  GP12,"R GP12  CASA 01 , BAIRRO RES GOYAZ PARK",2,2,2,1,1
AUTO_ALIAS_1A1_TOTAIS_IGUAIS,goiania,130572,1605,RES L R S XVII,,R  SM17,"R SM17  CASA 01 , BAIRRO RES SÃO MARCOS",2,2,2,1,1
AUTO_ALIAS_1A1_TOTAIS_IGUAIS,goiania,123392,1613,RES L.R.S.XX,,R  GP14,"R GP14  CASA 01 , BAIRRO RES GOYAZ PARK",2,2,2,1,1
AUTO_ALIAS_1A1_TOTAIS_IGUAIS,goiania,172876,2697,RES LS DANTAS II,,R  ARRAIAL DO CABO,"R ARRAIAL DO CABO  CASA 01 , BAIRRO RES CAMPOS DOURADOS",2,2,2,1,1
AUTO_ALIAS_1A1_TOTAIS_IGUAIS,goiania,81100,5547,RES.LTM-02,,R  JOAQUIM PORTUGAL,"R LAGOA DOS BARROS CASA 01 , BAIRRO S MAYSA EXTENSÃO",3,3,3,1,1
AUTO_ALIAS_1A1_TOTAIS_IGUAIS,goiania,221696,7707,RES LUA CRESCENTE,,R  VB22,"R VB22  CASA 01 , BAIRRO RES VEREDA DOS BURITIS",3,3,3,1,1
AUTO_ALIAS_1A1_TOTAIS_IGUAIS,goiania,375338,7901,RES LUAL GREEN,,R  THELMA DI SABBATO,"R THELMA DI SABBATO  CASA 01 , BAIRRO JD BALNEÁRIO MEIA PONTE",2,2,2,1,1
AUTO_ALIAS_1A1_TOTAIS_IGUAIS,goiania,295653,6629,RES LUAL I,,R  FL26,"R FL26 CASA 01 , BAIRRO PRQ DAS FLORES",5,5,5,1,1
AUTO_ALIAS_1A1_TOTAIS_IGUAIS,goiania,406177,6735,RES LUANDA I,,R  TAMANDARE,"R TAMANDARE  CASA 01 , BAIRRO PRQ ANHANGÜERA",2,2,2,1,1
AUTO_ALIAS_1A1_TOTAIS_IGUAIS,goiania,134673,2197,RES LUAN I,,R  CON. JOSE DE CASTRO,"R CON. JOSE DE CASTRO  CASA 02 , BAIRRO RES MONTE PASCOAL",2,2,2,1,1
AUTO_ALIAS_1A1_TOTAIS_IGUAIS,goiania,96627,1234,RES LUA NOVA II,,AL CORCOVADO,"AL CORCOVADO  SOB 01 , BAIRRO JD PETRÓPOLIS",4,4,4,1,1
AUTO_ALIAS_1A1_TOTAIS_IGUAIS,goiania,136480,11082,RES LUA NOVA IV,,R  BENEDITO PEREIRA DE CASTRO,"R BENEDITO PEREIRA DE CASTRO  SOB 01 , BAIRRO JD SÃO JOSÉ",2,2,2,1,1
AUTO_ALIAS_1A1_TOTAIS_IGUAIS,goiania,85831,6572,RES LUA NOVA VII,,R  10,"R 10  C-1 , BAIRRO JD NOVO PETRÓPOLIS",2,2,2,1,1
AUTO_ALIAS_1A1_TOTAIS_IGUAIS,goiania,95581,8479,RES LUA NOVA VIII,,R  MONTE BRANCO,"R MONTE BRANCO  CASA 03 , BAIRRO JD PETRÓPOLIS",3,3,3,1,1
AUTO_ALIAS_1A1_TOTAIS_IGUAIS,goiania,347243,6557,RES LUAR,,R  OM12,"R OM12 CASA 01 , BAIRRO RES ORLANDO DE MORAIS",2,2,2,1,1
AUTO_ALIAS_1A1_TOTAIS_IGUAIS,goiania,133376,1564,RES LUCAS MACEDO,,R  ELO17,"R ELO17  CASA 01 , BAIRRO PRQ ELDORADO OESTE",2,2,2,1,1
AUTO_ALIAS_1A1_TOTAIS_IGUAIS,goiania,286219,8677,RES LUCAS MARCELO PORTELA,,R  MARCELO PORTELA,"R MARCELO PORTELA  CASA 01 , BAIRRO RES DAS ACÁCIAS",2,2,2,1,1
AUTO_ALIAS_1A1_TOTAIS_IGUAIS,goiania,126222,9120,RES. LUCAS - SM,,R  SM14,"R SM14  C-1 , BAIRRO RES SÃO MARCOS",2,2,2,1,1
AUTO_ALIAS_1A1_TOTAIS_IGUAIS,goiania,153384,1732,RES LUCAS XV,,R  ANTONIO LUIZ DE PINA,"R ANTONIO LUIZ DE PINA  CASA 02 , BAIRRO RES SANTA FÉ",2,2,2,1,1
AUTO_ALIAS_1A1_TOTAIS_IGUAIS,goiania,146136,5624,RES LUCIA BORGES,,AV C107,"AV C107  CASA 01 , BAIRRO BRO JARDIM AMÉRICA",3,3,3,1,1
AUTO_ALIAS_1A1_TOTAIS_IGUAIS,goiania,208154,7316,RES LUCIANA BARROS,,AL ALCIDES DE ARAUJO ROMAO,"AL ALCIDES DE ARAUJO ROMAO  CASA-01 , BAIRRO LOT FAIÇALVILLE",2,2,2,1,1
AUTO_ALIAS_1A1_TOTAIS_IGUAIS,goiania,292773,7154,RES LUCIANE 2,,AV DONA MELINHA,"AV DONA MELINHA CASA 01 , BAIRRO RES BRISAS DA MATA",2,2,2,1,1
AUTO_ALIAS_1A1_TOTAIS_IGUAIS,goiania,196582,1230,RES LUCIANO & IMIDIA,,AV ITALIA,"AV ITALIA  CASA 01 , BAIRRO JD EUROPA",2,2,2,1,1
AUTO_ALIAS_1A1_TOTAIS_IGUAIS,goiania,190531,6788,RES LUCIANO TEIXEIRA,,AV SAO CARLOS,"AV SAO CARLOS  SOBRADO 01 , BAIRRO JD PLANALTO",5,5,5,1,1
AUTO_ALIAS_1A1_TOTAIS_IGUAIS,goiania,196869,8976,RES LUCIA ROSA I,,R  CARLOS GOMES,"R CARLOS GOMES  CASA 1 , BAIRRO PRQ ANHANGÜERA",2,2,2,1,1
AUTO_ALIAS_1A1_TOTAIS_IGUAIS,goiania,363092,8482,RES LUCIMAR BONINE I,,R  5,"R 5 CASA 01 , BAIRRO RES PAULO ESTRELA",2,2,2,1,1
AUTO_ALIAS_1A1_TOTAIS_IGUAIS,goiania,371411,6804,RES.LUCIMAR LEANDRO IV,,R  3,"R 3 CASA 01 , BAIRRO RES PAULO ESTRELA",2,2,2,1,1
AUTO_ALIAS_1A1_TOTAIS_IGUAIS,goiania,247053,6169,RES LUCY PINHEIRO LP2,,R  LP2,"R LP2 CASA 02 , BAIRRO RES LUCY PINHEIRO",2,2,2,1,1
AUTO_ALIAS_1A1_TOTAIS_IGUAIS,goiania,246840,7255,RES LUCY PINHEIRO LP2L8,,R  LP2,"R LP2 C-2 , BAIRRO RES LUCY PINHEIRO",2,2,2,1,1
AUTO_ALIAS_1A1_TOTAIS_IGUAIS,goiania,127898,6175,RES. LUDOVICO-202,,R  SM37,"R SM37  CASA 01 , BAIRRO RES SÃO MARCOS",2,2,2,1,1
AUTO_ALIAS_1A1_TOTAIS_IGUAIS,goiania,140169,7816,RES LUDOVICO-4122,,R  MONS. PRIMO VIEIRA,"R MONS. PRIMO VIEIRA  CASA 01 , BAIRRO RES MONTE PASCOAL",2,2,2,1,1
AUTO_ALIAS_1A1_TOTAIS_IGUAIS,goiania,104009,7817,RES LUDOVICO-5335,,R  P-14,"R P-14  CASA 01 , BAIRRO RES PORTINARI",2,2,2,1,1
AUTO_ALIAS_1A1_TOTAIS_IGUAIS,goiania,98787,5461,RES.LUDOVICO-544,,R  P-05,"R P-05  CASA 01 , BAIRRO RES PORTINARI",2,2,2,1,1
AUTO_ALIAS_1A1_TOTAIS_IGUAIS,goiania,133531,5426,RES.LUDOVICO -573,,R  CON JOSE TRINDADE DA F.E SILVA,"R CON JOSE TRINDADE DA F.E SILVA  CASA 01 , BAIRRO JD SÃO JOSÉ",2,2,2,1,1
AUTO_ALIAS_1A1_TOTAIS_IGUAIS,goiania,105359,6594,RES. LUDOVICO LRM-317,,R  LRM-11,"R LRM-11  CASA 01 , BAIRRO RES PORTINARI",2,2,2,1,1
AUTO_ALIAS_1A1_TOTAIS_IGUAIS,goiania,105418,6608,RES LUDOVICO LRM-318,,R  LRM-11,"R LRM-11  CASA 01 , BAIRRO RES PORTINARI",2,2,2,1,1
AUTO_ALIAS_1A1_TOTAIS_IGUAIS,goiania,305097,13572,RES LUDOVICO MATINS V,,R  PIRES FIGUEREDO,"R PIRES FIGUEREDO CASA 01 , BAIRRO RES VILLE DE FRANCE",2,2,2,1,1
AUTO_ALIAS_1A1_TOTAIS_IGUAIS,goiania,143221,1903,RES LUDUGERIO,,ESTGYN20,"ESTGYN20  CASA 01 , BAIRRO PRQ ELDORADO OESTE",3,3,3,1,1
AUTO_ALIAS_1A1_TOTAIS_IGUAIS,goiania,283591,7475,RES LUDWIG BM1,,R  BM1,"R BM1 C-1 , BAIRRO RES BRISAS DA MATA",2,2,2,1,1
AUTO_ALIAS_1A1_TOTAIS_IGUAIS,goiania,172719,6271,RES LUIS DOMINGOS RESIDENCE,,R  BAIA FORMOSA,"R BAIA FORMOSA  C-01 , BAIRRO RES CAMPOS DOURADOS",2,2,2,1,1
AUTO_ALIAS_1A1_TOTAIS_IGUAIS,goiania,138829,2391,RES LUIZ ALBERTO I,,R  JOSE PEREIRA BORGES,"R JOSE PEREIRA BORGES  CASA 02 , BAIRRO JD SÃO JOSÉ",2,2,2,1,1
AUTO_ALIAS_1A1_TOTAIS_IGUAIS,goiania,255378,5996,RES LUIZ ALBERTO I,,R  OM18,"R OM18 CASA 01 , BAIRRO RES ORLANDO DE MORAIS",3,3,3,1,1
AUTO_ALIAS_1A1_TOTAIS_IGUAIS,goiania,20641,8690,RES. LUIZ AVENIDA OTAVIO LUCIO,,AV OTAVIO LUCIO,"AV OTAVIO LUCIO CASA 01 , BAIRRO S ESTRELA DALVA",2,2,2,1,1
AUTO_ALIAS_1A1_TOTAIS_IGUAIS,goiania,340167,14296,RES LUIZ DA COSTA,,R  FL10,"R FL10 CASA 01 , BAIRRO PRQ DAS FLORES",3,3,3,1,1
AUTO_ALIAS_1A1_TOTAIS_IGUAIS,goiania,155579,10721,RES LUIZ DE MORAES II,,R  ALPHA15,"R ALPHA15  CASA 01 , BAIRRO LOT ALPHAVILLE RESIDENCIAL",2,2,2,1,1
AUTO_ALIAS_1A1_TOTAIS_IGUAIS,goiania,304519,10510,RES LUIZ DIAS,,R  JOAO PESSOA,"R JOAO PESSOA CASA 01 , BAIRRO BRO ALTO DA GLÓRIA",3,3,3,1,1
AUTO_ALIAS_1A1_TOTAIS_IGUAIS,goiania,157310,14118,RES LUIZ GUSTAV,,R  FV32,"R FV33  CASA 01 , BAIRRO RES FORTE VILLE - EXTENSÃO",2,2,2,1,1
AUTO_ALIAS_1A1_TOTAIS_IGUAIS,goiania,322536,8020,RES LUIZ NINA,,R  NINA DI GREGORIO,"R NINA DI GREGORIO CASA 01 , BAIRRO JD BALNEÁRIO MEIA PONTE",2,2,2,1,1
AUTO_ALIAS_1A1_TOTAIS_IGUAIS,goiania,189599,8773,RES LUIZ RAIA,,R  DA RAIA,"R DA RAIA  CASA 01 , BAIRRO JD ATLÂNTICO",2,2,2,1,1
AUTO_ALIAS_1A1_TOTAIS_IGUAIS,goiania,349910,8031,RES LUIZ RB 02,,R  RB2,"R RB2 CASA 01 , BAIRRO RES RECANTO DO BOSQUE",2,2,2,1,1
AUTO_ALIAS_1A1_TOTAIS_IGUAIS,goiania,221460,13823,RES LUIZ SILVA,,R  MDV44,"R MDV44  CASA 01 , BAIRRO LOT MOINHO DOS VENTOS",2,2,2,1,1
AUTO_ALIAS_1A1_TOTAIS_IGUAIS,goiania,199903,8600,RES LULA,,AV PARQUE,"AV PARQUE  CASA 01 , BAIRRO S TRÊS MARIAS",2,2,2,1,1
AUTO_ALIAS_1A1_TOTAIS_IGUAIS,goiania,285549,7560,RES LUMA SANTOS III,,R  PIRATININGA,"R PIRATININGA S/N CASA02 , BAIRRO JD BELA VISTA",2,2,2,1,1
AUTO_ALIAS_1A1_TOTAIS_IGUAIS,goiania,316830,10524,RES. LUMINA,,R  CPR2,"R CPR2 CASA02 , BAIRRO RES COSTA PARANHOS",2,2,2,1,1
AUTO_ALIAS_1A1_TOTAIS_IGUAIS,goiania,356292,1395,RES LUNA JEANNIE,,R  J12,"R J12 SOBRADO 001 , BAIRRO S JAÓ",2,2,2,1,1
AUTO_ALIAS_1A1_TOTAIS_IGUAIS,goiania,254738,5243,RES LUNA REIS,,R  TR5,"R TR5 CASA 01 , BAIRRO LOT TUPYNAMBÁ DOS REIS",2,2,2,1,1
AUTO_ALIAS_1A1_TOTAIS_IGUAIS,goiania,195995,9174,RES LUXEMBURGO,,R  HOLANDA,"R LUXEMBURGO  SOBRADO 01 , BAIRRO JD EUROPA",3,3,3,1,1
AUTO_ALIAS_1A1_TOTAIS_IGUAIS,goiania,195993,6635,RES LUXEMBURGO XVI,,R  LUXEMBURGO,"R LUXEMBURGO  CASA 01 , BAIRRO JD EUROPA",2,2,2,1,1
AUTO_ALIAS_1A1_TOTAIS_IGUAIS,goiania,82843,6726,RES LUZ DOURADO II,,R  SV22,"R SV22 CASA 01 , BAIRRO RES SOLAR VILLE",2,2,2,1,1
AUTO_ALIAS_1A1_TOTAIS_IGUAIS,goiania,32038,7368,RES LUZ & ESPERANCA,,R  VMV,"R VMV CASA 01 , BAIRRO VL MUTIRÃO II",2,2,2,1,1
AUTO_ALIAS_1A1_TOTAIS_IGUAIS,goiania,177299,5430,RES.LUZIANO FILHO,,R  AC6,"R AC6  CASA 01 , BAIRRO RES ANA CLARA",3,3,3,1,1
AUTO_ALIAS_1A1_TOTAIS_IGUAIS,goiania,177306,5429,RES.LUZIANO FILHO I,,R  AC6,"R AC6  CASA 01 , BAIRRO RES ANA CLARA",3,3,3,1,1
AUTO_ALIAS_1A1_TOTAIS_IGUAIS,goiania,177305,5428,RES.LUZIANO FILHO II,,R  AC6,"R AC6  CASA 01 , BAIRRO RES ANA CLARA",3,3,3,1,1
AUTO_ALIAS_1A1_TOTAIS_IGUAIS,goiania,165193,6786,RES LUZIANO FILHO III,,AV RITA CAETANO,"AV RITA CAETANO  CASA 01 , BAIRRO RES SANTA FÉ I",3,3,3,1,1
AUTO_ALIAS_1A1_TOTAIS_IGUAIS,goiania,77348,11901,RES LUZIA TELES I,,R  2,"R 2 CASA 01 , BAIRRO S SANTOS DUMONT",2,2,2,1,1
AUTO_ALIAS_1A1_TOTAIS_IGUAIS,goiania,157924,1026,RES LUZ MUNIZ,,R  SRM3,"R SRM3  CASA 01 , BAIRRO VLG SANTA RITA",3,3,3,1,1
AUTO_ALIAS_1A1_TOTAIS_IGUAIS,goiania,104312,5930,RES MAANAIM-063,,R  P-14,"R P-14  CASA 01 , BAIRRO RES PORTINARI",2,2,2,1,1
AUTO_ALIAS_1A1_TOTAIS_IGUAIS,goiania,138423,5218,RES MAANAIM-068,,R  ELPIDIO RODRIGUES,"R ELPIDIO RODRIGUES  C-1 , BAIRRO RES BUENA VISTA III",2,2,2,1,1
AUTO_ALIAS_1A1_TOTAIS_IGUAIS,goiania,157886,5935,RES MAANAIM-335,,R  PEDRO LUIZ PEREIRA,"R PEDRO LUIZ PEREIRA  CASA 01 , BAIRRO RES FORTEVILLE",2,2,2,1,1
AUTO_ALIAS_1A1_TOTAIS_IGUAIS,goiania,132826,5217,RES MAANAIM-3922,,R  ATAULFO ALVES,"R ATAULFO ALVES  CASA 03 , BAIRRO JD SÃO JOSÉ",3,3,3,1,1
AUTO_ALIAS_1A1_TOTAIS_IGUAIS,goiania,126486,5934,RES MAANAIM-402,,R  CP16,"R CP16  C-1 , BAIRRO LOT CAROLINA PARQUE",2,2,2,1,1
AUTO_ALIAS_1A1_TOTAIS_IGUAIS,goiania,128426,5933,RES MAANAIM-404,,R  CP9,"R CP9  C-1 , BAIRRO LOT CAROLINA PARQUE",2,2,2,1,1
AUTO_ALIAS_1A1_TOTAIS_IGUAIS,goiania,140781,4088,RES MAANAIM-46-38,,R  JUAREZ AMORELLI,"R JUAREZ AMORELLI  CASA 01 , BAIRRO RES BUENA VISTA III",2,2,2,1,1
AUTO_ALIAS_1A1_TOTAIS_IGUAIS,goiania,270876,5219,RES MAANAIM-600,,AV SAMAMBAIA,"AV SAMAMBAIA C-2 , BAIRRO RES ANTONIO CARLOS PIRES",2,2,2,1,1
AUTO_ALIAS_1A1_TOTAIS_IGUAIS,goiania,84476,5929,RES MAANAIM-606,,R  TRANCOSO,"R TRANCOSO C-1 , BAIRRO S BARRA DA TIJUCA",2,2,2,1,1
AUTO_ALIAS_1A1_TOTAIS_IGUAIS,goiania,140218,5932,RES MAANAIM-749,,R  RY7,"R RY7  CASA 02 , BAIRRO RES YTAPUÃ",2,2,2,1,1
AUTO_ALIAS_1A1_TOTAIS_IGUAIS,goiania,135371,8807,RES MAANAIM-80.18,,R  ERNESTO TEODORO MORAES,"R ERNESTO TEODORO MORAES  CASA 01 , BAIRRO RES BUENA VISTA IV",2,2,2,1,1
AUTO_ALIAS_1A1_TOTAIS_IGUAIS,goiania,140602,6991,RES MAANAIM-807,,R  JOSE ERNESTO MORAES,"R JOSE ERNESTO MORAES  CASA 01 , BAIRRO RES BUENA VISTA IV",2,2,2,1,1
AUTO_ALIAS_1A1_TOTAIS_IGUAIS,goiania,137368,8808,RES MAANAIM-84.24,,R  JOSE ERNESTO MORAES,"R JOSE ERNESTO MORAES  CASA 01 , BAIRRO RES BUENA VISTA IV",2,2,2,1,1
AUTO_ALIAS_1A1_TOTAIS_IGUAIS,goiania,141431,6992,RES MAANAIM-938,,R  ELPIDIO RODRIGUES,"R ELPIDIO RODRIGUES  CASA 01 , BAIRRO RES BUENA VISTA III",2,2,2,1,1
AUTO_ALIAS_1A1_TOTAIS_IGUAIS,goiania,155245,5931,RES MAANAIM-982,,R  FV20,"R FV20  CASA 02 , BAIRRO RES FIDÉLIS",2,2,2,1,1
AUTO_ALIAS_1A1_TOTAIS_IGUAIS,goiania,105984,5482,RES.MAANAIM-LRM-46,,R  LRM11,"R LRM11  CASA 01 , BAIRRO RES TUZIMOTO",2,2,2,1,1
AUTO_ALIAS_1A1_TOTAIS_IGUAIS,goiania,105705,5685,RES MAANAIM-RT-0055,,R  RT6,"R RT6  CASA 01 , BAIRRO RES TUZIMOTO",2,2,2,1,1
AUTO_ALIAS_1A1_TOTAIS_IGUAIS,goiania,106255,5684,RES MAANAIM-RT-0056,,R  RT6,"R RT6  CASA 01 , BAIRRO RES TUZIMOTO",2,2,2,1,1
AUTO_ALIAS_1A1_TOTAIS_IGUAIS,goiania,106681,5683,RES MAANAIM-RT-0057,,R  RT6,"R RT6  CASA 01 , BAIRRO RES TUZIMOTO",2,2,2,1,1
AUTO_ALIAS_1A1_TOTAIS_IGUAIS,goiania,107069,5682,RES MAANAIM-RT-0058,,R  RT6,"R RT6  CASA 01 , BAIRRO RES TUZIMOTO",2,2,2,1,1
AUTO_ALIAS_1A1_TOTAIS_IGUAIS,goiania,107070,5480,RES.MAANAIM-RT-007,,R  RT4A,"R RT4A  CASA 01 , BAIRRO RES TUZIMOTO",2,2,2,1,1
AUTO_ALIAS_1A1_TOTAIS_IGUAIS,goiania,106427,5483,RES.MAANAIM-RT-017,,R  RT4A,"R RT4A  CASA 01 , BAIRRO RES TUZIMOTO",2,2,2,1,1
AUTO_ALIAS_1A1_TOTAIS_IGUAIS,goiania,106430,5484,RES.MAANAIM-RT-018,,R  RT4A,"R RT4A  CASA 01 , BAIRRO RES TUZIMOTO",2,2,2,1,1
AUTO_ALIAS_1A1_TOTAIS_IGUAIS,goiania,106434,5479,RES.MAANAIM-RT-019,,R  RT4A,"R RT4A  CASA 01 , BAIRRO RES TUZIMOTO",2,2,2,1,1
AUTO_ALIAS_1A1_TOTAIS_IGUAIS,goiania,107452,5681,RES MAANAIM-RT-059,,R  RT6,"R RT6  CASA 01 , BAIRRO RES TUZIMOTO",2,2,2,1,1
AUTO_ALIAS_1A1_TOTAIS_IGUAIS,goiania,107824,5222,RES MAANAIM-RT-09,,R  RT4A,"R RT4A S/N     CASA 01 , BAIRRO RES TUZIMOTO",2,2,2,1,1
AUTO_ALIAS_1A1_TOTAIS_IGUAIS,goiania,103852,5478,RES.MAANAIM-RT-992,,R  RT2,"R RT2  CASA 01 , BAIRRO RES TUZIMOTO",2,2,2,1,1
AUTO_ALIAS_1A1_TOTAIS_IGUAIS,goiania,104024,5477,RES.MAANAIM-RT-993,,R  RT2,"R RT2  CASA 01 , BAIRRO RES TUZIMOTO",2,2,2,1,1
AUTO_ALIAS_1A1_TOTAIS_IGUAIS,goiania,104181,5476,RES.MAANAIM-RT-994,,R  RT2,"R RT2  CASA 01 , BAIRRO RES TUZIMOTO",2,2,2,1,1
AUTO_ALIAS_1A1_TOTAIS_IGUAIS,goiania,104325,5475,RES.MAANAIM-RT-995,,R  RT2,"R RT2  CASA 01 , BAIRRO RES TUZIMOTO",2,2,2,1,1
AUTO_ALIAS_1A1_TOTAIS_IGUAIS,goiania,136955,4947,RES.MAANAIM-RY06,,R  RY6,"R VALDIR AZEVEDO  CASA 03 , BAIRRO RES YTAPUÃ",3,3,3,1,1
AUTO_ALIAS_1A1_TOTAIS_IGUAIS,goiania,134295,14322,RES MACEDO,,R  ELO14,"R ELO14  CASA 01 , BAIRRO PRQ ELDORADO OESTE",3,3,3,1,1
AUTO_ALIAS_1A1_TOTAIS_IGUAIS,goiania,312810,5795,RES MACEDO E SILVA,,R  FL28,"R FL28 CASA 01 , BAIRRO PRQ DAS FLORES",2,2,2,1,1
AUTO_ALIAS_1A1_TOTAIS_IGUAIS,goiania,99780,6056,RES MACEDO II,,R  VI9,"R VI9 CASA 01 , BAIRRO CJ VERA CRUZ",2,2,2,1,1
AUTO_ALIAS_1A1_TOTAIS_IGUAIS,goiania,52790,8284,RES MACHADO,,R  15 DE NOVEMBRO,"R 15 DE NOVEMBRO LT 07 . , BAIRRO VL CRISTINA",3,3,3,1,1
AUTO_ALIAS_1A1_TOTAIS_IGUAIS,goiania,332542,8958,RES MACHADO-462,,R  SIMILIANA BARBOSA,"R SIMILIANA BARBOSA CASA 01 , BAIRRO RES ANTÔNIO BARBOSA",2,2,2,1,1
AUTO_ALIAS_1A1_TOTAIS_IGUAIS,goiania,188938,7306,RES. MACHADO BORGES,,R  DO GOLFINHO,"R DO GOLFINHO  CASA 01 , BAIRRO JD ATLÂNTICO",2,2,2,1,1
AUTO_ALIAS_1A1_TOTAIS_IGUAIS,goiania,136587,6472,RES MACHADO COUTO RESIDENCE II,,R  JOAO MAXIMO BORGES,"R JOAO MAXIMO BORGES  CASA 01 , BAIRRO RES BUENA VISTA III",2,2,2,1,1
AUTO_ALIAS_1A1_TOTAIS_IGUAIS,goiania,192628,4779,RES MACHADO DE ASSIS,,R  FELIX DE BULHOES,"R MACHADO DE ASSIS  CASA 01 , BAIRRO BRO ANHANGÜERA",2,2,2,1,1
AUTO_ALIAS_1A1_TOTAIS_IGUAIS,goiania,197097,6774,RES MACHADO DE ASSIS I,,R  MACHADO DE ASSIS,"R MACHADO DE ASSIS  CASA 01 , BAIRRO BRO ANHANGÜERA",2,2,2,1,1
AUTO_ALIAS_1A1_TOTAIS_IGUAIS,goiania,223223,5231,RES MACHADO FAGUNDES I RESIDENCE,,R  MDV12,"R MDV12  CASA 01 , BAIRRO LOT MOINHO DOS VENTOS",3,3,3,1,1
AUTO_ALIAS_1A1_TOTAIS_IGUAIS,goiania,152418,1216,RES MACHADO FV 31,,AV RITA CAETANO,"AV RITA CAETANO  CASA01 , BAIRRO RES FORTE VILLE - EXTENSÃO",2,2,2,1,1
AUTO_ALIAS_1A1_TOTAIS_IGUAIS,goiania,201204,1905,RES MACHADO MONTEIRO I,,AV PRESIDENTE DUTRA,"CASA 01 , BAIRRO JD PRESIDENTE - EXTENSÃO I",2,2,2,1,1
AUTO_ALIAS_1A1_TOTAIS_IGUAIS,goiania,97461,13124,RES. MACHADO PEREIRA V,,R  TAMOIOS,"R TAMOIOS  CASA 02 , BAIRRO RES PETRÓPOLIS",2,2,2,1,1
AUTO_ALIAS_1A1_TOTAIS_IGUAIS,goiania,60586,8053,RES MACHADO RP-07,,R  RP7,"R RP7 LT 33 CS 01 , BAIRRO RES RECREIO PANORAMA",2,2,2,1,1
AUTO_ALIAS_1A1_TOTAIS_IGUAIS,goiania,28986,6339,RES MACHADO SILVA II,,R  MARCOS ROBERTO DOS SANTOS,"R MARCOS ROBERTO DOS SANTOS LT 07 CS 01/02 , BAIRRO S PARQUE TREMENDÃO",2,2,2,1,1
AUTO_ALIAS_1A1_TOTAIS_IGUAIS,goiania,28196,7229,RES MACHADO SILVA III,,R  MARCOS ROBERTO DOS SANTOS,"R MARCOS ROBERTO DOS SANTOS LT 06 CS 01/02 , BAIRRO S PARQUE TREMENDÃO",2,2,2,1,1
AUTO_ALIAS_1A1_TOTAIS_IGUAIS,goiania,296958,5303,RES. MACHADO V,,R  BM3,"R BM3 CASA-01 , BAIRRO RES BRISAS DA MATA",2,2,2,1,1
AUTO_ALIAS_1A1_TOTAIS_IGUAIS,goiania,132160,13567,RES.MACIEL I,,R  DO CERRADO,"R DO CERRADO  CASA01 , BAIRRO JD MARQUES DE ABREU",2,2,2,1,1
AUTO_ALIAS_1A1_TOTAIS_IGUAIS,goiania,207865,8762,RES MACRESE II,,R  F45,"R F45  CASA 01 , BAIRRO LOT FAIÇALVILLE",2,2,2,1,1
AUTO_ALIAS_1A1_TOTAIS_IGUAIS,goiania,176799,2069,RES M A CUNHA II,,R  49,"R 49  CASA 01 , BAIRRO CON DAS ESMERALDAS",3,3,3,1,1
AUTO_ALIAS_1A1_TOTAIS_IGUAIS,goiania,195021,9315,RES MADRI PLAZA,,AV MADRID,"R BARCELONA  CASA C01 , BAIRRO JD EUROPA",2,2,2,1,1
AUTO_ALIAS_1A1_TOTAIS_IGUAIS,goiania,215962,1532,RES MAFRA I,,R  RT5,"R RT5  CASA 01 , BAIRRO RES TALISMÃ",4,4,4,1,1
AUTO_ALIAS_1A1_TOTAIS_IGUAIS,goiania,217274,2868,RES MAFRA III,,R  RT5,"R RT5 NS      CASA 01 , BAIRRO RES TALISMÃ",2,2,2,1,1
AUTO_ALIAS_1A1_TOTAIS_IGUAIS,goiania,333391,6224,RES MAGALHAES,,R  AB9,"R AB9 C-1 , BAIRRO RES ALICE BARBOSA",2,2,2,1,1
AUTO_ALIAS_1A1_TOTAIS_IGUAIS,goiania,312265,8197,RES. MAGALHAES DE SOUZA I,,R  PIRES FIGUEREDO,"R PIRES FIGUEREDO CASA 01 , BAIRRO RES VILLE DE FRANCE",2,2,2,1,1
AUTO_ALIAS_1A1_TOTAIS_IGUAIS,goiania,325155,2076,RES MAGALHAES E MAGALHAES,,R  RIO CLARO,"R RIO CLARO CASA 01 , BAIRRO RES PAULO ESTRELA",3,3,3,1,1
AUTO_ALIAS_1A1_TOTAIS_IGUAIS,goiania,390709,10037,RES MAGALHAES II,,R  CPR3,"R CPR3 CASA 02 , BAIRRO RES COSTA PARANHOS",2,2,2,1,1
AUTO_ALIAS_1A1_TOTAIS_IGUAIS,goiania,222387,7639,RES MAGALHAES RIBEIRO IX,,R  MDV6,"R MDV6  CASA 01 , BAIRRO LOT MOINHO DOS VENTOS",2,2,2,1,1
AUTO_ALIAS_1A1_TOTAIS_IGUAIS,goiania,198766,6693,RES MAGALHAES RIBEIRO VII,,R  ASTURIAS,"R ASTURIAS  CASA 01 , BAIRRO S TRÊS MARIAS",2,2,2,1,1
AUTO_ALIAS_1A1_TOTAIS_IGUAIS,goiania,198765,6891,RES. MAGALHAES RIBEIRO VIII,,R  ASTURIAS,"R ELCHE  CASA 01 , BAIRRO S TRÊS MARIAS",3,3,3,1,1
AUTO_ALIAS_1A1_TOTAIS_IGUAIS,goiania,198259,10033,RES MAGALHAES RIBEIRO X,,R  TORDESILHAS,"R TORDESILHAS  CASA 01 , BAIRRO S TRÊS MARIAS",2,2,2,1,1
AUTO_ALIAS_1A1_TOTAIS_IGUAIS,goiania,222385,8099,RES. MAGALHAES RIBEIRO X,,R  MDV6,"R MDV6  CASA 01 , BAIRRO LOT MOINHO DOS VENTOS",2,2,2,1,1
AUTO_ALIAS_1A1_TOTAIS_IGUAIS,goiania,219431,10137,RES MAGALHAES RIBEIRO XI,,R  MDV7,"R MDV7  CASA 01 , BAIRRO LOT MOINHO DOS VENTOS",2,2,2,1,1
AUTO_ALIAS_1A1_TOTAIS_IGUAIS,goiania,176915,1962,RES MAGBERG II,,R  49,"R 49  CASA 01 , BAIRRO CON DAS ESMERALDAS",3,3,3,1,1
AUTO_ALIAS_1A1_TOTAIS_IGUAIS,goiania,365054,11548,RES. MAGDA,,R  J72,"R J72 CASA 01 , BAIRRO S JAÓ",2,2,2,1,1
AUTO_ALIAS_1A1_TOTAIS_IGUAIS,goiania,395310,6897,RES MAGGI FL26,,R  FL26,"R FL26 CASA 01 , BAIRRO PRQ DAS FLORES",2,2,2,1,1
AUTO_ALIAS_1A1_TOTAIS_IGUAIS,goiania,221380,6773,RES MAGGI III,,R  EF27,"R EF28  C-1 , BAIRRO RES ELI FORTE - EXTENSÃO",2,2,2,1,1
AUTO_ALIAS_1A1_TOTAIS_IGUAIS,goiania,292754,7060,RES MAGGI RM26,,R  BM26,"R BM26 CASA 02 , BAIRRO RES BRISAS DA MATA",2,2,2,1,1
AUTO_ALIAS_1A1_TOTAIS_IGUAIS,goiania,311422,7682,RES M.A.G LEITE RESIDENCE I,,R  ANNA LUIZA DA CUNHA,"R ANNA LUIZA DA CUNHA CASA 01 , BAIRRO RES VALE DO ARAGUAIA",2,2,2,1,1
AUTO_ALIAS_1A1_TOTAIS_IGUAIS,goiania,350860,8638,RES MAGNA SIQUEIRA,,R  HENRIQUE DA SILVA DANTAS,"R HENRIQUE DA SILVA DANTAS CASA 01 , BAIRRO RES BELO HORIZONTE",2,2,2,1,1
AUTO_ALIAS_1A1_TOTAIS_IGUAIS,goiania,283585,13803,RES MAGNO ALMEIDA,,AV DONA MELINHA,"AV DONA MELINHA CASA 01 , BAIRRO RES BRISAS DA MATA",2,2,2,1,1
AUTO_ALIAS_1A1_TOTAIS_IGUAIS,goiania,150862,5899,RES MAGNOLIA,,R  C124,"R C124  SOBRADO.01 , BAIRRO BRO JARDIM AMÉRICA",5,5,5,1,1
AUTO_ALIAS_1A1_TOTAIS_IGUAIS,goiania,270165,6764,RES.MAHANAIM,,R  J2,"R J54 SOB01 , BAIRRO S JAÓ",3,3,3,1,1
AUTO_ALIAS_1A1_TOTAIS_IGUAIS,goiania,386705,2085,RES MAIA,,PC PARAISO,"R CAMPINA GRANDE CASA 01 , BAIRRO JD NOVO MUNDO",4,4,4,1,1
AUTO_ALIAS_1A1_TOTAIS_IGUAIS,goiania,9900,8956,RES MAIA C-71,,R  C71,"R C71 LT 16 CS 01 , BAIRRO BRO CIDADE JARDIM",2,2,2,1,1
AUTO_ALIAS_1A1_TOTAIS_IGUAIS,goiania,221698,12051,RES. MAILA SOUZA I,,R  VB19,"R VB19  CASA 01 , BAIRRO RES VEREDA DOS BURITIS",2,2,2,1,1
AUTO_ALIAS_1A1_TOTAIS_IGUAIS,goiania,170239,7683,RES MAISON,,R  RI5,"R RI5  CASA 01 , BAIRRO RES ITAIPÚ",2,2,2,1,1
AUTO_ALIAS_1A1_TOTAIS_IGUAIS,goiania,155211,6129,RES MALACARNE E SOUZA I,,R  F1,"R F1  CASA 01 , BAIRRO RES FIDÉLIS",2,2,2,1,1
AUTO_ALIAS_1A1_TOTAIS_IGUAIS,goiania,318977,8595,RES. MALHEIRO OLIVEIRA XV,,R  FL46,"R FL46 CASA 01 , BAIRRO PRQ DAS FLORES",2,2,2,1,1
AUTO_ALIAS_1A1_TOTAIS_IGUAIS,goiania,206821,3298,RES MALHEIROS FP,,AL SANTINO LIRA PEDROSA,"AL SANTINO LIRA PEDROSA  SOB 01 , BAIRRO LOT FAIÇALVILLE",4,4,4,1,1
AUTO_ALIAS_1A1_TOTAIS_IGUAIS,goiania,171035,8505,RES MALHEIROS III,,R  CABO FRIO,"R CABO FRIO  CASA 01 , BAIRRO RES CAMPOS DOURADOS",3,3,3,1,1
AUTO_ALIAS_1A1_TOTAIS_IGUAIS,goiania,171045,8112,RES MALHEIROS IV,,R  CABO FRIO,"R CABO FRIO  CASA 01 , BAIRRO RES CAMPOS DOURADOS",3,3,3,1,1
AUTO_ALIAS_1A1_TOTAIS_IGUAIS,goiania,209561,7483,RES MALLORCA,,R  ASTURIAS,"R ASTURIAS  CASA 01 , BAIRRO S TRÊS MARIAS",2,2,2,1,1
AUTO_ALIAS_1A1_TOTAIS_IGUAIS,goiania,175774,6428,RES MAMEDE,,R  RI2,"R RI2  CASA 01 , BAIRRO RES ITAIPÚ",3,3,3,1,1
AUTO_ALIAS_1A1_TOTAIS_IGUAIS,goiania,341738,8166,RES MAMEDES X,,R  FL27,"R FL27 CASA 01 , BAIRRO PRQ DAS FLORES",2,2,2,1,1
AUTO_ALIAS_1A1_TOTAIS_IGUAIS,goiania,222533,8524,RES M.A.M.I,,R  DO GRAMADO,"R DO GRAMADO  CASA 02 , BAIRRO PRQ DAS PAINEIRAS III ETAPA",2,2,2,1,1
AUTO_ALIAS_1A1_TOTAIS_IGUAIS,goiania,169043,12464,RES M.A.M.V,,R  RI11,"R RI11  CASA 01 , BAIRRO RES ITAIPÚ",2,2,2,1,1
AUTO_ALIAS_1A1_TOTAIS_IGUAIS,goiania,358686,8301,RES MANACA DA SERRA,,R  LAC,"R LAC CASA 01 , BAIRRO RES VALE DOS SONHOS I",2,2,2,1,1
AUTO_ALIAS_1A1_TOTAIS_IGUAIS,goiania,284213,8795,RES MANANCIAL 1,,AV ACARY PASSOS,"R ARUCARA CASA 01 , BAIRRO RES VALE DO ARAGUAIA",2,2,2,1,1
AUTO_ALIAS_1A1_TOTAIS_IGUAIS,goiania,356711,5350,RES. MANANCIAL II,,AV RONDONIA,"AV RONDONIA CASA 01 , BAIRRO VL JARDIM SÃO JUDAS TADEU",2,2,2,1,1
AUTO_ALIAS_1A1_TOTAIS_IGUAIS,goiania,258667,9546,RES MANANCIAL III,,R  FL32,"R FL32 CASA 01 , BAIRRO PRQ DAS FLORES",2,2,2,1,1
AUTO_ALIAS_1A1_TOTAIS_IGUAIS,goiania,312833,9130,RES. MANANCIAL IV,,R  FL39,"R FL39 CASA 01 , BAIRRO PRQ DAS FLORES",2,2,2,1,1
AUTO_ALIAS_1A1_TOTAIS_IGUAIS,goiania,252255,9067,RES MANANCIAL V,,AV ARAPOEMA,"AV ARAPOEMA CASA-01 , BAIRRO LOT SHANGRY-LA",9,9,9,1,1
AUTO_ALIAS_1A1_TOTAIS_IGUAIS,goiania,59807,8948,RES MANANCIAL VI,,R  FN28,"R FN28 LT 25 CS 01 , BAIRRO JD FONTE NOVA",2,2,2,1,1
AUTO_ALIAS_1A1_TOTAIS_IGUAIS,goiania,325167,4551,RES MANCHESTER III,,R  SH5,"R SH5 CASA 01 , BAIRRO BRO SANTO HILÁRIO - EXPANSÃO",2,2,2,1,1
AUTO_ALIAS_1A1_TOTAIS_IGUAIS,goiania,365540,12929,RES. MANOA,,R  AMBURANA,"R AMBURANA CASA 01 , BAIRRO JD MARILIZA",2,2,2,1,1
AUTO_ALIAS_1A1_TOTAIS_IGUAIS,goiania,305362,13339,RES MANOEL GONCALVES,,R  SR50,"R SR50 CASA 02 , BAIRRO S RECANTO DAS MINAS GERAIS",2,2,2,1,1
AUTO_ALIAS_1A1_TOTAIS_IGUAIS,goiania,239815,8135,RES. MANSAO B-2,,R  B2,"R B2  SOBRADO 1 , BAIRRO VL AMERICANO DO BRASIL",2,2,2,1,1
AUTO_ALIAS_1A1_TOTAIS_IGUAIS,goiania,255165,14506,RES MANSOES DO CAMPUS,,R  DOS INCONFIDENTES,"R DOS INCONFIDENTES S/N CASA 01 , BAIRRO SIR MANSÕES DO CAMPUS",2,2,2,1,1
AUTO_ALIAS_1A1_TOTAIS_IGUAIS,goiania,95303,6531,RES.MANTIQUEIRA,,R  MANTIQUEIRA,"R MANTIQUEIRA  CASA 01 , BAIRRO JD PETRÓPOLIS",3,3,3,1,1
AUTO_ALIAS_1A1_TOTAIS_IGUAIS,goiania,232602,9540,RES MANUELLA,,R  JAMES WAT,"R 1098  CASA 01 , BAIRRO BRO DA SERRINHA",3,3,3,1,1
AUTO_ALIAS_1A1_TOTAIS_IGUAIS,goiania,275830,6213,RES MARACANA I,,AL MARACANA,"R J71 S/N     CASA 01 , BAIRRO S JAÓ",2,2,2,1,1
AUTO_ALIAS_1A1_TOTAIS_IGUAIS,goiania,145496,2059,RES MARACANA III,,R  C139,"R C139  SOBRADO 01 , BAIRRO BRO JARDIM AMÉRICA",2,2,2,1,1
AUTO_ALIAS_1A1_TOTAIS_IGUAIS,goiania,315769,5749,RES MARACANA SUL,,AL MARACANA,"AL MARACANA CASA 01 , BAIRRO S JAÓ",2,2,2,1,1
AUTO_ALIAS_1A1_TOTAIS_IGUAIS,goiania,169775,11123,RES MARAIANA X,,R  RI29,"R RI29  CASA 01 , BAIRRO RES ITAIPÚ",2,2,2,1,1
AUTO_ALIAS_1A1_TOTAIS_IGUAIS,goiania,250701,1804,RES MARANATA,,R  IPE,"R IPE CASA 01 , BAIRRO LOT GOIÂNIA 2",3,3,3,1,1
AUTO_ALIAS_1A1_TOTAIS_IGUAIS,goiania,145258,12401,RES.MARASCHINE,,R  C155,"R C155  CASA-01 , BAIRRO BRO JARDIM AMÉRICA",2,2,2,1,1
AUTO_ALIAS_1A1_TOTAIS_IGUAIS,goiania,6568,8944,RES MAR BLANCO,,AV CASCAVEL,"AV CASCAVEL  CASA 01 , BAIRRO VL BETHEL",2,2,2,1,1
AUTO_ALIAS_1A1_TOTAIS_IGUAIS,goiania,61528,14461,RES MARCELINO DAMASCENO,,R  FN8,"R FN8 LT 07 CS 01 , BAIRRO JD FONTE NOVA",2,2,2,1,1
AUTO_ALIAS_1A1_TOTAIS_IGUAIS,goiania,145042,10783,RES. MARCELO,,AV C231,"R C217  SOBRADO 01 , BAIRRO BRO JARDIM AMÉRICA",3,3,3,1,1
AUTO_ALIAS_1A1_TOTAIS_IGUAIS,goiania,145966,10909,RES MARCELO ALMEIDA,,R  C167,"R C167  SOB 01 , BAIRRO BRO JARDIM AMÉRICA",2,2,2,1,1
AUTO_ALIAS_1A1_TOTAIS_IGUAIS,goiania,195112,8346,RES MARCELOS,,R  MALAGA,"R BARCELONA  CASA-01 , BAIRRO JD EUROPA",2,2,2,1,1
AUTO_ALIAS_1A1_TOTAIS_IGUAIS,goiania,145453,10702,RES. MARCIA,,AV C107,"AV C107  CASA-01 , BAIRRO BRO JARDIM AMÉRICA",2,2,2,1,1
AUTO_ALIAS_1A1_TOTAIS_IGUAIS,goiania,331703,6110,RES MARCIANO I,,AV DONA MELINHA,"AV DONA MELINHA CASA 01 , BAIRRO RES BRISAS DA MATA",2,2,2,1,1
AUTO_ALIAS_1A1_TOTAIS_IGUAIS,goiania,198258,12581,RES.MARCIANO I,,R  TORDESILHAS,"R TORDESILHAS  CASA 02 , BAIRRO S TRÊS MARIAS",2,2,2,1,1
AUTO_ALIAS_1A1_TOTAIS_IGUAIS,goiania,136474,2383,RES MARCIENE GV-21,,AV GYN20,"AV GYN20  CASA01 , BAIRRO RES MONTE PASCOAL",2,2,2,1,1
AUTO_ALIAS_1A1_TOTAIS_IGUAIS,goiania,61153,6528,RES MARCILENO DA SILVA I,,R  JOSE LUDOVICO DE ALMEIDA,"R JOSE LUDOVICO DE ALMEIDA LT43 CASA 01 , BAIRRO RES BARRAVENTO",2,2,2,1,1
AUTO_ALIAS_1A1_TOTAIS_IGUAIS,goiania,166144,1635,RES MARCIO ALMEIDA VII,,R  ANTONIO LUIZ DE PINA,"R ANTONIO LUIZ DE PINA  CASA 01 , BAIRRO RES SANTA FÉ I",2,2,2,1,1
AUTO_ALIAS_1A1_TOTAIS_IGUAIS,goiania,148174,6953,RES MARCIO RASSI,,R  C139,"R C139 S/N     CASA 01 , BAIRRO BRO JARDIM AMÉRICA",2,2,2,1,1
AUTO_ALIAS_1A1_TOTAIS_IGUAIS,goiania,198113,1710,RES MARCIO TEMPONI,,R  MMM2,"R MMM2  CASA 01 , BAIRRO S TRÊS MARIAS",2,2,2,1,1
AUTO_ALIAS_1A1_TOTAIS_IGUAIS,goiania,225071,2722,RES MARCIVON RIBEIRO,,R  HORTENCIA,"R HORTENCIA  CASA 01 , BAIRRO BRO SANTA RITA",3,3,3,1,1
AUTO_ALIAS_1A1_TOTAIS_IGUAIS,goiania,312476,1723,RES MARCOS AMARO,,R  J45,"R J45 SOB 01 , BAIRRO S JAÓ",2,2,2,1,1
AUTO_ALIAS_1A1_TOTAIS_IGUAIS,goiania,30998,7348,RES. MARCOS ANGICO,,R  ANGICO,"R ANGICO CASA 01 , BAIRRO S ESTRELA DALVA",2,2,2,1,1
AUTO_ALIAS_1A1_TOTAIS_IGUAIS,goiania,122345,12970,RES MARCOS BORGES I,,R  ANTONIO MEIRELES,"R ANTONIO MEIRELES  CASA 01 , BAIRRO LOT SOLANGE PARQUE II",2,2,2,1,1
AUTO_ALIAS_1A1_TOTAIS_IGUAIS,goiania,116021,7413,RES MARCOS BORGES II,,R  LUCIANO CAPUZZO,"R LUCIANO CAPUZZO  CASA 01 , BAIRRO LOT SOLANGE PARQUE II",2,2,2,1,1
AUTO_ALIAS_1A1_TOTAIS_IGUAIS,goiania,148240,1253,RES MARCOS I,,R  C32,"R C32  APT01 , BAIRRO BRO JARDIM AMÉRICA",4,4,4,1,1
AUTO_ALIAS_1A1_TOTAIS_IGUAIS,goiania,335362,9750,RES. MARCOS J,,R  J,"R J  CASA 01 , BAIRRO VL SANTA HELENA",3,3,3,1,1
AUTO_ALIAS_1A1_TOTAIS_IGUAIS,goiania,290530,14014,RES MARCOS MEDEIROS,,R  SIMILIANA BARBOSA,"R SIMILIANA BARBOSA CASA 01 , BAIRRO RES ANTÔNIO BARBOSA",2,2,2,1,1
AUTO_ALIAS_1A1_TOTAIS_IGUAIS,goiania,334529,7367,RES MARCOS SAMAMBAIA,,AV SAMAMBAIA,"AV SAMAMBAIA CASA 01 , BAIRRO RES ORLANDO DE MORAIS",2,2,2,1,1
AUTO_ALIAS_1A1_TOTAIS_IGUAIS,goiania,14383,8156,RES MARCOS SAO JOSE,,R  SAO JOSE,"R SAO JOSE CASA 01 , BAIRRO S ESTRELA DALVA",2,2,2,1,1
AUTO_ALIAS_1A1_TOTAIS_IGUAIS,goiania,168130,2233,RES MARCO VI,,R  RI-9,"R RI-9  CASA 01 , BAIRRO RES ITAIPÚ",3,3,3,1,1
AUTO_ALIAS_1A1_TOTAIS_IGUAIS,goiania,34735,8160,RES MARCO VM-A10,,R  VMA10,"R VMA10 CASA 01 , BAIRRO VL MUTIRÃO II",2,2,2,1,1
AUTO_ALIAS_1A1_TOTAIS_IGUAIS,goiania,338957,1569,RES MAR DEL PLATA,,R  MP2,"R MP2 CASA 03 , BAIRRO RES MAR DEL PLATA",3,3,3,1,1
AUTO_ALIAS_1A1_TOTAIS_IGUAIS,goiania,369998,8791,RES MAR DEL PLATA-11.06,,R  MP12,"R MP12 CASA 04 , BAIRRO RES MAR DEL PLATA",4,4,4,1,1
AUTO_ALIAS_1A1_TOTAIS_IGUAIS,goiania,176914,9198,RES. MARGBERG I,,R  49,"R 49  _CASA 01 , BAIRRO CON DAS ESMERALDAS",2,2,2,1,1
AUTO_ALIAS_1A1_TOTAIS_IGUAIS,goiania,155911,5374,RES. MARIA-19,,R  R19,"R R19  CASA 01 , BAIRRO S SOLAR SANTA RITA",3,3,3,1,1
AUTO_ALIAS_1A1_TOTAIS_IGUAIS,goiania,235610,12869,RES MARIA ALVES,,R  TAGUARI,"R TAGUARI  CASA 02 , BAIRRO PRQ AMAZÔNIA",2,2,2,1,1
AUTO_ALIAS_1A1_TOTAIS_IGUAIS,goiania,105069,14175,RES MARIA AMELIA COSTA,,R  CRP12,"R CRP12  CASA 02 , BAIRRO RES PRIMAVERA",2,2,2,1,1
AUTO_ALIAS_1A1_TOTAIS_IGUAIS,goiania,208799,8101,RES MARIA AUXILIADORA I,,R  MMM10,"R MMM10  CASA 02 , BAIRRO S TRÊS MARIAS I",2,2,2,1,1
AUTO_ALIAS_1A1_TOTAIS_IGUAIS,goiania,292503,10932,RES MARIA CANDIDA,,R  BH2,"R BH2 CASA 1 , BAIRRO RES BELO HORIZONTE",2,2,2,1,1
AUTO_ALIAS_1A1_TOTAIS_IGUAIS,goiania,9195,9241,RES MARIA CHIMANGO,,R  C40,"R C40  CASA 01 , BAIRRO S SUDOESTE",2,2,2,1,1
AUTO_ALIAS_1A1_TOTAIS_IGUAIS,goiania,347101,8888,RES MARIA CONSTANTINO X,,R  DOS GERANIOS,"R DOS GERANIOS CASA 01 , BAIRRO LOT GOIÂNIA 2",2,2,2,1,1
AUTO_ALIAS_1A1_TOTAIS_IGUAIS,goiania,196474,44,RES MARIA CUSTODIA,,R  CASSIMIRO DE ABREU,"R OLAVO BILAC  CASA-01 , BAIRRO BRO ANHANGÜERA",2,2,2,1,1
AUTO_ALIAS_1A1_TOTAIS_IGUAIS,goiania,386462,12619,RES. MARIA DA GLORIA VIEIRA BORGES I,,R  JOANNA ANTONIA DO DESTERRO,"R JOANNA ANTONIA DO DESTERRO CASA_01 , BAIRRO RES VALE DO ARAGUAIA",2,2,2,1,1
AUTO_ALIAS_1A1_TOTAIS_IGUAIS,goiania,248073,12646,RES. MARIA DAS GRACAS COELHO DE JESUS,,R  4,"R 4 CASA 01 , BAIRRO JD SANTO ANTÔNIO",3,3,3,1,1
AUTO_ALIAS_1A1_TOTAIS_IGUAIS,goiania,201449,8499,RES MARIA DE ALMEIDA II,,AV OLAVO BILAC,"AV OLAVO BILAC  CASA01 , BAIRRO JD VILA BOA",2,2,2,1,1
AUTO_ALIAS_1A1_TOTAIS_IGUAIS,goiania,293387,6909,RES MARIA DE FATIMA,,R  COLONIA,"R COLONIA CASA A , BAIRRO JD NOVO MUNDO",2,2,2,1,1
AUTO_ALIAS_1A1_TOTAIS_IGUAIS,goiania,363700,8848,RES. MARIA DE LIMA,,PC CENTRAL,"R 5 CASA 01 , BAIRRO VL MATILDE",4,4,4,1,1
AUTO_ALIAS_1A1_TOTAIS_IGUAIS,goiania,374389,6523,RES MARIA DE LOURDES 2020,,R  FL20,"R FL20 CASA 01 , BAIRRO PRQ DAS FLORES",2,2,2,1,1
AUTO_ALIAS_1A1_TOTAIS_IGUAIS,goiania,137322,11570,RES MARIA DIVINA 24,,R  IRMA DINA LOUSA,"R IRMA DINA LOUSA  CASA 01 , BAIRRO JD SÃO JOSÉ",2,2,2,1,1
AUTO_ALIAS_1A1_TOTAIS_IGUAIS,goiania,197404,14152,RES MARIA DULCE,,R  DO CORAL,"R DO CORAL  CASA 02 , BAIRRO JD ATLÂNTICO",2,2,2,1,1
AUTO_ALIAS_1A1_TOTAIS_IGUAIS,goiania,334665,10977,RES.MARIA EDUARDA II,,R  MA13,"R MA13 CASA 01 , BAIRRO RES OLINDA",3,3,3,1,1
AUTO_ALIAS_1A1_TOTAIS_IGUAIS,goiania,379416,5825,RES. MARIA EDUARDA III,,R  JARINA,"CASA 01 , BAIRRO JD MARILIZA",3,3,3,1,1
AUTO_ALIAS_1A1_TOTAIS_IGUAIS,goiania,324747,5698,RES MARIA EDUARDA IV,,AV ACARI PASSOS,"AV ACARI PASSOS CASA 03 , BAIRRO RES OLINDA",3,3,3,1,1
AUTO_ALIAS_1A1_TOTAIS_IGUAIS,goiania,391789,10470,RES. MARIA ELZA NUNES II,,AL MODIGLIANI,"AL MODIGLIANI  CASA 1 , BAIRRO S GENTIL MEIRELLES",2,2,2,1,1
AUTO_ALIAS_1A1_TOTAIS_IGUAIS,goiania,244997,8219,RES MARIA FAUSTINA,,R  THELMA DI SABBATO,"CASA 01 , BAIRRO JD BALNEÁRIO MEIA PONTE",3,3,3,1,1
AUTO_ALIAS_1A1_TOTAIS_IGUAIS,goiania,207055,8185,RES MARIA FLOR I,,R  PRESIDENTE MEDISON,"R PRESIDENTE HARRISON  CASA 01 , BAIRRO JD PRESIDENTE",3,3,3,1,1
AUTO_ALIAS_1A1_TOTAIS_IGUAIS,goiania,220457,7821,RES MARIA FLOR II,,R  RC1,"R RC1  CASA 01 , BAIRRO RES CANADÁ",2,2,2,1,1
AUTO_ALIAS_1A1_TOTAIS_IGUAIS,goiania,170056,1262,RES MARIA I,,R  30,"R 14  CASA 01 , BAIRRO CON DAS ESMERALDAS",3,3,3,1,1
AUTO_ALIAS_1A1_TOTAIS_IGUAIS,goiania,191527,12580,RES MARIA LUISA II,,R  LUXEMBURGO,"R LUXEMBURGO  CASA01 , BAIRRO JD EUROPA",2,2,2,1,1
AUTO_ALIAS_1A1_TOTAIS_IGUAIS,goiania,210145,10829,RES MARIA LUIZA I,,R  PRESIDENTE MOLINA,"R PRESIDENTE MOLINA  CASA 01 , BAIRRO JD PRESIDENTE",2,2,2,1,1
AUTO_ALIAS_1A1_TOTAIS_IGUAIS,goiania,200197,8283,RES MARIA LUIZA M.CASTRO ALVES,,R  DOS MOROS,"R DOS MOROS S/N     CASA01 , BAIRRO S TRÊS MARIAS",2,2,2,1,1
AUTO_ALIAS_1A1_TOTAIS_IGUAIS,goiania,164212,11417,RES MARIA MENESES I,,R  ANTONIO LUIZ DE PINA,"R ANTONIO LUIZ DE PINA  CASA 02 , BAIRRO RES SANTA FÉ",2,2,2,1,1
AUTO_ALIAS_1A1_TOTAIS_IGUAIS,goiania,154394,1286,RES MARIA MENESES II,,R  RV10,"R RV10  CASA 02 , BAIRRO RES RIO VERDE",2,2,2,1,1
AUTO_ALIAS_1A1_TOTAIS_IGUAIS,goiania,238300,7850,RES MARIANA,,R  C179,"R C179 S/N     CASA-02 , BAIRRO BRO NOVA SUIÇA",2,2,2,1,1
AUTO_ALIAS_1A1_TOTAIS_IGUAIS,goiania,169735,7463,RES MARIANA XXI,,R  RI-9,"R RI-9 SN      CASA 01 , BAIRRO RES ITAIPÚ",2,2,2,1,1
AUTO_ALIAS_1A1_TOTAIS_IGUAIS,goiania,53377,915,RES MARIANE,,R  N,"R N LT 08 LJ , BAIRRO S PROGRESSO",2,2,2,1,1
AUTO_ALIAS_1A1_TOTAIS_IGUAIS,goiania,124170,11245,RES MARIANE MENEZES,,R  ITALO ROBERTO,"R ITALO ROBERTO  CASA02 , BAIRRO VL RIZZO",2,2,2,1,1
AUTO_ALIAS_1A1_TOTAIS_IGUAIS,goiania,348852,6310,RES MARIA NEVES DOS SANTOS I,,R  OM24,"R OM24 CASA 01 , BAIRRO RES ORLANDO DE MORAIS",2,2,2,1,1
AUTO_ALIAS_1A1_TOTAIS_IGUAIS,goiania,196117,7221,RES MARIANO GRACINO I,,R  GETULIO VARGAS,"R GETULIO VARGAS  CASA01 , BAIRRO PRQ ANHANGÜERA",3,3,3,1,1
AUTO_ALIAS_1A1_TOTAIS_IGUAIS,goiania,235648,7730,RES MARIA OLIVEIRA CANANEIA,,R  CANANEIA,"R CANANEIA  CASA 01 , BAIRRO PRQ AMAZÔNIA",2,2,2,1,1
AUTO_ALIAS_1A1_TOTAIS_IGUAIS,goiania,357114,5920,RES. MARIA PESTANA VII,,AV MARIA PESTANA,"AV MARIA PESTANA  CASA 01 , BAIRRO JD BALNEÁRIO MEIA PONTE",2,2,2,1,1
AUTO_ALIAS_1A1_TOTAIS_IGUAIS,goiania,85753,1891,RES MARIA RABELO,,AL CORCOVADO,"AL CORCOVADO CASA 1 , BAIRRO JD PETRÓPOLIS",6,6,6,1,1
AUTO_ALIAS_1A1_TOTAIS_IGUAIS,goiania,192777,10424,RES. MARIA REZENDE,,R  ESCOCIA,"R ESCOCIA  CASA-01 , BAIRRO JD EUROPA",3,3,3,1,1
AUTO_ALIAS_1A1_TOTAIS_IGUAIS,goiania,198106,10184,RES. MARIAS I,,R  MMM1,"R MMM1  CASA 01 , BAIRRO S TRÊS MARIAS",2,2,2,1,1
AUTO_ALIAS_1A1_TOTAIS_IGUAIS,goiania,270209,10185,RES. MARIA TEREZA,,AV DO CAFE,"AV DO CAFE SOBRADO-01 , BAIRRO BRO SANTA GENOVEVA",2,2,2,1,1
AUTO_ALIAS_1A1_TOTAIS_IGUAIS,goiania,147116,7286,RES MARIA VICENTE,,R  C190,"R C190  SOB 01 , BAIRRO BRO JARDIM AMÉRICA",2,2,2,1,1
AUTO_ALIAS_1A1_TOTAIS_IGUAIS,goiania,192829,9299,RES MARIA VICENTE II,,R  AUSTRIA,"R AUSTRIA  CASA 01 , BAIRRO JD EUROPA",2,2,2,1,1
AUTO_ALIAS_1A1_TOTAIS_IGUAIS,goiania,207350,762,RES MARIA VICENTE IV,,R  F9,"R F9 S/N     CASA 01 , BAIRRO LOT FAIÇALVILLE",2,2,2,1,1
AUTO_ALIAS_1A1_TOTAIS_IGUAIS,goiania,207120,12120,RES. MARIA VITORIA,,R  PRESIDENTE TYLER,"R PRESIDENTE TYLER  CASA 01 , BAIRRO JD PRESIDENTE",2,2,2,1,1
AUTO_ALIAS_1A1_TOTAIS_IGUAIS,goiania,200106,12254,RES. MARILEIA REZENDE,,R  PRESIDENTE EPITACIO PESSOA,"R PRESIDENTE EPITACIO PESSOA  SOBRADO01 , BAIRRO JD PRESIDENTE - EXTENSÃO",2,2,2,1,1
AUTO_ALIAS_1A1_TOTAIS_IGUAIS,goiania,98067,9848,RES. MARILENE PETROPOLIS,,R  SAO LUIZ,"R SAO LUIZ  CASA 01 , BAIRRO JD PETRÓPOLIS",4,4,4,1,1
AUTO_ALIAS_1A1_TOTAIS_IGUAIS,goiania,281407,1721,RES MARILIA,,AV MARIANA JACOB DE MENESES,"AV MARIANA JACOB DE MENESES CASA 01 , BAIRRO JD BALNEÁRIO MEIA PONTE",2,2,2,1,1
AUTO_ALIAS_1A1_TOTAIS_IGUAIS,goiania,204915,13590,RES MARILIA I,,R  MARILIA,"R MARILIA  CASA-02 , BAIRRO JD VILA BOA",2,2,2,1,1
AUTO_ALIAS_1A1_TOTAIS_IGUAIS,goiania,354010,8032,RES MARILIZA III,,R  AMBURANA,"R AMBURANA CASA 02 , BAIRRO JD MARILIZA",2,2,2,1,1
AUTO_ALIAS_1A1_TOTAIS_IGUAIS,goiania,359653,2263,RES MARILIZA IV,,AV PIO CORREIA,"AV PIO CORREA CASA 01 , BAIRRO JD MARILIZA",2,2,2,1,1
AUTO_ALIAS_1A1_TOTAIS_IGUAIS,goiania,237773,1255,RES MARINA,,R  C268,"R C268  CASA01 , BAIRRO BRO NOVA SUIÇA",2,2,2,1,1
AUTO_ALIAS_1A1_TOTAIS_IGUAIS,goiania,98731,7281,RES MARINHO V,,R  LRM-11,"R LRM-11  CASA 01 , BAIRRO RES PORTINARI",2,2,2,1,1
AUTO_ALIAS_1A1_TOTAIS_IGUAIS,goiania,102529,8008,RES MARINHO VI,,R  LRM11,"R LRM11  CASA 01 , BAIRRO RES TUZIMOTO",2,2,2,1,1
AUTO_ALIAS_1A1_TOTAIS_IGUAIS,goiania,99045,9385,RES MARINHO VII,,R  LRM11,"R LRM11  SOB 01 , BAIRRO RES TUZIMOTO",2,2,2,1,1
AUTO_ALIAS_1A1_TOTAIS_IGUAIS,goiania,311297,5292,RES. MARIO BISPO,,R  JEQUITIBA,"R JEQUITIBA SOB 01 , BAIRRO JD MARILIZA",2,2,2,1,1
AUTO_ALIAS_1A1_TOTAIS_IGUAIS,goiania,240065,13636,RES.MARISTA II,,R  1144,"R 1144 S/N     C 1 , BAIRRO S MARISTA",4,4,4,1,1
AUTO_ALIAS_1A1_TOTAIS_IGUAIS,goiania,351206,12365,RES. MARISTELA MAGALHAES,,R  RIO BABILONIA,"R RIO BABILONIA CASA 02 , BAIRRO RES RIO JORDÃO",2,2,2,1,1
AUTO_ALIAS_1A1_TOTAIS_IGUAIS,goiania,254098,8046,RES. MARLENE,,R  BENJAMIM CONSTANT,"R BENJAMIM CONSTANT 125     CASA 02 , BAIRRO VL ABAJÁ",2,2,2,1,1
AUTO_ALIAS_1A1_TOTAIS_IGUAIS,goiania,96217,3849,RES MARLI II,,R  TRIPOLI,"R TRIPOLI  CASA 01 , BAIRRO JD PAMPULHA",2,2,2,1,1
AUTO_ALIAS_1A1_TOTAIS_IGUAIS,goiania,83226,11991,RES. MARLIM II,,R  OTHON GALDINO,"R 2 CASA 01 , BAIRRO RES RECANTO DAS GARÇAS",3,3,3,1,1
AUTO_ALIAS_1A1_TOTAIS_IGUAIS,goiania,95569,12223,RES. MARLOS I,,AV JAIME CAMARA,"AV JAIME CAMARA  CASA01 , BAIRRO RES CIDADE VERDE",3,3,3,1,1
AUTO_ALIAS_1A1_TOTAIS_IGUAIS,goiania,231592,6059,RES MARLY,,R  1108,"R 1108  CASA 01 , BAIRRO S PEDRO LUDOVICO",2,2,2,1,1
AUTO_ALIAS_1A1_TOTAIS_IGUAIS,goiania,56357,2101,RES MARLY MOURA,,R  6,"R 6 LT 03 . , BAIRRO BRO DOS AEROVIÁRIOS",2,2,2,1,1
AUTO_ALIAS_1A1_TOTAIS_IGUAIS,goiania,165631,6540,RES MARNUNES,,R  PADRE ANCHIETA,"R PADRE ANCHIETA  CASA 01 , BAIRRO RES SANTA FÉ I",2,2,2,1,1
AUTO_ALIAS_1A1_TOTAIS_IGUAIS,goiania,31106,8379,RES MARQUE E RIBEIRO II,,R  18 DE OUTUBRO,"R 18 DE OUTUBRO CASA 01 , BAIRRO S ESTRELA DALVA",2,2,2,1,1
AUTO_ALIAS_1A1_TOTAIS_IGUAIS,goiania,96035,9729,RES MARQUES,,R  JOSE BONIFACIO,"R JOSE BONIFACIO S/N     CASA 01 , BAIRRO BRO SÃO FRANCISCO",2,2,2,1,1
AUTO_ALIAS_1A1_TOTAIS_IGUAIS,goiania,354764,5886,RES. MARQUES,,R  806,"R 821 CASA A , BAIRRO VL OSWALDO ROSA",2,2,2,1,1
AUTO_ALIAS_1A1_TOTAIS_IGUAIS,goiania,165390,7919,RES MARQUES 013,,R  DEMOCRITO FAUSTINO DE ALMEIDA,"R DEMOCRITO FAUSTINO DE ALMEIDA  CASA 01 , BAIRRO RES SANTA FÉ I",2,2,2,1,1
AUTO_ALIAS_1A1_TOTAIS_IGUAIS,goiania,122558,7939,RES MARQUES 8838,,R  MARTINS CUSTODIO DA SILVA,"R MARTINS CUSTODIO DA SILVA  CASA 01 , BAIRRO LOT SOLANGE PARQUE I",2,2,2,1,1
AUTO_ALIAS_1A1_TOTAIS_IGUAIS,goiania,164267,5983,RES.MARQUES -926,,R  PADRE JOAO PAIN,"R PADRE JOAO PAIN  CASA 01 , BAIRRO RES SANTA FÉ",2,2,2,1,1
AUTO_ALIAS_1A1_TOTAIS_IGUAIS,goiania,337910,9122,RES MARQUES DE OLIVEIRA III,,AL MARACANA,"AV MARACANA SOB 01 , BAIRRO S JAÓ",2,2,2,1,1
AUTO_ALIAS_1A1_TOTAIS_IGUAIS,goiania,28897,6715,RES MARQUES E RIBEIRO I,,R  ED5,"R ED5 CASA 01 , BAIRRO S ESTRELA DALVA",2,2,2,1,1
AUTO_ALIAS_1A1_TOTAIS_IGUAIS,goiania,95956,13603,RES MARQUES I,,R  SAO DOMINGOS,"R SAO DOMINGOS  , BAIRRO JD PETRÓPOLIS",2,2,2,1,1
AUTO_ALIAS_1A1_TOTAIS_IGUAIS,goiania,207032,1315,RES MARQUES IV,,R  PRESIDENTE MEDISON,"R PRESIDENTE JONHSON S/N     CASA-01 , BAIRRO JD PRESIDENTE",2,2,2,1,1
AUTO_ALIAS_1A1_TOTAIS_IGUAIS,goiania,129364,6883,RES. MARQUES MATINS,,R  N20,"R N20  CASA 01 , BAIRRO S DAS NAÇÕES EXTENSÃO",2,2,2,1,1
AUTO_ALIAS_1A1_TOTAIS_IGUAIS,goiania,22387,6851,RES MARQUES MELO II,,R  JOANA B. SANTOS,"R JOANA B. SANTOS LT 24 CS 01/02 , BAIRRO S PARQUE TREMENDÃO",2,2,2,1,1
AUTO_ALIAS_1A1_TOTAIS_IGUAIS,goiania,287461,8097,RES MARQUES PINTO,,R  CARLOS CUNHA FILHO,"R CARLOS CUNHA FILHO SOB 01 , BAIRRO RES MORUMBI",2,2,2,1,1
AUTO_ALIAS_1A1_TOTAIS_IGUAIS,goiania,126380,6664,RES MARQUES & PINTO II,,R  TARIJA,"R TARIJA  C-1 , BAIRRO RES NOVA AURORA",2,2,2,1,1
AUTO_ALIAS_1A1_TOTAIS_IGUAIS,goiania,131372,6027,RES. MARQUES PIRES 090,,R  SM3,"R SM3  CASA 01 , BAIRRO RES SÃO MARCOS",2,2,2,1,1
AUTO_ALIAS_1A1_TOTAIS_IGUAIS,goiania,117571,6885,RES MARQUES PIRES PH2,,R  PH2,"R PH2  C-1 , BAIRRO LOT SOLANGE PARQUE I",2,2,2,1,1
AUTO_ALIAS_1A1_TOTAIS_IGUAIS,goiania,130588,2075,RES MARQUES & SILVA II,,R  SM3,"R SM3  CASA 01 , BAIRRO RES SÃO MARCOS",2,2,2,1,1
AUTO_ALIAS_1A1_TOTAIS_IGUAIS,goiania,225416,11944,RES MARQUES SILVA II,,R  SM1,"R SM1  CASA 01 , BAIRRO JD SÔNIA MARIA",2,2,2,1,1
AUTO_ALIAS_1A1_TOTAIS_IGUAIS,goiania,131713,4638,RES.MARQUES & SILVA IV,,R  SM32,"R SM32  CASA 02 , BAIRRO RES SÃO MARCOS",2,2,2,1,1
AUTO_ALIAS_1A1_TOTAIS_IGUAIS,goiania,157454,1683,RES MARQUES V,,R  AGENOR ALVES DE OLIVEIRA,"R AGENOR ALVES DE OLIVEIRA  CASA 01 , BAIRRO RES KÁTIA",2,2,2,1,1
AUTO_ALIAS_1A1_TOTAIS_IGUAIS,goiania,205716,9852,RES. MARQUES V,,R  PRESIDENTE STENIO VICENT,"R PRESIDENTE AFONSO PENA  CASA 01 , BAIRRO JD PRESIDENTE",2,2,2,1,1
AUTO_ALIAS_1A1_TOTAIS_IGUAIS,goiania,12975,499,RES MARQUES VII,,R  C63,"R C63 LT S/N . , BAIRRO S SUDOESTE",3,3,3,1,1
AUTO_ALIAS_1A1_TOTAIS_IGUAIS,goiania,198331,12973,RES. MARQUES VIII,,R  PRESIDENTE CLEVELAND,"R PRESIDENTE EPITACIO PESSOA  CASA 01 , BAIRRO JD PRESIDENTE",2,2,2,1,1
AUTO_ALIAS_1A1_TOTAIS_IGUAIS,goiania,10374,25,RES MARQUES XI,,AV C16,"AV C16 LT S/N CASA 01 , BAIRRO S SUDOESTE",2,2,2,1,1
AUTO_ALIAS_1A1_TOTAIS_IGUAIS,goiania,115617,1492,RES MARQUES XIV,,R  2,"R 2  CASA01 , BAIRRO RES PONTA NEGRA",2,2,2,1,1
AUTO_ALIAS_1A1_TOTAIS_IGUAIS,goiania,225057,7963,RES MARROCOS II,,R  SM4,"R SM4  CASA-01 , BAIRRO JD SÔNIA MARIA",2,2,2,1,1
AUTO_ALIAS_1A1_TOTAIS_IGUAIS,goiania,172319,11403,RES MARSI,,R  38,"R 38  CASA 01 , BAIRRO CON DAS ESMERALDAS",2,2,2,1,1
AUTO_ALIAS_1A1_TOTAIS_IGUAIS,goiania,97019,9982,RES. MARTA DE OLIVEIRA,,R  2C,"R 2C  CASA 01 , BAIRRO RES CIDADE VERDE",2,2,2,1,1
AUTO_ALIAS_1A1_TOTAIS_IGUAIS,goiania,48403,10955,RES MARTA E MACHADO RESIDENCI I,,R  RSC6,"R RSC6 LT 23 . , BAIRRO JD SANTA CECÍLIA",2,2,2,1,1
AUTO_ALIAS_1A1_TOTAIS_IGUAIS,goiania,146363,2840,RES MARTA MACEDO,,R  C184,"R C184  CASA 01 , BAIRRO BRO JARDIM AMÉRICA",2,2,2,1,1
AUTO_ALIAS_1A1_TOTAIS_IGUAIS,goiania,96758,6848,RES MARTINHO DA SILVA,,R  AIMORES,"R AIMORES  CASA 01 , BAIRRO RES PETRÓPOLIS",2,2,2,1,1
AUTO_ALIAS_1A1_TOTAIS_IGUAIS,goiania,125411,5831,RES.MARTINS,,R  SM39,"R SM39  CASA 03 , BAIRRO RES SÃO MARCOS",3,3,3,1,1
AUTO_ALIAS_1A1_TOTAIS_IGUAIS,goiania,354518,9917,RES MARTINS BORGES I,,R  PANAMA,"CASA 01 , BAIRRO VL MARIA LUIZA",2,2,2,1,1
AUTO_ALIAS_1A1_TOTAIS_IGUAIS,goiania,306090,5756,RES.MARTINS CAVALCANTE 1,,AV ARISTOTELES,"AV ARISTOTELES CASA 01 , BAIRRO JD MARILIZA",2,2,2,1,1
AUTO_ALIAS_1A1_TOTAIS_IGUAIS,goiania,219384,2691,RES MARTINS E MARTINS,,R  MDV23,"R MDV23  CASA01 , BAIRRO LOT MOINHO DOS VENTOS",2,2,2,1,1
AUTO_ALIAS_1A1_TOTAIS_IGUAIS,goiania,250870,5508,RES MARTINS GONTIJO II,,R  2051 UNIDADE 205,"R 2052 UNIDADE 205 SOB03 , BAIRRO PRQ ATHENEU",5,5,5,1,1
AUTO_ALIAS_1A1_TOTAIS_IGUAIS,goiania,353021,6446,RES MARTINS I,,AV BRASIL,"AV BRASIL CASA 01 , BAIRRO VL PEDROSO",2,2,2,1,1
AUTO_ALIAS_1A1_TOTAIS_IGUAIS,goiania,198764,1901,RES MARTINS LEMES,,R  ASTURIAS,"R ASTURIAS '       CASA 02 , BAIRRO S TRÊS MARIAS",2,2,2,1,1
AUTO_ALIAS_1A1_TOTAIS_IGUAIS,goiania,139461,1619,RES MARTINS MONTEIRO,,AV GYN20,"AV GYN20  CASA 01 , BAIRRO RES MONTE PASCOAL",2,2,2,1,1
AUTO_ALIAS_1A1_TOTAIS_IGUAIS,goiania,216021,13524,RES.MARTINS OLIVEIRA I,,R  MDV10,"R MDV11  CASA 01 , BAIRRO LOT MOINHO DOS VENTOS",2,2,2,1,1
AUTO_ALIAS_1A1_TOTAIS_IGUAIS,goiania,332640,6407,RES MARTINS OLIVEIRA X,,R  JI2,"R JI2 CASA 01 , BAIRRO RES HUMAITA",2,2,2,1,1
AUTO_ALIAS_1A1_TOTAIS_IGUAIS,goiania,78811,8162,RES MARTINS OLIVEIRA XX,,R  MERCIOLINA MARQUES,"CASA 01 , BAIRRO PRQ BURITI",2,2,2,1,1
AUTO_ALIAS_1A1_TOTAIS_IGUAIS,goiania,286111,6292,RES. MARTINS ROCHA,,R  DAS ACACIAS,"R DAS ACACIAS CASA 01 , BAIRRO LOT GOIÂNIA 2",2,2,2,1,1
AUTO_ALIAS_1A1_TOTAIS_IGUAIS,goiania,195477,5577,RES. MARTINS SANTOS,,R  V2,"R V2  CASA-01 , BAIRRO VL REZENDE",3,3,3,1,1
AUTO_ALIAS_1A1_TOTAIS_IGUAIS,goiania,189290,2698,RES MARTINS SILVA I,,R  DO GOLFINHO,"R DO GOLFINHO  SOBRADO 01 , BAIRRO JD ATLÂNTICO",2,2,2,1,1
AUTO_ALIAS_1A1_TOTAIS_IGUAIS,goiania,167394,7095,RES MARTINS SOARES I,,R  RI29,"R RI29  CASA 01 , BAIRRO RES ITAIPÚ",2,2,2,1,1
AUTO_ALIAS_1A1_TOTAIS_IGUAIS,goiania,58959,1774,RES MARVAN,,R  ALV1,"R ALV1 LT S/N CS 01 , BAIRRO S ALTO DO VALE",2,2,2,1,1
AUTO_ALIAS_1A1_TOTAIS_IGUAIS,goiania,59202,8221,RES MARVAN,,R  FN16,"R FN16 LT 02 CASA 01 , BAIRRO JD FONTE NOVA",2,2,2,1,1
AUTO_ALIAS_1A1_TOTAIS_IGUAIS,goiania,197949,13279,RES MAR VERDE,,R  DO BADEJO,"R DO BADEJO  CASA 01 , BAIRRO JD ATLÂNTICO",2,2,2,1,1
AUTO_ALIAS_1A1_TOTAIS_IGUAIS,goiania,209680,7597,RES MARY ALVES,,R  ASTURIAS,"R ASTURIAS  CASA 01 , BAIRRO S TRÊS MARIAS",3,3,3,1,1
AUTO_ALIAS_1A1_TOTAIS_IGUAIS,goiania,153882,12879,RES MASCARENHAS,,R  FV36,"R FV36  CASA 02 , BAIRRO RES FORTE VILLE - EXTENSÃO",2,2,2,1,1
AUTO_ALIAS_1A1_TOTAIS_IGUAIS,goiania,321276,5528,RES.MASCARENHAS,,R  EMMANOEL,"R EMMANOEL CASA 01 , BAIRRO RES VILLE DE FRANCE",3,3,3,1,1
AUTO_ALIAS_1A1_TOTAIS_IGUAIS,goiania,372396,7694,RES MASCARENHAS II,,R  JARINA,"R JARINA SOB01 , BAIRRO JD MARILIZA",3,3,3,1,1
AUTO_ALIAS_1A1_TOTAIS_IGUAIS,goiania,123566,7193,RES. MASSAHARU,,R  CP 49,"R CP 49  CASA 01 , BAIRRO LOT CAROLINA PARQUE - COMPLEMENTO",2,2,2,1,1
AUTO_ALIAS_1A1_TOTAIS_IGUAIS,goiania,58327,7271,RES. MASTER DEI-1,,R  FN29,"R FN29 LT 12 CS 01 , BAIRRO JD FONTE NOVA",2,2,2,1,1
AUTO_ALIAS_1A1_TOTAIS_IGUAIS,goiania,222411,12128,RES M.A.S.V,,R  MDV20,"R MDV20  CASA 01 , BAIRRO LOT MOINHO DOS VENTOS",2,2,2,1,1
AUTO_ALIAS_1A1_TOTAIS_IGUAIS,goiania,371051,6379,RES MATA DE ARRUDA,,R  4,"R 4 C-1 , BAIRRO RES PAULO ESTRELA",2,2,2,1,1
AUTO_ALIAS_1A1_TOTAIS_IGUAIS,goiania,123856,6555,RES MATA MUNDI I,,R  DAS CAMELIAS,"R DAS CAMELIAS  CASA 01 , BAIRRO BRO JARDIM BOTÂNICO",4,4,4,1,1
AUTO_ALIAS_1A1_TOTAIS_IGUAIS,goiania,59030,7252,RES MATER DEI-II,,R  FN28,"R FN26 LT 18 CS 01 , BAIRRO JD FONTE NOVA",2,2,2,1,1
AUTO_ALIAS_1A1_TOTAIS_IGUAIS,goiania,161500,13421,RES.MATEUS,,R  ALPHA10,"R ALPHA10  CASA01 , BAIRRO LOT ALPHAVILLE RESIDENCIAL",2,2,2,1,1
AUTO_ALIAS_1A1_TOTAIS_IGUAIS,goiania,366519,1579,RES MATEUS V,,R  FL28,"R FL28 CASA 1 , BAIRRO PRQ DAS FLORES",2,2,2,1,1
AUTO_ALIAS_1A1_TOTAIS_IGUAIS,goiania,254024,10574,RES MATHEUS,,AV DOMINGOS LEMES DO PRADO,"AV DOMINGOS LEMES DO PRADO C 01 , BAIRRO S CRIMÉIA OESTE",2,2,2,1,1
AUTO_ALIAS_1A1_TOTAIS_IGUAIS,goiania,144383,9630,RES MATHEUS II,,R  C158,"R C158  CASA-01 , BAIRRO BRO JARDIM AMÉRICA",2,2,2,1,1
AUTO_ALIAS_1A1_TOTAIS_IGUAIS,goiania,10087,8886,RES MATHEUS IV,,R  C88,"R C88 LT S/N . , BAIRRO S SUDOESTE",3,3,3,1,1
AUTO_ALIAS_1A1_TOTAIS_IGUAIS,goiania,190709,2012,RES MATHEUS VIII,,R  SAO BARTOLOMEU,"AV JULIO CESAR  CASA 01 , BAIRRO JD PLANALTO",4,4,4,1,1
AUTO_ALIAS_1A1_TOTAIS_IGUAIS,goiania,200023,1793,RES MATIAS,,R  PRESIDENTE EPITACIO PESSOA,"R PRESIDENTE EPITACIO PESSOA  CASA 01 , BAIRRO JD PRESIDENTE",2,2,2,1,1
AUTO_ALIAS_1A1_TOTAIS_IGUAIS,goiania,173235,5824,RES. MATIAS SANTOS,,R  W19,"R W19  CASA 01 , BAIRRO JD ITAIPÚ",2,2,2,1,1
AUTO_ALIAS_1A1_TOTAIS_IGUAIS,goiania,353442,8490,RES MATINHA BM1,,R  BM1,"R BM1 CASA 01 , BAIRRO RES BRISAS DA MATA",2,2,2,1,1
AUTO_ALIAS_1A1_TOTAIS_IGUAIS,goiania,139123,8123,RES MATOS 20.30,,R  JOSE PEREIRA BORGES,"R JOSE PEREIRA BORGES  CASA 01 , BAIRRO JD SÃO JOSÉ",2,2,2,1,1
AUTO_ALIAS_1A1_TOTAIS_IGUAIS,goiania,141834,2899,RES MATOS E E MATOS II,,R  OSMAR RODRIGUES,"R OSMAR RODRIGUES  CASA 01 , BAIRRO RES BUENA VISTA III",2,2,2,1,1
AUTO_ALIAS_1A1_TOTAIS_IGUAIS,goiania,148168,7197,RES.MATTOS,,AV C171,"AV C171 S/N     CASA 2 , BAIRRO BRO JARDIM AMÉRICA",2,2,2,1,1
AUTO_ALIAS_1A1_TOTAIS_IGUAIS,goiania,179004,9230,RES MAXIMO BARBOSA V,,R  G12,"R G12  CASA 01 , BAIRRO S GRAJAÚ",2,2,2,1,1
AUTO_ALIAS_1A1_TOTAIS_IGUAIS,goiania,221408,6886,RES. MAXIMO ESCHER III,,R  MDV43,"R MDV43  CASA 01 , BAIRRO LOT MOINHO DOS VENTOS",2,2,2,1,1
AUTO_ALIAS_1A1_TOTAIS_IGUAIS,goiania,243667,9849,RES. MAXIMUS,,R  T41,"R T32 S/N     RES.MAX SOBR-01 , BAIRRO S BUENO",4,4,4,1,1
AUTO_ALIAS_1A1_TOTAIS_IGUAIS,goiania,170395,12357,RES. MAYARA I,,R  RI3,"R RI3  CASA 1 , BAIRRO RES ITAIPÚ",4,4,4,1,1
AUTO_ALIAS_1A1_TOTAIS_IGUAIS,goiania,135011,2392,RES MAYK RMP 5-17,,R  RMP5,"R RMP5  CASA 01 , BAIRRO RES MONTE PASCOAL",3,3,3,1,1
AUTO_ALIAS_1A1_TOTAIS_IGUAIS,goiania,188661,8392,RES MAYRA,,R  DO XAROCO,"R DO XAROCO  CASA 01 , BAIRRO JD ATLÂNTICO",2,2,2,1,1
AUTO_ALIAS_1A1_TOTAIS_IGUAIS,goiania,169127,1448,RES MC I,,R  RI12,"R RI12  CASA 01 , BAIRRO RES ITAIPÚ",2,2,2,1,1
AUTO_ALIAS_1A1_TOTAIS_IGUAIS,goiania,14925,6073,RES MC RESENDE IV,,R  BOM JESUS,"R BOM JESUS CASA 01 , BAIRRO S ESTRELA DALVA",2,2,2,1,1
AUTO_ALIAS_1A1_TOTAIS_IGUAIS,goiania,24703,4255,RES.MCSA-31,,R  SPT5,"R SPT5 LT 31 CS 1 A CS 2 , BAIRRO S PARQUE TREMENDÃO",2,2,2,1,1
AUTO_ALIAS_1A1_TOTAIS_IGUAIS,goiania,219455,7294,RES MDV-07,,R  MDV7,"R MDV7  CASA 01 , BAIRRO LOT MOINHO DOS VENTOS",3,3,3,1,1
AUTO_ALIAS_1A1_TOTAIS_IGUAIS,goiania,222265,8711,RES MDV 18.03,,AV TORONTO,"AV TORONTO  CASA 01 , BAIRRO LOT MOINHO DOS VENTOS",2,2,2,1,1
AUTO_ALIAS_1A1_TOTAIS_IGUAIS,goiania,222432,6771,RES MDV-20,,R  MDV20,"R MDV20  C-1 , BAIRRO LOT MOINHO DOS VENTOS",3,3,3,1,1
AUTO_ALIAS_1A1_TOTAIS_IGUAIS,goiania,223224,8502,RES MDV 262859,,R  MDV12,"R MDV12  CASA 01 , BAIRRO LOT MOINHO DOS VENTOS",2,2,2,1,1
AUTO_ALIAS_1A1_TOTAIS_IGUAIS,goiania,219493,6374,RES MDV 31,,R  MDV31,"R MDV31  CASA 01 , BAIRRO LOT MOINHO DOS VENTOS",3,3,3,1,1
AUTO_ALIAS_1A1_TOTAIS_IGUAIS,goiania,221841,1864,RES MDV 42,,R  MDV42,"R MDV42  CASA01 , BAIRRO LOT MOINHO DOS VENTOS",2,2,2,1,1
AUTO_ALIAS_1A1_TOTAIS_IGUAIS,goiania,189817,5516,RES MEAIPE,,R  DO XERELETE,"R DO XERELETE  CASA 01 , BAIRRO JD ATLÂNTICO",2,2,2,1,1
AUTO_ALIAS_1A1_TOTAIS_IGUAIS,goiania,50801,1976,RES MEDEIROS,,R  JANUARIO DA CUNHA BARBOSA,"R JANUARIO DA CUNHA BARBOSA LT 04 CS 01 , BAIRRO BRO CAPUAVA",2,2,2,1,1
AUTO_ALIAS_1A1_TOTAIS_IGUAIS,goiania,179552,9629,RES MEDEIROS,,R  2B,"R 2B  CASA 01 , BAIRRO S GARAVELO",2,2,2,1,1
AUTO_ALIAS_1A1_TOTAIS_IGUAIS,goiania,189821,11647,RES. MEDEIROS,,R  DO XERELETE,"R DO XERELETE  CASA 02 , BAIRRO JD ATLÂNTICO",2,2,2,1,1
AUTO_ALIAS_1A1_TOTAIS_IGUAIS,goiania,205867,9131,RES MEDEIROS DE LIMA,,R  PRESIDENTE NILO PECANHA,"R PRESIDENTE NILO PECANHA S/N     CASA-1 , BAIRRO JD PRESIDENTE",2,2,2,1,1
AUTO_ALIAS_1A1_TOTAIS_IGUAIS,goiania,264991,6025,RES MEDEIROS DE SOUSA X,,R  AB14,"R AB14 C-1 , BAIRRO RES ALICE BARBOSA",2,2,2,1,1
AUTO_ALIAS_1A1_TOTAIS_IGUAIS,goiania,188400,8225,RES MEDUSA I,,R  DA MEDUSA,"R DA MEDUSA  CASA 01 , BAIRRO JD ATLÂNTICO",2,2,2,1,1
AUTO_ALIAS_1A1_TOTAIS_IGUAIS,goiania,147955,7862,RES MEGGETTO E CAMPOS,,AV C6,"AV C6  SOB 01 , BAIRRO VL SANTA EFIGÊNIA",2,2,2,1,1
AUTO_ALIAS_1A1_TOTAIS_IGUAIS,goiania,182558,7681,RES MEIRELLES VILLE,,R  MELCHIADES JOSE DA SILVA,"R MELCHIADES JOSE DA SILVA  CASA 01 , BAIRRO S ORIENTVILLE",3,3,3,1,1
AUTO_ALIAS_1A1_TOTAIS_IGUAIS,goiania,217936,11164,RES. MEIRELLES VILLE,,R  CV40,"R CV40  CASA 01 , BAIRRO RES CENTER VILLE",3,3,3,1,1
AUTO_ALIAS_1A1_TOTAIS_IGUAIS,goiania,78759,1209,RES MEIRILANE MENDES I,,R  1,"R 1 CASA01 , BAIRRO S SANTOS DUMONT",4,4,4,1,1
AUTO_ALIAS_1A1_TOTAIS_IGUAIS,goiania,233635,1955,RES MELLO PAIVA I,,R  MANAUS,"R MANAUS  SOB 01 , BAIRRO PRQ AMAZÔNIA",3,3,3,1,1
AUTO_ALIAS_1A1_TOTAIS_IGUAIS,goiania,292621,6038,RES. MELO,,AV CRISTIANO MACHADO,"AV CRISTIANO MACHADO CASA 01 , BAIRRO VL PEDROSO",2,2,2,1,1
AUTO_ALIAS_1A1_TOTAIS_IGUAIS,goiania,369447,6581,RES MELO-338,,R  BM26,"R BM26 SOB01 , BAIRRO RES BRISAS DA MATA",2,2,2,1,1
AUTO_ALIAS_1A1_TOTAIS_IGUAIS,goiania,175369,1801,RES MELO ABREU I,,R  AC4,"R AC4  CASA 01 , BAIRRO RES ANA CLARA",2,2,2,1,1
AUTO_ALIAS_1A1_TOTAIS_IGUAIS,goiania,155088,12502,RES MELO GUIMARAES,,R  EF10,"R EF10  CASA 1 , BAIRRO JD ELI FORTE",2,2,2,1,1
AUTO_ALIAS_1A1_TOTAIS_IGUAIS,goiania,190450,2203,RES MELO III,,AV MARCONI,"AV MARCONI  CASA 01 , BAIRRO JD PLANALTO",3,3,3,1,1
AUTO_ALIAS_1A1_TOTAIS_IGUAIS,goiania,62325,2147,RES MELO IV,,R  2,"R 2  CASA 01 , BAIRRO VL LUCY",2,2,2,1,1
AUTO_ALIAS_1A1_TOTAIS_IGUAIS,goiania,177942,11656,RES MELO MOREIRA,,R  RI12,"R RI12  CASA 01 , BAIRRO RES ITAIPÚ",2,2,2,1,1
AUTO_ALIAS_1A1_TOTAIS_IGUAIS,goiania,174560,8411,RES MELO SILVA I,,R  BRASILIA,"R BRASILIA  CASA 01 , BAIRRO JD ITAIPÚ",3,3,3,1,1
AUTO_ALIAS_1A1_TOTAIS_IGUAIS,goiania,100037,8432,RES MENDANHA 1116,,R  LRM6,"R LRM6  CASA 03 , BAIRRO RES MENDANHA",3,3,3,1,1
AUTO_ALIAS_1A1_TOTAIS_IGUAIS,goiania,157700,6467,RES MENDANHA  RAMOS II,,R  SRM18,"R SRM19  CASA 01 , BAIRRO RES VILLAGE SANTA RITA II",3,3,3,1,1
AUTO_ALIAS_1A1_TOTAIS_IGUAIS,goiania,157472,6466,RES MENDANHA RAMOS III,,R  SRM19,"R SRM19  CASA 01 , BAIRRO RES VILLAGE SANTA RITA II",3,3,3,1,1
AUTO_ALIAS_1A1_TOTAIS_IGUAIS,goiania,157241,6464,RES MENDANHA RAMOS IV,,R  R6,"R R6  CASA 01 , BAIRRO RES VILLAGE SANTA RITA II",3,3,3,1,1
AUTO_ALIAS_1A1_TOTAIS_IGUAIS,goiania,362536,3077,RES MENDANHA RAMOS RESIDENCI I,,R  I,"R I  CASA 01 , BAIRRO VL SANTA HELENA",3,3,3,1,1
AUTO_ALIAS_1A1_TOTAIS_IGUAIS,goiania,141540,7283,RES MENDES-831,,R  JOSE PEREIRA BORGES,"R JOSE PEREIRA BORGES S/N     CASA 01 , BAIRRO JD SÃO JOSÉ",2,2,2,1,1
AUTO_ALIAS_1A1_TOTAIS_IGUAIS,goiania,332560,2060,RES MENDES DE CARVALHO VI,,R  VA5,"R VA5 CASA01 , BAIRRO VLG ATALAIA",2,2,2,1,1
AUTO_ALIAS_1A1_TOTAIS_IGUAIS,goiania,132731,11104,RES. MENDES DE OLIVEIRA,,R  RMP11,"R RMP14  CASA 1 , BAIRRO RES MONTE PASCOAL",2,2,2,1,1
AUTO_ALIAS_1A1_TOTAIS_IGUAIS,goiania,158707,7065,RES MENDES GOMES PINHEIRO I,,R  FV38,"R FV38  CASA 01 , BAIRRO RES FIDÉLIS",2,2,2,1,1
AUTO_ALIAS_1A1_TOTAIS_IGUAIS,goiania,46227,7499,RES MENDES III,,R  5 DE JULHO,"R 5 DE JULHO LT 18 CS 01 , BAIRRO JD GRAMADO",3,3,3,1,1
AUTO_ALIAS_1A1_TOTAIS_IGUAIS,goiania,223425,5840,RES MENDES MARTINS I,,R  CARANHA,"R CARANHA  CASA 01 , BAIRRO RES AQUÁRIOS",2,2,2,1,1
AUTO_ALIAS_1A1_TOTAIS_IGUAIS,goiania,225319,9455,RES MENDES MARTINS II,,R  SM4,"R SM4  CASA 01 , BAIRRO JD SÔNIA MARIA",2,2,2,1,1
AUTO_ALIAS_1A1_TOTAIS_IGUAIS,goiania,223949,11182,RES MENDES MARTINS V,,R  SAULO COELHO CHAVES,"R SAULO COELHO CHAVES  CASA 01 , BAIRRO RES AQUÁRIOS II",2,2,2,1,1
AUTO_ALIAS_1A1_TOTAIS_IGUAIS,goiania,198219,13822,RES MENDES MARTINS VI,,R  BALLADOLID,"R BALLADOLID  CASA 01 , BAIRRO S TRÊS MARIAS",2,2,2,1,1
AUTO_ALIAS_1A1_TOTAIS_IGUAIS,goiania,198676,7235,RES. MENDES MARTINS VIII,,R  TAJO,"R TAJO  CASA 01 , BAIRRO S TRÊS MARIAS",2,2,2,1,1
AUTO_ALIAS_1A1_TOTAIS_IGUAIS,goiania,198187,7698,RES MENDES MARTINS X,,R  BALLADOLID,"R BALLADOLID  CASA 01 , BAIRRO S TRÊS MARIAS",2,2,2,1,1
AUTO_ALIAS_1A1_TOTAIS_IGUAIS,goiania,218784,2963,RES MENDES MOREIRA,,R  FP30,"R FP30  CASA 01 , BAIRRO BRO RECREIO DO FUNCIONÁRIO PUBLICO",2,2,2,1,1
AUTO_ALIAS_1A1_TOTAIS_IGUAIS,goiania,243465,9365,RES MENDONCA,,R  135,"R 135 S/N     SOBRADO 02 , BAIRRO S MARISTA",2,2,2,1,1
AUTO_ALIAS_1A1_TOTAIS_IGUAIS,goiania,145930,7904,RES MENDONCA DIAS I,,AV C6,"R C20  APTO 101 , BAIRRO BRO JARDIM AMÉRICA",8,8,8,1,1
AUTO_ALIAS_1A1_TOTAIS_IGUAIS,goiania,198744,5368,RES. MENDONCA II,,R  ASTURIAS,"R ASTURIAS  SOB01 , BAIRRO S TRÊS MARIAS",3,3,3,1,1
AUTO_ALIAS_1A1_TOTAIS_IGUAIS,goiania,131692,5502,RES.MENDONCA RIBEIRO III,,R  DOS JASMINS,"R DOS JASMINS  CASA 01 , BAIRRO RES DELLA PENA",2,2,2,1,1
AUTO_ALIAS_1A1_TOTAIS_IGUAIS,goiania,222205,6516,RES MENESES II,,AV TORONTO,"AV TORONTO  CASA 01 , BAIRRO LOT MOINHO DOS VENTOS",2,2,2,1,1
AUTO_ALIAS_1A1_TOTAIS_IGUAIS,goiania,325774,5642,RES MENEZES IV,,R  MP5,"R MP5 CASA 03 , BAIRRO RES MAR DEL PLATA",3,3,3,1,1
AUTO_ALIAS_1A1_TOTAIS_IGUAIS,goiania,292203,5008,RES.MENEZES V,,R  7,"R 7 CASA 01 , BAIRRO RES PAULO ESTRELA",3,3,3,1,1
AUTO_ALIAS_1A1_TOTAIS_IGUAIS,goiania,320285,5937,RES MENEZES VI,,R  RIO FORMOSO,"R RIO FORMOSO C-2 , BAIRRO RES RIO JORDÃO",2,2,2,1,1
AUTO_ALIAS_1A1_TOTAIS_IGUAIS,goiania,324667,5936,RES MENEZES VII,,R  RIO FORMOSO,"R RIO FORMOSO CASA 02 , BAIRRO RES RIO JORDÃO",2,2,2,1,1
AUTO_ALIAS_1A1_TOTAIS_IGUAIS,goiania,334604,6082,RES. MENEZES VIII,,R  RIO VERDE,"R RIO VERDE CASA 01 , BAIRRO RES RIO JORDÃO",2,2,2,1,1
AUTO_ALIAS_1A1_TOTAIS_IGUAIS,goiania,329504,6560,RES. MENEZES XII,,R  6,"R 6 C-2 , BAIRRO RES PAULO ESTRELA",2,2,2,1,1
AUTO_ALIAS_1A1_TOTAIS_IGUAIS,goiania,348808,6795,RES.MENEZES XIII,,R  SR16,"R SR16 CASA 01 , BAIRRO S RECANTO DAS MINAS GERAIS",3,3,3,1,1
AUTO_ALIAS_1A1_TOTAIS_IGUAIS,goiania,249142,8100,RES MENEZES XV,,R  AUGUSTO ANDRADA,"R VICENTE AFONSO CASA 01 , BAIRRO BRO SANTO HILÁRIO",3,3,3,1,1
AUTO_ALIAS_1A1_TOTAIS_IGUAIS,goiania,335985,6314,RES. MENEZEZ XI,,AV DR JAHYR ABRAO ESTRELA,"AV DR JAHYR ABRAO ESTRELA CASA 01 , BAIRRO RES PAULO ESTRELA",2,2,2,1,1
AUTO_ALIAS_1A1_TOTAIS_IGUAIS,goiania,125466,1161,RES MENZOTI,,R  HOMERO R. FILHO,"R HOMERO R. FILHO  CASA01 , BAIRRO RES SÃO MARCOS",2,2,2,1,1
AUTO_ALIAS_1A1_TOTAIS_IGUAIS,goiania,119565,7511,RES MENZOTI-375,,R  BENEDITO CANDIDO PEREIRA,"R BENEDITO CANDIDO PEREIRA  CASA 02 , BAIRRO LOT SOLANGE PARQUE I",2,2,2,1,1
AUTO_ALIAS_1A1_TOTAIS_IGUAIS,goiania,141727,1957,RES MESQUITA 10,,AV SAO BERNARDO,"AV SAO BERNARDO CASA 01 , BAIRRO RES MONTE PASCOAL",2,2,2,1,1
AUTO_ALIAS_1A1_TOTAIS_IGUAIS,goiania,219514,9155,RES. MESQUITA E LIMA II,,R  MDV28,"R MDV28  CASA 01 , BAIRRO LOT MOINHO DOS VENTOS",2,2,2,1,1
AUTO_ALIAS_1A1_TOTAIS_IGUAIS,goiania,189461,7773,RES MESQUITA E LIMA III,,R  DA ANCHOVA,"R DA ANCHOVA S/N     CASA 02 , BAIRRO JD ATLÂNTICO",2,2,2,1,1
AUTO_ALIAS_1A1_TOTAIS_IGUAIS,goiania,159789,12333,RES MESQUITA E PORTO,,R  TEREZA MARIA DE LIMA,"R TEREZA MARIA DE LIMA  CASA 01 , BAIRRO RES KÁTIA",2,2,2,1,1
AUTO_ALIAS_1A1_TOTAIS_IGUAIS,goiania,198759,6707,RES. MESQUITA II,,R  ASTURIAS,"R ASTURIAS  CASA-02 , BAIRRO S TRÊS MARIAS",2,2,2,1,1
AUTO_ALIAS_1A1_TOTAIS_IGUAIS,goiania,390064,1868,RES MESQUITA III,,R  RB7A,"R RB7A CASA 01 , BAIRRO RES RECANTO DO BOSQUE",2,2,2,1,1
AUTO_ALIAS_1A1_TOTAIS_IGUAIS,goiania,173010,8439,RES MESQUITA SILVEIRA,,R  W5,"R W5 S/N     CASA 01 , BAIRRO JD ITAIPÚ",2,2,2,1,1
AUTO_ALIAS_1A1_TOTAIS_IGUAIS,goiania,137845,2646,RES MESQUITA VIEIRA 26,,R  MONS PRIMO VIEIRA,"R MONS PRIMO VIEIRA  CASA 01 , BAIRRO JD SÃO JOSÉ",2,2,2,1,1
AUTO_ALIAS_1A1_TOTAIS_IGUAIS,goiania,59716,10354,RES MESSIAS II,,R  FN13,"R FN13 LT 24 CS 01 , BAIRRO JD FONTE NOVA",2,2,2,1,1
AUTO_ALIAS_1A1_TOTAIS_IGUAIS,goiania,341460,1986,RES MESSIAS V,,AV MANGALO,"AV MANGALO CASA 01 , BAIRRO RES RECANTO DO BOSQUE",2,2,2,1,1
AUTO_ALIAS_1A1_TOTAIS_IGUAIS,goiania,396605,7981,RES MESSIAS VII,,R  RB5A,"R RB5A CASA 04 , BAIRRO RES RECANTO DO BOSQUE",5,5,5,1,1
AUTO_ALIAS_1A1_TOTAIS_IGUAIS,goiania,343217,8449,RES MESSIAS XV,,R  RB16,"R RB16 CASA 01 , BAIRRO RES RECANTO DO BOSQUE",2,2,2,1,1
AUTO_ALIAS_1A1_TOTAIS_IGUAIS,goiania,191066,4774,RES M.ESTRELA SOARES III,,R  ABARA,"R ABARA S/N     SOB 01 , BAIRRO JD PLANALTO",2,2,2,1,1
AUTO_ALIAS_1A1_TOTAIS_IGUAIS,goiania,189946,6598,RES MEXILHAO,,R  DO MIXILAO,"R DO MIXILAO  CASA 01 , BAIRRO JD ATLÂNTICO",2,2,2,1,1
AUTO_ALIAS_1A1_TOTAIS_IGUAIS,goiania,86691,9732,RES MEYRIANNE II,,R  17,"R 17 , BAIRRO S SANTOS DUMONT",2,2,2,1,1
AUTO_ALIAS_1A1_TOTAIS_IGUAIS,goiania,157648,8666,RES MF DE ALMEIDA,,R  FV19,"R FV19  CASA01 , BAIRRO RES FORTE VILLE - EXTENSÃO",2,2,2,1,1
AUTO_ALIAS_1A1_TOTAIS_IGUAIS,goiania,165845,5284,RES M.F.DE ALMEIDA RESIDENCI V,,R  DA MISERICORDIA,"R DA MISERICORDIA S/N     C-1 , BAIRRO RES SANTA FÉ I",2,2,2,1,1
AUTO_ALIAS_1A1_TOTAIS_IGUAIS,goiania,164243,5283,RES M.F.DE ALMEIDA RESIDENCI VI,,R  DA FARTURA,"R DA FARTURA  C-2 , BAIRRO RES SANTA FÉ I",2,2,2,1,1
AUTO_ALIAS_1A1_TOTAIS_IGUAIS,goiania,131354,8138,RES MF MENDES,,R  SM15,"R SM15  CASA 01 , BAIRRO RES SÃO MARCOS",2,2,2,1,1
AUTO_ALIAS_1A1_TOTAIS_IGUAIS,goiania,135454,8744,RES M.F.M I,,R  ELO32,"R ELO32  CASA 01 , BAIRRO PRQ ELDORADO OESTE",2,2,2,1,1
AUTO_ALIAS_1A1_TOTAIS_IGUAIS,goiania,171941,13875,RES M. FREITAS,,R  PEDRO VIEIRA DOS SANTOS,"R PEDRO VIEIRA DOS SANTOS  CASA01 , BAIRRO JD ITAIPÚ",3,3,3,1,1
AUTO_ALIAS_1A1_TOTAIS_IGUAIS,goiania,2612,1244,RES MIAMI III,,R  FLEURY CURADO,"R FLEURY CURADO LT 16 CS02 , BAIRRO BRO CIDADE JARDIM",2,2,2,1,1
AUTO_ALIAS_1A1_TOTAIS_IGUAIS,goiania,357255,8240,RES MICHEL FERNANDES X,,R  DO BOSQUE,"R DO BOSQUE CASA 01 , BAIRRO RES RECANTO DO BOSQUE",2,2,2,1,1
AUTO_ALIAS_1A1_TOTAIS_IGUAIS,goiania,156270,2812,RES MICHEL GONCALVES,,R  PEROBA,"R PEROBA  CASA01 , BAIRRO JD ALPHAVILLY I",2,2,2,1,1
AUTO_ALIAS_1A1_TOTAIS_IGUAIS,goiania,426141,8042,RES. MICHEL RIBEIRO CAMPOS,,R  PS10,"R PS10 CASA 01 , BAIRRO RES SENADOR PARANHOS",3,3,3,1,1
AUTO_ALIAS_1A1_TOTAIS_IGUAIS,goiania,171719,12698,RES MIDORI,,R  BRASILIA,"R BRASILIA  CASA 01 , BAIRRO JD ITAIPÚ",2,2,2,1,1
AUTO_ALIAS_1A1_TOTAIS_IGUAIS,goiania,274147,5637,RES MIGUELINA DA SILVA BITTENCOURT I,,R  COLONIA,"R COLONIA CASA 01 , BAIRRO JD NOVO MUNDO",2,2,2,1,1
AUTO_ALIAS_1A1_TOTAIS_IGUAIS,goiania,150175,9693,RES. MIGUEL MARTINS,,R  C31,"R C31  C-01 , BAIRRO BRO JARDIM AMÉRICA",2,2,2,1,1
AUTO_ALIAS_1A1_TOTAIS_IGUAIS,goiania,176528,8751,RES MIKADO I,,R  RIE7,"R RIE7  CASA 01 , BAIRRO RES ITAIPÚ I",2,2,2,1,1
AUTO_ALIAS_1A1_TOTAIS_IGUAIS,goiania,302816,8683,RES MILAGRE 2013,,R  FL7,"R FL7 CASA 01 , BAIRRO PRQ DAS FLORES",2,2,2,1,1
AUTO_ALIAS_1A1_TOTAIS_IGUAIS,goiania,201130,6610,RES. MILAGRE SOUZA,,R  COELHO NETO,"R COELHO NETO  CASA 01 , BAIRRO JD VILA BOA",2,2,2,1,1
AUTO_ALIAS_1A1_TOTAIS_IGUAIS,goiania,169785,2093,RES MILEO I,,R  RI7,"R RI7  CASA 01 , BAIRRO RES ITAIPÚ",3,3,3,1,1
AUTO_ALIAS_1A1_TOTAIS_IGUAIS,goiania,347797,7082,RES MILRALI,,R  JOANNA ANTONIA DO DESTERRO,"R JOANNA ANTONIA DO DESTERRO CASA 01 , BAIRRO RES VALE DO ARAGUAIA",2,2,2,1,1
AUTO_ALIAS_1A1_TOTAIS_IGUAIS,goiania,90532,9566,RES MIRABEL,,R  POTENGI,"R POTENGI  CASA 01 , BAIRRO JD MIRABEL",2,2,2,1,1
AUTO_ALIAS_1A1_TOTAIS_IGUAIS,goiania,167640,6849,RES MIRANDA DO PRADO W_14,,R  W14,"R W14  CASA 01 , BAIRRO JD ITAIPÚ",2,2,2,1,1
AUTO_ALIAS_1A1_TOTAIS_IGUAIS,goiania,361154,7949,RES MIRANTE,,R  BM1,"R BM1 CASA 01 , BAIRRO RES BRISAS DA MATA",2,2,2,1,1
AUTO_ALIAS_1A1_TOTAIS_IGUAIS,goiania,99053,2387,RES MIRO RODRIGUES I,,R  DOS IPES,"R DOS IPES  CASA 01 , BAIRRO VLG MARINGÁ",3,3,3,1,1
AUTO_ALIAS_1A1_TOTAIS_IGUAIS,goiania,209585,11476,RES MISANI I,,R  VALLE GRANDE,"R VALLE GRANDE  CASA 01 , BAIRRO S TRÊS MARIAS",2,2,2,1,1
AUTO_ALIAS_1A1_TOTAIS_IGUAIS,goiania,294787,8275,RES MIZUKAMI 82.17,,R  SANTOS DUMONT,"R SANTOS DUMONT CASA 01 , BAIRRO JD GUANABARA",4,4,4,1,1
AUTO_ALIAS_1A1_TOTAIS_IGUAIS,goiania,202088,12261,RES M J MARCAL,,R  F61,"R F61  CASA 02 , BAIRRO LOT FAIÇALVILLE",2,2,2,1,1
AUTO_ALIAS_1A1_TOTAIS_IGUAIS,goiania,133247,8631,RES M&M 10.11,,R  JOAO JOSE DE OLIVEIRA,"R JOAO JOSE DE OLIVEIRA  CASA 02 , BAIRRO RES YTAPUÃ",2,2,2,1,1
AUTO_ALIAS_1A1_TOTAIS_IGUAIS,goiania,155153,6165,RES.M MARQUES,,R  SB12,"R SB12  CASA 02 , BAIRRO RES SOLAR BOUGAINVILLE",2,2,2,1,1
AUTO_ALIAS_1A1_TOTAIS_IGUAIS,goiania,218459,7764,RES M.M.B.I,,R  VB34,"R VB34  CASA 01 , BAIRRO RES VEREDA DOS BURITIS",2,2,2,1,1
AUTO_ALIAS_1A1_TOTAIS_IGUAIS,goiania,340454,8017,RES MM BLACH III,,AV JOSE MARTINS GUERRA,"AV JOSE MARTINS GUERRA CASA 01 , BAIRRO JD BALNEÁRIO MEIA PONTE",2,2,2,1,1
AUTO_ALIAS_1A1_TOTAIS_IGUAIS,goiania,342345,7556,RES MM BLACK I,,R  AB13,"R AB13 CASA 01 , BAIRRO RES ALICE BARBOSA",2,2,2,1,1
AUTO_ALIAS_1A1_TOTAIS_IGUAIS,goiania,59572,8614,RES MM BLACK  IX,,R  DO FAROL,"R DO FAROL LT22 CS01 , BAIRRO LOT RECANTO BARRAVENTO",2,2,2,1,1
AUTO_ALIAS_1A1_TOTAIS_IGUAIS,goiania,59428,8536,RES MM BLACK V,,R  FN13,"R FN13 LT 21 CS 01 , BAIRRO JD FONTE NOVA",2,2,2,1,1
AUTO_ALIAS_1A1_TOTAIS_IGUAIS,goiania,329780,8603,RES MM BLACK VI,,R  AB13,"R AB13 CASA 01 , BAIRRO RES ALICE BARBOSA",2,2,2,1,1
AUTO_ALIAS_1A1_TOTAIS_IGUAIS,goiania,347061,9256,RES MM BLACK XII,,R  LIBANIA BARBOSA,"R LIBANIA BARBOSA CASA 01 , BAIRRO RES ANTÔNIO BARBOSA",2,2,2,1,1
AUTO_ALIAS_1A1_TOTAIS_IGUAIS,goiania,348049,9101,RES MM BLACK XIII,,R  LIBANIA BARBOSA,"R LIBANIA BARBOSA CASA 01 , BAIRRO RES ANTÔNIO BARBOSA",2,2,2,1,1
AUTO_ALIAS_1A1_TOTAIS_IGUAIS,goiania,301587,9220,RES MM BLACK XVL,,R  MARCELO PORTELA,"R FL42  CASA 01 , BAIRRO RES DAS ACÁCIAS",2,2,2,1,1
AUTO_ALIAS_1A1_TOTAIS_IGUAIS,goiania,155342,9163,RES M.M.B.V,,AV ORLANDO MARQUES DE ABREU,"AV ORLANDO MARQUES DE ABREU  CASA 01 , BAIRRO JD ELI FORTE",2,2,2,1,1
AUTO_ALIAS_1A1_TOTAIS_IGUAIS,goiania,338975,14110,RES M M C,,R  28,"R 25 , BAIRRO JD GOIÁS",2,2,2,1,1
AUTO_ALIAS_1A1_TOTAIS_IGUAIS,goiania,126224,2162,RES M M DE LIMA II,,R  HOMERO R. FILHO,"R HOMERO R. FILHO  CASA 01 , BAIRRO RES SÃO MARCOS",2,2,2,1,1
AUTO_ALIAS_1A1_TOTAIS_IGUAIS,goiania,303130,6311,RES MM FRANCA I,,R  OM17,"R OM17 CASA 01 , BAIRRO RES ORLANDO DE MORAIS",3,3,3,1,1
AUTO_ALIAS_1A1_TOTAIS_IGUAIS,goiania,319177,6312,RES MM FRANCA V,,R  AB11,"R AB11 CASA 1 , BAIRRO RES ALICE BARBOSA",3,3,3,1,1
AUTO_ALIAS_1A1_TOTAIS_IGUAIS,goiania,252756,6653,RES MM FRANCA VI,,R  AB2,"R AB2 CASA 01 , BAIRRO RES ALICE BARBOSA",2,2,2,1,1
AUTO_ALIAS_1A1_TOTAIS_IGUAIS,goiania,251052,6902,RES MM FRANCA VII,,R  OM18,"R OM23 CASA 04 , BAIRRO RES ORLANDO DE MORAIS",4,4,4,1,1
AUTO_ALIAS_1A1_TOTAIS_IGUAIS,goiania,355088,5324,RES MM ITALIA XV,,AV ODICIA MORAIS,"AV ODICIA MORAIS C-1 , BAIRRO RES ORLANDO DE MORAIS",2,2,2,1,1
AUTO_ALIAS_1A1_TOTAIS_IGUAIS,goiania,267637,5514,RES MM ITALIA XVI,,R  AB11,"R AB11 C-1 , BAIRRO RES ALICE BARBOSA",3,3,3,1,1
AUTO_ALIAS_1A1_TOTAIS_IGUAIS,goiania,316205,5926,RES MM ITALIA XVX,,R  AB11,"R AB11 CASA 01 , BAIRRO RES ALICE BARBOSA",2,2,2,1,1
AUTO_ALIAS_1A1_TOTAIS_IGUAIS,goiania,357209,7211,RES MM ITALIA XVXI,,R  AB12,"R AB12 CASA 01 , BAIRRO RES ALICE BARBOSA",2,2,2,1,1
AUTO_ALIAS_1A1_TOTAIS_IGUAIS,goiania,303020,7212,RES MM ITALIA XVXII,,R  AB17,"R AB17 CASA 01 , BAIRRO RES ALICE BARBOSA",2,2,2,1,1
AUTO_ALIAS_1A1_TOTAIS_IGUAIS,goiania,57942,5692,RES MM ITALIA XXII,,R  FN23,"R FN23 LT 01 CASA 01 , BAIRRO JD FONTE NOVA",2,2,2,1,1
AUTO_ALIAS_1A1_TOTAIS_IGUAIS,goiania,198115,7380,RES MMM 2,,R  MMM2,"R MMM2  CASA 01 , BAIRRO S TRÊS MARIAS",2,2,2,1,1
AUTO_ALIAS_1A1_TOTAIS_IGUAIS,goiania,139363,10396,RES MOACIR BERNARDINO III,,R  MONS MOACIR BERNARDINO,"R MONS MOACIR BERNARDINO  CASA 02 , BAIRRO JD SÃO JOSÉ",2,2,2,1,1
AUTO_ALIAS_1A1_TOTAIS_IGUAIS,goiania,143492,7207,RES MOCAMBIQUE,,R  DR LAURO DA VEIGA JARDIM,"R DR LAURO DA VEIGA JARDIM  CASA 01 , BAIRRO JD SÃO JOSÉ",2,2,2,1,1
AUTO_ALIAS_1A1_TOTAIS_IGUAIS,goiania,132316,10922,RES MODESTO I,,R  DAS HORTENCIAS,"R DAS HORTENSIAS  CASA-01 , BAIRRO BRO JARDIM BOTÂNICO",2,2,2,1,1
AUTO_ALIAS_1A1_TOTAIS_IGUAIS,goiania,161918,9331,RES MOINHO DAS FLORES,,R  R15,"R R15  CASA 01 , BAIRRO RES VILLAGE SANTA RITA III",2,2,2,1,1
AUTO_ALIAS_1A1_TOTAIS_IGUAIS,goiania,219260,6422,RES MOINHO DAS FLORES III,,AV TORONTO,"AV TORONTO  CASA01 , BAIRRO LOT MOINHO DOS VENTOS",2,2,2,1,1
AUTO_ALIAS_1A1_TOTAIS_IGUAIS,goiania,224750,12250,RES MOINHO DAS FLORES IX,,R  PITANGUY,"R PITANGUY  CASA 02 , BAIRRO BRO SANTA RITA",2,2,2,1,1
AUTO_ALIAS_1A1_TOTAIS_IGUAIS,goiania,220834,11139,RES MOINHO III,,R  MDV43,"R MDV43  CASA 01 , BAIRRO LOT MOINHO DOS VENTOS",2,2,2,1,1
AUTO_ALIAS_1A1_TOTAIS_IGUAIS,goiania,223362,9390,RES MOINHO PEIXOTO,,R  MDV24,"R MDV24  CASA 01 , BAIRRO LOT MOINHO DOS VENTOS",2,2,2,1,1
AUTO_ALIAS_1A1_TOTAIS_IGUAIS,goiania,124341,7378,RES MOISES DE SA,,R  SM4,"R SM4  CASA 01 , BAIRRO RES SÃO MARCOS",2,2,2,1,1
AUTO_ALIAS_1A1_TOTAIS_IGUAIS,goiania,81979,13637,RES.MONINI I,,R  JR10,"R JR10  CASA 01 , BAIRRO JD REAL",2,2,2,1,1
AUTO_ALIAS_1A1_TOTAIS_IGUAIS,goiania,76387,12892,RES MONIZE NASCIMENTO,,R  RD7,"R RD7  CASA01 , BAIRRO RES DEZOPI",3,3,3,1,1
AUTO_ALIAS_1A1_TOTAIS_IGUAIS,goiania,82050,4983,RES MONIZE NASCIMENTO I,,R  JOAQUIM ALVES VIEIRA,"R SEBASTIANA FAUSTA DA SILVA  CASA 01 , BAIRRO RES PILAR DOS SONHOS",3,3,3,1,1
AUTO_ALIAS_1A1_TOTAIS_IGUAIS,goiania,139581,1702,RES MONSENHOR VIEIRA II,,R  MONS PRIMO VIEIRA,"R MONS PRIMO VIEIRA  CASA 01 , BAIRRO JD SÃO JOSÉ",2,2,2,1,1
AUTO_ALIAS_1A1_TOTAIS_IGUAIS,goiania,143801,10698,RES MONS.PRIMO,,R  MONS PRIMO VIEIRA,"R MONS PRIMO VIEIRA 01      CASA 1 , BAIRRO JD SÃO JOSÉ",2,2,2,1,1
AUTO_ALIAS_1A1_TOTAIS_IGUAIS,goiania,238217,10059,RES. MONTE ALEGRE,,R  C235,"R C179  CASA-02 , BAIRRO BRO NOVA SUIÇA",3,3,3,1,1
AUTO_ALIAS_1A1_TOTAIS_IGUAIS,goiania,126784,1731,RES MONTE CASTRO III,,R  SM20,"R SM20  CASA 01 , BAIRRO RES SÃO MARCOS",2,2,2,1,1
AUTO_ALIAS_1A1_TOTAIS_IGUAIS,goiania,123690,13355,RES MONTE CASTRO VELOSO,,R  SM7,"R SM7  CASA 01 , BAIRRO RES SÃO MARCOS",2,2,2,1,1
AUTO_ALIAS_1A1_TOTAIS_IGUAIS,goiania,317778,8064,RES. MONTE DAS OLIVEIRAS I,,R  MARIA GABRIELA DE JESUS,"R MARIA GABRIELA DE JESUS APT 01 , BAIRRO RES VALE DO ARAGUAIA",4,4,4,1,1
AUTO_ALIAS_1A1_TOTAIS_IGUAIS,goiania,320641,5985,RES MONTE DAS OLIVEIRAS II,,R  MARIA GABRIELA DE JESUS,"R MARIA GABRIELA DE JESUS APT 01T , BAIRRO RES VALE DO ARAGUAIA",4,4,4,1,1
AUTO_ALIAS_1A1_TOTAIS_IGUAIS,goiania,250686,11732,RES. MONTE DAS OLIVEIRAS II,,R  SAO JOAO DEL REI,"R UBERABA CASA 01 , BAIRRO S LESTE UNIVERSITÁRIO",4,4,4,1,1
AUTO_ALIAS_1A1_TOTAIS_IGUAIS,goiania,15831,6055,RES MONTEIRO,,R  JOAO VICENTE DO NASCIMENTO,"R JOAO VICENTE DO NASCIMENTO LT 13 CS 01 , BAIRRO S MORADA DO SOL",2,2,2,1,1
AUTO_ALIAS_1A1_TOTAIS_IGUAIS,goiania,94566,7366,RES MONTEIRO,,R  2B,"R 2B  CASA 01 , BAIRRO RES CIDADE VERDE",2,2,2,1,1
AUTO_ALIAS_1A1_TOTAIS_IGUAIS,goiania,200123,7931,RES MONTEIRO DE SOUZA,,R  PRESIDENTE HEUSS,"R PRESIDENTE HEUSS  CASA 01 , BAIRRO JD PRESIDENTE",2,2,2,1,1
AUTO_ALIAS_1A1_TOTAIS_IGUAIS,goiania,130952,1188,RES MONTEIRO DOS SANTOS,,R  GP5,"R GP5  CASA 1 , BAIRRO RES GOYAZ PARK",3,3,3,1,1
AUTO_ALIAS_1A1_TOTAIS_IGUAIS,goiania,124714,5458,RES.MONTEIRO LOPES,,R  DESOR. EMILIO FLEURY DE BRITO,"R DESOR. EMILIO FLEURY DE BRITO  CASA 01 , BAIRRO JD MARQUES DE ABREU",2,2,2,1,1
AUTO_ALIAS_1A1_TOTAIS_IGUAIS,goiania,219209,5790,RES. MONTE LIBANO I,,R  MDV29,"R MDV29  CASA-01 , BAIRRO LOT MOINHO DOS VENTOS",2,2,2,1,1
AUTO_ALIAS_1A1_TOTAIS_IGUAIS,goiania,142101,2316,RES MONTE PASCOAL,,R  RMP22,"R RMP22  CASA 01 , BAIRRO RES MONTE PASCOAL",2,2,2,1,1
AUTO_ALIAS_1A1_TOTAIS_IGUAIS,goiania,139548,6850,RES MONTE PASCOAL I,,AV GERCINA BORGES TEIXEIRA,"AV GERCINA BORGES TEIXEIRA  CASA 02 , BAIRRO RES MONTE PASCOAL",2,2,2,1,1
AUTO_ALIAS_1A1_TOTAIS_IGUAIS,goiania,253014,7456,RES MONTES CLAROS,,R  BH6,"R BH6 CASA 01 , BAIRRO RES MONTES CLAROS",2,2,2,1,1
AUTO_ALIAS_1A1_TOTAIS_IGUAIS,goiania,223026,13760,RES MONTREAL I,,AV MONTREAL,"AV MONTREAL  CASA 01 , BAIRRO RES CANADÁ",2,2,2,1,1
AUTO_ALIAS_1A1_TOTAIS_IGUAIS,goiania,188656,7658,RES MORADA AFONSO LEAO II,,R  DO XAREU,"R DO XAREU  CASA 01 , BAIRRO JD ATLÂNTICO",2,2,2,1,1
AUTO_ALIAS_1A1_TOTAIS_IGUAIS,goiania,188655,7659,RES MORADA AFONSO LEAO III,,R  DO XAREU,"R DO XAREU  CASA 01 , BAIRRO JD ATLÂNTICO",2,2,2,1,1
AUTO_ALIAS_1A1_TOTAIS_IGUAIS,goiania,290771,10056,RES. MORADA ALBUQUERQUE I,,R  FL46,"R FL46 CASA 01 , BAIRRO PRQ DAS FLORES",3,3,3,1,1
AUTO_ALIAS_1A1_TOTAIS_IGUAIS,goiania,329817,12080,RES. MORADA ALIRIO II,,R  DO BOSQUE,"R DO BOSQUE CASA 01 , BAIRRO RES RECANTO DO BOSQUE",2,2,2,1,1
AUTO_ALIAS_1A1_TOTAIS_IGUAIS,goiania,177628,10442,RES MORADA ALVES ABADIA I,,R  RI16,"R RI16 S/N     CASA 01 , BAIRRO RES ITAIPÚ",3,3,3,1,1
AUTO_ALIAS_1A1_TOTAIS_IGUAIS,goiania,319200,2323,RES MORADA ALVES BARBOSA I,,R  BM25,"R BM25 CASA 02 , BAIRRO RES BRISAS DA MATA",2,2,2,1,1
AUTO_ALIAS_1A1_TOTAIS_IGUAIS,goiania,139999,3290,RES MORADA ANA BORGES,,R  RMP19,"R RMP19  CASA 02 , BAIRRO RES MONTE PASCOAL",2,2,2,1,1
AUTO_ALIAS_1A1_TOTAIS_IGUAIS,goiania,141543,2107,RES MORADA ANA BORGES II,,AV SAO BERNARDO,"AV SAO BERNARDO CASA 01 , BAIRRO RES MONTE PASCOAL",2,2,2,1,1
AUTO_ALIAS_1A1_TOTAIS_IGUAIS,goiania,26663,8054,RES MORADA ANDRADE RIBEIRO III,,R  BOREAL,"R BOREAL LT 04 CS 01 , BAIRRO S MORADA DO SOL",2,2,2,1,1
AUTO_ALIAS_1A1_TOTAIS_IGUAIS,goiania,27903,7833,RES MORADA ANDRADE RIBEIRO IV,,R  LINDA VISTA,"R LINDA VISTA LT 05 CS 01 , BAIRRO S MORADA DO SOL",2,2,2,1,1
AUTO_ALIAS_1A1_TOTAIS_IGUAIS,goiania,285734,8933,RES MORADA ANDRADE RIBEIRO V,,R  UBERLANDIA,"R UBERLANDIA SOB 01 , BAIRRO JD GUANABARA",3,3,3,1,1
AUTO_ALIAS_1A1_TOTAIS_IGUAIS,goiania,158386,10974,RES. MORADA ANTONIO GONCALVES I,,R  AGENOR ALVES DE OLIVEIRA,"R AGENOR ALVES DE OLIVEIRA  CASA01 , BAIRRO RES KÁTIA",2,2,2,1,1
AUTO_ALIAS_1A1_TOTAIS_IGUAIS,goiania,369186,6069,RES. MORADA AUGUSTO COUTINHO I,,AL DA MATA,"AL DA MATA CASA 01 , BAIRRO RES BRISAS DA MATA",2,2,2,1,1
AUTO_ALIAS_1A1_TOTAIS_IGUAIS,goiania,154869,8306,RES MORADA AURORA VIEIRA I,,R  SR8,"R SR8  CASA01 , BAIRRO PRQ SANTA RITA",2,2,2,1,1
AUTO_ALIAS_1A1_TOTAIS_IGUAIS,goiania,136823,10578,RES MORADA AZEVEDO DE CARVALHO III,,R  JOSE ERNESTO MORAES,"R JOSE ERNESTO MORAES  CASA 01 , BAIRRO RES BUENA VISTA IV",2,2,2,1,1
AUTO_ALIAS_1A1_TOTAIS_IGUAIS,goiania,178966,5191,RES MORADA BOAZ ESTRELA DE GRAJAU,,R  G12,"R G12  CASA 02 , BAIRRO S GRAJAÚ",2,2,2,1,1
AUTO_ALIAS_1A1_TOTAIS_IGUAIS,goiania,178395,8580,RES MORADA BOAZ ESTRELA DE GRAJAU V,,R  G5,"R G5  CASA 01 , BAIRRO S GRAJAÚ",2,2,2,1,1
AUTO_ALIAS_1A1_TOTAIS_IGUAIS,goiania,178932,9473,RES MORADA BOAZ ESTRELA DE GRAJAU VI,,R  G5,"R G5  CASA 01 , BAIRRO S GRAJAÚ",2,2,2,1,1
AUTO_ALIAS_1A1_TOTAIS_IGUAIS,goiania,181498,6579,RES MORADA BOAZ ESTRELA DE IPANEMA,,R  I-3,"R I-3  C-1 , BAIRRO JD IPANEMA",2,2,2,1,1
AUTO_ALIAS_1A1_TOTAIS_IGUAIS,goiania,95745,7488,RES MORADA BORGES DE OLIVEIRA I,,R  2,"R 2  CASA 01 , BAIRRO RES CIDADE VERDE",2,2,2,1,1
AUTO_ALIAS_1A1_TOTAIS_IGUAIS,goiania,114790,6197,RES MORADA CAMILO DE OLIVEIRA VI,,R  2,"R DONA ASMERINDA  CASA 01 , BAIRRO LOT SOLANGE PARQUE I",3,3,3,1,1
AUTO_ALIAS_1A1_TOTAIS_IGUAIS,goiania,197068,8120,RES MORADA CAMILO DE OLIVEIRA VII,,R  CASSIMIRO DE ABREU,"R CASSIMIRO DE ABREU  CASA 01 , BAIRRO BRO ANHANGÜERA",2,2,2,1,1
AUTO_ALIAS_1A1_TOTAIS_IGUAIS,goiania,140104,4548,RES.MORADA CASA ELDORADO I,,R  ELO33,"R ELO33  CASA 01 , BAIRRO PRQ ELDORADO OESTE",2,2,2,1,1
AUTO_ALIAS_1A1_TOTAIS_IGUAIS,goiania,142905,5626,RES MORADA CASA RODRIGUES I,,R  ELO27,"R ELO27  CASA 01 , BAIRRO PRQ ELDORADO OESTE",2,2,2,1,1
AUTO_ALIAS_1A1_TOTAIS_IGUAIS,goiania,363870,6216,RES MORADA CLINTON CUNHA VII,,R  RB6,"R RB6 C-1 , BAIRRO RES RECANTO DO BOSQUE",2,2,2,1,1
AUTO_ALIAS_1A1_TOTAIS_IGUAIS,goiania,326018,6214,RES MORADA CLINTON CUNHA X,,R  RB2,"R RB2 C-1 , BAIRRO RES RECANTO DO BOSQUE",2,2,2,1,1
AUTO_ALIAS_1A1_TOTAIS_IGUAIS,goiania,341436,7745,RES. MORADA C. NOVAIS I,,R  RIO BABILONIA,"R RIO BABILONIA CASA 02 , BAIRRO RES RIO JORDÃO",2,2,2,1,1
AUTO_ALIAS_1A1_TOTAIS_IGUAIS,goiania,175418,6219,RES MORADA CORDEIRO DA SILVA I,,R  AC7,"R AC7  CASA 01 , BAIRRO RES ANA CLARA",2,2,2,1,1
AUTO_ALIAS_1A1_TOTAIS_IGUAIS,goiania,178429,6980,RES MORADA CORDEIRO DA SILVA II,,R  GRAJAU,"R GRAJAU  CASA 01 , BAIRRO S GRAJAÚ",2,2,2,1,1
AUTO_ALIAS_1A1_TOTAIS_IGUAIS,goiania,332564,7169,RES MORADA COUTRIN DE ALBUQUERQUE IX,,R  VA1,"R VA1 CASA 01 , BAIRRO VLG ATALAIA",2,2,2,1,1
AUTO_ALIAS_1A1_TOTAIS_IGUAIS,goiania,360964,7168,RES MORADA COUTRIN DE ALBUQUERQUE VIII,,R  MARIA BENEDITA SIQUEIRA,"R MARIA BENEDITA SIQUEIRA  CASA 01 , BAIRRO RES DAS ACÁCIAS",2,2,2,1,1
AUTO_ALIAS_1A1_TOTAIS_IGUAIS,goiania,382020,8630,RES MORADA COUTRIN DE ALBUQUERQUE X,,AV DOM PEDRO II,"AV DOM PEDRO II CASA 01 , BAIRRO VL JARDIM POMPÉIA",3,3,3,1,1
AUTO_ALIAS_1A1_TOTAIS_IGUAIS,goiania,388594,10428,RES. MORADA COUTRIN DE ALBUQUERQUE XI,,R  W3,"R W3 CASA 01 , BAIRRO RES MORADA DO IPÊ",2,2,2,1,1
AUTO_ALIAS_1A1_TOTAIS_IGUAIS,goiania,170450,7959,RES MORADA DA FORTUNA I,,R  W15,"R W15  CASA 01 , BAIRRO JD ITAIPÚ",2,2,2,1,1
AUTO_ALIAS_1A1_TOTAIS_IGUAIS,goiania,138545,1668,RES MORADA DA MATA,,R  RMP7,"R RMP7  CASA 02 , BAIRRO RES MONTE PASCOAL",2,2,2,1,1
AUTO_ALIAS_1A1_TOTAIS_IGUAIS,goiania,383480,2333,RES MORADA DA SILVA CUNHA II,,R  RB14,"R RB14 CASA 01 , BAIRRO RES RECANTO DO BOSQUE",2,2,2,1,1
AUTO_ALIAS_1A1_TOTAIS_IGUAIS,goiania,145928,13745,RES MORADA DIEGO,,R  C22,"R C22  CASA 01 , BAIRRO BRO JARDIM AMÉRICA",2,2,2,1,1
AUTO_ALIAS_1A1_TOTAIS_IGUAIS,goiania,314099,11081,RES. MORADA DO ADRIANO I,,R  MINAS GERAIS,"R MINAS GERAIS CASA 02 , BAIRRO RES LUCY PINHEIRO",2,2,2,1,1
AUTO_ALIAS_1A1_TOTAIS_IGUAIS,goiania,317201,6856,RES MORADA DO BOSQUE III,,R  MA5,"R MA5 CASA 01 , BAIRRO RES OLINDA",2,2,2,1,1
AUTO_ALIAS_1A1_TOTAIS_IGUAIS,goiania,312634,8318,RES MORADA DO IPE,,R  W2,"R W2 CASA 01 , BAIRRO RES MORADA DO IPÊ",2,2,2,1,1
AUTO_ALIAS_1A1_TOTAIS_IGUAIS,goiania,170732,11468,RES MORADA DO LUAR,,R  49,"R 78 S/N     CASA-01 , BAIRRO CON DAS ESMERALDAS",2,2,2,1,1
AUTO_ALIAS_1A1_TOTAIS_IGUAIS,goiania,325416,7762,RES MORADA DO PEIXE,,R  RIO DO PEIXE,"R RIO DO PEIXE CASA 02 , BAIRRO RES RIO JORDÃO",2,2,2,1,1
AUTO_ALIAS_1A1_TOTAIS_IGUAIS,goiania,371778,6864,RES MORADA DO RIO JARDAO I,,R  RIO BABILONIA,"R RIO BABILONIA CASA 02 , BAIRRO RES RIO JORDÃO",2,2,2,1,1
AUTO_ALIAS_1A1_TOTAIS_IGUAIS,goiania,208369,12609,RES. MORADA DOS COLIBRIS IV,,R  F5,"R F5  CASA 01 , BAIRRO LOT FAIÇALVILLE",2,2,2,1,1
AUTO_ALIAS_1A1_TOTAIS_IGUAIS,goiania,265043,8469,RES MORADA DOS SONHOS I,,AV ANTONIO BARBOSA,"AV ANTONIO BARBOSA CASA 01 , BAIRRO RES ALICE BARBOSA",2,2,2,1,1
AUTO_ALIAS_1A1_TOTAIS_IGUAIS,goiania,314129,8381,RES MORADA DOS SONHOS XXI,,R  AIMORES,"R AIMORES CASA 01 , BAIRRO LOT SHANGRY-LA",5,5,5,1,1
AUTO_ALIAS_1A1_TOTAIS_IGUAIS,goiania,178754,4063,RES MORADA DRUMON FALCAO I,,VIAGABRIEL NASCENTE,"VIAGABRIEL NASCENTE  CASA 01 , BAIRRO S AMIM CAMARGO",3,3,3,1,1
AUTO_ALIAS_1A1_TOTAIS_IGUAIS,goiania,170815,2338,RES MORADA ELISAMAR_I,,R  BARRA DO PIRAI,"R BARRA DO PIRAI  CASA 01 , BAIRRO RES CAMPOS DOURADOS",2,2,2,1,1
AUTO_ALIAS_1A1_TOTAIS_IGUAIS,goiania,207296,7611,RES MORADA EMILIANO DOS SANTOS I,,R  GALICIA,"R GALICIA  SOB 01 , BAIRRO S TRÊS MARIAS",3,3,3,1,1
AUTO_ALIAS_1A1_TOTAIS_IGUAIS,goiania,360398,11096,RES MORADA ESTRELA LUDWIG I,,R  BM7,"R BM7 CASA 01 , BAIRRO RES BRISAS DA MATA",2,2,2,1,1
AUTO_ALIAS_1A1_TOTAIS_IGUAIS,goiania,310796,8583,RES MORADA FAZENDA LADEIRA I,,R  H14,"R H14  CASA 1 , BAIRRO GLEBA",2,2,2,1,1
AUTO_ALIAS_1A1_TOTAIS_IGUAIS,goiania,152522,2471,RES. MORADA FELIZ II,,R  SRM4,"R SRM1  CASA 02 , BAIRRO VLG SANTA RITA",2,2,2,1,1
AUTO_ALIAS_1A1_TOTAIS_IGUAIS,goiania,346498,8696,RES. MORADA GOIS OLIVEIRA I,,R  2,"R 2 CASA 01 , BAIRRO RES PAULO ESTRELA",2,2,2,1,1
AUTO_ALIAS_1A1_TOTAIS_IGUAIS,goiania,176508,2672,RES.MORADA GOMES DE CASTRO I,,R  RI16,"R RI16  CASA 01 , BAIRRO RES ITAIPÚ",3,3,3,1,1
AUTO_ALIAS_1A1_TOTAIS_IGUAIS,goiania,180004,7774,RES MORADA GOMES DE CASTRO VII,,R  JCA12,"R JCA14  CASA 01 , BAIRRO JD CARAVELAS 1ª ETAPA",4,4,4,1,1
AUTO_ALIAS_1A1_TOTAIS_IGUAIS,goiania,258935,10530,RES. MORADA GONCALVES DE AZEVEDO I,,R  AB11,"R AB11 CASA01 , BAIRRO RES ALICE BARBOSA",2,2,2,1,1
AUTO_ALIAS_1A1_TOTAIS_IGUAIS,goiania,19791,7061,RES MORADA HENRIQUE JORGE SILVA III,,R  ROSICLER,"R ROSICLER LT 19 CS 01 , BAIRRO S MORADA DO SOL",2,2,2,1,1
AUTO_ALIAS_1A1_TOTAIS_IGUAIS,goiania,23589,8169,RES MORADA HENRIQUE JORGE SILVA VI,,R  GUARAI,"R GUARAI CASA 01 , BAIRRO S ESTRELA DALVA",2,2,2,1,1
AUTO_ALIAS_1A1_TOTAIS_IGUAIS,goiania,22277,8625,RES MORADA HENRIQUE JORGE SILVA VII,,R  PINHEIROS,"R PINHEIROS CASA 01 , BAIRRO S ESTRELA DALVA",2,2,2,1,1
AUTO_ALIAS_1A1_TOTAIS_IGUAIS,goiania,30360,8962,RES MORADA HENRIQUE JORGE SILVA VIII,,R  ED3,"R ED3 CASA 01 , BAIRRO S ESTRELA DALVA",2,2,2,1,1
AUTO_ALIAS_1A1_TOTAIS_IGUAIS,goiania,39215,6916,RES MORADA HOLANDA RAPOSO I,,R  VF69,"R VF69 LT 43 CS 1 E 2 , BAIRRO VL FINSOCIAL",2,2,2,1,1
AUTO_ALIAS_1A1_TOTAIS_IGUAIS,goiania,33687,7851,RES MORADA HOLANDA RAPOSO II,,R  JH23,"R JH23 LT S/N . , BAIRRO JD DAS HORTÊNCIAS",2,2,2,1,1
AUTO_ALIAS_1A1_TOTAIS_IGUAIS,goiania,160351,14041,RES MORADA JARDIM ALPHAVILLE,,R  JAV5,"R JAV5  CASA 01 , BAIRRO JD ALPHAVILLE",2,2,2,1,1
AUTO_ALIAS_1A1_TOTAIS_IGUAIS,goiania,201043,9210,RES MORADA JNB BOA II,,R  PADRE FEIJO,"R PADRE FEIJO  CASA 01 , BAIRRO JD VILA BOA",2,2,2,1,1
AUTO_ALIAS_1A1_TOTAIS_IGUAIS,goiania,208760,7751,RES MORADA JNB PRESIDENTE I,,AV PRESIDENTE EPITACIO PESSOA,"AV PRESIDENTE DUTRA  CASA 01 , BAIRRO JD PRESIDENTE - EXTENSÃO III",2,2,2,1,1
AUTO_ALIAS_1A1_TOTAIS_IGUAIS,goiania,200085,8428,RES MORADA JNB PRESIDENTE II,,AV PRESIDENTE WASHINGTON LUIZ,"AV PRESIDENTE WASHINGTON LUIZ  CASA 1 , BAIRRO JD PRESIDENTE",2,2,2,1,1
AUTO_ALIAS_1A1_TOTAIS_IGUAIS,goiania,371805,6050,RES MORADA JORGE DA SILVA I,,R  BM27,"R BM27 CASA 02 , BAIRRO RES BRISAS DA MATA",2,2,2,1,1
AUTO_ALIAS_1A1_TOTAIS_IGUAIS,goiania,21971,6436,RES MORADA JORGE DA SILVA II,,R  GUARAI,"R GUARAI CASA 01 , BAIRRO S ESTRELA DALVA",2,2,2,1,1
AUTO_ALIAS_1A1_TOTAIS_IGUAIS,goiania,22903,6770,RES MORADA JORGE SILVA I,,R  GUARAI,"R GUARAI CASA 01 , BAIRRO S ESTRELA DALVA",2,2,2,1,1
AUTO_ALIAS_1A1_TOTAIS_IGUAIS,goiania,17731,7370,RES MORADA JORGE SILVA IV,,R  GUARAI,"R GUARAI CASA 01 , BAIRRO S ESTRELA DALVA",2,2,2,1,1
AUTO_ALIAS_1A1_TOTAIS_IGUAIS,goiania,147354,6596,RES MORADA JOSE SOARES I,,R  C149,"R C149  SOBRADO 01 , BAIRRO BRO JARDIM AMÉRICA",2,2,2,1,1
AUTO_ALIAS_1A1_TOTAIS_IGUAIS,goiania,22051,4546,RES.MORADA KAROLYNE ALVES VII,,R  MS2,"R MS2 LT 23 CS 02 , BAIRRO S MORADA DO SOL",2,2,2,1,1
AUTO_ALIAS_1A1_TOTAIS_IGUAIS,goiania,17821,5279,RES MORADA KAROLYNE AMARAL XXI,,R  ANDRELINA MONTEIRO,"R ANDRELINA MONTEIRO LT 15 CS 01 , BAIRRO S PARQUE TREMENDÃO",2,2,2,1,1
AUTO_ALIAS_1A1_TOTAIS_IGUAIS,goiania,18445,5278,RES MORADA KAROLYNE AMARAL XXIII,,R  ANDRELINA MONTEIRO,"R ANDRELINA MONTEIRO LT 16 CS 01 , BAIRRO S PARQUE TREMENDÃO",2,2,2,1,1
AUTO_ALIAS_1A1_TOTAIS_IGUAIS,goiania,19044,5277,RES MORADA KAROLYNE AMARAL XXIV,,R  ANDRELINA MONTEIRO,"R ANDRELINA MONTEIRO LT 17 CS 01 , BAIRRO S PARQUE TREMENDÃO",2,2,2,1,1
AUTO_ALIAS_1A1_TOTAIS_IGUAIS,goiania,26604,11101,RES.MORADA KENNEDY EDUARDO I,,R  FERNANDES,"R FERNANDES CASA 01 , BAIRRO S ESTRELA DALVA",2,2,2,1,1
AUTO_ALIAS_1A1_TOTAIS_IGUAIS,goiania,23282,12725,RES MORADA KERGINALDO I,,R  ED9,"R ED9 CASA 01 , BAIRRO S ESTRELA DALVA",2,2,2,1,1
AUTO_ALIAS_1A1_TOTAIS_IGUAIS,goiania,181569,7191,RES MORADA LEIDIANE FERREIRA I,,AV FRANCA,"R IMPERIAL  C-1 , BAIRRO JD IPANEMA",3,3,3,1,1
AUTO_ALIAS_1A1_TOTAIS_IGUAIS,goiania,328636,8170,RES MORADA LGS JAO I,,R  J59,"R J59 SOBRADO 2 , BAIRRO S JAÓ",2,2,2,1,1
AUTO_ALIAS_1A1_TOTAIS_IGUAIS,goiania,167100,5248,RES MORADA LUA DE IPANEMA I,,R  RI29,"R RI29  CASA01 , BAIRRO RES ITAIPÚ",2,2,2,1,1
AUTO_ALIAS_1A1_TOTAIS_IGUAIS,goiania,60292,2563,RES.MORADA LUDWIG BARBOSA 03,,R  RP9,"R RP9 LT 03 CS 02 , BAIRRO RES RECREIO PANORAMA",2,2,2,1,1
AUTO_ALIAS_1A1_TOTAIS_IGUAIS,goiania,100730,6957,RES MORADA MAANAIN I,,R  LRM10,"R LRM10  CASA 01 , BAIRRO RES TUZIMOTO",2,2,2,1,1
AUTO_ALIAS_1A1_TOTAIS_IGUAIS,goiania,100065,6245,RES MORADA MAANAIN II,,R  LRM10,"R LRM10  CASA 01 , BAIRRO RES TUZIMOTO",2,2,2,1,1
AUTO_ALIAS_1A1_TOTAIS_IGUAIS,goiania,314323,6260,RES.MORADA MARCIANO DA SILVA I,,R  BM1,"R BM1 CASA 01 , BAIRRO RES BRISAS DA MATA",2,2,2,1,1
AUTO_ALIAS_1A1_TOTAIS_IGUAIS,goiania,160170,10865,RES MORADA MARQUES XIII,,R  LAGOA FORMOSA,"R LAGOA FORMOSA  CASA 01 , BAIRRO RES SANTA FÉ",2,2,2,1,1
AUTO_ALIAS_1A1_TOTAIS_IGUAIS,goiania,142484,13118,RES.MORADA MARQUES XXII,,R  ELPIDIO RODRIGUES,"R ELPIDIO RODRIGUES  CASA 01 , BAIRRO RES BUENA VISTA III",2,2,2,1,1
AUTO_ALIAS_1A1_TOTAIS_IGUAIS,goiania,166750,13559,RES MORADA MARQUES XXV,,R  RI8,"R RI8  CASA 01 , BAIRRO RES ITAIPÚ",3,3,3,1,1
AUTO_ALIAS_1A1_TOTAIS_IGUAIS,goiania,167134,14219,RES MORADA MARQUES XXVI,,R  RI7,"R RI7  CASA 01 , BAIRRO RES ITAIPÚ",3,3,3,1,1
AUTO_ALIAS_1A1_TOTAIS_IGUAIS,goiania,130986,9959,RES. MORADA MARQUES XXVIII,,R  DOS JASMINS,"R DOS JASMINS  CASA 01 , BAIRRO RES DELLA PENA",3,3,3,1,1
AUTO_ALIAS_1A1_TOTAIS_IGUAIS,goiania,329634,7947,RES MORADA MARTINS E SOUZA I,,R  LP3,"R LP3 SN      CASA 01 , BAIRRO RES LUCY PINHEIRO",2,2,2,1,1
AUTO_ALIAS_1A1_TOTAIS_IGUAIS,goiania,327513,7689,RES MORADA MARTINS E SOUZA II,,R  LP3,"R LP3 CASA 01 , BAIRRO RES LUCY PINHEIRO",2,2,2,1,1
AUTO_ALIAS_1A1_TOTAIS_IGUAIS,goiania,245962,6670,RES MORADA MARTINS E SOUZA III,,R  MINAS GERAIS,"R LP2 CASA 01 , BAIRRO RES LUCY PINHEIRO",2,2,2,1,1
AUTO_ALIAS_1A1_TOTAIS_IGUAIS,goiania,189863,7573,RES MORADA NETA REZENDE I,,R  DOUTOR JOAQUIM TAVEIRA,"R DOUTOR JOAQUIM TAVEIRA NS      SOB 01 2PV , BAIRRO VL ROSA",2,2,2,1,1
AUTO_ALIAS_1A1_TOTAIS_IGUAIS,goiania,210938,10708,RES MORADA PEDRO MARTINS I,,R  DO MANGANES,"R DO MANGANES  SOB01 , BAIRRO PRQ OESTE INDUSTRIAL",3,3,3,1,1
AUTO_ALIAS_1A1_TOTAIS_IGUAIS,goiania,17159,6142,RES MORADA PEREIRA CAMPOS XI,,R  JOAO VICENTE DO NASCIMENTO,"R JOAO VICENTE DO NASCIMENTO LT S/N CS 01 , BAIRRO S MORADA DO SOL",2,2,2,1,1
AUTO_ALIAS_1A1_TOTAIS_IGUAIS,goiania,294727,8414,RES MORADA PEREIRA DA SILVA XII,,R  J72,"R J72 SOBRADO 01 , BAIRRO S JAÓ",2,2,2,1,1
AUTO_ALIAS_1A1_TOTAIS_IGUAIS,goiania,181093,6365,RES MORADA PEREIRA JUNIOR I,,R  ESPANHA,"R ESPANHA  CASA 01 , BAIRRO S CRISTINA",3,3,3,1,1
AUTO_ALIAS_1A1_TOTAIS_IGUAIS,goiania,116195,13186,RES.MORADA PONTA NEGRA III,,R  2,"R 2  CASA01 , BAIRRO RES PONTA NEGRA",2,2,2,1,1
AUTO_ALIAS_1A1_TOTAIS_IGUAIS,goiania,178979,6363,RES MORADA PROSPERA,,R  GRAJAU,"R GRAJAU SN      CASA02 , BAIRRO S GRAJAÚ",2,2,2,1,1
AUTO_ALIAS_1A1_TOTAIS_IGUAIS,goiania,177165,13656,RES MORADA RICA,,R  AC5,"R AC5  CASA 01 , BAIRRO RES ANA CLARA",2,2,2,1,1
AUTO_ALIAS_1A1_TOTAIS_IGUAIS,goiania,386452,8835,RES MORADA RICARDO OLIVEIRA I,,R  JOAO BORGES DA MATTA,"R JOAO BORGES DA MATTA CASA 01 , BAIRRO RES VALE DO ARAGUAIA",2,2,2,1,1
AUTO_ALIAS_1A1_TOTAIS_IGUAIS,goiania,297119,6152,RES MORADA RITA ALVES BARBOSA XXII,,R  MLK,"R MLK CASA 01 , BAIRRO RES VALE DOS SONHOS I",2,2,2,1,1
AUTO_ALIAS_1A1_TOTAIS_IGUAIS,goiania,359158,6090,RES MORADA RITA ALVES BARBOSA XXIII,,R  CCL,"R CCL CASA 01 , BAIRRO RES VALE DOS SONHOS I",2,2,2,1,1
AUTO_ALIAS_1A1_TOTAIS_IGUAIS,goiania,340464,7075,RES MORADA RITA ALVES BARBOSA XXIV,,R  BENEDITO PESTANA,"R BENEDITO PESTANA  C-1 , BAIRRO JD BALNEÁRIO MEIA PONTE",2,2,2,1,1
AUTO_ALIAS_1A1_TOTAIS_IGUAIS,goiania,25896,7290,RES MORADA RITA ALVES BARBOSA XXV,,R  ED4,"R ED4 C-1 , BAIRRO S ESTRELA DALVA",2,2,2,1,1
AUTO_ALIAS_1A1_TOTAIS_IGUAIS,goiania,28834,7441,RES MORADA RITA ALVES BARBOSA XXVII,,R  LINDA VISTA,"R LINDA VISTA LT 62 CS 01 , BAIRRO S MORADA DO SOL",2,2,2,1,1
AUTO_ALIAS_1A1_TOTAIS_IGUAIS,goiania,59898,12257,RES. MORADA RITA ELIETE I,,R  FN40,"R FN40 LT 26 CS 01 , BAIRRO JD FONTE NOVA",2,2,2,1,1
AUTO_ALIAS_1A1_TOTAIS_IGUAIS,goiania,40120,5541,RES MORADA RJ2 I,,R  JH4,"R JH4 LT 06 CS 01 , BAIRRO JD DAS HORTÊNCIAS",2,2,2,1,1
AUTO_ALIAS_1A1_TOTAIS_IGUAIS,goiania,22612,8957,RES MORADA ROBERTO DE REZENDE I,,R  18 DE NOVEMBRO,"R 18 DE NOVEMBRO CASA 01 , BAIRRO S ESTRELA DALVA",2,2,2,1,1
AUTO_ALIAS_1A1_TOTAIS_IGUAIS,goiania,181391,8315,RES MORADA ROCHA ROSA I,,R  ALMIRANTE TAMANDARE,"R ALMIRANTE TAMANDARE  CASA 01 , BAIRRO S ANDRÉIA",2,2,2,1,1
AUTO_ALIAS_1A1_TOTAIS_IGUAIS,goiania,181497,2413,RES MORADA ROSA DO NASCIMENTO VI,,R  I-3,"R I-3 NS      CASA 01 , BAIRRO JD IPANEMA",2,2,2,1,1
AUTO_ALIAS_1A1_TOTAIS_IGUAIS,goiania,117174,9125,RES MORADA ROSA SOARES DE OLIVEIRA II,,R  ARMANDO DE SALES,"R ARMANDO DE SALES  CASA 03 , BAIRRO PRQ INDUSTRIAL JOÃO BRAZ",3,3,3,1,1
AUTO_ALIAS_1A1_TOTAIS_IGUAIS,goiania,21209,5525,RES MORADA SANTANA COUTINHO I,,R  16 DE MAIO,"R 16 DE MAIO C-1 , BAIRRO S ESTRELA DALVA",2,2,2,1,1
AUTO_ALIAS_1A1_TOTAIS_IGUAIS,goiania,264536,7771,RES MORADA SANTANA COUTINHO III,,R  W3,"R W3 CASA 01 , BAIRRO RES MORADA DO IPÊ",2,2,2,1,1
AUTO_ALIAS_1A1_TOTAIS_IGUAIS,goiania,49424,7080,RES MORADA SANTANA RODRIGUES I,,R  HM2,"R HM2 LT S/N CASA 01 , BAIRRO RES HUGO DE MORAES",2,2,2,1,1
AUTO_ALIAS_1A1_TOTAIS_IGUAIS,goiania,179912,1704,RES MORADA SELVA I,,R  G8,"R G8  CASA 01 , BAIRRO S GRAJAÚ",2,2,2,1,1
AUTO_ALIAS_1A1_TOTAIS_IGUAIS,goiania,284924,9003,RES MORADA SEVERINO III,,R  RIO GRANDE,"R RIO GRANDE CASA 02 , BAIRRO RES RIO JORDÃO",2,2,2,1,1
AUTO_ALIAS_1A1_TOTAIS_IGUAIS,goiania,210362,5322,RES MORADA SILVA ALEXANDRE I,,AL ALCIDES DE ARAUJO ROMAO,"AL ALCIDES DE ARAUJO ROMAO  CASA 01 , BAIRRO LOT FAIÇALVILLE",2,2,2,1,1
AUTO_ALIAS_1A1_TOTAIS_IGUAIS,goiania,208356,6120,RES MORADA SILVA ALEXANDRE II,,R  F4,"R F4  CASA 01 , BAIRRO LOT FAIÇALVILLE",2,2,2,1,1
AUTO_ALIAS_1A1_TOTAIS_IGUAIS,goiania,64152,8307,RES MORADA SILVA CANDIDO I,,R  BV6B,"R BV6B CASA 01 , BAIRRO BRO BOA VISTA",2,2,2,1,1
AUTO_ALIAS_1A1_TOTAIS_IGUAIS,goiania,197972,6740,RES MORADA SILVA LEAO I,,R  DO ATUM,"R DO ATUM  C-1 , BAIRRO JD ATLÂNTICO",2,2,2,1,1
AUTO_ALIAS_1A1_TOTAIS_IGUAIS,goiania,315096,7262,RES MORADA SILVA NETO I,,R  BM1,"R BM1 CASA 01 , BAIRRO RES BRISAS DA MATA",2,2,2,1,1
AUTO_ALIAS_1A1_TOTAIS_IGUAIS,goiania,310947,9234,RES MORADA SILVA NETO II,,R  BM1,"R BM1 CASA 01 , BAIRRO RES BRISAS DA MATA",2,2,2,1,1
AUTO_ALIAS_1A1_TOTAIS_IGUAIS,goiania,29963,14367,RES MORADA SOARES DE AQUINO II,,R  19 DE NOVEMBRO,"R 19 DE NOVEMBRO C-1 , BAIRRO S ESTRELA DALVA",2,2,2,1,1
AUTO_ALIAS_1A1_TOTAIS_IGUAIS,goiania,259541,5247,RES MORADA SOARES DE OLIVEIRA,,R  J21,"R J21 SOB01 , BAIRRO S JAÓ",2,2,2,1,1
AUTO_ALIAS_1A1_TOTAIS_IGUAIS,goiania,280981,8553,RES MORADA SOARES JAO I,,AV RIO BRANCO,"AV RIO BRANCO SOBRADO 02 , BAIRRO S JAÓ",2,2,2,1,1
AUTO_ALIAS_1A1_TOTAIS_IGUAIS,goiania,125745,4606,RES.MORADA SOARES LUA MARCOS I,,R  SM29,"R SM29  CASA 01 , BAIRRO RES SÃO MARCOS",2,2,2,1,1
AUTO_ALIAS_1A1_TOTAIS_IGUAIS,goiania,207162,2375,RES MORADA SOARES MARIA I,,R  GIBRALTAR,"R GIBRALTAR  CASA01 , BAIRRO S TRÊS MARIAS",2,2,2,1,1
AUTO_ALIAS_1A1_TOTAIS_IGUAIS,goiania,148717,7755,RES MORADA VALDEREIS II,,R  C160,"R C160  SOB 01 , BAIRRO BRO JARDIM AMÉRICA",2,2,2,1,1
AUTO_ALIAS_1A1_TOTAIS_IGUAIS,goiania,136328,1509,RES MORADA VIEIRA GOMES I,,R  ELO16,"R ELO16  CASA01 , BAIRRO PRQ ELDORADO OESTE",2,2,2,1,1
AUTO_ALIAS_1A1_TOTAIS_IGUAIS,goiania,374702,7831,RES MORADA WS JAO II,,R  J62,"R J62 SOBRADO 01 , BAIRRO S JAÓ",2,2,2,1,1
AUTO_ALIAS_1A1_TOTAIS_IGUAIS,goiania,394958,8812,RES MORADA WS JOAO III,,R  J66,"R J66 SOBRADO 02 , BAIRRO S JAÓ",2,2,2,1,1
AUTO_ALIAS_1A1_TOTAIS_IGUAIS,goiania,146071,2288,RES MORADA WS X,,R  C151A,"R C151A  CASA01 ESQ C180 , BAIRRO BRO JARDIM AMÉRICA",3,3,3,1,1
AUTO_ALIAS_1A1_TOTAIS_IGUAIS,goiania,28784,7579,RES MORAES DIAS I,,R  DAS BROMELIAS,"R DAS BROMELIAS CASA 01 , BAIRRO RES ESTRELA D'ALVA",2,2,2,1,1
AUTO_ALIAS_1A1_TOTAIS_IGUAIS,goiania,359232,8842,RES MORAES DIAS III,,R  BM15,"R BM15 CASA 01 , BAIRRO RES BRISAS DA MATA",2,2,2,1,1
AUTO_ALIAS_1A1_TOTAIS_IGUAIS,goiania,275763,10088,RES. MORAES E PENHA,,AV CRISTO REI,"AV CRISTO REI S/N     SOB 01 , BAIRRO S JAÓ",3,3,3,1,1
AUTO_ALIAS_1A1_TOTAIS_IGUAIS,goiania,252874,5689,RES MORAIS-271,,AV MORAIS,"R OM18 CASA 01 , BAIRRO RES ORLANDO DE MORAIS",3,3,3,1,1
AUTO_ALIAS_1A1_TOTAIS_IGUAIS,goiania,309337,6539,RES MORAIS-272,,AV MORAIS,"AV MORAIS CASA 01 , BAIRRO RES ORLANDO DE MORAIS",3,3,3,1,1
AUTO_ALIAS_1A1_TOTAIS_IGUAIS,goiania,125209,7551,RES MORAIS 397,,R  SM2,"R SM2  CASA 01 , BAIRRO RES SÃO MARCOS",2,2,2,1,1
AUTO_ALIAS_1A1_TOTAIS_IGUAIS,goiania,127250,8365,RES MORAIS 686,,R  CP21,"R CP21  CASA 02 , BAIRRO LOT CAROLINA PARQUE",2,2,2,1,1
AUTO_ALIAS_1A1_TOTAIS_IGUAIS,goiania,183044,6759,RES MORAIS E CABRAL RESIDENCE I,,R  GRAJAU,"R GRAJAU  CASA 01 , BAIRRO S GRAJAÚ",2,2,2,1,1
AUTO_ALIAS_1A1_TOTAIS_IGUAIS,goiania,166747,7976,RES MORAIS LEITE RESIDENCI,,R  RI8,"R RI8  CASA 01 , BAIRRO RES ITAIPÚ",2,2,2,1,1
AUTO_ALIAS_1A1_TOTAIS_IGUAIS,goiania,194179,1498,RES MORAIS SILVA,,R  NAVARRA,"R NAVARRA  CASA 01 , BAIRRO JD EUROPA",2,2,2,1,1
AUTO_ALIAS_1A1_TOTAIS_IGUAIS,goiania,222347,7410,RES. MORAR MOINHO DOS VENTOS,,R  MDV7,"R MDV7  CASA 01 , BAIRRO LOT MOINHO DOS VENTOS",2,2,2,1,1
AUTO_ALIAS_1A1_TOTAIS_IGUAIS,goiania,242815,5841,RES. MORATO,,R  T27,"R T27 S/N     C 3 , BAIRRO S BUENO",4,4,4,1,1
AUTO_ALIAS_1A1_TOTAIS_IGUAIS,goiania,146053,1707,RES MORATO DE MELO,,R  C120,"R C120  CASA 01 , BAIRRO BRO JARDIM AMÉRICA",2,2,2,1,1
AUTO_ALIAS_1A1_TOTAIS_IGUAIS,goiania,264589,14344,RES MOREIRA,,R  DA CONSTITUICAO,"R DIAMANTINA CASA 01 , BAIRRO VL JARDIM POMPÉIA",5,5,5,1,1
AUTO_ALIAS_1A1_TOTAIS_IGUAIS,goiania,257809,7227,RES. MOREIRA,,R  DONA EMILIA,"R DONA EMILIA SOB 02 , BAIRRO JD BELA VISTA",2,2,2,1,1
AUTO_ALIAS_1A1_TOTAIS_IGUAIS,goiania,127583,8910,RES MOREIRA 356.143,,R  SM27,"R SM27  CASA 01 , BAIRRO RES SÃO MARCOS",2,2,2,1,1
AUTO_ALIAS_1A1_TOTAIS_IGUAIS,goiania,170458,8930,RES MOREIRA 358.602,,R  W15,"R W15  CASA 01 , BAIRRO JD ITAIPÚ",3,3,3,1,1
AUTO_ALIAS_1A1_TOTAIS_IGUAIS,goiania,170256,2168,RES MOREIRA 40,,R  RI6,"R RI6  CASA 01 , BAIRRO RES ITAIPÚ",3,3,3,1,1
AUTO_ALIAS_1A1_TOTAIS_IGUAIS,goiania,177819,4964,RES.MOREIRA 42,,R  RI32,"R RI32  CASA 01 , BAIRRO RES ITAIPÚ",4,4,4,1,1
AUTO_ALIAS_1A1_TOTAIS_IGUAIS,goiania,125476,7857,RES MOREIRA 6835,,R  SM1,"R SM1  CASA 02 , BAIRRO RES SÃO MARCOS",2,2,2,1,1
AUTO_ALIAS_1A1_TOTAIS_IGUAIS,goiania,28372,9157,RES MOREIRA ALCANTARA X,,R  VF8,"R VF8 LT 06 CS 01 , BAIRRO VL FINSOCIAL",2,2,2,1,1
AUTO_ALIAS_1A1_TOTAIS_IGUAIS,goiania,181375,7944,RES MOREIRA DE OLIVEIRA,,R  SUECIA,"R 9 DE JULHO  CASA 01 , BAIRRO S ANDRÉIA",3,3,3,1,1
AUTO_ALIAS_1A1_TOTAIS_IGUAIS,goiania,356056,8350,RES MOREIRA I,,R  DONA EMILIA,"R DONA EMILIA CASA 01 , BAIRRO JD BELA VISTA",2,2,2,1,1
AUTO_ALIAS_1A1_TOTAIS_IGUAIS,goiania,233362,13368,RES MOREIRA II,,R  MUIRAQUITA,"R MUIRAQUITA  CASA 01 , BAIRRO PRQ AMAZÔNIA",2,2,2,1,1
AUTO_ALIAS_1A1_TOTAIS_IGUAIS,goiania,365515,7343,RES MOREIRA MARQUES,,R  LUIZ  GUIMARAES TOLEDO,"R LUIZ GUIMARAES TOLEDO CASA 01 , BAIRRO BRO SANTO HILÁRIO",2,2,2,1,1
AUTO_ALIAS_1A1_TOTAIS_IGUAIS,goiania,33792,6827,RES MOREIRA PAIVA I,,R  SC1,"R SC1 LT 16 CS 01 , BAIRRO JD COLORADO",2,2,2,1,1
AUTO_ALIAS_1A1_TOTAIS_IGUAIS,goiania,34289,7860,RES MOREIRA PAIVA V,,R  SC10,"R SC10 LT 17 CASA 02 , BAIRRO JD COLORADO",2,2,2,1,1
AUTO_ALIAS_1A1_TOTAIS_IGUAIS,goiania,40622,9132,RES MOREIRA PAIVA VI,,R  SC14,"R SC14 LT 08 CASA 01 , BAIRRO JD COLORADO",2,2,2,1,1
AUTO_ALIAS_1A1_TOTAIS_IGUAIS,goiania,197906,8335,RES MOREIRA SANTANA I,,R  DO ATUM,"R DO ATUM  CASA 01 , BAIRRO JD ATLÂNTICO",2,2,2,1,1
AUTO_ALIAS_1A1_TOTAIS_IGUAIS,goiania,33590,8646,RES MOREIRA SILVA,,R  TRANSVERSAL,"R TRANSVERSAL SN CASA 01 , BAIRRO VL MUTIRÃO II",2,2,2,1,1
AUTO_ALIAS_1A1_TOTAIS_IGUAIS,goiania,167142,9012,RES MORENO I,,R  RI7,"R RI7  CASA 01 , BAIRRO RES ITAIPÚ",3,3,3,1,1
AUTO_ALIAS_1A1_TOTAIS_IGUAIS,goiania,200193,6882,RES MOROS I,,R  DOS MOROS,"R DOS MOROS  CASA 01 , BAIRRO S TRÊS MARIAS",2,2,2,1,1
AUTO_ALIAS_1A1_TOTAIS_IGUAIS,goiania,34111,14138,RES MORTAGUA,,R  SPT19,"R SPT19 LT 17 CASA 01 , BAIRRO S PARQUE TREMENDÃO",2,2,2,1,1
AUTO_ALIAS_1A1_TOTAIS_IGUAIS,goiania,136146,9483,RES. MOTA CARDOSO IV,,R  RMP23,"R RMP23  CASA 01 , BAIRRO RES MONTE PASCOAL",3,3,3,1,1
AUTO_ALIAS_1A1_TOTAIS_IGUAIS,goiania,188951,10866,RES. MOTA FILHO I,,R  DO GOLFINHO,"R DO GOLFINHO  CASA 01 , BAIRRO JD ATLÂNTICO",2,2,2,1,1
AUTO_ALIAS_1A1_TOTAIS_IGUAIS,goiania,77952,1570,RES MOTA PEREIRA,,R  18,"R 18 CASA 01 , BAIRRO S SANTOS DUMONT",2,2,2,1,1
AUTO_ALIAS_1A1_TOTAIS_IGUAIS,goiania,146333,1595,RES MOTTA I,,R  C167,"R C167  CASA-01 , BAIRRO BRO JARDIM AMÉRICA",2,2,2,1,1
AUTO_ALIAS_1A1_TOTAIS_IGUAIS,goiania,188510,11445,RES MOURA,,R  DA GAIVOTA,"R DA GAIVOTA  CASA-01 , BAIRRO JD ATLÂNTICO",2,2,2,1,1
AUTO_ALIAS_1A1_TOTAIS_IGUAIS,goiania,200459,7004,RES MOURA CARDOSO,,R  PRESIDENTE WILSON,"R PRESIDENTE WILSON  CASA 01 , BAIRRO JD PRESIDENTE",2,2,2,1,1
AUTO_ALIAS_1A1_TOTAIS_IGUAIS,goiania,278331,13274,RES MOURA DIAS,,R  89C,"R 89C  SOB01 , BAIRRO S SUL",3,3,3,1,1
AUTO_ALIAS_1A1_TOTAIS_IGUAIS,goiania,8562,6578,RES MOURA I,,R  C48,"R C48  SOBRADO 01 , BAIRRO S SUDOESTE",2,2,2,1,1
AUTO_ALIAS_1A1_TOTAIS_IGUAIS,goiania,407915,11862,RES. MOURA RESIDENCE,,R  DEGAS,"R DEGAS  SOBRADO 01 , BAIRRO S GENTIL MEIRELLES",2,2,2,1,1
AUTO_ALIAS_1A1_TOTAIS_IGUAIS,goiania,31927,11712,RES MOURA'S,,R  PN9,"R PN9 LT S/N CS 1 , BAIRRO RES PRIVÊ NORTE",2,2,2,1,1
AUTO_ALIAS_1A1_TOTAIS_IGUAIS,goiania,223281,7426,RES MOV 25.31,,R  MDV17,"R MDV17  CASA 02 , BAIRRO LOT MOINHO DOS VENTOS",2,2,2,1,1
AUTO_ALIAS_1A1_TOTAIS_IGUAIS,goiania,219515,8286,RES MOV MESQUITA,,R  MDV28,"R MDV28  CASA 01 , BAIRRO LOT MOINHO DOS VENTOS",2,2,2,1,1
AUTO_ALIAS_1A1_TOTAIS_IGUAIS,goiania,133771,7767,RES MP 10 12,,R  IRMA CIBELE DE AQUINO SALES,"R IRMA CIBELE DE AQUINO SALES  CASA 01 , BAIRRO RES MONTE PASCOAL",2,2,2,1,1
AUTO_ALIAS_1A1_TOTAIS_IGUAIS,goiania,139996,7940,RES MP 17.34,,R  RMP20,"R RMP20  CASA 01 , BAIRRO RES MONTE PASCOAL",2,2,2,1,1
AUTO_ALIAS_1A1_TOTAIS_IGUAIS,goiania,182309,8293,RES M.P.C.,,R  PRESIDENTE TYLER,"R PRESIDENTE TYLER  CASA02 , BAIRRO S GARAVELO",2,2,2,1,1
AUTO_ALIAS_1A1_TOTAIS_IGUAIS,goiania,166814,8527,RES M´PEREIRA E SILVA RESIDENCI I,,R  RI15,"R RI15  CASA 01 , BAIRRO RES ITAIPÚ",2,2,2,1,1
AUTO_ALIAS_1A1_TOTAIS_IGUAIS,goiania,164878,7798,RES M REZENDE E SILVA RESIDENCI I,,AV ELI ALVES FORTES,"AV ELI ALVES FORTES  CASA 01 , BAIRRO RES SANTA FÉ I",2,2,2,1,1
AUTO_ALIAS_1A1_TOTAIS_IGUAIS,goiania,181496,2339,RES M ROSA DO NASCIMENTO V,,R  I-3,"R I-3  CASA 01 , BAIRRO JD IPANEMA",2,2,2,1,1
AUTO_ALIAS_1A1_TOTAIS_IGUAIS,goiania,260436,6974,RES MR PARK RESIDENCE VI,,R  9,"R 9  CASA 01 , BAIRRO VL ABAJÁ",3,3,3,1,1
AUTO_ALIAS_1A1_TOTAIS_IGUAIS,goiania,320059,9236,RES MR PARK RESIDENCE VII,,R  BOTICELLI,"R BOTICELLI  SOB 01 , BAIRRO S GENTIL MEIRELLES",3,3,3,1,1
AUTO_ALIAS_1A1_TOTAIS_IGUAIS,goiania,359994,9034,RES M.R.R. I,,R  BM4,"R BM4 CASA 01 , BAIRRO RES BRISAS DA MATA",2,2,2,1,1
AUTO_ALIAS_1A1_TOTAIS_IGUAIS,goiania,195129,3652,RES M S A,,R  SEVILHA,"CASA 01 , BAIRRO JD EUROPA",2,2,2,1,1
AUTO_ALIAS_1A1_TOTAIS_IGUAIS,goiania,249603,1248,RES M S J,,R  JARINA,"R JARINA CASA01 , BAIRRO JD MARILIZA",4,4,4,1,1
AUTO_ALIAS_1A1_TOTAIS_IGUAIS,goiania,195051,12918,RES MSM,,R  BARCELONA,"R BARCELONA  CASA 01 , BAIRRO JD EUROPA",2,2,2,1,1
AUTO_ALIAS_1A1_TOTAIS_IGUAIS,goiania,76377,5845,RES MS PIACENZA,,R  OSVALDO DE ALBUQUERQUE,"R OSVALDO DE ALBUQUERQUE  C-1 , BAIRRO RES PILAR DOS SONHOS",2,2,2,1,1
AUTO_ALIAS_1A1_TOTAIS_IGUAIS,goiania,80003,2883,RES MS RIMINI,,R  RITA ALVES MONTEIRO,"R RITA ALVES MONTEIRO  CASA 01 , BAIRRO RES PILAR DOS SONHOS",2,2,2,1,1
AUTO_ALIAS_1A1_TOTAIS_IGUAIS,goiania,94095,1747,RES MS TRIKALA,,R  TUPIS,"R TUPIS  CASA 01 , BAIRRO RES PETRÓPOLIS",2,2,2,1,1
AUTO_ALIAS_1A1_TOTAIS_IGUAIS,goiania,165428,6030,RES. M'TAVARES RESIDENCE IV,,AV CRUZEIRO DO SUL,"AV CRUZEIRO DO SUL  CASA 01 , BAIRRO RES SANTA FÉ I",2,2,2,1,1
AUTO_ALIAS_1A1_TOTAIS_IGUAIS,goiania,165377,10687,RES M.T.S. RES I,,R  DA MISERICORDIA,"R DA MISERICORDIA  CASA01 , BAIRRO RES SANTA FÉ I",2,2,2,1,1
AUTO_ALIAS_1A1_TOTAIS_IGUAIS,goiania,210149,6036,RES. MULLER CABRAL,,R  PRESIDENTE MOLINA,"R PRESIDENTE MOLINA  CASA 02 , BAIRRO JD PRESIDENTE",2,2,2,1,1
AUTO_ALIAS_1A1_TOTAIS_IGUAIS,goiania,164605,11522,RES MUNDIM RIBEIRO X,,R  DAS MARGARIDAS,"R DAS MARGARIDAS  CASA 02 , BAIRRO RES SANTA FÉ I",2,2,2,1,1
AUTO_ALIAS_1A1_TOTAIS_IGUAIS,goiania,233350,1220,RES MURICI,,R  JAUARI,"R JAUARI  CASA-02 , BAIRRO PRQ AMAZÔNIA",2,2,2,1,1
AUTO_ALIAS_1A1_TOTAIS_IGUAIS,goiania,144466,7858,RES MURILO,,R  C32,"R C32  CASA-01 , BAIRRO BRO JARDIM AMÉRICA",2,2,2,1,1
AUTO_ALIAS_1A1_TOTAIS_IGUAIS,goiania,80183,7360,RES.MURILO MARINHO,,R  JB14,"R JB14 CASA01 , BAIRRO JD BONANZA",4,4,4,1,1
AUTO_ALIAS_1A1_TOTAIS_IGUAIS,goiania,153105,11671,RES MURTA,,AV MANGABEIRAS,"AV MANGABEIRAS  CASA 01 , BAIRRO RES RIO VERDE",2,2,2,1,1
AUTO_ALIAS_1A1_TOTAIS_IGUAIS,goiania,217463,7412,RES M' VIEIRA SILVA RESIDENCE I,,R  RT7,"R RT7  CASA 02 , BAIRRO RES TALISMÃ",2,2,2,1,1
AUTO_ALIAS_1A1_TOTAIS_IGUAIS,goiania,160571,5444,RES MV RESIDENCE II,,AV CRUZEIRO DO SUL,"R DOS SONHOS  CASA01 , BAIRRO RES SANTA FÉ I",2,2,2,1,1
AUTO_ALIAS_1A1_TOTAIS_IGUAIS,goiania,181083,1427,RES MW I,,R  GETULIO VARGAS,"R GETULIO VARGAS  CASA 01 , BAIRRO S CRISTINA",2,2,2,1,1
AUTO_ALIAS_1A1_TOTAIS_IGUAIS,goiania,247594,2275,RES MYLLENE,,R  8,"R 8 S/N     CASA 01 , BAIRRO VL ABAJÁ",5,5,5,1,1
AUTO_ALIAS_1A1_TOTAIS_IGUAIS,goiania,191308,7016,RES NACIONAL,,R  V4,"R V4  SOBRADO 01 , BAIRRO VL REZENDE",3,3,3,1,1
AUTO_ALIAS_1A1_TOTAIS_IGUAIS,goiania,127874,2399,RES NACOES EXTENSAO I,,R  N17,"R N17  CASA 01 , BAIRRO S DAS NAÇÕES EXTENSÃO",2,2,2,1,1
AUTO_ALIAS_1A1_TOTAIS_IGUAIS,goiania,156107,10222,RES. NADIR FERREIRA II,,R  F8,"R F8  CASA 01 , BAIRRO RES FIDÉLIS",2,2,2,1,1
AUTO_ALIAS_1A1_TOTAIS_IGUAIS,goiania,119257,8299,RES NAILA QUEIROZ,,R  PN5,"R PN5  C01 , BAIRRO RES PONTA NEGRA",2,2,2,1,1
AUTO_ALIAS_1A1_TOTAIS_IGUAIS,goiania,132067,12993,RES.NAILA QUEIROZ II,,R  SM1,"R SM1  CASA 01 , BAIRRO RES SÃO MARCOS",2,2,2,1,1
AUTO_ALIAS_1A1_TOTAIS_IGUAIS,goiania,206007,5420,RES.NAKAMURA,,R  PRESIDENTE NILO PECANHA,"R PRESIDENTE NILO PECANHA  CASA 01 , BAIRRO JD PRESIDENTE",2,2,2,1,1
AUTO_ALIAS_1A1_TOTAIS_IGUAIS,goiania,85862,13967,RES NARA CRISTINA,,R  JB11,"R JB11 CASA 01 , BAIRRO JD BONANZA",2,2,2,1,1
AUTO_ALIAS_1A1_TOTAIS_IGUAIS,goiania,222413,7304,RES NARA VI,,R  MDV20,"R MDV20  CASA 01 , BAIRRO LOT MOINHO DOS VENTOS",2,2,2,1,1
AUTO_ALIAS_1A1_TOTAIS_IGUAIS,goiania,322716,11065,RES NARUNA,,R  120A,"R 120  SOBRADO 01 , BAIRRO S SUL",2,2,2,1,1
AUTO_ALIAS_1A1_TOTAIS_IGUAIS,goiania,189466,6678,RES NASCENTE,,R  DA ANCHOVA,"R DA ANCHOVA  CASA 01 , BAIRRO JD ATLÂNTICO",2,2,2,1,1
AUTO_ALIAS_1A1_TOTAIS_IGUAIS,goiania,152514,8852,RES NASCIMENTO,,R  EF10,"R EF10  CASA 01 , BAIRRO JD ELI FORTE - COMPLEMENTO",2,2,2,1,1
AUTO_ALIAS_1A1_TOTAIS_IGUAIS,goiania,368043,9435,RES NASCIMENTO,,R  COQUEIROS,"R CARAIBA CASA 01 , BAIRRO JD MARILIZA",4,4,4,1,1
AUTO_ALIAS_1A1_TOTAIS_IGUAIS,goiania,170622,1940,RES NASCIMENTO REZENDE I,,R  PARATI,"R PARATI  CASA 01 , BAIRRO RES CAMPOS DOURADOS",2,2,2,1,1
AUTO_ALIAS_1A1_TOTAIS_IGUAIS,goiania,176703,6378,RES NASCIMENTO REZENDE I,,R  RI17,"R RI17  C-1 , BAIRRO RES ITAIPÚ",2,2,2,1,1
AUTO_ALIAS_1A1_TOTAIS_IGUAIS,goiania,283450,11558,RES NASCIMENTO SOUSA,,R  SD4,"AL EVA VIEIRA DE ALMEIDA CASA 01 , BAIRRO RES SONHO DOURADO",2,2,2,1,1
AUTO_ALIAS_1A1_TOTAIS_IGUAIS,goiania,116743,10281,RES NATALIA I,,R  PC-10,"R PC-10  CASA 01 , BAIRRO RES DOM RAFAEL",4,4,4,1,1
AUTO_ALIAS_1A1_TOTAIS_IGUAIS,goiania,388392,9672,RES NATHALIA CRISTINA,,R  J61,"R J61 CASA-01 , BAIRRO S JAÓ",3,3,3,1,1
AUTO_ALIAS_1A1_TOTAIS_IGUAIS,goiania,151571,12796,RES. NAVES,,R  C156,"R C156  CASA_1 , BAIRRO BRO JARDIM AMÉRICA",2,2,2,1,1
AUTO_ALIAS_1A1_TOTAIS_IGUAIS,goiania,140725,6239,RES NAVES-26,,R  MADRE RITA BRETAS,"R MADRE RITA BRETAS  CASA01 , BAIRRO JD SÃO JOSÉ",2,2,2,1,1
AUTO_ALIAS_1A1_TOTAIS_IGUAIS,goiania,126092,10789,RES NAVES DE ALMEIDA,,R  DAS CAMELIAS,"R DAS CAMELIAS  CASA 01 , BAIRRO BRO JARDIM BOTÂNICO",2,2,2,1,1
AUTO_ALIAS_1A1_TOTAIS_IGUAIS,goiania,165547,6934,RES N BARBOSA OLIVEIRA RESIDENCE,,R  BOA VISTA,"R BOA VISTA  CASA 01 , BAIRRO RES SANTA FÉ I",2,2,2,1,1
AUTO_ALIAS_1A1_TOTAIS_IGUAIS,goiania,155502,10845,RES. N.C.C.,,AV MARIA CAROLINA,"R FV38  CASA01 , BAIRRO RES FIDÉLIS",2,2,2,1,1
AUTO_ALIAS_1A1_TOTAIS_IGUAIS,goiania,154929,14333,RES N.C.C. I,,R  F13,"R F13  CASA01 , BAIRRO RES FIDÉLIS",3,3,3,1,1
AUTO_ALIAS_1A1_TOTAIS_IGUAIS,goiania,124126,7273,RES.NC MOREIRA RESIDENCI I,,R  N19,"R N19  CASA 01 , BAIRRO S DAS NAÇÕES EXTENSÃO",3,3,3,1,1
AUTO_ALIAS_1A1_TOTAIS_IGUAIS,goiania,221564,9087,RES NEIVA I,,R  VB6,"R VB6  CASA 01 , BAIRRO RES VEREDA DOS BURITIS",2,2,2,1,1
AUTO_ALIAS_1A1_TOTAIS_IGUAIS,goiania,304842,7489,RES NELBEN,,R  SR30,"R SR30 CASA 01 , BAIRRO S RECANTO DAS MINAS GERAIS",2,2,2,1,1
AUTO_ALIAS_1A1_TOTAIS_IGUAIS,goiania,155138,2006,RES NELIANNA,,R  SB24,"R SB24  CASA 01 , BAIRRO RES SOLAR BOUGAINVILLE",2,2,2,1,1
AUTO_ALIAS_1A1_TOTAIS_IGUAIS,goiania,137582,12473,RES NELSON FLEURY II,,R  MONS NELSON FLEURY,"R MONS NELSON FLEURY  CASA 01 , BAIRRO JD SÃO JOSÉ",2,2,2,1,1
AUTO_ALIAS_1A1_TOTAIS_IGUAIS,goiania,105961,6500,RES.NETO-011,,R  LRM11,"R LRM11  CASA 01 , BAIRRO RES TUZIMOTO",2,2,2,1,1
AUTO_ALIAS_1A1_TOTAIS_IGUAIS,goiania,126182,5650,RES.NETO-031,,AL DAS LARANJEIRAS,"AL DAS LARANJEIRAS  CASA 01 , BAIRRO BRO JARDIM BOTÂNICO",3,3,3,1,1
AUTO_ALIAS_1A1_TOTAIS_IGUAIS,goiania,106253,5865,RES NETO 05,,R  RT4A,"R RT4A  CASA 01 , BAIRRO RES TUZIMOTO",2,2,2,1,1
AUTO_ALIAS_1A1_TOTAIS_IGUAIS,goiania,105713,5666,RES. NETO 05,,R  RT4A,"R RT4A  CASA 01 , BAIRRO RES TUZIMOTO",2,2,2,1,1
AUTO_ALIAS_1A1_TOTAIS_IGUAIS,goiania,169722,7750,RES NETO 3916,,R  RI6,"R RI6  CASA 01 , BAIRRO RES ITAIPÚ",2,2,2,1,1
AUTO_ALIAS_1A1_TOTAIS_IGUAIS,goiania,156660,6567,RES NETO-624,,R  F2,"R F2  CASA 01 , BAIRRO RES FIDÉLIS",2,2,2,1,1
AUTO_ALIAS_1A1_TOTAIS_IGUAIS,goiania,102531,6061,RES NETO-969,,R  RT4A,"R RT4A  CASA 01 , BAIRRO RES TUZIMOTO",3,3,3,1,1
AUTO_ALIAS_1A1_TOTAIS_IGUAIS,goiania,23335,7204,RES NETO DIOLINA,,R  DIOLINA BATISTA,"R DIOLINA BATISTA LT 27 . , BAIRRO S PARQUE TREMENDÃO",2,2,2,1,1
AUTO_ALIAS_1A1_TOTAIS_IGUAIS,goiania,270957,6144,RES NETO IV,,R  RB20,"R RB20 CASA 01 , BAIRRO RES RECANTO DO BOSQUE",2,2,2,1,1
AUTO_ALIAS_1A1_TOTAIS_IGUAIS,goiania,389680,8320,RES NETO RB6A,,R  RB6A,"R RB6A CASA 01 , BAIRRO RES RECANTO DO BOSQUE",2,2,2,1,1
AUTO_ALIAS_1A1_TOTAIS_IGUAIS,goiania,29372,8019,RES NETO T 8,,R  T8,"R T8 LT 7 CASA 01 , BAIRRO S MORADA DO SOL",2,2,2,1,1
AUTO_ALIAS_1A1_TOTAIS_IGUAIS,goiania,231412,11741,RES NEUSA RESENDE,,R  DE ITAPOA,"R DE ITAPOA  CASA 01 , BAIRRO JD ATLÂNTICO",2,2,2,1,1
AUTO_ALIAS_1A1_TOTAIS_IGUAIS,goiania,197191,10430,RES NEVES,,R  CASTRO ALVES,"R CASTRO ALVES  SOBRADO 1 , BAIRRO VL REZENDE",2,2,2,1,1
AUTO_ALIAS_1A1_TOTAIS_IGUAIS,goiania,114738,2546,RES NEVES CAPUZZO 01,,R  SP5,"R SP5  CASA 1 , BAIRRO LOT SOLANGE PARQUE COMPLEMENTO",4,4,4,1,1
AUTO_ALIAS_1A1_TOTAIS_IGUAIS,goiania,60642,11262,RES NEVES E LIMA,,R  ALV14,"R ALV14 LT 34 CASA 01 , BAIRRO S ALTO DO VALE",2,2,2,1,1
AUTO_ALIAS_1A1_TOTAIS_IGUAIS,goiania,330305,8030,RES. NEVES I,,R  SR11,"R SR11 CASA 01 , BAIRRO S RECANTO DAS MINAS GERAIS",3,3,3,1,1
AUTO_ALIAS_1A1_TOTAIS_IGUAIS,goiania,292323,7966,RES NEVES & ROSA,,R  FL20,"R FL20 CASA 01 , BAIRRO PRQ DAS FLORES",2,2,2,1,1
AUTO_ALIAS_1A1_TOTAIS_IGUAIS,goiania,322635,1437,RES NEWCASTLE II,,R  RIO CLARO,"R RIO CLARO CASA 01 , BAIRRO RES PAULO ESTRELA",2,2,2,1,1
AUTO_ALIAS_1A1_TOTAIS_IGUAIS,goiania,385540,5745,RES.NEW HOUSE,,R  3,"R 3 C-1 , BAIRRO VL PEDROSO",2,2,2,1,1
AUTO_ALIAS_1A1_TOTAIS_IGUAIS,goiania,310681,5511,RES NEW HOUSE I,,R  11,"R 11 C-1 , BAIRRO RES PAULO ESTRELA",2,2,2,1,1
AUTO_ALIAS_1A1_TOTAIS_IGUAIS,goiania,344105,5646,RES.NEW HOUSE II,,R  7,"R 7 C-1 , BAIRRO RES PAULO ESTRELA",2,2,2,1,1
AUTO_ALIAS_1A1_TOTAIS_IGUAIS,goiania,372221,6043,RES. NEW HOUSE III,,R  CPR3,"R CPR3 CASA 03 , BAIRRO RES COSTA PARANHOS",3,3,3,1,1
AUTO_ALIAS_1A1_TOTAIS_IGUAIS,goiania,313936,6193,RES NEW HOUSE IV,,R  SR53,"R SR53 CASA 01 , BAIRRO S RECANTO DAS MINAS GERAIS",2,2,2,1,1
AUTO_ALIAS_1A1_TOTAIS_IGUAIS,goiania,282951,6317,RES. NEW HOUSE V,,AV DO OURO,"AV DO OURO C-01 , BAIRRO JD ABAPORU",2,2,2,1,1
AUTO_ALIAS_1A1_TOTAIS_IGUAIS,goiania,288901,6577,RES NEW HOUSE VI,,AV PARACATU,"R 10 CASA 01 , BAIRRO VL PEDROSO",3,3,3,1,1
AUTO_ALIAS_1A1_TOTAIS_IGUAIS,goiania,283521,8494,RES. NEW HOUSE VII,,AV FRANCISCO SALES,"AV FRANCISCO SALES CASA 01 , BAIRRO VL PEDROSO",2,2,2,1,1
AUTO_ALIAS_1A1_TOTAIS_IGUAIS,goiania,378359,9792,RES. NEW HOUSE VIII,,AV PARACATU,"R 9 CASA 01 , BAIRRO VL PEDROSO",3,3,3,1,1
AUTO_ALIAS_1A1_TOTAIS_IGUAIS,goiania,311481,8111,RES NEW WORLD I,,R  MALDONADO,"R QUITO CASA 01 , BAIRRO JD NOVO MUNDO",3,3,3,1,1
AUTO_ALIAS_1A1_TOTAIS_IGUAIS,goiania,170639,2064,RES N F SOUZA,,R  PORTO SEGURO,"R PORTO SEGURO  CASA 01 , BAIRRO RES CAMPOS DOURADOS",2,2,2,1,1
AUTO_ALIAS_1A1_TOTAIS_IGUAIS,goiania,243891,1027,RES NICE,,AV T3,"AV T3 42 CASA 1 , BAIRRO S BUENO",2,2,2,1,1
AUTO_ALIAS_1A1_TOTAIS_IGUAIS,goiania,148154,9083,RES NICE V,,R  C174,"R C174  CASA 01 , BAIRRO BRO JARDIM AMÉRICA",2,2,2,1,1
AUTO_ALIAS_1A1_TOTAIS_IGUAIS,goiania,81655,12716,RES NICOLAINE FREITAS,,R  24,"R 24 CASA01 , BAIRRO S SANTOS DUMONT",2,2,2,1,1
AUTO_ALIAS_1A1_TOTAIS_IGUAIS,goiania,201856,12575,RES. NILA I,,R  F58,"R F58  CASA 01 , BAIRRO LOT FAIÇALVILLE",2,2,2,1,1
AUTO_ALIAS_1A1_TOTAIS_IGUAIS,goiania,131172,11431,RES NILSON FERREIRA DE MORAIS I,,R  DAS CAMELIAS,"R DAS CAMELIAS  CASA-01 , BAIRRO BRO JARDIM BOTÂNICO",2,2,2,1,1
AUTO_ALIAS_1A1_TOTAIS_IGUAIS,goiania,27842,9298,RES NILVA ANGICO,,R  ANGICO,"R ANGICO CASA 01 , BAIRRO S ESTRELA DALVA",2,2,2,1,1
AUTO_ALIAS_1A1_TOTAIS_IGUAIS,goiania,233848,7996,RES NITEROI,,R  NITEROI,"R NITEROI  CASA 01 , BAIRRO PRQ AMAZÔNIA",2,2,2,1,1
AUTO_ALIAS_1A1_TOTAIS_IGUAIS,goiania,130906,5854,RES.NIVELAR-13,,R  CP12,"R CP12  CASA 01 , BAIRRO LOT CAROLINA PARQUE",2,2,2,1,1
AUTO_ALIAS_1A1_TOTAIS_IGUAIS,goiania,92905,8974,RES NIZIA DI LOURENZZO,,AV NIZIA FLORESTA,"AV NIZIA FLORESTA  SOB 01 , BAIRRO BRO GOIÁ",2,2,2,1,1
AUTO_ALIAS_1A1_TOTAIS_IGUAIS,goiania,101889,6538,RES N MOREIRA I RESIDENCE,,R  LRM4,"R LRM4  CASA 04 , BAIRRO RES MENDANHA",4,4,4,1,1
AUTO_ALIAS_1A1_TOTAIS_IGUAIS,goiania,159963,6656,RES NOE CARNEIRO BORGES,,R  GOMES DE SANTANA RAMOS,"R GOMES DE SANTANA RAMOS  CASA 01 , BAIRRO RES SANTA FÉ",2,2,2,1,1
AUTO_ALIAS_1A1_TOTAIS_IGUAIS,goiania,187638,11547,RES. NOLETO & ALVES,,R  DO DELFIM,"R DO DELFIM  CASA 01 , BAIRRO JD ATLÂNTICO",2,2,2,1,1
AUTO_ALIAS_1A1_TOTAIS_IGUAIS,goiania,189595,10646,RES. NOLETO ALVES II,,R  DO SALMAO,"R DO SALMAO  CASA01 , BAIRRO JD ATLÂNTICO",2,2,2,1,1
AUTO_ALIAS_1A1_TOTAIS_IGUAIS,goiania,187756,5988,RES NOLETO ALVES IV,,R  DO GUAIAMUM,"R DO GUAIAMUM  CASA 01 , BAIRRO JD ATLÂNTICO",2,2,2,1,1
AUTO_ALIAS_1A1_TOTAIS_IGUAIS,goiania,46959,12229,RES NORTE,,R  B,"R B LT 02 . , BAIRRO JD SANTA CECÍLIA",2,2,2,1,1
AUTO_ALIAS_1A1_TOTAIS_IGUAIS,goiania,156792,7223,RES NOSSA SENHORA AUXILIADORA,,R  JAV22,"R JAV22  CASA 01 , BAIRRO JD ALPHAVILLY I",2,2,2,1,1
AUTO_ALIAS_1A1_TOTAIS_IGUAIS,goiania,106241,7746,RES NOSSA SENHORA DA AJUDA,,R  LRM8,"R LRM8  CASA 01 , BAIRRO RES MENDANHA",2,2,2,1,1
AUTO_ALIAS_1A1_TOTAIS_IGUAIS,goiania,122634,7883,RES NOSSA SENHORA DA APRESENTACAO,,R  CRISTOVAO COLOMBO,"R CRISTOVAO COLOMBO  CASA 01 , BAIRRO PRQ INDUSTRIAL JOÃO BRAZ",3,3,3,1,1
AUTO_ALIAS_1A1_TOTAIS_IGUAIS,goiania,130240,8181,RES NOSSA SENHORA DA BOA NOVA,,R  SANTA CRUZ DE LA SIERRA,"R SANTA CRUZ DE LA SIERRA  CASA 01 , BAIRRO RES NOVA AURORA",2,2,2,1,1
AUTO_ALIAS_1A1_TOTAIS_IGUAIS,goiania,103672,7459,RES NOSSA SENHORA  DE LA SALLETE,,R  RM5,"R RM5  CASA 03 , BAIRRO JD IMPERIAL",3,3,3,1,1
AUTO_ALIAS_1A1_TOTAIS_IGUAIS,goiania,130400,7885,RES NOSSA SENHORA DO BOM CONSELHO,,R  SANTA CRUZ DE LA SIERRA,"R SANTA CRUZ DE LA SIERRA  CASA 01 , BAIRRO RES NOVA AURORA",2,2,2,1,1
AUTO_ALIAS_1A1_TOTAIS_IGUAIS,goiania,125345,8964,RES NOSSA SENHORA DO BRASIL,,AV JOSE RIZZO,"R DOS SUMARES  CASA 01 , BAIRRO VL RIZZO",4,4,4,1,1
AUTO_ALIAS_1A1_TOTAIS_IGUAIS,goiania,146371,1159,RES NOVA AMERICA,,R  C165,"R C165 S/N     CASA01 , BAIRRO BRO JARDIM AMÉRICA",4,4,4,1,1
AUTO_ALIAS_1A1_TOTAIS_IGUAIS,goiania,131500,8394,RES NOVA AURORA 06.07,,R  TARIJA,"R TARIJA  CASA 01 , BAIRRO RES NOVA AURORA",2,2,2,1,1
AUTO_ALIAS_1A1_TOTAIS_IGUAIS,goiania,181577,7496,RES NOVAIS 18,,R  I-4,"R I-4  CASA 01 , BAIRRO JD IPANEMA",2,2,2,1,1
AUTO_ALIAS_1A1_TOTAIS_IGUAIS,goiania,181590,2024,RES NOVAIS IX,,R  I-4,"R I-4  CASA 01 , BAIRRO JD IPANEMA",2,2,2,1,1
AUTO_ALIAS_1A1_TOTAIS_IGUAIS,goiania,51890,9031,RES NOVAIS & NUNES II,,R  HM10,"R HM10 LT 04 CS 01 , BAIRRO RES HUGO DE MORAES",2,2,2,1,1
AUTO_ALIAS_1A1_TOTAIS_IGUAIS,goiania,85923,8145,RES NOVO PETROPOLIS,,R  RIO MEIA PONTE,"R RIO MEIA PONTE  , BAIRRO JD NOVO PETRÓPOLIS",2,2,2,1,1
AUTO_ALIAS_1A1_TOTAIS_IGUAIS,goiania,76942,8895,RES NOVO PETROPOLIS-02.10,,R  RIO MEIA PONTE,"R RIO MEIA PONTE  CASA 01 , BAIRRO JD NOVO PETRÓPOLIS",2,2,2,1,1
AUTO_ALIAS_1A1_TOTAIS_IGUAIS,goiania,77420,8857,RES NOVO PETROPOLIS 02.11,,R  RIO MEIA PONTE,"R RIO MEIA PONTE  CASA 01 , BAIRRO JD NOVO PETRÓPOLIS",2,2,2,1,1
AUTO_ALIAS_1A1_TOTAIS_IGUAIS,goiania,84919,13536,RES.NOVO PETROPOLIS IX,,R  RIO DAS GARCAS,"R RIO DAS GARCAS  CASA 01 , BAIRRO JD NOVO PETRÓPOLIS",2,2,2,1,1
AUTO_ALIAS_1A1_TOTAIS_IGUAIS,goiania,150445,5965,RES NUNES,,R  C241,"R C241 S/N     SOB 01 , BAIRRO BRO JARDIM AMÉRICA",2,2,2,1,1
AUTO_ALIAS_1A1_TOTAIS_IGUAIS,goiania,328970,6460,RES NUNES-034,,R  AB7,"R AB7 CASA 01 , BAIRRO RES ALICE BARBOSA",2,2,2,1,1
AUTO_ALIAS_1A1_TOTAIS_IGUAIS,goiania,346888,4079,RES NUNES 34,,R  MA13,"R MA13 CASA 01 , BAIRRO RES OLINDA",2,2,2,1,1
AUTO_ALIAS_1A1_TOTAIS_IGUAIS,goiania,352700,9084,RES NUNES ARANTES II,,R  JUSCELINO DA FONCECA RIBEIRO,"R JUSCELINO DA FONCECA RIBEIRO CASA 01 , BAIRRO BRO SANTO HILÁRIO",2,2,2,1,1
AUTO_ALIAS_1A1_TOTAIS_IGUAIS,goiania,136212,11596,RES NUNES BITAR XV,,R  IRMA ALICE BITAR,"R IRMA ALICE BITAR  CASA 01 , BAIRRO JD SÃO JOSÉ",2,2,2,1,1
AUTO_ALIAS_1A1_TOTAIS_IGUAIS,goiania,64925,7383,RES NUNES BRAGA V,,R  SC24,"R SC24 CASA 01 , BAIRRO BRO SÃO CARLOS",2,2,2,1,1
AUTO_ALIAS_1A1_TOTAIS_IGUAIS,goiania,269525,3067,RES NUNES DA SILVA I,,R  OM19,"R OM19 CASA02 , BAIRRO RES ORLANDO DE MORAIS",2,2,2,1,1
AUTO_ALIAS_1A1_TOTAIS_IGUAIS,goiania,195943,9002,RES NUNES DE PAIVA,,R  NORUEGA,"R NORUEGA  C02 , BAIRRO JD EUROPA",2,2,2,1,1
AUTO_ALIAS_1A1_TOTAIS_IGUAIS,goiania,240096,1503,RES NUNES IV,,R  1143,"R 1143  SOBRADO 01 , BAIRRO S MARISTA",3,3,3,1,1
AUTO_ALIAS_1A1_TOTAIS_IGUAIS,goiania,128805,8589,RES NUNES NASCIMENTO I,,R  DAS CANDEIAS,"R DAS CANDEIAS  CASA 01 , BAIRRO BRO JARDIM BOTÂNICO",2,2,2,1,1
AUTO_ALIAS_1A1_TOTAIS_IGUAIS,goiania,193422,10080,RES NUNES REIS,,R  CAPRI,"R NAPOLIS  CASA 01 , BAIRRO JD EUROPA",2,2,2,1,1
AUTO_ALIAS_1A1_TOTAIS_IGUAIS,goiania,278229,5202,RES.NUNES ROSA II,,R  LP1,"R LP1 CASA01 , BAIRRO RES LUCY PINHEIRO",2,2,2,1,1
AUTO_ALIAS_1A1_TOTAIS_IGUAIS,goiania,146558,2078,RES NUNES V,,R  C137,"R C137 1590    SOBRADO 01 , BAIRRO BRO JARDIM AMÉRICA",2,2,2,1,1
AUTO_ALIAS_1A1_TOTAIS_IGUAIS,goiania,189820,5524,RES NV-11,,R  DO XERELETE,"R DO XERELETE  CASA 01 , BAIRRO JD ATLÂNTICO",2,2,2,1,1
AUTO_ALIAS_1A1_TOTAIS_IGUAIS,goiania,350449,7435,RES NWL,,VLADA QUADRA 33,"AV D JOSE NEWTON DE A. BATISTA CASA 01 , BAIRRO BRO SANTO HILÁRIO",2,2,2,1,1
AUTO_ALIAS_1A1_TOTAIS_IGUAIS,goiania,220152,12762,RES. OAK GROVE IV,,R  JOAO COELHO,"R JOAO COELHO  CASA-01 , BAIRRO RES TALISMÃ I",2,2,2,1,1
AUTO_ALIAS_1A1_TOTAIS_IGUAIS,goiania,222269,9026,RES OAK GROVE RESIDENCE I,,R  MDV2,"R MDV2 S/N     CASA01 , BAIRRO LOT MOINHO DOS VENTOS",3,3,3,1,1
AUTO_ALIAS_1A1_TOTAIS_IGUAIS,goiania,225648,2577,RES OAK GROVE RESIDENCE III,,R  SR7,"R SR7  CASA 01 , BAIRRO RES SANTA RITA - 4A ETAPA",2,2,2,1,1
AUTO_ALIAS_1A1_TOTAIS_IGUAIS,goiania,157144,1340,RES OAK GROVE XXIV,,R  FV32,"R FV32  CASA 01 , BAIRRO RES FIDÉLIS",2,2,2,1,1
AUTO_ALIAS_1A1_TOTAIS_IGUAIS,goiania,218271,12007,RES OAK GROVE XXIX,,R  CV15,"R CV15  CASA 01 , BAIRRO RES CENTER VILLE",3,3,3,1,1
AUTO_ALIAS_1A1_TOTAIS_IGUAIS,goiania,241066,13076,RES OASIS,,R  T30,"R T30 41      AP 02 , BAIRRO S BUENO",4,4,4,1,1
AUTO_ALIAS_1A1_TOTAIS_IGUAIS,goiania,146711,543,RES OASIS I,,R  C234,"R C234  SOBRADO 2 , BAIRRO BRO JARDIM AMÉRICA",2,2,2,1,1
AUTO_ALIAS_1A1_TOTAIS_IGUAIS,goiania,318368,6475,RES O AVIADOR X,,R  OM21,"R OM21 CASA 01 , BAIRRO RES ORLANDO DE MORAIS",2,2,2,1,1
AUTO_ALIAS_1A1_TOTAIS_IGUAIS,goiania,322923,7393,RES O AVIADOR XI,,R  OM24,"R OM24 CASA 01 , BAIRRO RES ORLANDO DE MORAIS",2,2,2,1,1
AUTO_ALIAS_1A1_TOTAIS_IGUAIS,goiania,325758,8545,RES.O AVIADOR XX,,R  OM11,"R OM11 CASA 01 , BAIRRO RES ORLANDO DE MORAIS",2,2,2,1,1
AUTO_ALIAS_1A1_TOTAIS_IGUAIS,goiania,220552,12650,RES OBC,,R  RC15,"R RC15  CASA 01 , BAIRRO RES CANADÁ",2,2,2,1,1
AUTO_ALIAS_1A1_TOTAIS_IGUAIS,goiania,222398,5506,RES OKAZIMA II,,R  MDV6,"R MDV6  CAS 02 , BAIRRO LOT MOINHO DOS VENTOS",2,2,2,1,1
AUTO_ALIAS_1A1_TOTAIS_IGUAIS,goiania,314334,11300,RES OLAVO,,R  RB13,"R RB13 CASA 01 , BAIRRO RES RECANTO DO BOSQUE",2,2,2,1,1
AUTO_ALIAS_1A1_TOTAIS_IGUAIS,goiania,201411,7505,RES OLAVO BILAC,,AV OLAVO BILAC,"AV OLAVO BILAC SN      CASA 01 , BAIRRO JD VILA BOA",2,2,2,1,1
AUTO_ALIAS_1A1_TOTAIS_IGUAIS,goiania,269190,11501,RES OLAVO LIMA,,R  I,"R I S/N     CASA 03 , BAIRRO S CENTRO OESTE",3,3,3,1,1
AUTO_ALIAS_1A1_TOTAIS_IGUAIS,goiania,307189,1636,RES OLINDA IV,,R  JARINA,"R JARINA CASA01 , BAIRRO JD MARILIZA",2,2,2,1,1
AUTO_ALIAS_1A1_TOTAIS_IGUAIS,goiania,396264,11578,RES. OLIVEIRA,,R  AUGUSTA,"R FABIOLA CASA 01 , BAIRRO VL ROMANA",6,6,6,1,1
AUTO_ALIAS_1A1_TOTAIS_IGUAIS,goiania,58935,7094,RES OLIVEIRA 001,,AV I,"AV I LT 17 . , BAIRRO RES RECREIO PANORAMA",2,2,2,1,1
AUTO_ALIAS_1A1_TOTAIS_IGUAIS,goiania,59046,7138,RES.OLIVEIRA-002,,AV I,"AV I LT 18 . , BAIRRO RES RECREIO PANORAMA",2,2,2,1,1
AUTO_ALIAS_1A1_TOTAIS_IGUAIS,goiania,303124,5690,RES OLIVEIRA-005,,R  OM12,"R OM12 CASA 01 , BAIRRO RES ORLANDO DE MORAIS",2,2,2,1,1
AUTO_ALIAS_1A1_TOTAIS_IGUAIS,goiania,58009,6625,RES. OLIVEIRA-119,,R  RP7,"R RP7 LT S/N CS 01 , BAIRRO RES RECREIO PANORAMA",3,3,3,1,1
AUTO_ALIAS_1A1_TOTAIS_IGUAIS,goiania,133816,5288,RES OLIVEIRA-13,,R  DR CELSO FLEURY,"R DR CELSO FLEURY  CASA 01 , BAIRRO JD SÃO JOSÉ",2,2,2,1,1
AUTO_ALIAS_1A1_TOTAIS_IGUAIS,goiania,165458,7446,RES OLIVEIRA 619,,R  DA MISERICORDIA,"R DA MISERICORDIA  CASA 01 , BAIRRO RES SANTA FÉ I",2,2,2,1,1
AUTO_ALIAS_1A1_TOTAIS_IGUAIS,goiania,13910,7844,RES OLIVEIRA 7781,,R  MARCOS ROBERTO DOS SANTOS,"R MARCOS ROBERTO DOS SANTOS LT 10 CS 01/02 , BAIRRO S PARQUE TREMENDÃO",2,2,2,1,1
AUTO_ALIAS_1A1_TOTAIS_IGUAIS,goiania,255295,10983,RES OLIVEIRA BATISTA,,R  SR50,"R SR50 CASA 1 , BAIRRO S RECANTO DAS MINAS GERAIS",2,2,2,1,1
AUTO_ALIAS_1A1_TOTAIS_IGUAIS,goiania,188767,10040,RES OLIVEIRA CAMPOS,,R  DO GUAJA,"R DO GUAJA  CASA 01 , BAIRRO JD ATLÂNTICO",2,2,2,1,1
AUTO_ALIAS_1A1_TOTAIS_IGUAIS,goiania,363280,11360,RES. OLIVEIRA CAMPOS,,R  2,"R 2 CASA 01 , BAIRRO VL MATILDE",2,2,2,1,1
AUTO_ALIAS_1A1_TOTAIS_IGUAIS,goiania,349896,6819,RES OLIVEIRA CARDOSO II,,R  RB16,"R RB16 CASA 01 , BAIRRO RES RECANTO DO BOSQUE",2,2,2,1,1
AUTO_ALIAS_1A1_TOTAIS_IGUAIS,goiania,76571,1330,RES OLIVEIRA CASTRO,,R  17,"R 4 CASA-01 , BAIRRO S SANTOS DUMONT",3,3,3,1,1
AUTO_ALIAS_1A1_TOTAIS_IGUAIS,goiania,205204,7234,RES OLIVEIRA CAVALCANTE,,R  F5,"R F5  CASA 01 , BAIRRO LOT FAIÇALVILLE",2,2,2,1,1
AUTO_ALIAS_1A1_TOTAIS_IGUAIS,goiania,60783,5925,RES OLIVEIRA DA SILVA I,,R  FN29,"R FN29 LT 37 CS 01 , BAIRRO JD FONTE NOVA",2,2,2,1,1
AUTO_ALIAS_1A1_TOTAIS_IGUAIS,goiania,286455,2204,RES OLIVEIRA DIAS I,,R  BM10,"R BM10 CASA 01 , BAIRRO RES BRISAS DA MATA",2,2,2,1,1
AUTO_ALIAS_1A1_TOTAIS_IGUAIS,goiania,121145,2410,RES OLIVEIRA E SANTOS XV,,AL SANTA RITA,"AL SANTA RITA  CASA 01 , BAIRRO LOT SOLANGE PARQUE COMPLEMENTO",3,3,3,1,1
AUTO_ALIAS_1A1_TOTAIS_IGUAIS,goiania,187407,10079,RES. OLIVEIRA I,,R  DA ESPONJA,"R DA ESPONJA  CASA 01 , BAIRRO JD ATLÂNTICO",2,2,2,1,1
AUTO_ALIAS_1A1_TOTAIS_IGUAIS,goiania,308907,7623,RES. OLIVEIRA LIMA X,,R  FL48,"R FL48 CASA 01 , BAIRRO PRQ DAS FLORES",2,2,2,1,1
AUTO_ALIAS_1A1_TOTAIS_IGUAIS,goiania,300442,13477,RES OLIVEIRA LOBO,,R  GABRIEL NETO AMARANTE,"R GABRIEL NETO AMARANTE CASA 01 , BAIRRO BRO SANTO HILÁRIO",2,2,2,1,1
AUTO_ALIAS_1A1_TOTAIS_IGUAIS,goiania,318943,6811,RES OLIVEIRA MELO,,R  DAS ACACIAS,"R DAS ACACIAS CASA 01 , BAIRRO LOT GOIÂNIA 2",2,2,2,1,1
AUTO_ALIAS_1A1_TOTAIS_IGUAIS,goiania,218912,8592,RES OLIVEIRA MELO II,,R  FP15,"CASA 01 , BAIRRO BRO RECREIO DO FUNCIONÁRIO PUBLICO",2,2,2,1,1
AUTO_ALIAS_1A1_TOTAIS_IGUAIS,goiania,295223,6981,RES OLIVEIRA MORAES RESIDENCI I,,R  AB13,"R AB13 CASA 01 , BAIRRO RES ALICE BARBOSA",2,2,2,1,1
AUTO_ALIAS_1A1_TOTAIS_IGUAIS,goiania,189738,1916,RES OLIVEIRA PAIVA,,R  DO SAVEU,"R DO SAVEU  CASA 01 , BAIRRO JD ATLÂNTICO",2,2,2,1,1
AUTO_ALIAS_1A1_TOTAIS_IGUAIS,goiania,107451,8720,RES. OLIVEIRA & SANTOS,,AV VINICIUS DE MORAES,"AV VINICIUS DE MORAES  CASA 01 , BAIRRO RES TUZIMOTO",2,2,2,1,1
AUTO_ALIAS_1A1_TOTAIS_IGUAIS,goiania,380451,8889,RES. OLIVEIRA SANTOS V,,R  VICENTE DA FONSECA RIBEIRO,"R VICENTE DA FONSECA RIBEIRO CASA 01 , BAIRRO BRO SANTO HILÁRIO",2,2,2,1,1
AUTO_ALIAS_1A1_TOTAIS_IGUAIS,goiania,31538,11234,RES OLIVEIRA SILVA I,,R  C-3,"R C-3 LT S/N . , BAIRRO RES JARDIM CAMARGO",2,2,2,1,1
AUTO_ALIAS_1A1_TOTAIS_IGUAIS,goiania,115968,5878,RES. OLIVEIRA SILVA I,,R  LUCIANO CAPUZZO,"R LUCIANO CAPUZZO  CASA 01 , BAIRRO LOT SOLANGE PARQUE COMPLEMENTO",2,2,2,1,1
AUTO_ALIAS_1A1_TOTAIS_IGUAIS,goiania,157632,9040,RES OLIVEIRA TAVARES I,,R  FV36,"R FV36  CASA 2 , BAIRRO RES FIDÉLIS",2,2,2,1,1
AUTO_ALIAS_1A1_TOTAIS_IGUAIS,goiania,207514,9763,RES OLIVEIRA TELES,,AL ISMERINDO SOARES DE CARVALHO,"AL ISMERINDO SOARES DE CARVALHO  CASA 1 , BAIRRO LOT FAIÇALVILLE",5,5,5,1,1
AUTO_ALIAS_1A1_TOTAIS_IGUAIS,goiania,304793,2057,RES OLIVEIRA V,,R  9,"R 9 CASA 01 , BAIRRO RES PAULO ESTRELA",2,2,2,1,1
AUTO_ALIAS_1A1_TOTAIS_IGUAIS,goiania,319276,6283,RES OM-13,,R  OM13,"R OM13 S/N SOB01 , BAIRRO RES ORLANDO DE MORAIS",2,2,2,1,1
AUTO_ALIAS_1A1_TOTAIS_IGUAIS,goiania,353347,7792,RES OM 17 04,,R  OM18,"R OM18 CASA 01 , BAIRRO RES ORLANDO DE MORAIS",3,3,3,1,1
AUTO_ALIAS_1A1_TOTAIS_IGUAIS,goiania,280237,7779,RES OM-20.14,,R  OM21,"R OM21 SOB 01 , BAIRRO RES ORLANDO DE MORAIS",2,2,2,1,1
AUTO_ALIAS_1A1_TOTAIS_IGUAIS,goiania,281650,1471,RES ONICE DA PAZ,,R  OM02,"R OM15 CASA 01 , BAIRRO RES ORLANDO DE MORAIS",5,5,5,1,1
AUTO_ALIAS_1A1_TOTAIS_IGUAIS,goiania,35574,9206,RES ONOFRA,,R  VMA8,"R VMA8 CASA 01 , BAIRRO VL MUTIRÃO II",2,2,2,1,1
AUTO_ALIAS_1A1_TOTAIS_IGUAIS,goiania,48587,9051,RES ORDALIA,,AL DAS MONCOES,"AL DAS MONCOES LT 24 CS 01 , BAIRRO BRO CAPUAVA",2,2,2,1,1
AUTO_ALIAS_1A1_TOTAIS_IGUAIS,goiania,278586,8043,RES ORIENTE I,,AV ORIENTE,"AV ORIENTE CASA 01 , BAIRRO RES RECANTO DO BOSQUE",2,2,2,1,1
AUTO_ALIAS_1A1_TOTAIS_IGUAIS,goiania,11660,7604,RES. ORIENTE I,,R  C100,"R C100  CASA-01 , BAIRRO S SUDOESTE",2,2,2,1,1
AUTO_ALIAS_1A1_TOTAIS_IGUAIS,goiania,157304,11507,RES ORLANDO ALVES CARNEIRO,,R  ORLANDO ALVES CARNEIRO,"R ORLANDO ALVES CARNEIRO  CASA 01 , BAIRRO RES KÁTIA",2,2,2,1,1
AUTO_ALIAS_1A1_TOTAIS_IGUAIS,goiania,83196,7037,RES ORLANDO DE MORAIS L46,,R  JOAO CARVALHO REZENDE,"R JOAO CARVALHO REZENDE  CASA 01 , BAIRRO JD REAL",2,2,2,1,1
AUTO_ALIAS_1A1_TOTAIS_IGUAIS,goiania,347582,7925,RES ORLANDO MARAIS 15.35,,R  OM18,"R OM18 CASA 01 , BAIRRO RES ORLANDO DE MORAIS",2,2,2,1,1
AUTO_ALIAS_1A1_TOTAIS_IGUAIS,goiania,360923,7134,RES. ORLANDO MORAIS L46,,R  OM20,"R OM20 CASA 01 , BAIRRO RES ORLANDO DE MORAIS",2,2,2,1,1
AUTO_ALIAS_1A1_TOTAIS_IGUAIS,goiania,123208,13538,RES.ORQUIDEAS PLACE II,,R  DAS ORQUIDEAS,"R DAS ORQUIDEAS  CASA 01 , BAIRRO VL RIZZO",4,4,4,1,1
AUTO_ALIAS_1A1_TOTAIS_IGUAIS,goiania,188538,11997,RES ORQUIDEA XVI,,R  DO ALBATROZ,"R DO ALBATROZ  CASA 01 , BAIRRO JD ATLÂNTICO",2,2,2,1,1
AUTO_ALIAS_1A1_TOTAIS_IGUAIS,goiania,201864,1786,RES ORQUIDIA XXV,,R  F58,"R F58  CASA-01 , BAIRRO LOT FAIÇALVILLE",2,2,2,1,1
AUTO_ALIAS_1A1_TOTAIS_IGUAIS,goiania,274179,7467,RES ORS RUBIS,,R  DOS RUBIS,"R DOS RUBIS SOB01 , BAIRRO JD NOVO MUNDO",4,4,4,1,1
AUTO_ALIAS_1A1_TOTAIS_IGUAIS,goiania,315818,2155,RES ORUJUARA,,R  SIMILIANA BARBOSA,"R SIMILIANA BARBOSA CASA 1 , BAIRRO RES ANTÔNIO BARBOSA",2,2,2,1,1
AUTO_ALIAS_1A1_TOTAIS_IGUAIS,goiania,146671,12164,RES. ORVALI,,R  C152,"R C152  SOBRADO 001 , BAIRRO BRO JARDIM AMÉRICA",3,3,3,1,1
AUTO_ALIAS_1A1_TOTAIS_IGUAIS,goiania,368092,12450,RES OSMARINA I,,R  BETHEL,"R BETHEL  CASA-01 , BAIRRO S CAMPINAS",2,2,2,1,1
AUTO_ALIAS_1A1_TOTAIS_IGUAIS,goiania,138167,7104,RES OSMAR RODRIGUES I,,R  OSMAR RODRIGUES,"R OSMAR RODRIGUES  CASA 01 , BAIRRO RES BUENA VISTA III",2,2,2,1,1
AUTO_ALIAS_1A1_TOTAIS_IGUAIS,goiania,200189,12683,RES. OSSE,,R  DOS MOROS,"R DOS MOROS  CASA 02 , BAIRRO S TRÊS MARIAS",2,2,2,1,1
AUTO_ALIAS_1A1_TOTAIS_IGUAIS,goiania,349312,5390,RES OTEMAR JOSE I,,R  SR42,"R SR42 CASA 01 , BAIRRO RES PAULO ESTRELA",3,3,3,1,1
AUTO_ALIAS_1A1_TOTAIS_IGUAIS,goiania,284401,5885,RES OTTAWA,,R  OTAWA,"R 13 CASA 01 , BAIRRO JD NOVO MUNDO",4,4,4,1,1
AUTO_ALIAS_1A1_TOTAIS_IGUAIS,goiania,328951,3131,RES OUTRO BRANCO I,,R  AB9,"R AB9 CASA 01 , BAIRRO RES ALICE BARBOSA",2,2,2,1,1
AUTO_ALIAS_1A1_TOTAIS_IGUAIS,goiania,40305,12459,RES. OVIEDO,,R  SPT19,"R SPT19 CS 07 . , BAIRRO S PARQUE TREMENDÃO",2,2,2,1,1
AUTO_ALIAS_1A1_TOTAIS_IGUAIS,goiania,187507,5987,RES OXFORD,,R  ABILIO ALVES CASTRO,"R ABILIO ALVES CASTRO  CASA 01 , BAIRRO VL ROSA",2,2,2,1,1
AUTO_ALIAS_1A1_TOTAIS_IGUAIS,goiania,134146,1398,RES OZANAN RICARDO MACHADO II,,R  ALTAIR LIMA COELHO,"R ALTAIR LIMA COELHO  CASA 01 , BAIRRO JD SÃO JOSÉ",2,2,2,1,1
AUTO_ALIAS_1A1_TOTAIS_IGUAIS,goiania,229854,1229,RES PACHECO MONTEIRO,,R  207,"R 207  CASA01 , BAIRRO S COIMBRA",2,2,2,1,1
AUTO_ALIAS_1A1_TOTAIS_IGUAIS,goiania,334228,8963,RES PADRAO ALVES I,,R  LIBANIA BARBOSA,"R LIBANIA BARBOSA S/N CASA 01 , BAIRRO RES ANTÔNIO BARBOSA",2,2,2,1,1
AUTO_ALIAS_1A1_TOTAIS_IGUAIS,goiania,340617,9308,RES PADRAO ALVES II,,R  ACP22,"R ACP22 SOB. 02 , BAIRRO RES ANTONIO CARLOS PIRES",2,2,2,1,1
AUTO_ALIAS_1A1_TOTAIS_IGUAIS,goiania,252221,7263,RES PADRAO AMORIM X,,R  DIAMANTINA,"R DIAMANTINA CASA 01 , BAIRRO VL JARDIM POMPÉIA",3,3,3,1,1
AUTO_ALIAS_1A1_TOTAIS_IGUAIS,goiania,253940,10813,RES PADRE CARLOS HILDEBRANDO,,AV PARANA,"R PADRE CLEMENTE  CASA 01 , BAIRRO S CAMPINAS",2,2,2,1,1
AUTO_ALIAS_1A1_TOTAIS_IGUAIS,goiania,201049,2774,RES PADRE FEIJO,,R  PADRE FEIJO,"R PADRE FEIJO  CASA 01 , BAIRRO JD VILA BOA",2,2,2,1,1
AUTO_ALIAS_1A1_TOTAIS_IGUAIS,goiania,59320,8973,RES PAGLIARINI DE CASTRO I,,R  FN6,"R FN6 LT 20 CS 01 , BAIRRO JD FONTE NOVA",2,2,2,1,1
AUTO_ALIAS_1A1_TOTAIS_IGUAIS,goiania,300623,13573,RES PAINEIRAS,,R  JUIZ DE FORA,"R JUIZ DE FORA SOB 03 , BAIRRO JD GUANABARA",3,3,3,1,1
AUTO_ALIAS_1A1_TOTAIS_IGUAIS,goiania,222567,7768,RES PAINEIRAS 05 06,,R  DO PEQUI,"R DO PEQUI  CASA 02 , BAIRRO PRQ DAS PAINEIRAS IV ETAPA",2,2,2,1,1
AUTO_ALIAS_1A1_TOTAIS_IGUAIS,goiania,226185,8311,RES PAINEIRAS XXX,,R  DO PEQUI,"R DO PEQUI  CASA 01 , BAIRRO PRQ DAS PAINEIRAS III ETAPA",2,2,2,1,1
AUTO_ALIAS_1A1_TOTAIS_IGUAIS,goiania,201975,2045,RES PAIVA,,AL PEDRO PRIMEIRO,"AL PEDRO PRIMEIRO  CASA-01 , BAIRRO LOT FAIÇALVILLE",2,2,2,1,1
AUTO_ALIAS_1A1_TOTAIS_IGUAIS,goiania,22630,10768,RES PAIVA 01,,R  MEZENGA,"R MEZENGA CASA 01 , BAIRRO S ESTRELA DALVA",2,2,2,1,1
AUTO_ALIAS_1A1_TOTAIS_IGUAIS,goiania,219435,6291,RES PAIVA DI FERREIRA I,,R  MDV7,"R MDV7  CASA 01 , BAIRRO LOT MOINHO DOS VENTOS",2,2,2,1,1
AUTO_ALIAS_1A1_TOTAIS_IGUAIS,goiania,219437,7033,RES PAIVA DI FERREIRA II,,R  MDV7,"R MDV7  CASA 02 , BAIRRO LOT MOINHO DOS VENTOS",2,2,2,1,1
AUTO_ALIAS_1A1_TOTAIS_IGUAIS,goiania,19678,7122,RES PALERMO,,R  MS1,"R MS1 LT 19 CASA 01 , BAIRRO S MORADA DO SOL",2,2,2,1,1
AUTO_ALIAS_1A1_TOTAIS_IGUAIS,goiania,217735,9681,RES PALMA BORBA,,R  CV16,"R CV16  CASA01 , BAIRRO RES CENTER VILLE",3,3,3,1,1
AUTO_ALIAS_1A1_TOTAIS_IGUAIS,goiania,60268,1175,RES PANORAMA III,,R  M,"R M LT 03  CASA 01 , BAIRRO SIR PANORAMA",2,2,2,1,1
AUTO_ALIAS_1A1_TOTAIS_IGUAIS,goiania,134752,2408,RES PANTANAL PRIMO VIEIRA III,,R  MONS PRIMO VIEIRA,"R MONS PRIMO VIEIRA  CASA 01 , BAIRRO JD SÃO JOSÉ",2,2,2,1,1
AUTO_ALIAS_1A1_TOTAIS_IGUAIS,goiania,401433,9330,RES PAPINE I,,R  SC13,"R SC13 LT 11 CS 01 , BAIRRO JD COLORADO",3,3,3,1,1
AUTO_ALIAS_1A1_TOTAIS_IGUAIS,goiania,152626,7078,RES. PAQ. SANTA RITA,,AV CARNAUBA,"AV CARNAUBA  CASA-A , BAIRRO PRQ SANTA RITA",2,2,2,1,1
AUTO_ALIAS_1A1_TOTAIS_IGUAIS,goiania,150412,8187,RES PARACLITO,,R  C179,"VLA171A  CASA 01 , BAIRRO BRO JARDIM AMÉRICA",2,2,2,1,1
AUTO_ALIAS_1A1_TOTAIS_IGUAIS,goiania,59336,7948,RES PARAISO,,R  MANOEL MARINI,"R MANOEL MARINI LT 20 CS 01 , BAIRRO RES BARRAVENTO",2,2,2,1,1
AUTO_ALIAS_1A1_TOTAIS_IGUAIS,goiania,220694,5729,RES PARIS,,R  RC17,"R RC17  CASA 01 , BAIRRO RES CANADÁ",2,2,2,1,1
AUTO_ALIAS_1A1_TOTAIS_IGUAIS,goiania,136110,8265,RES PARQUE OESTE,,R  ELO19,"R ELO19 24      CASA-01 , BAIRRO PRQ ELDORADO OESTE",2,2,2,1,1
AUTO_ALIAS_1A1_TOTAIS_IGUAIS,goiania,154173,7574,RES PARQUE SANTA PARQUE SANTA RITA,,R  SR11,"R SR11  CASA B , BAIRRO PRQ SANTA RITA",2,2,2,1,1
AUTO_ALIAS_1A1_TOTAIS_IGUAIS,goiania,161011,7517,RES PARQUE SANTA RITA,,R  SR13,"R SR13  RESIDENCIAL A , BAIRRO PRQ SANTA RITA",2,2,2,1,1
AUTO_ALIAS_1A1_TOTAIS_IGUAIS,goiania,155087,12501,RES PARQUE SANTA RITA,,R  SR1,"R SR1  RESIDENCIAL A , BAIRRO PRQ SANTA RITA",2,2,2,1,1
AUTO_ALIAS_1A1_TOTAIS_IGUAIS,goiania,155086,13090,RES PARQUE SANTA RITA,,R  SR5,"R SR5  CASA-A , BAIRRO PRQ SANTA RITA",2,2,2,1,1
AUTO_ALIAS_1A1_TOTAIS_IGUAIS,goiania,153978,13715,RES.PARQUE SANTA RITA,,R  SR14,"R SR14  CASA-A , BAIRRO PRQ SANTA RITA",2,2,2,1,1
AUTO_ALIAS_1A1_TOTAIS_IGUAIS,goiania,161688,13733,RES.PARQUE SANTA RITA,,R  SR17,"R SR17  CASA-A , BAIRRO PRQ SANTA RITA",2,2,2,1,1
AUTO_ALIAS_1A1_TOTAIS_IGUAIS,goiania,181635,7461,RES PARREIRA-16,,R  IMPERIAL,"R IMPERIAL  CASA 01 , BAIRRO JD IPANEMA",2,2,2,1,1
AUTO_ALIAS_1A1_TOTAIS_IGUAIS,goiania,142638,13458,RES PASCOAL,,R  RMP13,"R RMP13  CASA 01 , BAIRRO RES MONTE PASCOAL",3,3,3,1,1
AUTO_ALIAS_1A1_TOTAIS_IGUAIS,goiania,60997,3287,RES PASSEIO DAS BRISAS,,AV LUCIO REBELO,"AV LUCIO REBELO LT 04 CS 01 , BAIRRO S ALTO DO VALE",2,2,2,1,1
AUTO_ALIAS_1A1_TOTAIS_IGUAIS,goiania,360615,6741,RES PASSOS III,,R  RB14,"R RB14 CASA 01 , BAIRRO RES RECANTO DO BOSQUE",2,2,2,1,1
AUTO_ALIAS_1A1_TOTAIS_IGUAIS,goiania,104170,4094,RES PASSOS P-14,,R  P-14,"R P-14  CASA 01 , BAIRRO RES PORTINARI",2,2,2,1,1
AUTO_ALIAS_1A1_TOTAIS_IGUAIS,goiania,292681,7654,RES PASSOS SOUZA 01,,R  OM24,"R OM24 CASA 01 , BAIRRO RES ORLANDO DE MORAIS",2,2,2,1,1
AUTO_ALIAS_1A1_TOTAIS_IGUAIS,goiania,99462,8403,RES PATRICK FERNANDES I,,R  RJ1,"R CARMEM MIRANDA  CASA 01 , BAIRRO RES JUNQUEIRA",4,4,4,1,1
AUTO_ALIAS_1A1_TOTAIS_IGUAIS,goiania,142784,4475,RES.PATY-06,,AV INES PEREIRA DE MARIA,"AV INES PEREIRA DE MARIA  CASA 01 , BAIRRO JD SÃO JOSÉ",2,2,2,1,1
AUTO_ALIAS_1A1_TOTAIS_IGUAIS,goiania,129962,5538,RES.PATY-074,,R  N2,"R N2  CASA 01 , BAIRRO S DAS NAÇÕES EXTENSÃO",2,2,2,1,1
AUTO_ALIAS_1A1_TOTAIS_IGUAIS,goiania,35097,7284,RES PAUL,,R  SC40,"R SC40 LT 02 CS 01 , BAIRRO JD COLORADO I",2,2,2,1,1
AUTO_ALIAS_1A1_TOTAIS_IGUAIS,goiania,174921,2640,RES PAULA CABRAL III,,R  30,"R 30  CASA 01 , BAIRRO CON DAS ESMERALDAS",2,2,2,1,1
AUTO_ALIAS_1A1_TOTAIS_IGUAIS,goiania,312807,7477,RES PAULA CRISTINA LUIZ I,,R  PB1,"R PB1 CASA01 , BAIRRO PRQ BALNEÁRIO",2,2,2,1,1
AUTO_ALIAS_1A1_TOTAIS_IGUAIS,goiania,34646,13457,RES.PAULA DA SILVA I,,R  SC38,"R SC38 LT 19 CASA 01 , BAIRRO JD COLORADO",2,2,2,1,1
AUTO_ALIAS_1A1_TOTAIS_IGUAIS,goiania,137038,10923,RES PAULA DUTRA VI,,R  CICERO DOS SANTOS,"R CICERO DOS SANTOS  CASA 01 , BAIRRO JD SÃO JOSÉ",5,5,5,1,1
AUTO_ALIAS_1A1_TOTAIS_IGUAIS,goiania,392196,6469,RES PAULO-140,,R  RB2,"R RB2 CASA 01 , BAIRRO RES RECANTO DO BOSQUE",2,2,2,1,1
AUTO_ALIAS_1A1_TOTAIS_IGUAIS,goiania,295303,6955,RES.PAULO-183,,R  RB8,"R RB8 CASA 01 , BAIRRO RES RECANTO DO BOSQUE",2,2,2,1,1
AUTO_ALIAS_1A1_TOTAIS_IGUAIS,goiania,222461,6128,RES. PAULO 300,,R  MDV6,"R MDV6  CASA 01 , BAIRRO LOT MOINHO DOS VENTOS",2,2,2,1,1
AUTO_ALIAS_1A1_TOTAIS_IGUAIS,goiania,222448,5366,RES PAULO-401,,R  MDV20,"R MDV20  CASA 01 , BAIRRO LOT MOINHO DOS VENTOS",2,2,2,1,1
AUTO_ALIAS_1A1_TOTAIS_IGUAIS,goiania,382296,6584,RES. PAULO-436,,R  DOS GOIANOS,"R DOS GOIANOS  CASA 01 , BAIRRO JD BALNEÁRIO MEIA PONTE",2,2,2,1,1
AUTO_ALIAS_1A1_TOTAIS_IGUAIS,goiania,223089,6510,RES.PAULO-589,,AV MONTREAL,"AV MONTREAL  CASA 02 , BAIRRO RES CANADÁ",2,2,2,1,1
AUTO_ALIAS_1A1_TOTAIS_IGUAIS,goiania,25904,6470,RES PAULO-749,,R  20 DE JANEIRO,"R 20 DE JANEIRO C-1 , BAIRRO S ESTRELA DALVA",2,2,2,1,1
AUTO_ALIAS_1A1_TOTAIS_IGUAIS,goiania,26803,5462,RES PAULO-753,,R  20 DE JANEIRO,"R 20 DE JANEIRO CASA 01 , BAIRRO S ESTRELA DALVA",2,2,2,1,1
AUTO_ALIAS_1A1_TOTAIS_IGUAIS,goiania,136291,9702,RES PAULO DE TARSO I,,R  PORTO BELO,"R PORTO BELO  CASA 01 , BAIRRO RES BUENA VISTA III",2,2,2,1,1
AUTO_ALIAS_1A1_TOTAIS_IGUAIS,goiania,331438,7665,RES PAULO ESTRELA 03.28,,R  SR36,"R SR36 CASA 01 , BAIRRO RES PAULO ESTRELA",2,2,2,1,1
AUTO_ALIAS_1A1_TOTAIS_IGUAIS,goiania,177188,1163,RES PAULO HENRIQUE,,R  W11,"R W11  SOB 01 , BAIRRO RES ANA CLARA",3,3,3,1,1
AUTO_ALIAS_1A1_TOTAIS_IGUAIS,goiania,198227,10230,RES PAULO MOURA,,R  BALLADOLID,"R BALLADOLID  CASA 1 , BAIRRO S TRÊS MARIAS",2,2,2,1,1
AUTO_ALIAS_1A1_TOTAIS_IGUAIS,goiania,165035,6914,RES PAULO MUNIZ RESIDENCI I,,R  DO LYCEU,"R DO LYCEU _S/N    CASA 01 , BAIRRO RES SANTA FÉ",2,2,2,1,1
AUTO_ALIAS_1A1_TOTAIS_IGUAIS,goiania,145074,10931,RES PAULO RICARDO,,R  C157,"R C157  CASA 01 , BAIRRO BRO JARDIM AMÉRICA",2,2,2,1,1
AUTO_ALIAS_1A1_TOTAIS_IGUAIS,goiania,165892,1628,RES PAULO SALES II,,R  JOAO LUIS DE OLIVEIRA,"R JOAO LUIS DE OLIVEIRA  CASA 01 , BAIRRO RES SANTA FÉ",2,2,2,1,1
AUTO_ALIAS_1A1_TOTAIS_IGUAIS,goiania,159108,10679,RES. PAULO SOARES V,,AV ORLANDO MARQUES DE ABREU,"AV ORLANDO MARQUES DE ABREU  CASA 01 , BAIRRO RES SOLAR BOUGAINVILLE",2,2,2,1,1
AUTO_ALIAS_1A1_TOTAIS_IGUAIS,goiania,178943,14329,RES PAULO VICTOR 46,,R  G13,"R G13  CASA 02 , BAIRRO S GRAJAÚ",2,2,2,1,1
AUTO_ALIAS_1A1_TOTAIS_IGUAIS,goiania,171905,11011,RES PAULO VITTOR,,R  GOIANIA,"R GOIANIA  CASA 01 , BAIRRO JD ITAIPÚ",2,2,2,1,1
AUTO_ALIAS_1A1_TOTAIS_IGUAIS,goiania,191248,8923,RES PAZ TORREAL,,R  SAO BARTOLOMEU,"R SAO BARTOLOMEU  CASA 01 , BAIRRO JD PLANALTO",2,2,2,1,1
AUTO_ALIAS_1A1_TOTAIS_IGUAIS,goiania,134278,9075,RES P C M M,,R  ELO28,"R ELO28  CASA 01 , BAIRRO PRQ ELDORADO OESTE",2,2,2,1,1
AUTO_ALIAS_1A1_TOTAIS_IGUAIS,goiania,149920,1496,RES PECIOLI,,R  C161,"R C161  SOBRADO 01 , BAIRRO BRO JARDIM AMÉRICA",3,3,3,1,1
AUTO_ALIAS_1A1_TOTAIS_IGUAIS,goiania,292650,14289,RES PEDRO AMERICO,,R  PEDRO AMERICO,"R PEDRO AMERICO  CASA 02 , BAIRRO S GENTIL MEIRELLES",2,2,2,1,1
AUTO_ALIAS_1A1_TOTAIS_IGUAIS,goiania,121675,5734,RES. PEDRO II,,R  ARMANDO DE SALES,"R ARMANDO DE SALES  CASA 01 , BAIRRO PRQ INDUSTRIAL JOÃO BRAZ",3,3,3,1,1
AUTO_ALIAS_1A1_TOTAIS_IGUAIS,goiania,144338,5897,RES. PEDRO MELO,,R  C239,"R C239  CASA 01 , BAIRRO BRO JARDIM AMÉRICA",2,2,2,1,1
AUTO_ALIAS_1A1_TOTAIS_IGUAIS,goiania,391798,8915,RES PEDRO QUEDES II,,R  BLANDINA GARCIA ROSA,"R BLANDINA GARCIA ROSA CASA 01 , BAIRRO RES VALE DO ARAGUAIA",2,2,2,1,1
AUTO_ALIAS_1A1_TOTAIS_IGUAIS,goiania,337234,8869,RES PEDROSO FILHO I,,R  JARINA,"R JARINA CASA 01 , BAIRRO JD MARILIZA",2,2,2,1,1
AUTO_ALIAS_1A1_TOTAIS_IGUAIS,goiania,159464,7310,RES PEIXOTO-936,,R  SR11,"R SR11  CASA 01 , BAIRRO VLG SANTA RITA",2,2,2,1,1
AUTO_ALIAS_1A1_TOTAIS_IGUAIS,goiania,138608,10862,RES. PEIXOTO SOUZA,,R  ALZIRA LEITE,"R ALZIRA LEITE  CASA 01 , BAIRRO JD SÃO JOSÉ",2,2,2,1,1
AUTO_ALIAS_1A1_TOTAIS_IGUAIS,goiania,147085,1917,RES PELGI IDEAL,,R  C158,"R C158  CASA 01 , BAIRRO BRO JARDIM AMÉRICA",3,3,3,1,1
AUTO_ALIAS_1A1_TOTAIS_IGUAIS,goiania,150311,6392,RES PELGI II,,AV C177,"AV C177  CASA 01 , BAIRRO BRO JARDIM AMÉRICA",2,2,2,1,1
AUTO_ALIAS_1A1_TOTAIS_IGUAIS,goiania,315521,8639,RES PELGI PARQUE ATHENEU,,R  207 UNIDADE 207,"R 207 UNIDADE 305 CASA 01 , BAIRRO PRQ ATHENEU",2,2,2,1,1
AUTO_ALIAS_1A1_TOTAIS_IGUAIS,goiania,172068,2020,RES PELGI SOBRADINHOS,,R  PEDRO VIEIRA DOS SANTOS,"R PEDRO VIEIRA DOS SANTOS  SOB01 , BAIRRO JD ITAIPÚ",5,5,5,1,1
AUTO_ALIAS_1A1_TOTAIS_IGUAIS,goiania,255340,8919,RES PELHUS I,,R  ESPINOS,"R ESPINOS  SOB 01 , BAIRRO S GENTIL MEIRELLES",2,2,2,1,1
AUTO_ALIAS_1A1_TOTAIS_IGUAIS,goiania,83099,7098,RES PENEDO-470,,R  PENEDO,"R PENEDO  CASA 01 , BAIRRO LOT TROPICAL VILLE",2,2,2,1,1
AUTO_ALIAS_1A1_TOTAIS_IGUAIS,goiania,88939,1799,RES PENHA,,R  JB8,"R JB8 CASA 01 , BAIRRO JD BONANZA",2,2,2,1,1
AUTO_ALIAS_1A1_TOTAIS_IGUAIS,goiania,97078,8783,RES PENHA OLIVEIRA,,AL DA VISTA ALEGRE,"AL DA VISTA ALEGRE  CASA 01 , BAIRRO BRO SÃO FRANCISCO",3,3,3,1,1
AUTO_ALIAS_1A1_TOTAIS_IGUAIS,goiania,167023,1353,RES PENNA 10,,R  RI8,"R RI8  CASA 01 , BAIRRO RES ITAIPÚ",2,2,2,1,1
AUTO_ALIAS_1A1_TOTAIS_IGUAIS,goiania,177410,11880,RES. PENNA 15,,R  BAIA FORMOSA,"R BAIA FORMOSA  CASA 01 , BAIRRO RES CAMPOS DOURADOS",2,2,2,1,1
AUTO_ALIAS_1A1_TOTAIS_IGUAIS,goiania,177411,1662,RES PENNA 16,,R  BAIA FORMOSA,"R BAIA FORMOSA  CASA 01 , BAIRRO RES CAMPOS DOURADOS",2,2,2,1,1
AUTO_ALIAS_1A1_TOTAIS_IGUAIS,goiania,172684,2909,RES PENNA 19,,R  BAIA FORMOSA,"R BAIA FORMOSA  CASA 01 , BAIRRO RES CAMPOS DOURADOS",2,2,2,1,1
AUTO_ALIAS_1A1_TOTAIS_IGUAIS,goiania,367293,10018,RES. PENNA II,,R  FL42,"R FL42  CASA01 , BAIRRO RES ITÁLIA",2,2,2,1,1
AUTO_ALIAS_1A1_TOTAIS_IGUAIS,goiania,169641,4417,RES PENNA V,,R  RI2,"R RI2  CASA 01 , BAIRRO RES ITAIPÚ",4,4,4,1,1
AUTO_ALIAS_1A1_TOTAIS_IGUAIS,goiania,188772,13958,RES PERCA 18,,R  DA PERCA,"R DA PERCA  CASA 01 , BAIRRO JD ATLÂNTICO",2,2,2,1,1
AUTO_ALIAS_1A1_TOTAIS_IGUAIS,goiania,59670,8391,RES PERCIVAL XAVIER CAJU,,R  PERCIVAL XAVIER REBELO,"R PERCIVAL XAVIER REBELO LT 23 . , BAIRRO RES BARRAVENTO",2,2,2,1,1
AUTO_ALIAS_1A1_TOTAIS_IGUAIS,goiania,202000,13600,RES PEREDO DOS CASTELHANOS,,AL GILSON ALVES DE SOUZA,"AL GILSON ALVES DE SOUZA S/N     CASA 01 , BAIRRO LOT FAIÇALVILLE",5,5,5,1,1
AUTO_ALIAS_1A1_TOTAIS_IGUAIS,goiania,319146,8040,RES. PEREIRA-AB 09,,R  AB9,"R AB9 CASA 01 , BAIRRO RES ALICE BARBOSA",2,2,2,1,1
AUTO_ALIAS_1A1_TOTAIS_IGUAIS,goiania,58224,12645,RES PEREIRA DA SILVA VI,,R  MARLENE OLIVEIRA MACHADO,"R MARLENE OLIVEIRA MACHADO LT S/N . , BAIRRO LOT RECREIO PANORAMA",3,3,3,1,1
AUTO_ALIAS_1A1_TOTAIS_IGUAIS,goiania,152590,14525,RES PEREIRA DE SOUZA,,R  DONA SINHA,"R PARIS  CASA 01 , BAIRRO RES SANTA FÉ",3,3,3,1,1
AUTO_ALIAS_1A1_TOTAIS_IGUAIS,goiania,190295,8341,RES PEREIRA DOS SANTOS,,R  V6,"R V6  CASA-01 , BAIRRO VL REZENDE",2,2,2,1,1
AUTO_ALIAS_1A1_TOTAIS_IGUAIS,goiania,217630,5584,RES.PEREIRA E SOUZA III,,R  CV12,"R CV12  CASA 01 , BAIRRO RES CENTER VILLE",2,2,2,1,1
AUTO_ALIAS_1A1_TOTAIS_IGUAIS,goiania,167037,9428,RES PEREIRA & MOURA,,R  RI7,"R RI7  CASA 01 , BAIRRO RES ITAIPÚ",2,2,2,1,1
AUTO_ALIAS_1A1_TOTAIS_IGUAIS,goiania,137851,1789,RES PEREIRA SANTOS,,R  IRMA ALICE BITAR,"R IRMA ALICE BITAR  CASA 01 , BAIRRO JD SÃO JOSÉ",2,2,2,1,1
AUTO_ALIAS_1A1_TOTAIS_IGUAIS,goiania,360517,7630,RES PEREIRA & SANTOS II,,R  BM27,"R BM27 CASA 01 , BAIRRO RES BRISAS DA MATA",2,2,2,1,1
AUTO_ALIAS_1A1_TOTAIS_IGUAIS,goiania,135334,2255,RES PEREIRA SANTOS IX,,R  IRMA LAURA CHAER,"R IRMA LAURA CHAER  CASA 02 , BAIRRO JD SÃO JOSÉ",2,2,2,1,1
AUTO_ALIAS_1A1_TOTAIS_IGUAIS,goiania,326772,6023,RES. PEREIRA SILVA II,,R  AB6,"R AB6 CASA 01 , BAIRRO RES ALICE BARBOSA",2,2,2,1,1
AUTO_ALIAS_1A1_TOTAIS_IGUAIS,goiania,286402,7056,RES PEREIRA SILVA III,,R  AB18,"R AB18 CASA 01 , BAIRRO RES ALICE BARBOSA",2,2,2,1,1
AUTO_ALIAS_1A1_TOTAIS_IGUAIS,goiania,261463,7890,RES PEREIRA SILVA V,,R  AB6,"R AB6 CASA 01 , BAIRRO RES ALICE BARBOSA",2,2,2,1,1
AUTO_ALIAS_1A1_TOTAIS_IGUAIS,goiania,160413,13545,RES PEREIRA SOBRINHO I,,R  JAV5,"R JAV5  CASA 01 , BAIRRO JD ALPHAVILLE",2,2,2,1,1
AUTO_ALIAS_1A1_TOTAIS_IGUAIS,goiania,88473,10612,RES. PEREIRA TROPICAL,,R  GUADALUPE,"R GUADALUPE  CASA01 , BAIRRO LOT TROPICAL VILLE",2,2,2,1,1
AUTO_ALIAS_1A1_TOTAIS_IGUAIS,goiania,263761,8528,RES PERES 2569,,R  1042,"R TEREZINHA SOBRADO 01 , BAIRRO S PEDRO LUDOVICO",2,2,2,1,1
AUTO_ALIAS_1A1_TOTAIS_IGUAIS,goiania,272909,8585,RES PERFECT,,R  RSL7,"R RSL7 CASA 01 , BAIRRO RES SÃO LEOPOLDO",2,2,2,1,1
AUTO_ALIAS_1A1_TOTAIS_IGUAIS,goiania,154904,10076,RES PEROLA,,R  JAV5,"R JAV5  CASA 02 , BAIRRO JD ALPHAVILLE",2,2,2,1,1
AUTO_ALIAS_1A1_TOTAIS_IGUAIS,goiania,152987,10533,RES. PEROLA I,,R  SB9,"R SB9  CASA 02 , BAIRRO RES SOLAR BOUGAINVILLE",2,2,2,1,1
AUTO_ALIAS_1A1_TOTAIS_IGUAIS,goiania,153318,6600,RES PEROLA II,,R  SB9,"R SB9  CASA 02 , BAIRRO RES SOLAR BOUGAINVILLE",2,2,2,1,1
AUTO_ALIAS_1A1_TOTAIS_IGUAIS,goiania,106199,11173,RES. PEROLA II,,R  VI1,"R VI1 CASA-01 , BAIRRO CJ VERA CRUZ",6,6,6,1,1
AUTO_ALIAS_1A1_TOTAIS_IGUAIS,goiania,156282,12218,RES PEROLA III,,AV ORLANDO MARQUES DE ABREU,"AV ORLANDO MARQUES DE ABREU  CASA 02 , BAIRRO RES SOLAR BOUGAINVILLE",3,3,3,1,1
AUTO_ALIAS_1A1_TOTAIS_IGUAIS,goiania,138184,1310,RES PERON PLACE II,,R  RMP14,"R RMP14  CASA 01 , BAIRRO RES MONTE PASCOAL",2,2,2,1,1
AUTO_ALIAS_1A1_TOTAIS_IGUAIS,goiania,356351,9295,RES PESQUEIRA,,R  PESQUEIRA,"R PESQUEIRA CASA 01 , BAIRRO JD GUANABARA",2,2,2,1,1
AUTO_ALIAS_1A1_TOTAIS_IGUAIS,goiania,192893,11637,RES PESQUEIRO GRANDE,,R  ISA LOSTRACCO,"R ISA LOSTRACCO  CASA01 , BAIRRO JD PLANALTO",5,5,5,1,1
AUTO_ALIAS_1A1_TOTAIS_IGUAIS,goiania,134441,4068,RES PETER-4215,,AV INES PEREIRA DE MARIA,"AV INES PEREIRA DE MARIA  CASA01 , BAIRRO JD SÃO JOSÉ",2,2,2,1,1
AUTO_ALIAS_1A1_TOTAIS_IGUAIS,goiania,252892,5489,RES.PETROCHELI V,,R  ACP28,"R ACP28 CASA 01 , BAIRRO RES ANTONIO CARLOS PIRES",2,2,2,1,1
AUTO_ALIAS_1A1_TOTAIS_IGUAIS,goiania,343808,5063,RES.PETROCHELI VI,,R  ACP27,"R ACP29 CASA 01 , BAIRRO RES ANTONIO CARLOS PIRES",2,2,2,1,1
AUTO_ALIAS_1A1_TOTAIS_IGUAIS,goiania,365468,5596,RES. PETROCHELI VII,,R  ACP27,"R ACP27 CASA 01 , BAIRRO RES ANTONIO CARLOS PIRES",2,2,2,1,1
AUTO_ALIAS_1A1_TOTAIS_IGUAIS,goiania,303140,6648,RES. PETROCHELI XXV,,R  OM21,"R ACP08 CASA 02 , BAIRRO RES ANTONIO CARLOS PIRES",2,2,2,1,1
AUTO_ALIAS_1A1_TOTAIS_IGUAIS,goiania,225571,1699,RES PETRONILHO,,R  MDV11,"R MDV11  CASA 01 , BAIRRO LOT MOINHO DOS VENTOS",2,2,2,1,1
AUTO_ALIAS_1A1_TOTAIS_IGUAIS,goiania,177716,2022,RES PETRONILHO III,,R  RI12,"R RI12  CASA 01 , BAIRRO RES ITAIPÚ",3,3,3,1,1
AUTO_ALIAS_1A1_TOTAIS_IGUAIS,goiania,153300,8653,RES PETRONILHO X,,R  EF09,"R EF09  CASA 02 , BAIRRO RES SOLAR BOUGAINVILLE",2,2,2,1,1
AUTO_ALIAS_1A1_TOTAIS_IGUAIS,goiania,95913,8609,RES PETROPOLIS 169.532,,R  DAS BANDEIRAS,"R DAS BANDEIRAS  CASA 01 , BAIRRO RES PETRÓPOLIS",2,2,2,1,1
AUTO_ALIAS_1A1_TOTAIS_IGUAIS,goiania,96231,7722,RES PETROPOLIS 8920,,R  TICUNAS,"R TICUNAS  CASA 01 , BAIRRO RES PETRÓPOLIS",3,3,3,1,1
AUTO_ALIAS_1A1_TOTAIS_IGUAIS,goiania,96373,6813,RES PETROPOLIS CRAOS 26.16,,R  CRAOS,"R CRAOS  CASA 01 , BAIRRO RES PETRÓPOLIS",2,2,2,1,1
AUTO_ALIAS_1A1_TOTAIS_IGUAIS,goiania,87535,6340,RES PETROPOLIS I,,R  SERRA DO CAPARAO,"R SERRA DO CAPARAO  CASA 01 , BAIRRO JD PETRÓPOLIS",2,2,2,1,1
AUTO_ALIAS_1A1_TOTAIS_IGUAIS,goiania,94727,8217,RES PETROPOLIS I,,R  SAO LUIZ,"R SAO LUIZ  CASA 02 , BAIRRO JD PETRÓPOLIS",3,3,3,1,1
AUTO_ALIAS_1A1_TOTAIS_IGUAIS,goiania,93870,11600,RES PETROPOLIS II,,R  SAO LUIZ,"R SAO LUIZ  CASA01 , BAIRRO JD PETRÓPOLIS",4,4,4,1,1
AUTO_ALIAS_1A1_TOTAIS_IGUAIS,goiania,98270,1323,RES PETROPOLIS III,,AV GOIANAZES,"AV GOIANAZES  CASA 09 , BAIRRO JD PETRÓPOLIS",9,9,9,1,1
AUTO_ALIAS_1A1_TOTAIS_IGUAIS,goiania,93888,9722,RES PETROSVILLE,,R  BOROROS,"R BOROROS S/N     CASA 01 , BAIRRO RES PETRÓPOLIS",2,2,2,1,1
AUTO_ALIAS_1A1_TOTAIS_IGUAIS,goiania,61302,7627,RES PETUNIA I,,R  FN30,"R FN30 LT 05 CS 01 , BAIRRO JD FONTE NOVA I",2,2,2,1,1
AUTO_ALIAS_1A1_TOTAIS_IGUAIS,goiania,208132,8992,RES P.H.G I,,R  F29,"R F29  CASA 01 , BAIRRO LOT FAIÇALVILLE",2,2,2,1,1
AUTO_ALIAS_1A1_TOTAIS_IGUAIS,goiania,14195,6922,RES PH INOVE X,,R  JC48,"R JC48 CASA 01 , BAIRRO JD CURITIBA",2,2,2,1,1
AUTO_ALIAS_1A1_TOTAIS_IGUAIS,goiania,23378,7824,RES PH INOVE XI,,R  JAVAE,"R JAVAE S/N CASA 01 , BAIRRO S ESTRELA DALVA",2,2,2,1,1
AUTO_ALIAS_1A1_TOTAIS_IGUAIS,goiania,16372,7998,RES PH INOVE XII,,R  JOAO RODRIGUES DO NASCIMENTO,"R JOAO RODRIGUES DO NASCIMENTO CASA 01 , BAIRRO S ESTRELA DALVA",2,2,2,1,1
AUTO_ALIAS_1A1_TOTAIS_IGUAIS,goiania,15071,8999,RES PH INOVE XV,,R  4,"R 4 CASA 01 , BAIRRO S ESTRELA DALVA",2,2,2,1,1
AUTO_ALIAS_1A1_TOTAIS_IGUAIS,goiania,22002,8587,RES PH INOVE XVI,,R  4,"R 4 CASA 01 , BAIRRO S ESTRELA DALVA",2,2,2,1,1
AUTO_ALIAS_1A1_TOTAIS_IGUAIS,goiania,95960,9416,RES PHS CAMARGOS I,,AV TUPINAMBAS,"AV TUPINAMBAS  CASA 01 , BAIRRO RES PETRÓPOLIS",2,2,2,1,1
AUTO_ALIAS_1A1_TOTAIS_IGUAIS,goiania,147957,1250,RES PIMENTA,,AV C6,"AV C6  CASA01 , BAIRRO VL SANTA EFIGÊNIA",2,2,2,1,1
AUTO_ALIAS_1A1_TOTAIS_IGUAIS,goiania,59346,5686,RES PIMENTA-657,,AV CENTRAL,"AV CENTRAL LT S/N CS 01 , BAIRRO JD FONTE NOVA I",2,2,2,1,1
AUTO_ALIAS_1A1_TOTAIS_IGUAIS,goiania,126485,7335,RES. PIMENTA OLIVEIRA I,,R  GP8,"R GP8  CASA-02 , BAIRRO RES GOYAZ PARK",2,2,2,1,1
AUTO_ALIAS_1A1_TOTAIS_IGUAIS,goiania,16422,8026,RES PINDORAMA 952,,R  PINDORAMA,"R PINDORAMA CASA 01 , BAIRRO S ESTRELA DALVA",2,2,2,1,1
AUTO_ALIAS_1A1_TOTAIS_IGUAIS,goiania,267517,13906,RES PINHEIRO DE ALVARENGA II,,R  RSL14,"R RSL14 S/N     CASA 01 , BAIRRO RES SÃO LEOPOLDO - COMPLEMENTO",2,2,2,1,1
AUTO_ALIAS_1A1_TOTAIS_IGUAIS,goiania,251558,11905,RES. PIQUIA,,R  DA REPUBLICA,"R DA REPUBLICA SOB 01 , BAIRRO VL JARDIM VITÓRIA",2,2,2,1,1
AUTO_ALIAS_1A1_TOTAIS_IGUAIS,goiania,269812,12562,RES. PIQUIA IV,,R  DA REPUBLICA,"R DA REPUBLICA CASA 01 , BAIRRO VL JARDIM VITÓRIA",2,2,2,1,1
AUTO_ALIAS_1A1_TOTAIS_IGUAIS,goiania,219655,11398,RES PIRES 05,,R  MDV29,"R MDV29  CASA01 , BAIRRO LOT MOINHO DOS VENTOS",2,2,2,1,1
AUTO_ALIAS_1A1_TOTAIS_IGUAIS,goiania,136475,2555,RES PIRES 21,,R  BENEDITO PEREIRA DE CASTRO,"R BENEDITO PEREIRA DE CASTRO  CASA 01 , BAIRRO JD SÃO JOSÉ",2,2,2,1,1
AUTO_ALIAS_1A1_TOTAIS_IGUAIS,goiania,104449,6606,RES. PIRES-288,,R  P-11,"R P-11  CASA 01 , BAIRRO RES PORTINARI",2,2,2,1,1
AUTO_ALIAS_1A1_TOTAIS_IGUAIS,goiania,141984,4588,RES.PIRES-333,,R  IRMA ANTONIETA ESMERALDA CABRA,"R IRMA ANTONIETA ESMERALDA CABRA  CASA 01 , BAIRRO JD SÃO JOSÉ",2,2,2,1,1
AUTO_ALIAS_1A1_TOTAIS_IGUAIS,goiania,143787,5881,RES.PIRES-521,,R  IRMA CIBELE DE AQUINO SALES,"R IRMA CIBELE DE AQUINO SALES  CASA 01 , BAIRRO RES MONTE PASCOAL",2,2,2,1,1
AUTO_ALIAS_1A1_TOTAIS_IGUAIS,goiania,125997,9641,RES PIRES DA SILVA II,,R  THAIS CRISTINE,"R THAIS CRISTINE  CASA 01 , BAIRRO JD DAS ROSAS",2,2,2,1,1
AUTO_ALIAS_1A1_TOTAIS_IGUAIS,goiania,202042,9442,RES PIRES FAGUNDE,,AL GILSON ALVES DE SOUZA,"AL GILSON ALVES DE SOUZA  CASA 02 , BAIRRO LOT FAIÇALVILLE",2,2,2,1,1
AUTO_ALIAS_1A1_TOTAIS_IGUAIS,goiania,160595,6456,RES.PIRES I,,R  CHARLES ANTONIO SIMAO,"R CHARLES ANTONIO SIMAO  CASA 01 , BAIRRO RES KÁTIA",2,2,2,1,1
AUTO_ALIAS_1A1_TOTAIS_IGUAIS,goiania,127529,4095,RES PIRES MORAES VIII,,R  DAS ORQUIDEAS,"R DAS ORQUIDEAS  CASA 01 , BAIRRO BRO JARDIM BOTÂNICO",3,3,3,1,1
AUTO_ALIAS_1A1_TOTAIS_IGUAIS,goiania,443,7329,RES.PIRES MORAIS,,R  11,"R 11  SOB 01 , BAIRRO VL BETHEL",2,2,2,1,1
AUTO_ALIAS_1A1_TOTAIS_IGUAIS,goiania,134031,2821,RES PIRES NETO I,,R  IRMA ANTONIETA ESMERALDA CABRA,"R IRMA ANTONIETA ESMERALDA CABRA  CASA 2 , BAIRRO JD SÃO JOSÉ",2,2,2,1,1
AUTO_ALIAS_1A1_TOTAIS_IGUAIS,goiania,197961,7645,RES PITALUGA,,R  DO ATUM,"R DO ATUM  CASA 1 , BAIRRO JD ATLÂNTICO",2,2,2,1,1
AUTO_ALIAS_1A1_TOTAIS_IGUAIS,goiania,133817,6433,RES. PLANO-601,,R  IRMA LUIZA DIAS LIMA,"R IRMA LUIZA DIAS LIMA  CASA 01 , BAIRRO JD SÃO JOSÉ",2,2,2,1,1
AUTO_ALIAS_1A1_TOTAIS_IGUAIS,goiania,209624,8681,RES PLASTER SOUZA I,,R  CARTAGENA,"R CARTAGENA  CASA 01 , BAIRRO S TRÊS MARIAS",2,2,2,1,1
AUTO_ALIAS_1A1_TOTAIS_IGUAIS,goiania,177995,8177,RES PLAZO COIMBRA,,R  RI10,"R RI30  CASA 01 , BAIRRO RES ITAIPÚ",3,3,3,1,1
AUTO_ALIAS_1A1_TOTAIS_IGUAIS,goiania,4702,8124,RES POJUJU II,,R   11,"R  11 LT 248 SBORADO 01 , BAIRRO VL AURORA",4,4,4,1,1
AUTO_ALIAS_1A1_TOTAIS_IGUAIS,goiania,119573,12314,RES POLYANA LIMAS,,R  SP4,"R SP4  CASA 01 , BAIRRO LOT SOLANGE PARQUE COMPLEMENTO",2,2,2,1,1
AUTO_ALIAS_1A1_TOTAIS_IGUAIS,goiania,210025,11172,RES PONCE NOGUEIRA,,AV PRESIDENTE VARGAS,"AV PRESIDENTE VARGAS  CASA 01 , BAIRRO JD PRESIDENTE",2,2,2,1,1
AUTO_ALIAS_1A1_TOTAIS_IGUAIS,goiania,347104,5456,RES.PONTAL DAS CAMELIAS,,R  DAS CAMELIAS,"R DAS CAMELIAS CASA 01 , BAIRRO LOT GOIÂNIA 2",2,2,2,1,1
AUTO_ALIAS_1A1_TOTAIS_IGUAIS,goiania,170012,11960,RES PONTAL DAS ESMERALDAS,,R  11,"R 11  CASA-01 , BAIRRO CON DAS ESMERALDAS",2,2,2,1,1
AUTO_ALIAS_1A1_TOTAIS_IGUAIS,goiania,143610,10381,RES PONTAL MOTA LOPES I,,R  RMP4,"R RMP4  CASA 01 , BAIRRO RES MONTE PASCOAL",2,2,2,1,1
AUTO_ALIAS_1A1_TOTAIS_IGUAIS,goiania,315362,5927,RES PONTAL OLIMPIO DE ABREU XXX,,R  OM21,"R OM21 S/N C-1 , BAIRRO RES ORLANDO DE MORAIS",2,2,2,1,1
AUTO_ALIAS_1A1_TOTAIS_IGUAIS,goiania,189577,7017,RES PONTAL SAVEU,,R  DO SAVEU,"R DO SAVEU  CASA 01 , BAIRRO JD ATLÂNTICO",2,2,2,1,1
AUTO_ALIAS_1A1_TOTAIS_IGUAIS,goiania,155251,6465,RES PONTES DE JESUS I,,R  FV32,"R FV32  CASA 01 , BAIRRO RES FORTE VILLE - EXTENSÃO",2,2,2,1,1
AUTO_ALIAS_1A1_TOTAIS_IGUAIS,goiania,264334,1598,RES POR DO SOL,,R  J1,"R J1 SOBRADO 001 , BAIRRO S JAÓ",2,2,2,1,1
AUTO_ALIAS_1A1_TOTAIS_IGUAIS,goiania,210018,10041,RES POR DO SOL II,,R  PRESIDENTE MONROE,"R PRESIDENTE MONROE  CASA 01 , BAIRRO JD PRESIDENTE",3,3,3,1,1
AUTO_ALIAS_1A1_TOTAIS_IGUAIS,goiania,160480,7554,RES.POR.MARQUES P.RESID I,,R  FV8,"R FV8  CASA 01 , BAIRRO RES FORTEVILLE",2,2,2,1,1
AUTO_ALIAS_1A1_TOTAIS_IGUAIS,goiania,134933,6989,RES PORTAL AAD V,,R  RY3,"R RY3  CASA 02 , BAIRRO RES YTAPUÃ",2,2,2,1,1
AUTO_ALIAS_1A1_TOTAIS_IGUAIS,goiania,136106,8327,RES PORTAL A.A.D. VII,,R  JOAO JOSE DE OLIVEIRA,"R JOAO JOSE DE OLIVEIRA  CASA 02 , BAIRRO RES YTAPUÃ",2,2,2,1,1
AUTO_ALIAS_1A1_TOTAIS_IGUAIS,goiania,220401,7280,RES PORTAL ALMEIDA ALVES RESIDENCI,,R  RC1,"R RC1  CASA 01 , BAIRRO RES CANADÁ",2,2,2,1,1
AUTO_ALIAS_1A1_TOTAIS_IGUAIS,goiania,15913,8096,RES PORTAL ALVINO SANTOS RESIDENCI III,,R  JC63,"R JC63 CASA 01 , BAIRRO JD CURITIBA",2,2,2,1,1
AUTO_ALIAS_1A1_TOTAIS_IGUAIS,goiania,139074,1625,RES PORTAL ANA CLARA I,,R  RMP2,"R RMP2  CASA 01 , BAIRRO RES MONTE PASCOAL",2,2,2,1,1
AUTO_ALIAS_1A1_TOTAIS_IGUAIS,goiania,192279,9788,RES. PORTAL ANA LUCIA I,,R  JUIZ DE FORA,"R JUIZ DE FORA LT 17 CASA 01 , BAIRRO JD ANA LÚCIA",2,2,2,1,1
AUTO_ALIAS_1A1_TOTAIS_IGUAIS,goiania,317296,6278,RES PORTAL AQUINO,,R  FRANCISCO BARBOSA,"R FRANCISCO BARBOSA C-1 , BAIRRO RES ANTÔNIO BARBOSA",2,2,2,1,1
AUTO_ALIAS_1A1_TOTAIS_IGUAIS,goiania,157044,6353,RES. PORTAL ARAUJO I,,R  PEROBA,"R PEROBA  C-1 , BAIRRO JD ALPHAVILLY I",2,2,2,1,1
AUTO_ALIAS_1A1_TOTAIS_IGUAIS,goiania,219834,6495,RES PORTAL ASSIS DE LIMA III,,R  VB22,"R VB22  CASA 01 , BAIRRO RES VEREDA DOS BURITIS",3,3,3,1,1
AUTO_ALIAS_1A1_TOTAIS_IGUAIS,goiania,190699,10400,RES PORTAL A´XAVIER SOBRINHO I,,R  SANTA MARIA,"R SANTA MARIA  SOB01 , BAIRRO JD PLANALTO",3,3,3,1,1
AUTO_ALIAS_1A1_TOTAIS_IGUAIS,goiania,161417,6442,RES PORTAL BARBOSA MOREIRA RESIDENCE I,,R  ANTONIO FIDELIS,"R ANTONIO FIDELIS  CASA 01 , BAIRRO RES FIDÉLIS",2,2,2,1,1
AUTO_ALIAS_1A1_TOTAIS_IGUAIS,goiania,152712,8691,RES PORTAL BARBOSA MOREIRA RESIDENCE II,,R  FV36,"R FV36  CASA 01 , BAIRRO RES FIDÉLIS",2,2,2,1,1
AUTO_ALIAS_1A1_TOTAIS_IGUAIS,goiania,169574,6429,RES. PORTAL BARCELOS I,,R  RI25,"R RI25  C-1 , BAIRRO RES ITAIPÚ",3,3,3,1,1
AUTO_ALIAS_1A1_TOTAIS_IGUAIS,goiania,169572,6389,RES. PORTAL BARCELOS II,,R  RI25,"R RI25  C-1 , BAIRRO RES ITAIPÚ",3,3,3,1,1
AUTO_ALIAS_1A1_TOTAIS_IGUAIS,goiania,166789,6687,RES. PORTAL BARCELOS III,,R  RI11,"R RI11  CASA 01 , BAIRRO RES ITAIPÚ",3,3,3,1,1
AUTO_ALIAS_1A1_TOTAIS_IGUAIS,goiania,166794,6732,RES. PORTAL BARCELOS IV,,R  RI11,"R RI11  CASA 01 , BAIRRO RES ITAIPÚ",3,3,3,1,1
AUTO_ALIAS_1A1_TOTAIS_IGUAIS,goiania,169797,6937,RES. PORTAL BARCELOS V,,R  RI11,"R RI11  CASA 01 , BAIRRO RES ITAIPÚ",3,3,3,1,1
AUTO_ALIAS_1A1_TOTAIS_IGUAIS,goiania,177958,6826,RES. PORTAL BARCELOS VI,,R  RI10,"R RI10  CASA 01 , BAIRRO RES ITAIPÚ",3,3,3,1,1
AUTO_ALIAS_1A1_TOTAIS_IGUAIS,goiania,177959,6686,RES. PORTAL BARCELOS VII,,R  RI10,"R RI10  CASA 01 , BAIRRO RES ITAIPÚ",3,3,3,1,1
AUTO_ALIAS_1A1_TOTAIS_IGUAIS,goiania,177960,6731,RES. PORTAL BARCELOS VIII,,R  RI10,"R RI10  CASA 01 , BAIRRO RES ITAIPÚ",3,3,3,1,1
AUTO_ALIAS_1A1_TOTAIS_IGUAIS,goiania,88429,13548,RES PORTAL BENICIO,,R  DO PRADO,"R DO PRADO CASA 02 , BAIRRO S BARRA DA TIJUCA",2,2,2,1,1
AUTO_ALIAS_1A1_TOTAIS_IGUAIS,goiania,127283,1733,RES PORTAL BENICIO LOPES II,,R  N3,"R N3  CASA 01 , BAIRRO S DAS NAÇÕES EXTENSÃO",2,2,2,1,1
AUTO_ALIAS_1A1_TOTAIS_IGUAIS,goiania,352869,7375,RES PORTAL BLAKE I,,AL BLAKE,"AL BLAKE  CASA 01 , BAIRRO S GENTIL MEIRELLES",3,3,3,1,1
AUTO_ALIAS_1A1_TOTAIS_IGUAIS,goiania,252447,9369,RES PORTAL BLAKE II,,R  FL17,"R FL17 CASA 01 , BAIRRO PRQ DAS FLORES",4,4,4,1,1
AUTO_ALIAS_1A1_TOTAIS_IGUAIS,goiania,152947,7519,RES PORTAL BORGES E ABREU RESIDENCI I,,R  ORLANDO ALVES CARNEIRO,"R ORLANDO ALVES CARNEIRO  CASA 01 , BAIRRO RES KÁTIA",2,2,2,1,1
AUTO_ALIAS_1A1_TOTAIS_IGUAIS,goiania,166086,7577,RES PORTAL CABRAL E FERREIRA RESIDENCI,,AV RITA CAETANO,"AV RITA CAETANO  C.01/R.IMPRENSA , BAIRRO RES SANTA FÉ I",3,3,3,1,1
AUTO_ALIAS_1A1_TOTAIS_IGUAIS,goiania,117206,7548,RES PORTAL CABRAL E FREITAS RESIDENCI I,,R  RODRIGUES ALVES,"R RODRIGUES ALVES  CASA 01 , BAIRRO PRQ INDUSTRIAL JOÃO BRAZ",3,3,3,1,1
AUTO_ALIAS_1A1_TOTAIS_IGUAIS,goiania,121142,7878,RES PORTAL CABRAL E FREITAS RESIDENCI III,,R  CARLOS GOMES,"R CARLOS GOMES  CASA 01 , BAIRRO PRQ INDUSTRIAL JOÃO BRAZ",2,2,2,1,1
AUTO_ALIAS_1A1_TOTAIS_IGUAIS,goiania,189002,9095,RES PORTAL CABRAL E FREITAS RESIDENCI IV,,AL ALIANCA,"AL ALIANCA  CASA 01 , BAIRRO VL ROSA",3,3,3,1,1
AUTO_ALIAS_1A1_TOTAIS_IGUAIS,goiania,189003,9091,RES PORTAL CABRAL E FREITAS RESIDENCI VI,,AL ALIANCA,"AL ALIANCA  CASA 02 , BAIRRO VL ROSA",3,3,3,1,1
AUTO_ALIAS_1A1_TOTAIS_IGUAIS,goiania,299076,7568,RES PORTAL CANTARES II,,R  FL47,"R FL47 CASA 01 , BAIRRO PRQ DAS FLORES",3,3,3,1,1
AUTO_ALIAS_1A1_TOTAIS_IGUAIS,goiania,153691,4764,RES.PORTAL CASER I,,R  NENEN BORGES,"R NENEN BORGES  CASA 01 , BAIRRO RES SANTA FÉ",3,3,3,1,1
AUTO_ALIAS_1A1_TOTAIS_IGUAIS,goiania,165113,6209,RES PORTAL CASER IV,,R  DAS AMERICAS,"R DAS AMERICAS  CASA 01 , BAIRRO RES SANTA FÉ I",2,2,2,1,1
AUTO_ALIAS_1A1_TOTAIS_IGUAIS,goiania,166002,8798,RES PORTAL CESAR E FERREIRA I,,AV CRUZEIRO DO SUL,"AV CRUZEIRO DO SUL  CASA 01 , BAIRRO RES SANTA FÉ I",2,2,2,1,1
AUTO_ALIAS_1A1_TOTAIS_IGUAIS,goiania,160293,9156,RES PORTAL CESAR E FERREIRA III,,R  RV8,"R RV8  CASA 01 , BAIRRO RES RIO VERDE",2,2,2,1,1
AUTO_ALIAS_1A1_TOTAIS_IGUAIS,goiania,173583,1459,RES PORTAL CLEOSMAR JOSE I,,R  RI11,"R RI11  CASA 01 , BAIRRO RES ITAIPÚ",2,2,2,1,1
AUTO_ALIAS_1A1_TOTAIS_IGUAIS,goiania,59338,8903,RES PORTAL COUTINHO,,R  HERMOGENES FERREIRA COELHO,"R HERMOGENES FERREIRA COELHO LT20 CASA 01 , BAIRRO RES BARRAVENTO",2,2,2,1,1
AUTO_ALIAS_1A1_TOTAIS_IGUAIS,goiania,321680,1307,RES PORTAL DALIA,,R  DALIA,"R DALIA CASA02 , BAIRRO LOT GOIÂNIA 2",2,2,2,1,1
AUTO_ALIAS_1A1_TOTAIS_IGUAIS,goiania,259058,3139,RES PORTAL DAMATA I,,R  OM02,"R OM02 CASA 01 , BAIRRO RES ORLANDO DE MORAIS",3,3,3,1,1
AUTO_ALIAS_1A1_TOTAIS_IGUAIS,goiania,137408,8633,RES PORTAL DANTAS LOPES RESIDENCE I,,R  JUAREZ AMORELLI,"R JUAREZ AMORELLI  CASA 01 , BAIRRO RES BUENA VISTA III",2,2,2,1,1
AUTO_ALIAS_1A1_TOTAIS_IGUAIS,goiania,188874,7110,RES PORTAL DA RAIA,,R  DA RAIA,"R DA RAIA  CASA 01 , BAIRRO JD ATLÂNTICO",2,2,2,1,1
AUTO_ALIAS_1A1_TOTAIS_IGUAIS,goiania,13750,6477,RES PORTAL DAS HORTENCIAS,,R  JH39,"R JH39 LT 01 CS 01 , BAIRRO JD DAS HORTÊNCIAS",3,3,3,1,1
AUTO_ALIAS_1A1_TOTAIS_IGUAIS,goiania,367166,7702,RES. PORTAL DAS ORTENCIAS,,R  DAS ORTENCIAS,"R DAS ORTENCIAS CASA 01 , BAIRRO LOT GOIÂNIA 2",2,2,2,1,1
AUTO_ALIAS_1A1_TOTAIS_IGUAIS,goiania,226222,9096,RES PORTAL DAS PAINEIRAS,,R  DAS PITANGUEIRAS,"R DO GRAMADO  CASA 02 , BAIRRO PRQ DAS PAINEIRAS II ETAPA",2,2,2,1,1
AUTO_ALIAS_1A1_TOTAIS_IGUAIS,goiania,159856,11195,RES PORTAL DAZ LEDO,,R  JAV3,"R JAV3  CASA 02 , BAIRRO JD ALPHAVILLE",2,2,2,1,1
AUTO_ALIAS_1A1_TOTAIS_IGUAIS,goiania,259924,11975,RES PORTAL DE MELO,,R  RB20,"R RB20 CASA 1 , BAIRRO RES RECANTO DO BOSQUE",2,2,2,1,1
AUTO_ALIAS_1A1_TOTAIS_IGUAIS,goiania,153851,6706,RES PORTAL DE MORAES CAMARGO I,,AV CRUZEIRO DO SUL,"AV CRUZEIRO DO SUL  CASA 01 , BAIRRO RES SANTA FÉ I",2,2,2,1,1
AUTO_ALIAS_1A1_TOTAIS_IGUAIS,goiania,376448,7678,RES. PORTAL DE NOBREGA,,AL DA MATA,"AL DA MATA CASA 01 , BAIRRO RES BRISAS DA MATA",2,2,2,1,1
AUTO_ALIAS_1A1_TOTAIS_IGUAIS,goiania,336279,10193,RES. PORTAL DO ARAGUAIA,,AV DOS INDIOS,"AV DOS INDIOS SOBRADO 01 , BAIRRO BRO SANTA GENOVEVA",2,2,2,1,1
AUTO_ALIAS_1A1_TOTAIS_IGUAIS,goiania,390215,6137,RES. PORTAL DO BOSQUE II,,R  RB32A,"R RB32A CASA 01 , BAIRRO RES RECANTO DO BOSQUE",2,2,2,1,1
AUTO_ALIAS_1A1_TOTAIS_IGUAIS,goiania,188476,8989,RES PORTAL DO MARISCO,,R  DO MARISCO,"R DO MARISCO  CASA 01 , BAIRRO JD ATLÂNTICO",2,2,2,1,1
AUTO_ALIAS_1A1_TOTAIS_IGUAIS,goiania,218374,8129,RES PORTAL DO RECREIO,,R  FP14,"CASA 01 , BAIRRO BRO RECREIO DO FUNCIONÁRIO PUBLICO",3,3,3,1,1
AUTO_ALIAS_1A1_TOTAIS_IGUAIS,goiania,363763,6071,RES PORTAL DOS SONHOS II,,R  ACP03,"R ACP03 CASA 02 , BAIRRO RES ANTONIO CARLOS PIRES",2,2,2,1,1
AUTO_ALIAS_1A1_TOTAIS_IGUAIS,goiania,332793,5940,RES PORTAL DOS SONHOS III,,R  AB1,"R AB01 CASA 01 , BAIRRO RES ALICE BARBOSA",2,2,2,1,1
AUTO_ALIAS_1A1_TOTAIS_IGUAIS,goiania,357314,6281,RES PORTAL DOS SONHOS IV,,R  OM10,"R OM10 CASA 01 , BAIRRO RES ORLANDO DE MORAIS",2,2,2,1,1
AUTO_ALIAS_1A1_TOTAIS_IGUAIS,goiania,325551,9338,RES PORTAL DOS SONHOS V,,R  MJ,"R MJ CASA 01 , BAIRRO RES VALE DOS SONHOS I",2,2,2,1,1
AUTO_ALIAS_1A1_TOTAIS_IGUAIS,goiania,223360,7876,RES PORTAL DOS VENTOS,,R  MDV24,"R MDV24  CASA 01 , BAIRRO LOT MOINHO DOS VENTOS",2,2,2,1,1
AUTO_ALIAS_1A1_TOTAIS_IGUAIS,goiania,295776,7946,RES PORTAL DOURADO,,R  AB21,"R AB21 CASA 01 , BAIRRO RES ALICE BARBOSA EXTENSÃO",2,2,2,1,1
AUTO_ALIAS_1A1_TOTAIS_IGUAIS,goiania,176787,7546,RES PORTAL D TEIXEIRA DOS SANTOS RESIDENCE I,,R  84,"CASA 01 , BAIRRO CON DAS ESMERALDAS",2,2,2,1,1
AUTO_ALIAS_1A1_TOTAIS_IGUAIS,goiania,61385,11218,RES PORTAL ELAI RESIDENCE,,R  JOAO MENDONCA,"R JOAO MENDONCA LT 54 CS 01 , BAIRRO RES BARRAVENTO",2,2,2,1,1
AUTO_ALIAS_1A1_TOTAIS_IGUAIS,goiania,181331,8947,RES PORTAL EMCL RESIDENCI I,,R  PR 19,"R PR 19  SOB. 01 , BAIRRO RES PORTAL DO ORIENTE",3,3,3,1,1
AUTO_ALIAS_1A1_TOTAIS_IGUAIS,goiania,138758,12446,RES PORTAL ESMERALDA,,R  RY7,"R RY7 S/N     CASA02 , BAIRRO RES YTAPUÃ",2,2,2,1,1
AUTO_ALIAS_1A1_TOTAIS_IGUAIS,goiania,26318,976,RES PORTAL ESTRELA DALVA,,R  DO INGA,"R DO INGA CASA 01 , BAIRRO S ESTRELA DALVA",2,2,2,1,1
AUTO_ALIAS_1A1_TOTAIS_IGUAIS,goiania,31007,5694,RES PORTAL ESTRELA DO AMARAL,,R  MEZENGA,"R MEZENGA CASA 01 , BAIRRO S ESTRELA DALVA",2,2,2,1,1
AUTO_ALIAS_1A1_TOTAIS_IGUAIS,goiania,165014,7619,RES PORTAL FERNANDES E FERREIRA I,,R  PADRE ANCHIETA,"R PADRE ANCHIETA  CASA 01 , BAIRRO RES SANTA FÉ I",2,2,2,1,1
AUTO_ALIAS_1A1_TOTAIS_IGUAIS,goiania,165065,7620,RES PORTAL FERNANDES E FERREIRA II,,R  PADRE ANCHIETA,"R PADRE ANCHIETA  CASA 01 , BAIRRO RES SANTA FÉ I",2,2,2,1,1
AUTO_ALIAS_1A1_TOTAIS_IGUAIS,goiania,157635,5732,RES PORTAL FERNANDES SILVA III,,R  ALUISIO ALVARENGA,"R ALUISIO ALVARENGA  CASA 01 , BAIRRO RES SANTA FÉ",2,2,2,1,1
AUTO_ALIAS_1A1_TOTAIS_IGUAIS,goiania,155521,5696,RES PORTAL FERNANDES SILVA IV,,R  GOMES DE SANTANA RAMOS,"R GOMES DE SANTANA RAMOS S/N     C-1 , BAIRRO RES SANTA FÉ",2,2,2,1,1
AUTO_ALIAS_1A1_TOTAIS_IGUAIS,goiania,156135,6266,RES PORTAL FERNANDES SILVA V,,R  CONCORDIA,"R CONCORDIA  CASA 01 , BAIRRO RES SANTA FÉ",2,2,2,1,1
AUTO_ALIAS_1A1_TOTAIS_IGUAIS,goiania,172686,6838,RES PORTAL FERNANDES SILVA VI,,R  BAIA FORMOSA,"R BAIA FORMOSA  C-1 , BAIRRO RES CAMPOS DOURADOS",2,2,2,1,1
AUTO_ALIAS_1A1_TOTAIS_IGUAIS,goiania,159424,6839,RES PORTAL FERNANDES SILVA VII,,R  RV4,"R RV4  CASA 01 , BAIRRO RES RIO VERDE",2,2,2,1,1
AUTO_ALIAS_1A1_TOTAIS_IGUAIS,goiania,155335,13589,RES.PORTAL FERNANDES SOUZA I,,R  EF13,"R EF13  , BAIRRO JD ELI FORTE - COMPLEMENTO",2,2,2,1,1
AUTO_ALIAS_1A1_TOTAIS_IGUAIS,goiania,16423,2598,RES PORTAL FERREIRA SILVA,,R  25 DE OUTUBRO,"R 25 DE OUTUBRO CASA 01 , BAIRRO S ESTRELA DALVA",2,2,2,1,1
AUTO_ALIAS_1A1_TOTAIS_IGUAIS,goiania,330964,9733,RES. PORTAL FIGUEIREDO,,R  RB19,"R RB56A CASA 01 , BAIRRO RES RECANTO DO BOSQUE",2,2,2,1,1
AUTO_ALIAS_1A1_TOTAIS_IGUAIS,goiania,157389,6787,RES PORTAL G. ALVES DE OLIVEIRA II,,R  LEE HUNDLEY,"R LEE HUNDLEY  CASA 01 , BAIRRO RES SANTA FÉ",2,2,2,1,1
AUTO_ALIAS_1A1_TOTAIS_IGUAIS,goiania,159154,8669,RES PORTAL GAO RESIDENCI I,,R  F1,"R F4  CASA 03 , BAIRRO RES FIDÉLIS",3,3,3,1,1
AUTO_ALIAS_1A1_TOTAIS_IGUAIS,goiania,170778,4663,RES.PORTAL GARABOSKI II,,R  PORTO SEGURO,"R PORTO SEGURO  CASA 01 , BAIRRO RES CAMPOS DOURADOS",2,2,2,1,1
AUTO_ALIAS_1A1_TOTAIS_IGUAIS,goiania,219079,7213,RES PORTAL GONCALO,,R  VB48,"R VB48  CASA01 , BAIRRO RES VEREDA DOS BURITIS",2,2,2,1,1
AUTO_ALIAS_1A1_TOTAIS_IGUAIS,goiania,157138,6566,RES PORTAL GUAVIRA IV,,R  LEE HUNDLEY,"R LEE HUNDLEY  C-1 , BAIRRO RES SANTA FÉ",2,2,2,1,1
AUTO_ALIAS_1A1_TOTAIS_IGUAIS,goiania,164609,6785,RES PORTAL GUAVIRA V,,R  BOA VISTA,"R BOA VISTA  C-1 , BAIRRO RES SANTA FÉ I",2,2,2,1,1
AUTO_ALIAS_1A1_TOTAIS_IGUAIS,goiania,157135,5305,RES PORTAL GUIMARAES RESID.III,,R  GOMES DE SANTANA RAMOS,"R GOMES DE SANTANA RAMOS  CASA 01 , BAIRRO RES SANTA FÉ",2,2,2,1,1
AUTO_ALIAS_1A1_TOTAIS_IGUAIS,goiania,164299,6711,RES. PORTAL HC SOUZA E REZIO II,,R  DA FARTURA,"R DA FARTURA  CASA 01 , BAIRRO RES SANTA FÉ I",3,3,3,1,1
AUTO_ALIAS_1A1_TOTAIS_IGUAIS,goiania,142486,6382,RES PORTAL IGGOR COSTA I,,R  JUAREZ AMORELLI,"R JUAREZ AMORELLI  CASA 01 , BAIRRO RES BUENA VISTA III",2,2,2,1,1
AUTO_ALIAS_1A1_TOTAIS_IGUAIS,goiania,350235,7576,RES PORTAL INACIA SOUSA RESIDENCI I,,R  RB6,"R RB6 CASA 01 , BAIRRO RES RECANTO DO BOSQUE",2,2,2,1,1
AUTO_ALIAS_1A1_TOTAIS_IGUAIS,goiania,158953,3826,RES PORTAL J.C.XAVIER III,,R  LIBERDADE,"R LIBERDADE  CASA01 , BAIRRO RES SANTA FÉ I",2,2,2,1,1
AUTO_ALIAS_1A1_TOTAIS_IGUAIS,goiania,216561,6187,RES PORTAL J.C.XAVIER XIV,,R  CV8,"R CV8  CASA 01 , BAIRRO RES CENTER VILLE",2,2,2,1,1
AUTO_ALIAS_1A1_TOTAIS_IGUAIS,goiania,158855,6267,RES PORTAL J.C.XAVIER XV,,R  SB12,"R SB12  CASA 02 , BAIRRO RES SOLAR BOUGAINVILLE",2,2,2,1,1
AUTO_ALIAS_1A1_TOTAIS_IGUAIS,goiania,25583,8747,RES. PORTAL J E J,,R  VF58,"R VF58 LT 36 CS 01 , BAIRRO VL FINSOCIAL",2,2,2,1,1
AUTO_ALIAS_1A1_TOTAIS_IGUAIS,goiania,217829,7644,RES PORTAL JE XAVIER DE ALMEIDA I,,R  CV34,"R CV34  CASA 01 , BAIRRO RES CENTER VILLE",2,2,2,1,1
AUTO_ALIAS_1A1_TOTAIS_IGUAIS,goiania,164182,8442,RES PORTAL JE XAVIER DE ALMEIDA II,,R  DA GLORIA,"R PADRE ANCHIETA  CASA 01 , BAIRRO RES SANTA FÉ I",3,3,3,1,1
AUTO_ALIAS_1A1_TOTAIS_IGUAIS,goiania,164760,8443,RES PORTAL JE XAVIER DE ALMEIDA III,,R  DA GLORIA,"R DA GLORIA  CASA 01 , BAIRRO RES SANTA FÉ I",2,2,2,1,1
AUTO_ALIAS_1A1_TOTAIS_IGUAIS,goiania,222741,8878,RES PORTAL JE XAVIER DE ALMEIDA IV,,R  RC14,"R RC14  CASA 01 , BAIRRO RES CANADÁ",2,2,2,1,1
AUTO_ALIAS_1A1_TOTAIS_IGUAIS,goiania,139214,7600,RES PORTAL JUAREZ AMORELLI RESIDENCI I,,R  JUAREZ AMORELLI,"R JUAREZ AMORELLI  CASA 01 , BAIRRO RES BUENA VISTA III",2,2,2,1,1
AUTO_ALIAS_1A1_TOTAIS_IGUAIS,goiania,135988,8644,RES PORTAL JUAREZ AMORELLI RESIDENCI II,,R  JOAO MAXIMO BORGES,"R JOAO MAXIMO BORGES  CASA 01 , BAIRRO RES BUENA VISTA III",2,2,2,1,1
AUTO_ALIAS_1A1_TOTAIS_IGUAIS,goiania,94472,10985,RES PORTAL LEBLON,,R  ITAPOA,"R ITAPOA  CASA01 , BAIRRO RES JARDIM LEBLON",2,2,2,1,1
AUTO_ALIAS_1A1_TOTAIS_IGUAIS,goiania,128326,7903,RES PORTAL LG SILVEIRA ALVES RESIDENCI I,,R  DAS CANDEIAS,"R DAS CANDEIAS  CASA 01 , BAIRRO BRO JARDIM BOTÂNICO",2,2,2,1,1
AUTO_ALIAS_1A1_TOTAIS_IGUAIS,goiania,316177,10699,RES PORTAL LIBERDADE,,R  AB2,"R AB2 SOBRADO 01 , BAIRRO RES ALICE BARBOSA",4,4,4,1,1
AUTO_ALIAS_1A1_TOTAIS_IGUAIS,goiania,348145,10935,RES PORTAL LIBERDADE II,,R  AB13,"R AB13 CASA 01 , BAIRRO RES ALICE BARBOSA",2,2,2,1,1
AUTO_ALIAS_1A1_TOTAIS_IGUAIS,goiania,208853,6441,RES PORTAL LV CABRAL DE MORAIS I,,R  MMM10,"R MMM10  CASA 02 , BAIRRO S TRÊS MARIAS I",2,2,2,1,1
AUTO_ALIAS_1A1_TOTAIS_IGUAIS,goiania,208796,6437,RES PORTAL LV CABRAL MORAIS II,,R  MMM10,"R MMM10  CASA 02 , BAIRRO S TRÊS MARIAS I",2,2,2,1,1
AUTO_ALIAS_1A1_TOTAIS_IGUAIS,goiania,323588,6375,RES PORTAL MACARANDUBA,,R  MACARANDUBA,"R MACARANDUBA CASA 01 , BAIRRO LOT GOIÂNIA 2",2,2,2,1,1
AUTO_ALIAS_1A1_TOTAIS_IGUAIS,goiania,218227,9377,RES. PORTAL MACEDO,,R  CV13,"R CV13  CASA 01 , BAIRRO RES CENTER VILLE",2,2,2,1,1
AUTO_ALIAS_1A1_TOTAIS_IGUAIS,goiania,154108,6515,RES PORTAL MACEDO PARK RESIDENCI,,R  AGENOR ALVES DE OLIVEIRA,"R AGENOR ALVES DE OLIVEIRA  CASA 01 , BAIRRO RES KÁTIA",2,2,2,1,1
AUTO_ALIAS_1A1_TOTAIS_IGUAIS,goiania,135873,5737,RES PORTAL MACHADO ALVES,,R  RMP14,"R RMP14  CASA 01 , BAIRRO RES MONTE PASCOAL",2,2,2,1,1
AUTO_ALIAS_1A1_TOTAIS_IGUAIS,goiania,208348,7841,RES PORTAL MARQUES PEREIRA RESIDENCI II,,R  F4,"R F4  CASA 01 , BAIRRO LOT FAIÇALVILLE",2,2,2,1,1
AUTO_ALIAS_1A1_TOTAIS_IGUAIS,goiania,141944,8078,RES PORTAL MARTINS DANTAS RESIDENCI II,,R  ELPIDIO RODRIGUES,"R ELPIDIO RODRIGUES  CASA 01 , BAIRRO RES BUENA VISTA III",2,2,2,1,1
AUTO_ALIAS_1A1_TOTAIS_IGUAIS,goiania,140785,9071,RES PORTAL MARTINS GOMES RESIDENCI II,,R  PAULO RODRIGUES,"R PAULO RODRIGUES  CASA 01 , BAIRRO RES BUENA VISTA III",2,2,2,1,1
AUTO_ALIAS_1A1_TOTAIS_IGUAIS,goiania,26223,9119,RES. PORTAL MORADA DO SOL,,R  PARENTELA,"R PARENTELA SOB. 01 , BAIRRO S MORADA DO SOL",2,2,2,1,1
AUTO_ALIAS_1A1_TOTAIS_IGUAIS,goiania,161792,12052,RES. PORTAL NADIR FERREIRA I,,R  PEDRO LUIZ PEREIRA,"R PEDRO LUIZ PEREIRA  CASA 01 , BAIRRO RES FORTEVILLE",2,2,2,1,1
AUTO_ALIAS_1A1_TOTAIS_IGUAIS,goiania,52723,7752,RES PORTAL N MARTA MACHADO I,,R  RSC7,"R RSC7 LT 07 . , BAIRRO JD SANTA CECÍLIA",2,2,2,1,1
AUTO_ALIAS_1A1_TOTAIS_IGUAIS,goiania,289474,7062,RES PORTAL NORTE,,R  DIAMANTINA,"R ALLAN KARDEC CASA 01 , BAIRRO VL JARDIM POMPÉIA",5,5,5,1,1
AUTO_ALIAS_1A1_TOTAIS_IGUAIS,goiania,160729,1407,RES PORTAL PEREIRA RODRIGUES I,,R  FV20,"R FV20  CASA 1 , BAIRRO RES FIDÉLIS",2,2,2,1,1
AUTO_ALIAS_1A1_TOTAIS_IGUAIS,goiania,393693,6907,RES PORTAL PORTINARI,,AV CANDIDO PORTINARI,"AV CANDIDO PORTINARI  SOB01 , BAIRRO S GENTIL MEIRELLES",6,6,6,1,1
AUTO_ALIAS_1A1_TOTAIS_IGUAIS,goiania,40250,13581,RES PORTAL PRIVE OLIVEIRA,,R  PN6,"R PN6 LT 07 . , BAIRRO RES PRIVÊ NORTE",2,2,2,1,1
AUTO_ALIAS_1A1_TOTAIS_IGUAIS,goiania,92937,8617,RES PORTAL PR SILVA RESIDENCI I,,R  DO VERAO,"R DO VERAO  CASA 01 , BAIRRO RES PARQUE OESTE",2,2,2,1,1
AUTO_ALIAS_1A1_TOTAIS_IGUAIS,goiania,90628,8287,RES PORTAL PR SILVA RESIDENCI II,,R  DO VERAO,"R DO VERAO  CASA 01 , BAIRRO RES PARQUE OESTE",3,3,3,1,1
AUTO_ALIAS_1A1_TOTAIS_IGUAIS,goiania,361325,5861,RES PORTAL RABELO SILVA II,,R  OM21,"R OM21 C-2 , BAIRRO RES ANTONIO CARLOS PIRES",2,2,2,1,1
AUTO_ALIAS_1A1_TOTAIS_IGUAIS,goiania,313123,6559,RES PORTAL RABELO SILVA III,,R  ACP11,"R ACP11 CASA 02 , BAIRRO RES ANTONIO CARLOS PIRES",2,2,2,1,1
AUTO_ALIAS_1A1_TOTAIS_IGUAIS,goiania,405566,7407,RES PORTAL R.C II,,R  C178,"R C178  SOB.01 , BAIRRO BRO NOVA SUIÇA",2,2,2,1,1
AUTO_ALIAS_1A1_TOTAIS_IGUAIS,goiania,86323,9503,RES PORTAL RCN,,R  FILOMENA FAUSTA,"R JOAQUIM ALVES VIEIRA  CASA 01 , BAIRRO RES PILAR DOS SONHOS",2,2,2,1,1
AUTO_ALIAS_1A1_TOTAIS_IGUAIS,goiania,87498,9511,RES PORTAL RCN II,,R  JR1,"R JR1  CASA 01 , BAIRRO JD REAL",2,2,2,1,1
AUTO_ALIAS_1A1_TOTAIS_IGUAIS,goiania,177017,13840,RES. PORTAL REALIZA II,,R  RI7,"R RI7  CASA 02 , BAIRRO RES ITAIPÚ",2,2,2,1,1
AUTO_ALIAS_1A1_TOTAIS_IGUAIS,goiania,311859,1709,RES PORTAL RECANTO DAS BRISAS,,AV DONA MELINHA,"AV DONA MELINHA CASA 01 , BAIRRO RES BRISAS DA MATA",2,2,2,1,1
AUTO_ALIAS_1A1_TOTAIS_IGUAIS,goiania,165291,7827,RES PORTAL REIS DOMINGUES I,,R  DA BARRA GRANDE,"R DA BARRA GRANDE  CASA 01 , BAIRRO RES SANTA FÉ I",2,2,2,1,1
AUTO_ALIAS_1A1_TOTAIS_IGUAIS,goiania,157376,10919,RES PORTAL REIS DOMINGUES II,,AV ORLANDO MARQUES DE ABREU,"AV ORLANDO MARQUES DE ABREU  CASA 02 , BAIRRO RES FIDÉLIS",2,2,2,1,1
AUTO_ALIAS_1A1_TOTAIS_IGUAIS,goiania,159975,8473,RES PORTAL R LUCIO CARNEIRO RESIDENCI II,,R  FV22,"R FV22  CASA 01 , BAIRRO RES FORTE VILLE - EXTENSÃO",2,2,2,1,1
AUTO_ALIAS_1A1_TOTAIS_IGUAIS,goiania,158719,8875,RES PORTAL R`LUCIO CARNEIRO RESIDENCI III,,R  FV22,"R FV22  CASA 02 , BAIRRO RES FIDÉLIS",2,2,2,1,1
AUTO_ALIAS_1A1_TOTAIS_IGUAIS,goiania,158205,9508,RES PORTAL R LUCIO CARNEIRO RESIDENCI IV,,R  F2,"R F2  CASA 01 , BAIRRO RES FIDÉLIS",2,2,2,1,1
AUTO_ALIAS_1A1_TOTAIS_IGUAIS,goiania,207159,10320,RES PORTAL R LUCIO CARNEIRO RESIDENCI VI,,R  GIBRALTAR,"R GIBRALTAR  CASA 01 , BAIRRO S TRÊS MARIAS",2,2,2,1,1
AUTO_ALIAS_1A1_TOTAIS_IGUAIS,goiania,53366,1791,RES PORTAL ROMANOS,,R  JGO6,"R JGO6 LT 08 . , BAIRRO JD GRAMADO",2,2,2,1,1
AUTO_ALIAS_1A1_TOTAIS_IGUAIS,goiania,40281,10554,RES. PORTAL ROSA CORTE,,R  SC9,"R SC9 LT 07 CS 02 , BAIRRO JD COLORADO",2,2,2,1,1
AUTO_ALIAS_1A1_TOTAIS_IGUAIS,goiania,165708,8144,RES PORTAL RUIVO DANTAS ERSIDENCI III,,AV ELI ALVES FORTES,"AV ELI ALVES FORTES  CASA 01 , BAIRRO RES SANTA FÉ I",2,2,2,1,1
AUTO_ALIAS_1A1_TOTAIS_IGUAIS,goiania,133278,7765,RES PORTAL RUIVO DANTAS RESEDENCI II,,R  PORTO GOMES,"R PORTO GOMES  CASA 01 , BAIRRO RES BUENA VISTA IV",3,3,3,1,1
AUTO_ALIAS_1A1_TOTAIS_IGUAIS,goiania,165932,8632,RES PORTAL RUIVO DANTAS RESIDENCE IV,,AV ELI ALVES FORTES,"AV ELI ALVES FORTES  CASA 01 , BAIRRO RES SANTA FÉ I",2,2,2,1,1
AUTO_ALIAS_1A1_TOTAIS_IGUAIS,goiania,158417,8034,RES PORTAL SANTANA DIAS I,,R  JAV2,"R JAV2  CASA 01 , BAIRRO JD ALPHAVILLE",2,2,2,1,1
AUTO_ALIAS_1A1_TOTAIS_IGUAIS,goiania,169052,2567,RES PORTAL SERGIO DE ARAUJO II,,R  RI24,"R RI11  CASA 01 , BAIRRO RES ITAIPÚ",3,3,3,1,1
AUTO_ALIAS_1A1_TOTAIS_IGUAIS,goiania,392099,6454,RES PORTAL SILVA I,,R  OM21,"R OM21 C-2 , BAIRRO RES ANTONIO CARLOS PIRES",2,2,2,1,1
AUTO_ALIAS_1A1_TOTAIS_IGUAIS,goiania,161048,6443,RES PORTAL SILVA NUNES RESIDENCI I,,R  ANTONIO FIDELIS,"R ANTONIO FIDELIS  CASA 01 , BAIRRO RES FIDÉLIS",2,2,2,1,1
AUTO_ALIAS_1A1_TOTAIS_IGUAIS,goiania,217348,9097,RES PORTAL SIQUEIRA SANTOS I,,R  RT3,"R RT3  CASA 02 , BAIRRO RES TALISMÃ",2,2,2,1,1
AUTO_ALIAS_1A1_TOTAIS_IGUAIS,goiania,368393,9651,RES PORTAL SONHOS VI,,R  MAV,"R MAV CASA 01 , BAIRRO RES VALE DOS SONHOS I",2,2,2,1,1
AUTO_ALIAS_1A1_TOTAIS_IGUAIS,goiania,59771,5726,RES.PORTAL SPA I,,R  JOSE LUDOVICO DE ALMEIDA,"R JOSE LUDOVICO DE ALMEIDA LT24 CASA 01 , BAIRRO RES BARRAVENTO",2,2,2,1,1
AUTO_ALIAS_1A1_TOTAIS_IGUAIS,goiania,259898,6394,RES PORTAL SPA II,,R  RB2A,"R RB2A CASA 01 , BAIRRO RES RECANTO DO BOSQUE",2,2,2,1,1
AUTO_ALIAS_1A1_TOTAIS_IGUAIS,goiania,345034,11466,RES PORTAL SUICA I,,AV ORIENTE,"AV ORIENTE CASA 01 , BAIRRO RES RECANTO DO BOSQUE",2,2,2,1,1
AUTO_ALIAS_1A1_TOTAIS_IGUAIS,goiania,122667,6846,RES PORTAL TECTA,,R  DA ABOLICAO,"R DA ABOLICAO  CASA 01 , BAIRRO PRQ INDUSTRIAL JOÃO BRAZ",3,3,3,1,1
AUTO_ALIAS_1A1_TOTAIS_IGUAIS,goiania,170380,11361,RES.PORTAL TERRA I,,R  RI4,"R RI4  CASA 01 , BAIRRO RES ITAIPÚ",2,2,2,1,1
AUTO_ALIAS_1A1_TOTAIS_IGUAIS,goiania,412041,1897,RES PORTAL TRES ESTRELAS,,R  16 DE MAIO,"R WILSON AUGUSTO DE SA CASA 01 , BAIRRO S ESTRELA DALVA",4,4,4,1,1
AUTO_ALIAS_1A1_TOTAIS_IGUAIS,goiania,81690,5628,RES PORTAL TRINIDAD,,R  ELAINE GALDINO DE SOUZA,"R ROOSEVELT GALDINO DE OLIVEIRA CASA 01 , BAIRRO RES RECANTO DAS GARÇAS",2,2,2,1,1
AUTO_ALIAS_1A1_TOTAIS_IGUAIS,goiania,177451,10232,RES. PORTAL UP 02,,R  CARAGUATATUBA,"R CARAGUATATUBA  CASA 01 , BAIRRO RES CAMPOS DOURADOS",2,2,2,1,1
AUTO_ALIAS_1A1_TOTAIS_IGUAIS,goiania,161315,6739,RES PORTAL V ALMEIDA II,,R  SB11,"R SB11  CASA 01 , BAIRRO RES SOLAR BOUGAINVILLE",2,2,2,1,1
AUTO_ALIAS_1A1_TOTAIS_IGUAIS,goiania,200220,9063,RES PORTAL VELEIROS,,R  LAS VELAS,"R LAS VELAS  CASA 02 , BAIRRO S TRÊS MARIAS",2,2,2,1,1
AUTO_ALIAS_1A1_TOTAIS_IGUAIS,goiania,177525,11834,RES PORTAL VERAS,,R  RI15,"R RI15  CASA01 , BAIRRO RES ITAIPÚ",3,3,3,1,1
AUTO_ALIAS_1A1_TOTAIS_IGUAIS,goiania,128192,7249,RES PORTAL V HUMBERTO ALVES RESIDENCI I,,R  DAS CANDEIAS,"R DAS CANDEIAS  CASA 01 , BAIRRO BRO JARDIM BOTÂNICO",2,2,2,1,1
AUTO_ALIAS_1A1_TOTAIS_IGUAIS,goiania,18514,6124,RES. PORTAL VIEIRA,,R  PANELAS,"R PANELAS LT 17 C-1 , BAIRRO S PARQUE TREMENDÃO",2,2,2,1,1
AUTO_ALIAS_1A1_TOTAIS_IGUAIS,goiania,182694,6425,RES PORTAL VIEIRA DE ALMEIDA II,,R  GETULIO VARGAS,"R GETULIO VARGAS  C-1 , BAIRRO S CRISTINA",3,3,3,1,1
AUTO_ALIAS_1A1_TOTAIS_IGUAIS,goiania,170585,6084,RES PORTAL VILLAGE CRUZEIRO DO SUL III,,R  ARACRUZ,"R ARACRUZ  CASA 01 , BAIRRO RES CAMPOS DOURADOS",2,2,2,1,1
AUTO_ALIAS_1A1_TOTAIS_IGUAIS,goiania,93998,1400,RES PORTAL VILLAGE MARTINS,,R  TAMOIOS,"R TAMOIOS  CASA 01 , BAIRRO RES PETRÓPOLIS",2,2,2,1,1
AUTO_ALIAS_1A1_TOTAIS_IGUAIS,goiania,223222,5512,RES PORTAL WMS I,,R  MDV13,"R MDV13  CASA 01 , BAIRRO LOT MOINHO DOS VENTOS",2,2,2,1,1
AUTO_ALIAS_1A1_TOTAIS_IGUAIS,goiania,127713,11115,RES PORTAL X'SILVA BASTOS RESIDENCI I,,R  DAS CANDEIAS,"R DAS CANDEIAS  CASA 01 , BAIRRO BRO JARDIM BOTÂNICO",2,2,2,1,1
AUTO_ALIAS_1A1_TOTAIS_IGUAIS,goiania,292461,5660,RES PORTIMAO,,R  LN2,"R LN2 CASA 01 , BAIRRO RES LICARDINO NEY",2,2,2,1,1
AUTO_ALIAS_1A1_TOTAIS_IGUAIS,goiania,100047,1638,RES PORTINARI II,,R  P-01,"R P-01  CASA 01 , BAIRRO RES PORTINARI",4,4,4,1,1
AUTO_ALIAS_1A1_TOTAIS_IGUAIS,goiania,100379,9539,RES PORTINARI III,,R  P-01,"R P-01  CASA 01 , BAIRRO RES PORTINARI",4,4,4,1,1
AUTO_ALIAS_1A1_TOTAIS_IGUAIS,goiania,94749,6619,RES PORTO ALEGRE-XVI,,R  PORTO ALEGRE,"R PORTO ALEGRE  CASA 01 , BAIRRO RES PETRÓPOLIS",2,2,2,1,1
AUTO_ALIAS_1A1_TOTAIS_IGUAIS,goiania,147541,14102,RES PORTO BANUS,,R  C155,"R C155  , BAIRRO BRO JARDIM AMÉRICA",2,2,2,1,1
AUTO_ALIAS_1A1_TOTAIS_IGUAIS,goiania,70415,12527,RES PORTO BELO I,,R  ICARAI,"R ICARAI CASA 01 , BAIRRO LOT VALE VERDE",2,2,2,1,1
AUTO_ALIAS_1A1_TOTAIS_IGUAIS,goiania,70416,12403,RES. PORTO BELO II,,R  ICARAI,"R ICARAI CASA 01 , BAIRRO LOT VALE VERDE",3,3,3,1,1
AUTO_ALIAS_1A1_TOTAIS_IGUAIS,goiania,70417,8813,RES PORTO BELO III,,R  ICARAI,"R ICARAI CASA 01 , BAIRRO LOT VALE VERDE",2,2,2,1,1
AUTO_ALIAS_1A1_TOTAIS_IGUAIS,goiania,70418,12013,RES. PORTO BELO IV,,R  ICARAI,"R ICARAI CASA 01 , BAIRRO LOT VALE VERDE",3,3,3,1,1
AUTO_ALIAS_1A1_TOTAIS_IGUAIS,goiania,332624,6088,RES PORTO CAVALCANTI X,,R  DOS CRAVOS,"R DOS CRAVOS CASA 01 , BAIRRO LOT GOIÂNIA 2",2,2,2,1,1
AUTO_ALIAS_1A1_TOTAIS_IGUAIS,goiania,341866,7770,RES PORTO MADEIRA II,,R  MA12,"R MA12 CASA 01 , BAIRRO RES OLINDA",2,2,2,1,1
AUTO_ALIAS_1A1_TOTAIS_IGUAIS,goiania,239406,9438,RES PORTO MARIN,,AV T15,"AV T15  CASA 01 , BAIRRO S BUENO",7,7,7,1,1
AUTO_ALIAS_1A1_TOTAIS_IGUAIS,goiania,167398,8343,RES PORTO NOBRE ITAIPU,,R  RI29,"R RI29  CASA 01 , BAIRRO RES ITAIPÚ",2,2,2,1,1
AUTO_ALIAS_1A1_TOTAIS_IGUAIS,goiania,207846,6892,RES. PORTO SEGURO,,R  F45,"R F45  CASA 01 , BAIRRO LOT FAIÇALVILLE",2,2,2,1,1
AUTO_ALIAS_1A1_TOTAIS_IGUAIS,goiania,270251,11508,RES. PORTO SEGURO,,AL MARACANA,"AL MARACANA CASA 01 , BAIRRO S JAÓ",2,2,2,1,1
AUTO_ALIAS_1A1_TOTAIS_IGUAIS,goiania,95379,7217,RES. PORTO SHALLON,,R  TAMOIOS,"R TAMOIOS  CASA 01 , BAIRRO RES PETRÓPOLIS",2,2,2,1,1
AUTO_ALIAS_1A1_TOTAIS_IGUAIS,goiania,187660,13193,RES POUSO ALEGRE,,R  DO CURIMA,"R DO CURIMA  CASA-01 , BAIRRO JD ATLÂNTICO",2,2,2,1,1
AUTO_ALIAS_1A1_TOTAIS_IGUAIS,goiania,358721,12843,RES. POVOA DE OLIVEIRA I,,AV MARGINAL LESTE,"AV MARGINAL LESTE CASA 01 , BAIRRO RES ARCO VERDE",2,2,2,1,1
AUTO_ALIAS_1A1_TOTAIS_IGUAIS,goiania,279064,10601,RES. POVOA JUNIOR,,R  CARNAUBA,"R CARNAUBA CASA 01 , BAIRRO JD MARILIZA",2,2,2,1,1
AUTO_ALIAS_1A1_TOTAIS_IGUAIS,goiania,317706,10854,RES POVOA JUNIOR II,,R  SALGUEIRO,"R SALGUEIRO CASA 1 , BAIRRO JD MARILIZA",2,2,2,1,1
AUTO_ALIAS_1A1_TOTAIS_IGUAIS,goiania,136294,8515,RES. PRADA BUENA,,R  JUCA RODRIGUES,"R JUCA RODRIGUES  CASA 01 , BAIRRO RES BUENA VISTA III",2,2,2,1,1
AUTO_ALIAS_1A1_TOTAIS_IGUAIS,goiania,135951,5815,RES. PRADO-968,,R  JOSE ERNESTO MORAES,"R JOSE ERNESTO MORAES  C-1 , BAIRRO RES BUENA VISTA IV",2,2,2,1,1
AUTO_ALIAS_1A1_TOTAIS_IGUAIS,goiania,154245,8011,RES PRADO FIGUEIREDO,,R  GOIANY PRATES,"R GOIANY PRATES  CASA 01 , BAIRRO RES KÁTIA",2,2,2,1,1
AUTO_ALIAS_1A1_TOTAIS_IGUAIS,goiania,137834,13121,RES.PRADO II,,R  DOM CELSO PEREIRA DE ALMEIDA,"R DOM CELSO PEREIRA DE ALMEIDA  CASA 1 , BAIRRO JD SÃO JOSÉ",2,2,2,1,1
AUTO_ALIAS_1A1_TOTAIS_IGUAIS,goiania,207000,12668,RES.PRESIDENTE DUTRA,,AV PRESIDENTE DUTRA,"AV PRESIDENTE DUTRA  CASA 01 , BAIRRO JD PRESIDENTE",2,2,2,1,1
AUTO_ALIAS_1A1_TOTAIS_IGUAIS,goiania,240367,7074,RES PRESIDENTE FIGUEIREDO III,,R  1128,"R 1128  CASA 01 , BAIRRO S MARISTA",2,2,2,1,1
AUTO_ALIAS_1A1_TOTAIS_IGUAIS,goiania,206985,2807,RES PRESIDENTE JOHNSON,,R  PRESIDENTE JONHSON,"R PRESIDENTE JONHSON  CASA01 , BAIRRO JD PRESIDENTE",2,2,2,1,1
AUTO_ALIAS_1A1_TOTAIS_IGUAIS,goiania,207020,6168,RES PRESIDENTE WASHINGTON,,R  PRESIDENTE GEORGE WASHINGTON,"R PRESIDENTE GEORGE WASHINGTON  CASA 01 , BAIRRO JD PRESIDENTE",2,2,2,1,1
AUTO_ALIAS_1A1_TOTAIS_IGUAIS,goiania,141904,11214,RES PRIMAVERA V,,R  ANTONIO CARLOS MOURA,"R CON JOSE TRINDADE DA F.E SILVA  CASA 01 , BAIRRO JD SÃO JOSÉ",2,2,2,1,1
AUTO_ALIAS_1A1_TOTAIS_IGUAIS,goiania,264534,1337,RES PRIMICIAS,,R  FRANCISCO BARBOSA,"R FRANCISCO BARBOSA CASA01 , BAIRRO RES ANTÔNIO BARBOSA",2,2,2,1,1
AUTO_ALIAS_1A1_TOTAIS_IGUAIS,goiania,224973,2077,RES PRIMICIAS,,R  SM3,"R SM3  CASA 01 , BAIRRO JD SÔNIA MARIA",2,2,2,1,1
AUTO_ALIAS_1A1_TOTAIS_IGUAIS,goiania,356765,7962,RES PRIMICIAS,,AV ITABERAI,"AV ITABERAI CASA 01 , BAIRRO VL JARDIM POMPÉIA",4,4,4,1,1
AUTO_ALIAS_1A1_TOTAIS_IGUAIS,goiania,285145,4903,RES PRIMICIAS 2,,R  PS3,"R PS3 CASA 01 , BAIRRO RES SENADOR PARANHOS",2,2,2,1,1
AUTO_ALIAS_1A1_TOTAIS_IGUAIS,goiania,107882,8689,RES PRIMO,,R  VI8,"R VI8 CASA 01 , BAIRRO CJ VERA CRUZ",5,5,5,1,1
AUTO_ALIAS_1A1_TOTAIS_IGUAIS,goiania,133463,1495,RES PRIMO VIEIRA IV,,R  MONS. PRIMO VIEIRA,"R MONS. PRIMO VIEIRA  CASA 01 , BAIRRO RES MONTE PASCOAL",2,2,2,1,1
AUTO_ALIAS_1A1_TOTAIS_IGUAIS,goiania,140355,2328,RES PRIMO VIEIRA PEREIRA SILVA XXIII,,R  MONS. PRIMO VIEIRA,"R MONS. PRIMO VIEIRA  CASA01 , BAIRRO RES MONTE PASCOAL",2,2,2,1,1
AUTO_ALIAS_1A1_TOTAIS_IGUAIS,goiania,258266,7237,RES.PRINATH,,AL MARACANA,"AL MARACANA CASA 01 , BAIRRO S JAÓ",2,2,2,1,1
AUTO_ALIAS_1A1_TOTAIS_IGUAIS,goiania,151977,2666,RES PRIVE AMERICA PARK,,R  C37,"R C37  SOBRADO  A , BAIRRO VL SANTA EFIGÊNIA",8,8,8,1,1
AUTO_ALIAS_1A1_TOTAIS_IGUAIS,goiania,31611,8489,RES PRIVE NORTE RES.MORADA PEREIRA HOLANDA I,,R  PN6,"R PN5 LT S/N . , BAIRRO RES PRIVÊ NORTE",2,2,2,1,1
AUTO_ALIAS_1A1_TOTAIS_IGUAIS,goiania,240033,5919,RES PRIVE OASIS,,AV T3,"R T53 2161    SOB 01 , BAIRRO S BUENO",10,10,10,1,1
AUTO_ALIAS_1A1_TOTAIS_IGUAIS,goiania,85311,12350,RES PRIVE PETROPOLIS PARK VERDE,,AL CORCOVADO,"AL CORCOVADO  CASA 01 , BAIRRO JD PETRÓPOLIS",7,7,7,1,1
AUTO_ALIAS_1A1_TOTAIS_IGUAIS,goiania,89438,14101,RES PRIVE PETROPOLIS PARK VERDE II,,R  17,"R 17 CASA01 , BAIRRO S SANTOS DUMONT",2,2,2,1,1
AUTO_ALIAS_1A1_TOTAIS_IGUAIS,goiania,81720,11499,RES. PRIVE PETROPOLIS PARK VII,,AL CORCOVADO,"AL CORCOVADO  CASA-03 , BAIRRO JD PETRÓPOLIS",6,6,6,1,1
AUTO_ALIAS_1A1_TOTAIS_IGUAIS,goiania,52814,1985,RES PROGRESSO RESIDENCE,,R  P,"R P LT 07 CASA 02 , BAIRRO S PROGRESSO",2,2,2,1,1
AUTO_ALIAS_1A1_TOTAIS_IGUAIS,goiania,97704,7136,RES PROSPERIDADE,,R  FORTALEZA,"R FORTALEZA  C-1 , BAIRRO RES PETRÓPOLIS",2,2,2,1,1
AUTO_ALIAS_1A1_TOTAIS_IGUAIS,goiania,202493,8770,RES PRUDENTE I,,AV PRESIDENTE PRUDENTE,"AV PRESIDENTE PRUDENTE  CASA 01 , BAIRRO JD PRESIDENTE",2,2,2,1,1
AUTO_ALIAS_1A1_TOTAIS_IGUAIS,goiania,334044,7129,RES PSS 1,,AV MARGINAL LESTE,"AV MARGINAL LESTE CASA 01 , BAIRRO RES ARCO VERDE",2,2,2,1,1
AUTO_ALIAS_1A1_TOTAIS_IGUAIS,goiania,94675,7828,RES PSZOLA,,R  MANAUS,"R MANAUS  CASA 01 , BAIRRO RES PETRÓPOLIS",2,2,2,1,1
AUTO_ALIAS_1A1_TOTAIS_IGUAIS,goiania,173297,4963,RES.PUREZA I,,R  PEDRO VIEIRA DOS SANTOS,"R PEDRO VIEIRA DOS SANTOS  C-1 , BAIRRO JD ITAIPÚ",3,3,3,1,1
AUTO_ALIAS_1A1_TOTAIS_IGUAIS,goiania,77638,1488,RES QUADRA 60,,AL HIGINO PIRES MARTINS,"AL HIGINO PIRES MARTINS CASA 32 , BAIRRO RES SOLAR VILLE",38,38,38,1,1
AUTO_ALIAS_1A1_TOTAIS_IGUAIS,goiania,179332,7902,RES QUARTZ,,AV CENTRAL,"AV CENTRAL  CASA 01 , BAIRRO S GARAVELO",2,2,2,1,1
AUTO_ALIAS_1A1_TOTAIS_IGUAIS,goiania,224931,10651,RES. QUEILA CASTRO II,,R  MATRINCHA,"R MATRINCHA  CASA 01 , BAIRRO RES AQUÁRIOS II",4,4,4,1,1
AUTO_ALIAS_1A1_TOTAIS_IGUAIS,goiania,17685,5868,RES QUEIROZ,,R  MARANHAO,"R MARANHAO CASA 01 , BAIRRO S ESTRELA DALVA",2,2,2,1,1
AUTO_ALIAS_1A1_TOTAIS_IGUAIS,goiania,317177,4449,RES.QUEIROZ 03,,AV 15 DE NOVEMBRO,"AV 15 DE NOVEMBRO CASA 01 , BAIRRO LOT GRANDE RETIRO",2,2,2,1,1
AUTO_ALIAS_1A1_TOTAIS_IGUAIS,goiania,385454,8472,RES QUEIROZ 14,,AV PARACATU,"AV PARACATU CASA 01 , BAIRRO VL PEDROSO",2,2,2,1,1
AUTO_ALIAS_1A1_TOTAIS_IGUAIS,goiania,329642,7986,RES. QUEIROZ 15,,AV ADEMAR DE BARROS,"AV ADEMAR DE BARROS CASA 01 , BAIRRO VL PEDROSO",2,2,2,1,1
AUTO_ALIAS_1A1_TOTAIS_IGUAIS,goiania,342851,2547,RES QUEIROZ 30,,AV  CRISTIANO MACHADO,"AV CRISTIANO MACHADO CASA01 , BAIRRO VL PEDROSO",2,2,2,1,1
AUTO_ALIAS_1A1_TOTAIS_IGUAIS,goiania,255243,1984,RES QUEIROZ 37,,R  RSL7,"CASA 02 , BAIRRO RES SÃO LEOPOLDO",2,2,2,1,1
AUTO_ALIAS_1A1_TOTAIS_IGUAIS,goiania,248279,2196,RES QUEIROZ 38,,R  RSL10,"R RSL3 CASA01 , BAIRRO RES SÃO LEOPOLDO",3,3,3,1,1
AUTO_ALIAS_1A1_TOTAIS_IGUAIS,goiania,330604,1034,RES QUEIROZ DE OLIVEIRA,,R  J21,"R J21 CASA 01 , BAIRRO S JAÓ",2,2,2,1,1
AUTO_ALIAS_1A1_TOTAIS_IGUAIS,goiania,261106,6047,RES. QUEIROZ E QUEIROZ,,R  QUEIROZ BARRETO,"R QUEIROZ BARRETO C-1 , BAIRRO PRQ DAS AMENDOEIRAS",2,2,2,1,1
AUTO_ALIAS_1A1_TOTAIS_IGUAIS,goiania,158345,9248,RES QUEIROZ IV,,R  SB6,"R SB6  CASA 01 , BAIRRO RES SOLAR BOUGAINVILLE",3,3,3,1,1
AUTO_ALIAS_1A1_TOTAIS_IGUAIS,goiania,136884,8066,RES QUEIROZ OLIVEIRA I,,R  ELO7,"R ELO7  CASA 01 , BAIRRO PRQ ELDORADO OESTE",2,2,2,1,1
AUTO_ALIAS_1A1_TOTAIS_IGUAIS,goiania,319962,8704,RES. QUEIROZ PEREIRA V,,R  SR52,"R SR52 S/N     CASA 01 , BAIRRO S RECANTO DAS MINAS GERAIS",2,2,2,1,1
AUTO_ALIAS_1A1_TOTAIS_IGUAIS,goiania,205634,9479,RES QUEIROZ PRESIDENTE GRONCHI,,R  PRESIDENTE GRONCHI,"R PRESIDENTE GRONCHI  CASA 01 , BAIRRO JD PRESIDENTE",2,2,2,1,1
AUTO_ALIAS_1A1_TOTAIS_IGUAIS,goiania,162187,5812,RES. QUEIROZ V,,AV ORLANDO MARQUES DE ABREU,"AV ORLANDO MARQUES DE ABREU  CASA 01 , BAIRRO S SOLAR SANTA RITA",2,2,2,1,1
AUTO_ALIAS_1A1_TOTAIS_IGUAIS,goiania,63394,8119,RES QUENIS I,,R  A23A,"R A23A CASA 01 , BAIRRO BRO DA VITÓRIA",2,2,2,1,1
AUTO_ALIAS_1A1_TOTAIS_IGUAIS,goiania,85940,9673,RES QUIARELI,,R  ANA PAULA OLIVEIRA,"R ANA PAULA OLIVEIRA CASA 01 , BAIRRO JD CLARISSA",2,2,2,1,1
AUTO_ALIAS_1A1_TOTAIS_IGUAIS,goiania,46916,5375,RES. QUIARELI SANTOS,,AL DAS MONCOES,"AL DAS MONCOES LT 02 CS 01 , BAIRRO BRO CAPUAVA",3,3,3,1,1
AUTO_ALIAS_1A1_TOTAIS_IGUAIS,goiania,187765,9565,RES QUIRINO FILHO,,R  DO GUAIAMUM,"R DO GUAIAMUM  CASA 01 , BAIRRO JD ATLÂNTICO",2,2,2,1,1
AUTO_ALIAS_1A1_TOTAIS_IGUAIS,goiania,191106,7584,RES QUIRINOPOLIS,,R  V4,"R V4 232     CASA-01 ESQ. , BAIRRO VL REZENDE",2,2,2,1,1
AUTO_ALIAS_1A1_TOTAIS_IGUAIS,goiania,348514,8122,RES RABELO FILHO I,,R  ACP02,"R ACP02 CASA 02 , BAIRRO RES ANTONIO CARLOS PIRES",2,2,2,1,1
AUTO_ALIAS_1A1_TOTAIS_IGUAIS,goiania,378755,7172,RES RABELO SILVA X,,R  ACP02,"R ACP02 CASA 02 , BAIRRO RES ANTONIO CARLOS PIRES",2,2,2,1,1
AUTO_ALIAS_1A1_TOTAIS_IGUAIS,goiania,178972,9353,RES RAFAEL ROSA 20,,R  GRAJAU,"R GRAJAU  CASA 01 , BAIRRO S GRAJAÚ",2,2,2,1,1
AUTO_ALIAS_1A1_TOTAIS_IGUAIS,goiania,17536,7032,RES RAGILY JC34,,R  JC34,"R JC34 CASA 01 , BAIRRO JD CURITIBA",3,3,3,1,1
AUTO_ALIAS_1A1_TOTAIS_IGUAIS,goiania,389205,6397,RES RAGILY ROSENA I,,R  BM10,"R BM10 C-2 , BAIRRO RES BRISAS DA MATA",2,2,2,1,1
AUTO_ALIAS_1A1_TOTAIS_IGUAIS,goiania,188877,8172,RES RAIA I,,R  DA RAIA,"R DA RAIA  CASA 01 , BAIRRO JD ATLÂNTICO",2,2,2,1,1
AUTO_ALIAS_1A1_TOTAIS_IGUAIS,goiania,189637,7113,RES R ALVES FERREIRA,,R  DO ESQUALO,"R DO ESQUALO  CASA 01 , BAIRRO JD ATLÂNTICO",2,2,2,1,1
AUTO_ALIAS_1A1_TOTAIS_IGUAIS,goiania,10304,8106,RES RAMALHO II,,R  C86,"PC C9  SOB01 , BAIRRO S SUDOESTE",2,2,2,1,1
AUTO_ALIAS_1A1_TOTAIS_IGUAIS,goiania,357133,3612,RES RAMIRO DE LIMA I,,AV LEDUINA TONESI,"AV LEDUINA TONESI  CASA 01 , BAIRRO JD BALNEÁRIO MEIA PONTE",2,2,2,1,1
AUTO_ALIAS_1A1_TOTAIS_IGUAIS,goiania,283457,5767,RES. RAMON,,AL TIZIANO,"AL TIZIANO  CASA 01 , BAIRRO S GENTIL MEIRELLES",2,2,2,1,1
AUTO_ALIAS_1A1_TOTAIS_IGUAIS,goiania,364309,11699,RES RAMOS,,R  224,"R 200 264     CASA 001 , BAIRRO S LESTE VILA NOVA",3,3,3,1,1
AUTO_ALIAS_1A1_TOTAIS_IGUAIS,goiania,162302,6126,RES RAMOS 09,,R  SB13,"R SB13  CASA 02 , BAIRRO RES SOLAR BOUGAINVILLE",2,2,2,1,1
AUTO_ALIAS_1A1_TOTAIS_IGUAIS,goiania,76445,8894,RES RAMOS-136.132,,R  22,"R 1 CASA 01 , BAIRRO S SANTOS DUMONT",3,3,3,1,1
AUTO_ALIAS_1A1_TOTAIS_IGUAIS,goiania,90901,6671,RES RAMOS BARROS X,,R  DO ACUCAR,"R DO ACUCAR  CASA 01 , BAIRRO RES PARQUE OESTE",2,2,2,1,1
AUTO_ALIAS_1A1_TOTAIS_IGUAIS,goiania,90770,8599,RES RAMOS BARROS XI,,R  DO ACUCAR,"R DO ACUCAR  CASA 01 , BAIRRO RES PARQUE OESTE",2,2,2,1,1
AUTO_ALIAS_1A1_TOTAIS_IGUAIS,goiania,219129,5545,RES RAMOS CORDEIRO,,R  FP21,"R FP21  CASA 1 , BAIRRO BRO RECREIO DO FUNCIONÁRIO PUBLICO",2,2,2,1,1
AUTO_ALIAS_1A1_TOTAIS_IGUAIS,goiania,176328,2461,RES RAMOS FERREIRA RESIDENCI,,R  RI15,"R RI15  CASA01 , BAIRRO RES ITAIPÚ",2,2,2,1,1
AUTO_ALIAS_1A1_TOTAIS_IGUAIS,goiania,76882,8950,RES RAMOS II,,R  10,"R 10 CASA 01 , BAIRRO S SANTOS DUMONT",2,2,2,1,1
AUTO_ALIAS_1A1_TOTAIS_IGUAIS,goiania,198265,6223,RES RAMOS SILVA V,,R  ZAFRA,"R LA PALMA  CASA 03 , BAIRRO S TRÊS MARIAS",3,3,3,1,1
AUTO_ALIAS_1A1_TOTAIS_IGUAIS,goiania,170377,10691,RES RANGEL I,,R  RI4,"R RI4  CASA-01 , BAIRRO RES ITAIPÚ",2,2,2,1,1
AUTO_ALIAS_1A1_TOTAIS_IGUAIS,goiania,131096,11770,RES RAPHAEL SANTANA IV,,R  ORLANDO M. DE ABREU,"R ORLANDO M. DE ABREU  CASA 01 , BAIRRO JD MARQUES DE ABREU",2,2,2,1,1
AUTO_ALIAS_1A1_TOTAIS_IGUAIS,goiania,153866,9839,RES RAPOZZAO I,,AL HERMINIO COELHO DE MORAES,"AL HERMINIO COELHO DE MORAES  CASA 01 , BAIRRO PRQ SANTA RITA",2,2,2,1,1
AUTO_ALIAS_1A1_TOTAIS_IGUAIS,goiania,344279,10489,RES RAQUEL FRANCA II,,R  BM26,"R BM26 CASA 01 , BAIRRO RES BRISAS DA MATA",3,3,3,1,1
AUTO_ALIAS_1A1_TOTAIS_IGUAIS,goiania,77725,7926,RES RAROVI AMARELO,,R  SV20,"R SV22 CASA 01 , BAIRRO RES SOLAR VILLE",4,4,4,1,1
AUTO_ALIAS_1A1_TOTAIS_IGUAIS,goiania,170994,7760,RES RAVI II,,R  ARACATI,"R ARACATI  CASA 01 , BAIRRO RES CAMPOS DOURADOS",2,2,2,1,1
AUTO_ALIAS_1A1_TOTAIS_IGUAIS,goiania,167915,8310,RES RAVI III,,R  W11,"R W11  CASA 01 , BAIRRO JD ITAIPÚ",2,2,2,1,1
AUTO_ALIAS_1A1_TOTAIS_IGUAIS,goiania,177472,12302,RES RAYANE,,R  VALENCA,"R VALENCA  CASA01 , BAIRRO RES CAMPOS DOURADOS",2,2,2,1,1
AUTO_ALIAS_1A1_TOTAIS_IGUAIS,goiania,160929,8375,RES RB SANTOS RESDIDENCI I,,R  JOSE ALVES PEREIRA,"R JOSE ALVES PEREIRA  CASA 01 , BAIRRO RES KÁTIA",2,2,2,1,1
AUTO_ALIAS_1A1_TOTAIS_IGUAIS,goiania,157420,7550,RES RB SOUZA RESIDENCI,,R  FV32,"R FV32  CASA 01 , BAIRRO RES FORTE VILLE - EXTENSÃO",2,2,2,1,1
AUTO_ALIAS_1A1_TOTAIS_IGUAIS,goiania,165196,8925,RES RB SOUZA RESIDENCI I,,AV GYN23,"AV GYN23  CASA 01 , BAIRRO RES SANTA FÉ I",2,2,2,1,1
AUTO_ALIAS_1A1_TOTAIS_IGUAIS,goiania,220464,7783,RES RC-1,,R  RC1,"R RC1  CASA 01 , BAIRRO RES CANADÁ",3,3,3,1,1
AUTO_ALIAS_1A1_TOTAIS_IGUAIS,goiania,333504,10166,RES RC ALMEIDA,,R  RB16,"R RB16 CASA 01 , BAIRRO RES RECANTO DO BOSQUE",2,2,2,1,1
AUTO_ALIAS_1A1_TOTAIS_IGUAIS,goiania,222705,5900,RES. RC DIAS,,R  RC14,"R RC14  CASA 01 , BAIRRO RES CANADÁ",3,3,3,1,1
AUTO_ALIAS_1A1_TOTAIS_IGUAIS,goiania,156934,1853,RES RCF II,,R  FV32,"R FV32  CASA 01 , BAIRRO RES FORTE VILLE - EXTENSÃO",2,2,2,1,1
AUTO_ALIAS_1A1_TOTAIS_IGUAIS,goiania,333284,8865,RES RCM1,,R  5,"R 5 CASA 01 , BAIRRO RES PAULO ESTRELA",2,2,2,1,1
AUTO_ALIAS_1A1_TOTAIS_IGUAIS,goiania,133149,5378,RES.RDG GONCALVES,,R  RY3,"R RY3  CASA 02 , BAIRRO RES YTAPUÃ",2,2,2,1,1
AUTO_ALIAS_1A1_TOTAIS_IGUAIS,goiania,81868,8000,RES REAL,,R  JR3,"R JR3  CASA 01 , BAIRRO JD REAL",2,2,2,1,1
AUTO_ALIAS_1A1_TOTAIS_IGUAIS,goiania,94286,10114,RES REAL PETROPOLIS I,,R  AIMORES,"R AIMORES  CASA 01 , BAIRRO RES PETRÓPOLIS",2,2,2,1,1
AUTO_ALIAS_1A1_TOTAIS_IGUAIS,goiania,390250,2079,RES RECANTO BOAVENTURA,,R  RB51A,"R RB51A CASA 01 , BAIRRO RES RECANTO DO BOSQUE",2,2,2,1,1
AUTO_ALIAS_1A1_TOTAIS_IGUAIS,goiania,288307,14467,RES RECANTO DA BRISA,,R  BM15,"R BM15 S/N CASA_01 , BAIRRO RES BRISAS DA MATA",2,2,2,1,1
AUTO_ALIAS_1A1_TOTAIS_IGUAIS,goiania,142665,1800,RES RECANTO DA MATA VI,,R  RMP14,"R RMP14  CASA 01 , BAIRRO RES MONTE PASCOAL",2,2,2,1,1
AUTO_ALIAS_1A1_TOTAIS_IGUAIS,goiania,351301,7404,RES RECANTO DAS ACACIAS,,R  DAS ACACIAS,"R DAS ACACIAS SOB 01 , BAIRRO LOT GOIÂNIA 2",2,2,2,1,1
AUTO_ALIAS_1A1_TOTAIS_IGUAIS,goiania,322173,5598,RES. RECANTO DAS BRISAS,,R  BM25,"R BM25 CASA 01 , BAIRRO RES BRISAS DA MATA",3,3,3,1,1
AUTO_ALIAS_1A1_TOTAIS_IGUAIS,goiania,82026,11430,RES RECANTO DAS GARCAS II,,R  AMAR MARRA CASTRO,"R AMAR MARRA CASTRO CASA 01 , BAIRRO RES RECANTO DAS GARÇAS",2,2,2,1,1
AUTO_ALIAS_1A1_TOTAIS_IGUAIS,goiania,378092,3292,RES RECANTO DAS MINAS GERAIS,,R  SR57,"R SR57 CASA 01 , BAIRRO S RECANTO DAS MINAS GERAIS",2,2,2,1,1
AUTO_ALIAS_1A1_TOTAIS_IGUAIS,goiania,390093,7377,RES RECANTO DO BOSQUE-15.86,,R  RB2,"R RB2 CASA 01 , BAIRRO RES RECANTO DO BOSQUE",2,2,2,1,1
AUTO_ALIAS_1A1_TOTAIS_IGUAIS,goiania,369532,1650,RES RECANTO DO BOSQUE I,,R  RB41A,"R RB41A CASA 01 , BAIRRO RES RECANTO DO BOSQUE",2,2,2,1,1
AUTO_ALIAS_1A1_TOTAIS_IGUAIS,goiania,256629,9401,RES RECANTO DOS BURITIS,,R  EUNICE DE ALENCAR B.C.CAMPOS,"R EUNICE DE ALENCAR B.C.CAMPOS CASA 01 , BAIRRO RES RECANTO DOS BURITIS",2,2,2,1,1
AUTO_ALIAS_1A1_TOTAIS_IGUAIS,goiania,222287,12203,RES RECANTO DOURADO XXIII,,R  MDV23,"R MDV23  CASA 02 , BAIRRO LOT MOINHO DOS VENTOS",2,2,2,1,1
AUTO_ALIAS_1A1_TOTAIS_IGUAIS,goiania,172747,8588,RES RECANTO HELENA DO VALE I,,R  BACABAL,"R BACABAL  CASA 01 , BAIRRO RES CAMPOS DOURADOS",2,2,2,1,1
AUTO_ALIAS_1A1_TOTAIS_IGUAIS,goiania,131537,9110,RES REGES II,,R  DAS CAMELIAS,"R DAS CAMELIAS  CASA 01 , BAIRRO BRO JARDIM BOTÂNICO",2,2,2,1,1
AUTO_ALIAS_1A1_TOTAIS_IGUAIS,goiania,177728,2177,RES REGINALDO D.C,,R  RI12,"R RI12  , BAIRRO RES ITAIPÚ",2,2,2,1,1
AUTO_ALIAS_1A1_TOTAIS_IGUAIS,goiania,77461,12102,RES REGI SANTANA,,R  RSB3,"R RSB3  CASA 1 , BAIRRO RES SÃO BERNARDO",2,2,2,1,1
AUTO_ALIAS_1A1_TOTAIS_IGUAIS,goiania,197227,2667,RES REINALDO,,R  BARAO DO RIO BRANCO,"R MARECHAL FLORIANO  CASA-01 , BAIRRO PRQ ANHANGÜERA",2,2,2,1,1
AUTO_ALIAS_1A1_TOTAIS_IGUAIS,goiania,408096,8742,RES REIS,,R  K,"R K  CASA-01 , BAIRRO VL SANTA HELENA",2,2,2,1,1
AUTO_ALIAS_1A1_TOTAIS_IGUAIS,goiania,61804,10701,RES REIS,,R  FN20,"R FN20 LT 09 CS 01 , BAIRRO JD FONTE NOVA",2,2,2,1,1
AUTO_ALIAS_1A1_TOTAIS_IGUAIS,goiania,161286,1287,RES REIS FROTA,,R  SB-25,"R SB25  CASA 01 , BAIRRO RES KÁTIA",2,2,2,1,1
AUTO_ALIAS_1A1_TOTAIS_IGUAIS,goiania,59861,5336,RES REIS PEREIRA,,R  SIANINHA LEAL,"R SIANINHA LEAL LT 25 CS 01 , BAIRRO RES BARRAVENTO",2,2,2,1,1
AUTO_ALIAS_1A1_TOTAIS_IGUAIS,goiania,103475,5590,RES REIS RODRIGUES I,,R  P-05,"R P-05  CASA 01 , BAIRRO RES PORTINARI",2,2,2,1,1
AUTO_ALIAS_1A1_TOTAIS_IGUAIS,goiania,363295,549,RES REIS TELES,,R  BOGOTA,"R BOGOTA CASA 01 , BAIRRO JD NOVO MUNDO",2,2,2,1,1
AUTO_ALIAS_1A1_TOTAIS_IGUAIS,goiania,279608,14161,RES RELLAS,,R  BM1,"R BM1 CASA 01 , BAIRRO RES BRISAS DA MATA",2,2,2,1,1
AUTO_ALIAS_1A1_TOTAIS_IGUAIS,goiania,162975,4923,RES.REMY E SOL X,,R  EMA9,"R EMA9  CASA01 , BAIRRO RES RECANTO DAS EMAS",2,2,2,1,1
AUTO_ALIAS_1A1_TOTAIS_IGUAIS,goiania,22363,6044,RES. REMY & SOL I,,R  VI,"R VI LT 23 CS 01 , BAIRRO S MORADA DO SOL",2,2,2,1,1
AUTO_ALIAS_1A1_TOTAIS_IGUAIS,goiania,53879,9137,RES RENASCER,,R  19 DE NOVEMBRO,"R 19 DE NOVEMBRO LT 09 CS 01 , BAIRRO VL MARIA DILCE",3,3,3,1,1
AUTO_ALIAS_1A1_TOTAIS_IGUAIS,goiania,220358,12738,RES. RENATA STIVAL I,,R  RT13,"R RT13  CASA 01 , BAIRRO RES TALISMÃ I",2,2,2,1,1
AUTO_ALIAS_1A1_TOTAIS_IGUAIS,goiania,16385,6509,RES. RENATO - 18A,,R  18A,"R 18A CASA 01 , BAIRRO S ESTRELA DALVA",2,2,2,1,1
AUTO_ALIAS_1A1_TOTAIS_IGUAIS,goiania,169054,12222,RES RENATO I,,R  RI12,"R RI12  CASA 01 , BAIRRO RES ITAIPÚ",2,2,2,1,1
AUTO_ALIAS_1A1_TOTAIS_IGUAIS,goiania,15463,8796,RES. RENILTO CASA,,R  SPT20,"R M LT 12 CS 01-184/186 , BAIRRO S PARQUE TREMENDÃO",2,2,2,1,1
AUTO_ALIAS_1A1_TOTAIS_IGUAIS,goiania,304936,1516,RES RENNER PERES I,,PC SAO LUIS,"AV SAO CRISTOVAO SOB 01 , BAIRRO LOT GOIÂNIA 2",2,2,2,1,1
AUTO_ALIAS_1A1_TOTAIS_IGUAIS,goiania,141218,1252,RES REO 24.4,,ESTGYN20,"ESTGYN20  CASA 01 , BAIRRO PRQ ELDORADO OESTE",2,2,2,1,1
AUTO_ALIAS_1A1_TOTAIS_IGUAIS,goiania,139255,14331,RES REO-31.30,,R  ELO33,"R ELO33  ___CASA 2 , BAIRRO PRQ ELDORADO OESTE",2,2,2,1,1
AUTO_ALIAS_1A1_TOTAIS_IGUAIS,goiania,192697,12550,RES REZENDE,,R  V10,"R V4 S/N     C-2 RES REZENDE , BAIRRO VL REZENDE",2,2,2,1,1
AUTO_ALIAS_1A1_TOTAIS_IGUAIS,goiania,282958,2279,RES REZENDE II,,R  2,"R 2 CAS 01 , BAIRRO RES PAULO ESTRELA",2,2,2,1,1
AUTO_ALIAS_1A1_TOTAIS_IGUAIS,goiania,61795,9410,RES. REZENDE SOUZA SANTOS I,,R  FN16,"R FN16 LT 09 CS 01 , BAIRRO JD FONTE NOVA",2,2,2,1,1
AUTO_ALIAS_1A1_TOTAIS_IGUAIS,goiania,372739,5282,RES REZENDE VI,,R  3,"R 3 CASA 01 , BAIRRO BRO SANTO HILÁRIO - EXPANSÃO",2,2,2,1,1
AUTO_ALIAS_1A1_TOTAIS_IGUAIS,goiania,282667,6829,RES.REZENDE VII,,R  3,"R 3 CASA 01 , BAIRRO BRO SANTO HILÁRIO - EXPANSÃO",2,2,2,1,1
AUTO_ALIAS_1A1_TOTAIS_IGUAIS,goiania,355912,1589,RES REZIO DA SILVA,,R  DAS PAINEIRAS,"R DAS PAINEIRAS CASA 01 , BAIRRO JD BELA VISTA",2,2,2,1,1
AUTO_ALIAS_1A1_TOTAIS_IGUAIS,goiania,189958,8822,RES. RFI,,AV GUARUJA,"AV GUARUJA  CASA 01 , BAIRRO JD ATLÂNTICO",2,2,2,1,1
AUTO_ALIAS_1A1_TOTAIS_IGUAIS,goiania,176727,11708,RES. RG ITAIPU IV,,R  RI16,"R RI16  CASA 01 , BAIRRO RES ITAIPÚ",2,2,2,1,1
AUTO_ALIAS_1A1_TOTAIS_IGUAIS,goiania,124789,9079,RES R & H,,AL DAS MACAUBAS,"AL DAS MACAUBAS  CASA 01 , BAIRRO BRO JARDIM BOTÂNICO",2,2,2,1,1
AUTO_ALIAS_1A1_TOTAIS_IGUAIS,goiania,332759,8675,RES RHODES,,AV LICO SAMPAIO,"AV LICO SAMPAIO CASA 01 , BAIRRO JD BALNEÁRIO MEIA PONTE",2,2,2,1,1
AUTO_ALIAS_1A1_TOTAIS_IGUAIS,goiania,177744,6624,RES. RI126939,,R  RI12,"R RI12  CASA 01 , BAIRRO RES ITAIPÚ",2,2,2,1,1
AUTO_ALIAS_1A1_TOTAIS_IGUAIS,goiania,169651,8901,RES RI-2,,R  RI2,"R RI2  CASA 01 , BAIRRO RES ITAIPÚ",2,2,2,1,1
AUTO_ALIAS_1A1_TOTAIS_IGUAIS,goiania,379647,7350,RES RIBEIRO,,R  JOAQUIM MONTEIRO_DA COSTA,"R JOAQUIM MONTEIRO_DA COSTA CASA 01 , BAIRRO RES VALE DO ARAGUAIA",2,2,2,1,1
AUTO_ALIAS_1A1_TOTAIS_IGUAIS,goiania,203309,14144,RES RIBEIRO,,R  F17,"R F17  CASA 01 , BAIRRO LOT FAIÇALVILLE",2,2,2,1,1
AUTO_ALIAS_1A1_TOTAIS_IGUAIS,goiania,157649,7300,RES RIBEIRO 2526,,R  ELPIDIO JOSE FARIA,"R ELPIDIO JOSE FARIA  CASA 01 , BAIRRO RES FORTE VILLE - EXTENSÃO",2,2,2,1,1
AUTO_ALIAS_1A1_TOTAIS_IGUAIS,goiania,78210,12467,RES RIBEIRO BRAGA II,,R  RSB3,"R RSB3  CASA 01 , BAIRRO RES SÃO BERNARDO",2,2,2,1,1
AUTO_ALIAS_1A1_TOTAIS_IGUAIS,goiania,209607,13571,RES RIBEIRO DA SILVA IV,,R  MALLORCA,"R MALLORCA  CASA 01 , BAIRRO S TRÊS MARIAS",2,2,2,1,1
AUTO_ALIAS_1A1_TOTAIS_IGUAIS,goiania,316298,7357,RES RIBEIRO DE SOUZA X,,AV ELZA PIRES DE CAMPOS,"AV ELZA PIRES DE CAMPOS CASA 02 , BAIRRO RES ANTONIO CARLOS PIRES",2,2,2,1,1
AUTO_ALIAS_1A1_TOTAIS_IGUAIS,goiania,221230,9253,RES RIBEIRO E SILVA II,,R  MDV2,"R MDV2  CASA 01 , BAIRRO LOT MOINHO DOS VENTOS",2,2,2,1,1
AUTO_ALIAS_1A1_TOTAIS_IGUAIS,goiania,143077,1148,RES RIBEIRO QUEIROZ,,R  MONS JOAO DAIBER,"R MONS JOAO DAIBER  CASA 01 , BAIRRO JD SÃO JOSÉ",2,2,2,1,1
AUTO_ALIAS_1A1_TOTAIS_IGUAIS,goiania,143489,9877,RES RIBEIRO QUEIROZ I,,R  MONS JOAO DAIBER,"R MONS JOAO DAIBER  CASA-03 , BAIRRO JD SÃO JOSÉ",3,3,3,1,1
AUTO_ALIAS_1A1_TOTAIS_IGUAIS,goiania,83472,1241,RES RIBEIRO'S,,R  JR8,"R JR8  CASA 01 , BAIRRO JD REAL",3,3,3,1,1
AUTO_ALIAS_1A1_TOTAIS_IGUAIS,goiania,11125,601,RES RICARDO BERNARDES,,R  C59,"R C59 S/N     SOB02 , BAIRRO S SUDOESTE",3,3,3,1,1
AUTO_ALIAS_1A1_TOTAIS_IGUAIS,goiania,209552,6362,RES RICARDO MORNDIM II,,AV VALENCIA,"AV VALENCIA  CASA 01 , BAIRRO S TRÊS MARIAS",2,2,2,1,1
AUTO_ALIAS_1A1_TOTAIS_IGUAIS,goiania,222520,13436,RES RICCO II,,R  MDV18,"R MDV18  CASA 01 , BAIRRO LOT MOINHO DOS VENTOS",5,5,5,1,1
AUTO_ALIAS_1A1_TOTAIS_IGUAIS,goiania,122103,1582,RES RIDE I,,R  2,"R 2  CASA01 , BAIRRO RES PONTA NEGRA",2,2,2,1,1
AUTO_ALIAS_1A1_TOTAIS_IGUAIS,goiania,305159,7006,RES. RILDO CARRIJO,,R  BH5,"R BH5 CASA 01 , BAIRRO RES BELO HORIZONTE",2,2,2,1,1
AUTO_ALIAS_1A1_TOTAIS_IGUAIS,goiania,387185,14354,RES RILDO CARRIJO III,,R  BH5,"R BH5 CASA 01 , BAIRRO RES BELO HORIZONTE",2,2,2,1,1
AUTO_ALIAS_1A1_TOTAIS_IGUAIS,goiania,219509,1737,RES RINALDO RAMOS I,,R  MDV31,"R MDV31  CASA01 , BAIRRO LOT MOINHO DOS VENTOS",2,2,2,1,1
AUTO_ALIAS_1A1_TOTAIS_IGUAIS,goiania,178083,1766,RES RIO ARAGUAIA I,,R  RI13,"R RI13  CASA 01 , BAIRRO RES ITAIPÚ",4,4,4,1,1
AUTO_ALIAS_1A1_TOTAIS_IGUAIS,goiania,178031,5691,RES RIO ARAGUAIA RI-12,,R  RI12,"R RI12  CASA 01 , BAIRRO RES ITAIPÚ",2,2,2,1,1
AUTO_ALIAS_1A1_TOTAIS_IGUAIS,goiania,173314,5614,RES.RIO ARAGUAIA XX,,R  W3,"R W3  CASA 01 , BAIRRO JD ITAIPÚ",2,2,2,1,1
AUTO_ALIAS_1A1_TOTAIS_IGUAIS,goiania,173315,5739,RES RIO ARAGUAIA XXI,,R  W3,"R W3  CASA 01 , BAIRRO JD ITAIPÚ",2,2,2,1,1
AUTO_ALIAS_1A1_TOTAIS_IGUAIS,goiania,177216,6714,RES RIO ARAGUAIA XXX,,R  W11,"R W11  CASA 01 , BAIRRO RES ANA CLARA",2,2,2,1,1
AUTO_ALIAS_1A1_TOTAIS_IGUAIS,goiania,170330,6705,RES RIO ARAGUAIA XXXI,,R  RI4,"R RI4  CASA 01 , BAIRRO RES ITAIPÚ",2,2,2,1,1
AUTO_ALIAS_1A1_TOTAIS_IGUAIS,goiania,283564,7164,RES.RIO JORDAO,,R  RIO FORMOSO,"R RIO FORMOSO CASA 02 , BAIRRO RES RIO JORDÃO",2,2,2,1,1
AUTO_ALIAS_1A1_TOTAIS_IGUAIS,goiania,79705,11349,RES RIO JUTAI,,R  RIO DAS ALMAS,"R RIO DAS ALMAS  CASA 01 , BAIRRO JD NOVO PETRÓPOLIS",2,2,2,1,1
AUTO_ALIAS_1A1_TOTAIS_IGUAIS,goiania,280864,10053,RES. RIO NEGRO,,AV SUCURI,"AV SUCURI CASA 01 , BAIRRO BRO SANTA GENOVEVA",3,3,3,1,1
AUTO_ALIAS_1A1_TOTAIS_IGUAIS,goiania,208533,2106,RES RIOS,,AL NADIR BUFAICAL,"AL NADIR BUFAICAL  CASA01 , BAIRRO LOT FAIÇALVILLE",5,5,5,1,1
AUTO_ALIAS_1A1_TOTAIS_IGUAIS,goiania,332945,10681,RES. RIOS JUNIOR,,R  ALAMANDA,"R ALAMANDA CASA 01 , BAIRRO LOT GOIÂNIA 2",2,2,2,1,1
AUTO_ALIAS_1A1_TOTAIS_IGUAIS,goiania,141517,11966,RES RIO VERDE II,,R  RMP15,"R RMP15  CASA 1 , BAIRRO RES MONTE PASCOAL",2,2,2,1,1
AUTO_ALIAS_1A1_TOTAIS_IGUAIS,goiania,175511,6976,RES RIO VERMELHO,,AV RIO VERMELHO,"AV RIO VERMELHO  CASA 01 , BAIRRO JD ITAIPÚ",2,2,2,1,1
AUTO_ALIAS_1A1_TOTAIS_IGUAIS,goiania,221660,9898,RES RLC,,R  VB7,"R VB7  CASA 01 , BAIRRO RES VEREDA DOS BURITIS",2,2,2,1,1
AUTO_ALIAS_1A1_TOTAIS_IGUAIS,goiania,288327,7242,RES R.L.F.,,R  RB8,"R RB8 CASA 01 , BAIRRO RES RECANTO DO BOSQUE",2,2,2,1,1
AUTO_ALIAS_1A1_TOTAIS_IGUAIS,goiania,58833,9480,RES RLF III,,R  FN10,"R FN10 LT 17 CS 01 , BAIRRO JD FONTE NOVA",2,2,2,1,1
AUTO_ALIAS_1A1_TOTAIS_IGUAIS,goiania,161564,7766,RES R LIMA PARRO RESIDENCI,,R  DOS DUENDES,"R DOS DUENDES  CASA 01 , BAIRRO RES SANTA FÉ I",2,2,2,1,1
AUTO_ALIAS_1A1_TOTAIS_IGUAIS,goiania,163576,6853,RES. R'LUCIO CARNEIRO RESIDENCI I,,R  EMA5,"R EMA5  CASA 01 , BAIRRO RES RECANTO DAS EMAS",2,2,2,1,1
AUTO_ALIAS_1A1_TOTAIS_IGUAIS,goiania,42594,7216,RES RM-07,,R  RM6,"R RM6 CASA 01 , BAIRRO RES GUAREMA",3,3,3,1,1
AUTO_ALIAS_1A1_TOTAIS_IGUAIS,goiania,369598,5513,RES RM CARDOSO RESIDENCI,,R  BM25,"R BM25 CASA 01 , BAIRRO RES BRISAS DA MATA",2,2,2,1,1
AUTO_ALIAS_1A1_TOTAIS_IGUAIS,goiania,390302,7614,RES R'MOREIRA PACHECO RESIDENCE I,,R  RB8,"R RB8 C-1 , BAIRRO RES RECANTO DO BOSQUE",2,2,2,1,1
AUTO_ALIAS_1A1_TOTAIS_IGUAIS,goiania,141065,1951,RES RMP 7 XIX,,R  RMP7,"R RMP7  CASA 01 , BAIRRO RES MONTE PASCOAL",2,2,2,1,1
AUTO_ALIAS_1A1_TOTAIS_IGUAIS,goiania,405408,14151,RES ROBERTO DOS SANTOS I,,R  HUNGRIA,"R HUNGRIA  CASA 01 , BAIRRO JD EUROPA",2,2,2,1,1
AUTO_ALIAS_1A1_TOTAIS_IGUAIS,goiania,405407,13400,RES ROBERTO DOS SANTOS II,,R  HUNGRIA,"R HUNGRIA  CASA 01 , BAIRRO JD EUROPA",2,2,2,1,1
AUTO_ALIAS_1A1_TOTAIS_IGUAIS,goiania,219550,6971,RES.ROCHA -724,,AV TORONTO,"AV TORONTO  CASA 01 , BAIRRO LOT MOINHO DOS VENTOS",2,2,2,1,1
AUTO_ALIAS_1A1_TOTAIS_IGUAIS,goiania,154376,11724,RES ROCHA DANTAS II,,AV SEBASTIANA SOARES FARIA,"R FV32  CASA 01 , BAIRRO RES FORTE VILLE - EXTENSÃO",2,2,2,1,1
AUTO_ALIAS_1A1_TOTAIS_IGUAIS,goiania,221403,7651,RES ROCHA DANTAS IV,,R  MDV44,"R MDV44  CASA-01 , BAIRRO LOT MOINHO DOS VENTOS",2,2,2,1,1
AUTO_ALIAS_1A1_TOTAIS_IGUAIS,goiania,155772,1534,RES ROCHA DANTAS IX,,R  FV39,"R FV39  CASA 02 , BAIRRO RES SANTA FÉ",2,2,2,1,1
AUTO_ALIAS_1A1_TOTAIS_IGUAIS,goiania,160921,1792,RES ROCHA DANTAS X,,R  FV18,"R FV18  CASA 1 , BAIRRO RES SANTA FÉ",2,2,2,1,1
AUTO_ALIAS_1A1_TOTAIS_IGUAIS,goiania,54593,8316,RES. ROCHA GOMES,,R  SAO LEONARDO,"R SAO LEONARDO LT 01 CASA 01 , BAIRRO ESP DO ANICUNS",3,3,3,1,1
AUTO_ALIAS_1A1_TOTAIS_IGUAIS,goiania,22686,7615,RES ROCHA I,,R  J,"R J LT 24 . , BAIRRO S PARQUE TREMENDÃO",2,2,2,1,1
AUTO_ALIAS_1A1_TOTAIS_IGUAIS,goiania,135080,7893,RES ROCHA LOPES X,,R  PORTO HORIZONTE,"R PORTO HORIZONTE  CASA 01 , BAIRRO RES BUENA VISTA IV",2,2,2,1,1
AUTO_ALIAS_1A1_TOTAIS_IGUAIS,goiania,153215,8815,RES ROCHA PIRETTI I,,R  DOS DUENDES,"R DOS DUENDES  CASA 01 , BAIRRO RES SANTA FÉ I",2,2,2,1,1
AUTO_ALIAS_1A1_TOTAIS_IGUAIS,goiania,46960,6565,RES ROCHA RESIDENCI I,,R  B,"R B LT S/N . , BAIRRO JD SANTA CECÍLIA",2,2,2,1,1
AUTO_ALIAS_1A1_TOTAIS_IGUAIS,goiania,204004,3300,RES RODOVALHO,,R  DUQUE DE CAXIAS,"R DUQUE DE CAXIAS  CASA 01 , BAIRRO JD VILA BOA",2,2,2,1,1
AUTO_ALIAS_1A1_TOTAIS_IGUAIS,goiania,196342,13547,RES RODRIGO,,R  ANA NERI,"R ANA NERI  CASA 01 , BAIRRO PRQ ANHANGÜERA",2,2,2,1,1
AUTO_ALIAS_1A1_TOTAIS_IGUAIS,goiania,160322,8094,RES RODRIGO LIBERDADE,,R  LIBERDADE,"R LIBERDADE  CASA 01 , BAIRRO RES SANTA FÉ I",2,2,2,1,1
AUTO_ALIAS_1A1_TOTAIS_IGUAIS,goiania,225324,3857,RES RODRIGO MAGALHAES MARTINS,,R  SM1,"R SM1  CASA01 , BAIRRO JD SÔNIA MARIA",2,2,2,1,1
AUTO_ALIAS_1A1_TOTAIS_IGUAIS,goiania,222395,7068,RES RODRIGO MARTINS,,R  MDV23,"R MDV23  CASA 01 , BAIRRO LOT MOINHO DOS VENTOS",3,3,3,1,1
AUTO_ALIAS_1A1_TOTAIS_IGUAIS,goiania,177200,10492,RES. RODRIGO REZENDE,,R  W11,"R W11  CASA 01 , BAIRRO JD ITAIPÚ",2,2,2,1,1
AUTO_ALIAS_1A1_TOTAIS_IGUAIS,goiania,219540,7553,RES.RODRIGUES CONST.I,,R  MDV28,"R MDV28  CASA 01 , BAIRRO LOT MOINHO DOS VENTOS",2,2,2,1,1
AUTO_ALIAS_1A1_TOTAIS_IGUAIS,goiania,179632,7970,RES RODRIGUES CONSTRUTORA II,,VIAPAULO FREIRE,"VIAPAULO FREIRE  CASA 01 , BAIRRO S AMIM CAMARGO",4,4,4,1,1
AUTO_ALIAS_1A1_TOTAIS_IGUAIS,goiania,123010,12957,RES. RODRIGUES DE BRITO II,,R  ANDRE HENRIQUE,"R ANDRE HENRIQUE  CASA 01 , BAIRRO RES SÃO MARCOS",2,2,2,1,1
AUTO_ALIAS_1A1_TOTAIS_IGUAIS,goiania,160847,3268,RES RODRIGUES DE MELO,,R  ANTONIO DA SILVA ESPINDOLA,"R ANTONIO DA SILVA ESPINDOLA  CASA 01 , BAIRRO VLG SANTA RITA",3,3,3,1,1
AUTO_ALIAS_1A1_TOTAIS_IGUAIS,goiania,168113,11167,RES RODRIGUES DE OLIVEIRA II,,R  RI32,"R RI32  CASA 01 , BAIRRO RES ITAIPÚ",4,4,4,1,1
AUTO_ALIAS_1A1_TOTAIS_IGUAIS,goiania,145870,10483,RES. RODRIGUES DE SOUZA,,R  C138,"R C138 S/N     CASA 01 , BAIRRO BRO JARDIM AMÉRICA",2,2,2,1,1
AUTO_ALIAS_1A1_TOTAIS_IGUAIS,goiania,58176,2280,RES RODRIGUES DE SOUZA II,,R  FN27,"R FN27 LT 11 CS 01 , BAIRRO RES JARDIM BELVEDERE EXPANSÃO",2,2,2,1,1
AUTO_ALIAS_1A1_TOTAIS_IGUAIS,goiania,270269,9089,RES. RODRIGUES DUTRA,,AV CRISTOVAM COLOMBO,"AV CRISTOVAM COLOMBO SOB 01 , BAIRRO S JAÓ",2,2,2,1,1
AUTO_ALIAS_1A1_TOTAIS_IGUAIS,goiania,183168,13925,RES RODRIGUES FROES III,,R  DA VITORIA,"R DA VITORIA  CASA 02 , BAIRRO S GRAJAÚ",2,2,2,1,1
AUTO_ALIAS_1A1_TOTAIS_IGUAIS,goiania,139148,9274,RES RODRIGUES GERMANO MELO I,,R  PE ORMINDO VIVEIRO DE CASTRO,"R PE ORMINDO VIVEIRO DE CASTRO  CASA 01 , BAIRRO JD SÃO JOSÉ",2,2,2,1,1
AUTO_ALIAS_1A1_TOTAIS_IGUAIS,goiania,321515,8544,RES. RODRIGUES GUANABARA I,,R  ESTRELA DO SUL,"R ESTRELA DO SUL CASA 1 , BAIRRO JD GUANABARA",3,3,3,1,1
AUTO_ALIAS_1A1_TOTAIS_IGUAIS,goiania,198729,12853,RES RODRIGUES NEVES I,,R  ASTURIAS,"R ASTURIAS  CASA 01 , BAIRRO S TRÊS MARIAS",2,2,2,1,1
AUTO_ALIAS_1A1_TOTAIS_IGUAIS,goiania,118259,12854,RES RODRIGUES RIBEIRO I,,R  2,"R 2  CASA 01 , BAIRRO RES PONTA NEGRA",2,2,2,1,1
AUTO_ALIAS_1A1_TOTAIS_IGUAIS,goiania,143184,2384,RES RODRIGUES RMP-07,,R  RMP7,"R RMP7  CASA 01 , BAIRRO RES MONTE PASCOAL",2,2,2,1,1
AUTO_ALIAS_1A1_TOTAIS_IGUAIS,goiania,305035,727,RES RODRIGUES SILVA,,AL FRAGONARD,"AL FRAGONARD  CASA 01 , BAIRRO S GENTIL MEIRELLES",2,2,2,1,1
AUTO_ALIAS_1A1_TOTAIS_IGUAIS,goiania,15877,7208,RES RODRIGUES SOUZA RESIDENCI,,R  DR JAIRO,"R DR JAIRO LT 120 CS 01 , BAIRRO S PARQUE TREMENDÃO",2,2,2,1,1
AUTO_ALIAS_1A1_TOTAIS_IGUAIS,goiania,318134,12073,RES RODRIGUES TAVARES,,R  H3,"R H3 CASA 02 , BAIRRO RES HAWAÍ",2,2,2,1,1
AUTO_ALIAS_1A1_TOTAIS_IGUAIS,goiania,175453,6949,RES RODRIGUES VENTURA,,R  AC1,"R AC1  CASA 01 , BAIRRO RES ANA CLARA",2,2,2,1,1
AUTO_ALIAS_1A1_TOTAIS_IGUAIS,goiania,60437,1177,RES ROGERIS XX,,R  RB15,"R RB15 LT 31 CS 01 , BAIRRO S ALTO DO VALE",2,2,2,1,1
AUTO_ALIAS_1A1_TOTAIS_IGUAIS,goiania,225027,9303,RES ROLID,,R  SM2,"R SM2  CASA 01 , BAIRRO JD SÔNIA MARIA",2,2,2,1,1
AUTO_ALIAS_1A1_TOTAIS_IGUAIS,goiania,81619,3850,RES ROMANO,,R  JB8,"R JB8 CASA 01 , BAIRRO JD BONANZA",2,2,2,1,1
AUTO_ALIAS_1A1_TOTAIS_IGUAIS,goiania,134549,10330,RES ROMAO I,,R  JOSE LUIZ CURADO,"R JOSE LUIZ CURADO  CASA 02 , BAIRRO JD SÃO JOSÉ",2,2,2,1,1
AUTO_ALIAS_1A1_TOTAIS_IGUAIS,goiania,59087,8651,RES ROMEU I,,R  FN19,"R FN19 LT 19 CS 01 , BAIRRO JD FONTE NOVA",2,2,2,1,1
AUTO_ALIAS_1A1_TOTAIS_IGUAIS,goiania,89079,6917,RES ROSA-072,,R  TN5,"R TN5 CASA 01 , BAIRRO RES TEMPO NOVO",2,2,2,1,1
AUTO_ALIAS_1A1_TOTAIS_IGUAIS,goiania,261094,6863,RES. ROSA BATISTA,,R  SAO MIGUEL,"R SAO MIGUEL C-1 , BAIRRO BRO SANTO HILÁRIO - EXPANSÃO",2,2,2,1,1
AUTO_ALIAS_1A1_TOTAIS_IGUAIS,goiania,202096,14399,RES ROSA CARDOSO,,R  F29,"R F29  CASA 01 , BAIRRO LOT FAIÇALVILLE",3,3,3,1,1
AUTO_ALIAS_1A1_TOTAIS_IGUAIS,goiania,220576,8018,RES ROSA DE FREITAS,,R  RC16,"R RC16  CASA 01 , BAIRRO RES CANADÁ",2,2,2,1,1
AUTO_ALIAS_1A1_TOTAIS_IGUAIS,goiania,195156,9996,RES ROSA E SILVA III,,R  SEVILHA,"R SEVILHA  CASA 1 , BAIRRO JD EUROPA",5,5,5,1,1
AUTO_ALIAS_1A1_TOTAIS_IGUAIS,goiania,212940,1510,RES ROSA LIBRARY,,R  DAS ROSAS,"R DAS ROSAS  CASA01 , BAIRRO PRQ OESTE INDUSTRIAL",2,2,2,1,1
AUTO_ALIAS_1A1_TOTAIS_IGUAIS,goiania,335358,6591,RES ROSALINA MENDANHA I,,R  J,"R J  C-01 , BAIRRO VL SANTA HELENA",3,3,3,1,1
AUTO_ALIAS_1A1_TOTAIS_IGUAIS,goiania,358439,6766,RES ROSANDI,,AV DR JAHYR ABRAO ESTRELA,"AV DR JAHYR ABRAO ESTRELA C1 , BAIRRO RES PAULO ESTRELA",2,2,2,1,1
AUTO_ALIAS_1A1_TOTAIS_IGUAIS,goiania,395746,2021,RES ROSANIR IV,,R  OM38,"R OM38 CASA 01 , BAIRRO RES ANTONIO CARLOS PIRES",2,2,2,1,1
AUTO_ALIAS_1A1_TOTAIS_IGUAIS,goiania,335998,12740,RES ROSA NUNES,,R  SR52,"R SR52 CASA 01 , BAIRRO S RECANTO DAS MINAS GERAIS",2,2,2,1,1
AUTO_ALIAS_1A1_TOTAIS_IGUAIS,goiania,158074,6602,RES ROSA OLIVEIRA II,,R  RAUL MANOEL PEREIRA,"C-1 , BAIRRO RES FORTEVILLE",2,2,2,1,1
AUTO_ALIAS_1A1_TOTAIS_IGUAIS,goiania,168355,11038,RES. ROSA & ROSA I,,R  33,"R 33  CASA 01 , BAIRRO CON DAS ESMERALDAS",2,2,2,1,1
AUTO_ALIAS_1A1_TOTAIS_IGUAIS,goiania,221526,1215,RES ROSAS DE SARONN,,R  VB7,"R VB7  CASA 01 , BAIRRO RES VEREDA DOS BURITIS",2,2,2,1,1
AUTO_ALIAS_1A1_TOTAIS_IGUAIS,goiania,294940,5625,RES ROSATO I,,R  DOUTOR NAPOLEAO R LAUREANO,"R DOUTOR NAPOLEAO R LAUREANO CASA01 , BAIRRO VL JARDIM POMPÉIA",2,2,2,1,1
AUTO_ALIAS_1A1_TOTAIS_IGUAIS,goiania,316086,5074,RES.ROSATO II,,R  AB2,"R AB2 S/N CASA01 , BAIRRO RES ALICE BARBOSA",2,2,2,1,1
AUTO_ALIAS_1A1_TOTAIS_IGUAIS,goiania,205236,8763,RES ROSELENE DE PAULA,,AV NADRA BUFAICAL,"AV NADRA BUFAICAL S/N     CASA-1 , BAIRRO LOT FAIÇALVILLE",2,2,2,1,1
AUTO_ALIAS_1A1_TOTAIS_IGUAIS,goiania,79703,9602,RES RPM II,,AV ITACARE,"AV ITACARE CASA 01 , BAIRRO RES TEMPO NOVO",2,2,2,1,1
AUTO_ALIAS_1A1_TOTAIS_IGUAIS,goiania,347156,9044,RES R.R.S.T.I.,,R  AB15,"R AB15 CASA 01 , BAIRRO RES ALICE BARBOSA",2,2,2,1,1
AUTO_ALIAS_1A1_TOTAIS_IGUAIS,goiania,134114,1899,RES RS,,R  CON. JOSE DE CASTRO,"R CON. JOSE DE CASTRO  CASA 02 , BAIRRO RES MONTE PASCOAL",2,2,2,1,1
AUTO_ALIAS_1A1_TOTAIS_IGUAIS,goiania,207017,8658,RES R.S.A I,,R  PRESIDENTE TYLER,"R PRESIDENTE TYLER  CASA 01 , BAIRRO JD PRESIDENTE",2,2,2,1,1
AUTO_ALIAS_1A1_TOTAIS_IGUAIS,goiania,216682,7296,RES R'SILVA VIANA I,,R  EF11,"R EF11  CASA 01 , BAIRRO RES ELI FORTE",2,2,2,1,1
AUTO_ALIAS_1A1_TOTAIS_IGUAIS,goiania,143427,8475,RES RSM PRIME,,R  PORTO FRANCO,"R PORTO FRANCO  CASA 01 , BAIRRO RES BUENA VISTA IV",2,2,2,1,1
AUTO_ALIAS_1A1_TOTAIS_IGUAIS,goiania,103037,6203,RES. RT 321,,R  RT3,"R RT3 S/N     CASA 01 , BAIRRO RES TUZIMOTO",2,2,2,1,1
AUTO_ALIAS_1A1_TOTAIS_IGUAIS,goiania,103276,6554,RES RT 322,,R  RT3,"R RT3  CASA 01 , BAIRRO RES TUZIMOTO",2,2,2,1,1
AUTO_ALIAS_1A1_TOTAIS_IGUAIS,goiania,103480,6204,RES. RT 323,,R  RT3,"R RT3 S/N     CASA 01 , BAIRRO RES TUZIMOTO",2,2,2,1,1
AUTO_ALIAS_1A1_TOTAIS_IGUAIS,goiania,103677,6289,RES. RT 324,,R  RT2,"R RT2 S/N     CASA 01 , BAIRRO RES TUZIMOTO",2,2,2,1,1
AUTO_ALIAS_1A1_TOTAIS_IGUAIS,goiania,217355,1798,RES RT 4,,R  RT4,"R RT4  CASA 03 , BAIRRO RES TALISMÃ",3,3,3,1,1
AUTO_ALIAS_1A1_TOTAIS_IGUAIS,goiania,107818,6201,RES. RT 509,,R  RT6,"R RT6  CASA 01 , BAIRRO RES TUZIMOTO",2,2,2,1,1
AUTO_ALIAS_1A1_TOTAIS_IGUAIS,goiania,99363,6066,RES RT 510,,R  RT5,"R RT5 3       CASA 01 , BAIRRO RES TUZIMOTO",2,2,2,1,1
AUTO_ALIAS_1A1_TOTAIS_IGUAIS,goiania,99722,6202,RES. RT 511,,R  RT5,"R RT5  CASA 01 , BAIRRO RES TUZIMOTO",2,2,2,1,1
AUTO_ALIAS_1A1_TOTAIS_IGUAIS,goiania,217464,1757,RES RT-7,,R  RT7,"R RT7  CASA 01 , BAIRRO RES TALISMÃ",2,2,2,1,1
AUTO_ALIAS_1A1_TOTAIS_IGUAIS,goiania,107453,11126,RES RT 807,,R  RT8,"R RT8  CASA 02 , BAIRRO RES TUZIMOTO",2,2,2,1,1
AUTO_ALIAS_1A1_TOTAIS_IGUAIS,goiania,309413,10707,RES. RUA ES-11,,R  ES11,"R ES11 CASA 01 , BAIRRO RES ELIZENE SANTANA",2,2,2,1,1
AUTO_ALIAS_1A1_TOTAIS_IGUAIS,goiania,267451,6083,RES RUDE 1,,R  TR5,"R TR5 C-01 , BAIRRO LOT TUPYNAMBÁ DOS REIS",2,2,2,1,1
AUTO_ALIAS_1A1_TOTAIS_IGUAIS,goiania,324098,12205,RES. RUI BARBOSA,,AV RUI BARBOSA,"AV RUI BARBOSA , BAIRRO S JAÓ",2,2,2,1,1
AUTO_ALIAS_1A1_TOTAIS_IGUAIS,goiania,195532,11604,RES RUI E MARIA,,AV AFONSO PENA,"AV AFONSO PENA  SOBRADO 02 , BAIRRO JD PLANALTO",2,2,2,1,1
AUTO_ALIAS_1A1_TOTAIS_IGUAIS,goiania,303172,8913,RES RV 2 IRMAOS II,,R  ES10,"R ES10 CASA 01 , BAIRRO RES ELIZENE SANTANA",2,2,2,1,1
AUTO_ALIAS_1A1_TOTAIS_IGUAIS,goiania,194219,7233,RES R.V.S.,,R  VALENCA,"R VALENCA  CASA 01 , BAIRRO JD EUROPA",2,2,2,1,1
AUTO_ALIAS_1A1_TOTAIS_IGUAIS,goiania,84482,5733,RES.R & W,,R  JOAO GOMES FARIA,"R JOAO GOMES FARIA 185     CASA01 , BAIRRO JD CLARISSA",2,2,2,1,1
AUTO_ALIAS_1A1_TOTAIS_IGUAIS,goiania,136683,5912,RES. RY 665,,R  RY3,"R RY3  CASA 02 , BAIRRO RES YTAPUÃ",2,2,2,1,1
AUTO_ALIAS_1A1_TOTAIS_IGUAIS,goiania,281003,1658,RES SABBA,,R  J63,"R J63 CASA 01 , BAIRRO S JAÓ",2,2,2,1,1
AUTO_ALIAS_1A1_TOTAIS_IGUAIS,goiania,78105,8376,RES SAEZ,,R  TN1,"R TN1 CASA 01 , BAIRRO RES TEMPO NOVO",4,4,4,1,1
AUTO_ALIAS_1A1_TOTAIS_IGUAIS,goiania,128080,9872,RES. SAFIRA,,R  VO LEOPOLDINA,"R VO LEOPOLDINA  CASA 01 , BAIRRO JD DAS ROSAS",2,2,2,1,1
AUTO_ALIAS_1A1_TOTAIS_IGUAIS,goiania,12543,2754,RES SAFIRAS,,AV C10,"AV C10 158     SOBRADO 01 , BAIRRO S SUDOESTE",2,2,2,1,1
AUTO_ALIAS_1A1_TOTAIS_IGUAIS,goiania,125351,7753,RES SAGRADA FAMILIA 378,,R  DAS HORTENCIAS,"R DAS HORTENSIAS  CASA 01 , BAIRRO BRO JARDIM BOTÂNICO",2,2,2,1,1
AUTO_ALIAS_1A1_TOTAIS_IGUAIS,goiania,391750,12274,RES SAGRES,,R  PB1,"R PB1 CASA 01 , BAIRRO RES LICARDINO NEY",2,2,2,1,1
AUTO_ALIAS_1A1_TOTAIS_IGUAIS,goiania,282705,7849,RES SALATIEL FERNANDES I,,R  AB01,"R AB01 CASA 01 , BAIRRO RES ALICE BARBOSA EXTENSÃO",3,3,3,1,1
AUTO_ALIAS_1A1_TOTAIS_IGUAIS,goiania,105947,6865,RES SALES-010,,R  LRM11,"R LRM11  C-1 , BAIRRO RES TUZIMOTO",2,2,2,1,1
AUTO_ALIAS_1A1_TOTAIS_IGUAIS,goiania,219440,11751,RES SALES BRANDAO II,,R  MDV26,"R MDV26 S/N     CASA 01 , BAIRRO LOT MOINHO DOS VENTOS",2,2,2,1,1
AUTO_ALIAS_1A1_TOTAIS_IGUAIS,goiania,156109,6220,RES SALLES-063,,R  JAV4,"R JAV4  CASA 01 , BAIRRO JD ALPHAVILLE",2,2,2,1,1
AUTO_ALIAS_1A1_TOTAIS_IGUAIS,goiania,159960,8029,RES SALLES 52.56,,R  FV20,"R FV20  CASA 01 , BAIRRO RES FIDÉLIS",2,2,2,1,1
AUTO_ALIAS_1A1_TOTAIS_IGUAIS,goiania,170345,6058,RES SALLES GODINHO,,R  RI5,"R RI5  CASA 01 , BAIRRO RES ITAIPÚ",2,2,2,1,1
AUTO_ALIAS_1A1_TOTAIS_IGUAIS,goiania,169686,6173,RES SALLES GODINHO II,,R  RI5,"R RI5  CASA 01 , BAIRRO RES ITAIPÚ",2,2,2,1,1
AUTO_ALIAS_1A1_TOTAIS_IGUAIS,goiania,96026,1258,RES SALVADOR,,R  SALVADOR,"R SALVADOR  CASA 1 , BAIRRO RES PETRÓPOLIS",2,2,2,1,1
AUTO_ALIAS_1A1_TOTAIS_IGUAIS,goiania,103420,10801,RES. S ALVES PEREIRA RESIDENCI I,,R  ASSUNCAO,"R ASSUNCAO  CASA 01 , BAIRRO S DAS NAÇÕES",2,2,2,1,1
AUTO_ALIAS_1A1_TOTAIS_IGUAIS,goiania,357326,8004,RES SAMAMBAIA 4125,,AV SAMAMBAIA,"AV SAMAMBAIA CASA 01 , BAIRRO RES ORLANDO DE MORAIS",2,2,2,1,1
AUTO_ALIAS_1A1_TOTAIS_IGUAIS,goiania,239131,14492,RES SAMARA,,R  T36,"R T36  CASA-01 , BAIRRO S BUENO",4,4,4,1,1
AUTO_ALIAS_1A1_TOTAIS_IGUAIS,goiania,231464,1566,RES SAMBURA,,R  SAMBURA,"R SAMBURA  CASA 01 , BAIRRO JD ATLÂNTICO",2,2,2,1,1
AUTO_ALIAS_1A1_TOTAIS_IGUAIS,goiania,299006,8771,RES SAMRA 1,,R  SANTANA,"R SANTANA CASA 01 , BAIRRO VL JARDIM SÃO JUDAS TADEU",2,2,2,1,1
AUTO_ALIAS_1A1_TOTAIS_IGUAIS,goiania,340139,10843,RES. SAMSARA,,R  JI2,"R JI2 CASA 01 , BAIRRO RES HUMAITA",2,2,2,1,1
AUTO_ALIAS_1A1_TOTAIS_IGUAIS,goiania,338927,7950,RES SANCHES ROCHA I,,R  JOVINO BORGES DA SILVA,"R JOVINO BORGES DA SILVA CASA 01 , BAIRRO RES VALE DO ARAGUAIA",2,2,2,1,1
AUTO_ALIAS_1A1_TOTAIS_IGUAIS,goiania,248325,5325,RES SAN DIEGO,,R  SR64,"R SR70 C-1 , BAIRRO S RECANTO DAS MINAS GERAIS",3,3,3,1,1
AUTO_ALIAS_1A1_TOTAIS_IGUAIS,goiania,143493,10951,RES. SAN PABLO I,,R  DR PAULO TURMIN,"R MONS PRIMO VIEIRA  CASA 01 , BAIRRO JD SÃO JOSÉ",3,3,3,1,1
AUTO_ALIAS_1A1_TOTAIS_IGUAIS,goiania,9232,9060,RES SANTA CRUZ,,R  C66,"R C66  CASA-01 , BAIRRO S SUDOESTE",3,3,3,1,1
AUTO_ALIAS_1A1_TOTAIS_IGUAIS,goiania,165312,11034,RES. SANTA FE RS II,,R  DA VITORIA,"R DA VITORIA  CASA 02 , BAIRRO RES SANTA FÉ I",2,2,2,1,1
AUTO_ALIAS_1A1_TOTAIS_IGUAIS,goiania,165715,11157,RES SANTA FE RS III,,R  DA VITORIA,"R DA VITORIA  CASA 02 , BAIRRO RES SANTA FÉ I",2,2,2,1,1
AUTO_ALIAS_1A1_TOTAIS_IGUAIS,goiania,235590,10035,RES SANTA MARIA,,R  CANUMA,"R CANUMA  CASA-01 , BAIRRO PRQ AMAZÔNIA",2,2,2,1,1
AUTO_ALIAS_1A1_TOTAIS_IGUAIS,goiania,309828,8372,RES SANTANA,,AV DESEMBARGADOR EMILIO F. POVOA,"AV DESEMBARGADOR EMILIO F. POVOA S/N CASA 01 , BAIRRO S CRIMÉIA LESTE",2,2,2,1,1
AUTO_ALIAS_1A1_TOTAIS_IGUAIS,goiania,357382,11147,RES. SANTANA,,R  ES11,"R ES11 CASA 01 , BAIRRO RES ELIZENE SANTANA",2,2,2,1,1
AUTO_ALIAS_1A1_TOTAIS_IGUAIS,goiania,155800,6574,RES.SANTANA,,R  GOMES DE SANTANA RAMOS,"R FV39  C-1 , BAIRRO RES SANTA FÉ",3,3,3,1,1
AUTO_ALIAS_1A1_TOTAIS_IGUAIS,goiania,217791,11166,RES SANTANA DE OLIVEIRA,,R  CV34,"R CV34  CASA 01 , BAIRRO RES CENTER VILLE",2,2,2,1,1
AUTO_ALIAS_1A1_TOTAIS_IGUAIS,goiania,210175,9033,RES SANTANA E RIBEIRO I,,R  PRESIDENTE JEFFERSON,"R PRESIDENTE MOLINA  CASA 01 , BAIRRO JD PRESIDENTE",2,2,2,1,1
AUTO_ALIAS_1A1_TOTAIS_IGUAIS,goiania,182807,9294,RES SANTANA I,,R  BARTOLOMEU BUENO,"R UBERLANDIA S/N     CASA 01 , BAIRRO S CRISTINA",2,2,2,1,1
AUTO_ALIAS_1A1_TOTAIS_IGUAIS,goiania,255080,8041,RES. SANTANA I,,R  BH2,"R BH2 CASA 01 , BAIRRO RES BELO HORIZONTE",2,2,2,1,1
AUTO_ALIAS_1A1_TOTAIS_IGUAIS,goiania,21655,7027,RES SANTANA NUNES I,,R  DAS SAMAMBAIAS,"R DAS SAMAMBAIAS CASA 01 , BAIRRO RES ESTRELA D'ALVA",2,2,2,1,1
AUTO_ALIAS_1A1_TOTAIS_IGUAIS,goiania,350146,12520,RES. SANTANA RODRIGUES II,,R  RB46A,"R RB46A CASA 01 , BAIRRO RES RECANTO DO BOSQUE",2,2,2,1,1
AUTO_ALIAS_1A1_TOTAIS_IGUAIS,goiania,225558,6348,RES SANTA RITA,,R  SR1,"R SR1  CASA 01 , BAIRRO RES SANTA RITA - 4A ETAPA",2,2,2,1,1
AUTO_ALIAS_1A1_TOTAIS_IGUAIS,goiania,89448,6609,RES SANTA RITA DE CASSIA,,R  10,"R 10 CASA 1 , BAIRRO S SANTOS DUMONT",2,2,2,1,1
AUTO_ALIAS_1A1_TOTAIS_IGUAIS,goiania,155154,12295,RES. SANTA RITA I,,R  SR10,"R SR10  CASA01 , BAIRRO PRQ SANTA RITA",2,2,2,1,1
AUTO_ALIAS_1A1_TOTAIS_IGUAIS,goiania,154164,6045,RES SANTA RITA X,,R  SR11,"R SR11  CASA 01 , BAIRRO VLG SANTA RITA",2,2,2,1,1
AUTO_ALIAS_1A1_TOTAIS_IGUAIS,goiania,192746,12852,RES SAN THIAGO,,R  ESCOCIA,"R ESCOCIA  CASA 1 , BAIRRO JD EUROPA",2,2,2,1,1
AUTO_ALIAS_1A1_TOTAIS_IGUAIS,goiania,82915,5858,RES.SANTIAGO,,R  1,"R 1 CASA 01 , BAIRRO RES 14 BIS",2,2,2,1,1
AUTO_ALIAS_1A1_TOTAIS_IGUAIS,goiania,272422,8991,RES SANTO ANTONIO,,R  8,"R 8 SOB 01 , BAIRRO JD SANTO ANTÔNIO",3,3,3,1,1
AUTO_ALIAS_1A1_TOTAIS_IGUAIS,goiania,287543,10306,RES SANTO ANTONIO,,R  1,"R 1 CASA 01 , BAIRRO JD SANTO ANTÔNIO",2,2,2,1,1
AUTO_ALIAS_1A1_TOTAIS_IGUAIS,goiania,81256,8282,RES SANTO EXPEDITO,,R  SAO PAULO,"R SAO PAULO CASA 2 , BAIRRO JD PETRÓPOLIS",2,2,2,1,1
AUTO_ALIAS_1A1_TOTAIS_IGUAIS,goiania,170124,14455,RES SANTO EXPEDITO,,R  5,"R 5  APT101 , BAIRRO CON DAS ESMERALDAS",4,4,4,1,1
AUTO_ALIAS_1A1_TOTAIS_IGUAIS,goiania,77847,9493,RES SANTO EXPEDITO III,,R  3,"R 3 CASA 02 , BAIRRO S SANTOS DUMONT",2,2,2,1,1
AUTO_ALIAS_1A1_TOTAIS_IGUAIS,goiania,81230,12036,RES SANTO EXPEDITO IV,,AV EFRAIM DE MORAIS,"AV EFRAIM DE MORAIS CASA 01 , BAIRRO S SANTOS DUMONT",2,2,2,1,1
AUTO_ALIAS_1A1_TOTAIS_IGUAIS,goiania,236342,1824,RES SAN TOME,,R  DAS ROCAS,"R DAS ROCAS  CASA 1 , BAIRRO JD ATLÂNTICO",2,2,2,1,1
AUTO_ALIAS_1A1_TOTAIS_IGUAIS,goiania,101334,7181,RES.SANTOS-45,,R  RT4,"R RT4  CASA 01 , BAIRRO RES TUZIMOTO",2,2,2,1,1
AUTO_ALIAS_1A1_TOTAIS_IGUAIS,goiania,312473,6113,RES SANTOS DUMONT 20,,R  SANTOS DUMONT,"R SANTOS DUMONT CASA_1 , BAIRRO JD GUANABARA",3,3,3,1,1
AUTO_ALIAS_1A1_TOTAIS_IGUAIS,goiania,81239,8103,RES SANTOS DUMONT 71.02,,R  1,"R 1 CASA 03 , BAIRRO S SANTOS DUMONT",3,3,3,1,1
AUTO_ALIAS_1A1_TOTAIS_IGUAIS,goiania,84566,8105,RES SANTOS DUMONT 71.03,,R  1,"R 1 CASA 01 , BAIRRO S SANTOS DUMONT",3,3,3,1,1
AUTO_ALIAS_1A1_TOTAIS_IGUAIS,goiania,86590,8104,RES SANTOS DUMONT 71.04,,R  24,"R 24 CASA 01 , BAIRRO S SANTOS DUMONT",3,3,3,1,1
AUTO_ALIAS_1A1_TOTAIS_IGUAIS,goiania,87362,8893,RES SANTOS DUMONT-71.05,,R  24,"R 24 CASA 01 , BAIRRO S SANTOS DUMONT",3,3,3,1,1
AUTO_ALIAS_1A1_TOTAIS_IGUAIS,goiania,103466,8496,RES SANTOS E BESSA RESIDENCE II,,R  P-02,"R P-02  CASA 01 , BAIRRO RES PORTINARI",2,2,2,1,1
AUTO_ALIAS_1A1_TOTAIS_IGUAIS,goiania,167354,9451,RES SANTOS FILHO,,R  VILA VELHA,"R VILA VELHA  CASA 01 , BAIRRO RES CAMPOS DOURADOS",2,2,2,1,1
AUTO_ALIAS_1A1_TOTAIS_IGUAIS,goiania,105301,9109,RES SANTOS GUIMARAES,,AV VINICIUS DE MORAES,"AV VINICIUS DE MORAES  CASA 01 , BAIRRO RES PORTINARI",2,2,2,1,1
AUTO_ALIAS_1A1_TOTAIS_IGUAIS,goiania,198170,7090,RES SANTOS LIMA I,,R  TENERIFE,"R TENERIFE  C-1 , BAIRRO S TRÊS MARIAS",2,2,2,1,1
AUTO_ALIAS_1A1_TOTAIS_IGUAIS,goiania,128721,2573,RES SANTOS NETO III,,R  GP5,"R GP5  CASA 01 , BAIRRO RES GOYAZ PARK",2,2,2,1,1
AUTO_ALIAS_1A1_TOTAIS_IGUAIS,goiania,152892,7628,RES SANTOS OLIVEIRA RESIDENCI I,,R  DE BAIXO,"R DE BAIXO  CASA 02 , BAIRRO RES SANTA FÉ I",2,2,2,1,1
AUTO_ALIAS_1A1_TOTAIS_IGUAIS,goiania,217345,9181,RES SANTOS OLIVEIRA RESIDENCI II,,R  RT3,"R RT3  CASA 02 , BAIRRO RES TALISMÃ",2,2,2,1,1
AUTO_ALIAS_1A1_TOTAIS_IGUAIS,goiania,179092,11314,RES SANTOS PEREIRA I,,VIADONA LUZIA,"VIADONA LUZIA  CASA 01 , BAIRRO S AMIM CAMARGO",2,2,2,1,1
AUTO_ALIAS_1A1_TOTAIS_IGUAIS,goiania,76872,10405,RES SANTOS TELES CARDOSO,,R  19,"R 19 CASA 1 , BAIRRO S SANTOS DUMONT",4,4,4,1,1
AUTO_ALIAS_1A1_TOTAIS_IGUAIS,goiania,310316,1456,RES SANTOS VEIGA,,R  1,"R 1 CASA A , BAIRRO VL SÃO JOÃO",2,2,2,1,1
AUTO_ALIAS_1A1_TOTAIS_IGUAIS,goiania,79017,8927,RES. SAO BERNARDO I,,R  SANTA CRUZ,"R SANTA CRUZ  CASA 02 , BAIRRO RES SÃO BERNARDO",2,2,2,1,1
AUTO_ALIAS_1A1_TOTAIS_IGUAIS,goiania,352414,1501,RES SAO JOAO II,,R  1066,"S/N CASA 01 , BAIRRO S PEDRO LUDOVICO",2,2,2,1,1
AUTO_ALIAS_1A1_TOTAIS_IGUAIS,goiania,54947,1817,RES SAO JOSE,,AV SAO CLEMENTE,"AV SAO CLEMENTE LT12 CASA-01 , BAIRRO S SÃO JOSÉ",2,2,2,1,1
AUTO_ALIAS_1A1_TOTAIS_IGUAIS,goiania,140389,8444,RES SAO JOSE-2817,,R  MONS PRIMO VIEIRA,"R MONS PRIMO VIEIRA  CASA 01 , BAIRRO JD SÃO JOSÉ",2,2,2,1,1
AUTO_ALIAS_1A1_TOTAIS_IGUAIS,goiania,86418,5846,RES SAO JUDAS TADEU,,R  10,"R 10 CASA 01 , BAIRRO S SANTOS DUMONT",2,2,2,1,1
AUTO_ALIAS_1A1_TOTAIS_IGUAIS,goiania,176267,12028,RES SAO JUDAS TADEU,,R  RI13,"R RI13  CASA01 , BAIRRO RES ITAIPÚ",4,4,4,1,1
AUTO_ALIAS_1A1_TOTAIS_IGUAIS,goiania,149903,9893,RES. SAO JUDAS TADEU II,,AV C169,"AV C169  SOBRADO 01 , BAIRRO BRO JARDIM AMÉRICA",2,2,2,1,1
AUTO_ALIAS_1A1_TOTAIS_IGUAIS,goiania,376614,11243,RES. SAO LUCAS,,R  TAMBORIL,"R TAMBORIL CASA 01 , BAIRRO BRO SANTA GENOVEVA",2,2,2,1,1
AUTO_ALIAS_1A1_TOTAIS_IGUAIS,goiania,124011,1420,RES SAO MARCOS,,R  SM17,"R SM17  CASA 01 , BAIRRO RES SÃO MARCOS",2,2,2,1,1
AUTO_ALIAS_1A1_TOTAIS_IGUAIS,goiania,166223,5268,RES. SAO PATRICIO X,,R  SAO PATRICIO,"R SAO PATRICIO  CASA 01 , BAIRRO CJ HABITACIONAL MADRE GERMANA 2",2,2,2,1,1
AUTO_ALIAS_1A1_TOTAIS_IGUAIS,goiania,78118,8741,RES SAO PAULO,,R  SAO PAULO,"CASA 03 , BAIRRO JD PETRÓPOLIS",3,3,3,1,1
AUTO_ALIAS_1A1_TOTAIS_IGUAIS,goiania,252731,11110,RES SAO PEDRO,,R  AB2,"R AB2 CASA 01 , BAIRRO RES ALICE BARBOSA",2,2,2,1,1
AUTO_ALIAS_1A1_TOTAIS_IGUAIS,goiania,344037,7155,RES SAO PEDRO II,,R  MARIA ALVES DE SOUZA,"R MARIA ALVES DE SOUZA SOB 01 , BAIRRO RES MORUMBI",2,2,2,1,1
AUTO_ALIAS_1A1_TOTAIS_IGUAIS,goiania,143357,2296,RES SAO RAFAEL,,R  DIVINA DE FATIMA DOS SANTOS,"R DIVINA DE FATIMA DOS SANTOS  CASA 01 , BAIRRO JD SÃO JOSÉ",2,2,2,1,1
AUTO_ALIAS_1A1_TOTAIS_IGUAIS,goiania,354985,8904,RES SAO SALVADOR,,AL GUIMARAES NATAL,"AL GUIMARAES NATAL S/N CASA 02 , BAIRRO S PEDRO LUDOVICO",2,2,2,1,1
AUTO_ALIAS_1A1_TOTAIS_IGUAIS,goiania,141795,2469,RES SAO VIEIRA IV,,R  MONS PRIMO VIEIRA,"R MONS PRIMO VIEIRA  CASA 01 , BAIRRO JD SÃO JOSÉ",2,2,2,1,1
AUTO_ALIAS_1A1_TOTAIS_IGUAIS,goiania,92284,9323,RES SARAH LOPES,,AV FELIPE CAMARAO,"AV FELIPE CAMARAO  CASA 01 , BAIRRO BRO GOIÁ",2,2,2,1,1
AUTO_ALIAS_1A1_TOTAIS_IGUAIS,goiania,96361,8421,RES SARDINHA I,,R  BUZIOS,"R BUZIOS  CASA 01 , BAIRRO RES JARDIM LEBLON",2,2,2,1,1
AUTO_ALIAS_1A1_TOTAIS_IGUAIS,goiania,168351,7875,RES SARDINHA RODRIGUES,,AV PLATINA,"AV PLATINA  CASA 01 , BAIRRO CON DAS ESMERALDAS",2,2,2,1,1
AUTO_ALIAS_1A1_TOTAIS_IGUAIS,goiania,322157,6871,RES SAVANA JARDIM BOTANICO,,R  7,"R 7 SOB 01 , BAIRRO JD SANTO ANTÔNIO",9,9,9,1,1
AUTO_ALIAS_1A1_TOTAIS_IGUAIS,goiania,160578,8966,RES SB,,R  SB6,"R SB7  CASA 02 , BAIRRO RES SOLAR BOUGAINVILLE",2,2,2,1,1
AUTO_ALIAS_1A1_TOTAIS_IGUAIS,goiania,161988,7617,RES SB 14,,R  SB14,"R SB14  C-1 , BAIRRO RES SOLAR BOUGAINVILLE",2,2,2,1,1
AUTO_ALIAS_1A1_TOTAIS_IGUAIS,goiania,154810,8465,RES SB-19,,R  SB19,"R SB19  CASA 02 , BAIRRO RES SOLAR BOUGAINVILLE",2,2,2,1,1
AUTO_ALIAS_1A1_TOTAIS_IGUAIS,goiania,31967,6546,RES.SC 21,,R  SC21,"R SC21 LT 10 CS 01 , BAIRRO JD COLORADO",2,2,2,1,1
AUTO_ALIAS_1A1_TOTAIS_IGUAIS,goiania,50778,11876,RES SCALIA,,R  FLORIANOPOLIS,"R FLORIANOPOLIS LT 04 CASA 01 , BAIRRO VL JOÃO VAZ",2,2,2,1,1
AUTO_ALIAS_1A1_TOTAIS_IGUAIS,goiania,220445,8760,RES SCAMINOSFLOWER,,R  RC1,"R RC1  CASA 01 , BAIRRO RES CANADÁ",2,2,2,1,1
AUTO_ALIAS_1A1_TOTAIS_IGUAIS,goiania,306082,7839,RES SCC 1,,R  MOGNO,"R MOGNO C-1 , BAIRRO JD MARILIZA",2,2,2,1,1
AUTO_ALIAS_1A1_TOTAIS_IGUAIS,goiania,85103,7905,RES SC CONST III,,R  XIQUE XIQUE,"R XIQUE-XIQUE  CASA 02 , BAIRRO LOT TROPICAL VILLE",2,2,2,1,1
AUTO_ALIAS_1A1_TOTAIS_IGUAIS,goiania,165672,1641,RES SEDIANA,,R  DO LYCEU,"R DO LYCEU  C-1 , BAIRRO RES SANTA FÉ",2,2,2,1,1
AUTO_ALIAS_1A1_TOTAIS_IGUAIS,goiania,346551,7432,RES SENA ACP 02,,R  ACP02,"R ACP02 CASA 02 , BAIRRO RES ANTONIO CARLOS PIRES",2,2,2,1,1
AUTO_ALIAS_1A1_TOTAIS_IGUAIS,goiania,10581,542,RES SENADO HELENA,,AV C11,"AV C11 LT S/N . , BAIRRO S SUDOESTE",2,2,2,1,1
AUTO_ALIAS_1A1_TOTAIS_IGUAIS,goiania,265090,2102,RES SENA SOARES II,,R  AB3,"R AB3 CASA 01 , BAIRRO RES ALICE BARBOSA",3,3,3,1,1
AUTO_ALIAS_1A1_TOTAIS_IGUAIS,goiania,365093,6689,RES. SERAFIM II,,R  FL39,"R FL39 CASA01 , BAIRRO PRQ DAS FLORES",2,2,2,1,1
AUTO_ALIAS_1A1_TOTAIS_IGUAIS,goiania,135410,7794,RES SERBETO E TOMAZ RESIDENCI I,,R  PORTO SOARES,"R PORTO SOARES  CASA 01 , BAIRRO RES BUENA VISTA III",2,2,2,1,1
AUTO_ALIAS_1A1_TOTAIS_IGUAIS,goiania,189520,10264,RES. SERENA II,,R  DO SALMAO,"R DO SALMAO  CASA 01 , BAIRRO JD ATLÂNTICO",2,2,2,1,1
AUTO_ALIAS_1A1_TOTAIS_IGUAIS,goiania,196121,14459,RES SERENATA,,AV DO CONTORNO,"R GETULIO VARGAS  CASA-02 , BAIRRO PRQ ANHANGÜERA",2,2,2,1,1
AUTO_ALIAS_1A1_TOTAIS_IGUAIS,goiania,13026,3714,RES SERENATA II,,AV C18,"AV C18 LT S/N . , BAIRRO S SUDOESTE",2,2,2,1,1
AUTO_ALIAS_1A1_TOTAIS_IGUAIS,goiania,127903,6761,RES.SERGIO-27,,R  SM30,"R SM30  CASA03 , BAIRRO RES SÃO MARCOS",3,3,3,1,1
AUTO_ALIAS_1A1_TOTAIS_IGUAIS,goiania,140012,6031,RES. SERGIO CARDOSO V,,AV GERCINA BORGES TEIXEIRA,"AV GERCINA BORGES TEIXEIRA  CASA 01 , BAIRRO JD SÃO JOSÉ",2,2,2,1,1
AUTO_ALIAS_1A1_TOTAIS_IGUAIS,goiania,217254,12662,RES SERGIO FRANCO,,R  CV11,"R CV11  CASA01 , BAIRRO RES CENTER VILLE",2,2,2,1,1
AUTO_ALIAS_1A1_TOTAIS_IGUAIS,goiania,143800,14077,RES SERGIO LIMIRO I,,R  ELO7,"R ELO7  CASA 01 , BAIRRO PRQ ELDORADO OESTE",3,3,3,1,1
AUTO_ALIAS_1A1_TOTAIS_IGUAIS,goiania,133533,11132,RES SERGIO LIMIRO II,,R  DIVINA DE FATIMA DOS SANTOS,"R DIVINA DE FATIMA DOS SANTOS  CASA 01 , BAIRRO JD SÃO JOSÉ",2,2,2,1,1
AUTO_ALIAS_1A1_TOTAIS_IGUAIS,goiania,267186,904,RES SERIADA,,R  J72,"R J72 SOBRADO 03 , BAIRRO S JAÓ",3,3,3,1,1
AUTO_ALIAS_1A1_TOTAIS_IGUAIS,goiania,154534,7723,RES SERINGUEIRAS 11 15,,AV SERINGUEIRAS,"AV SERINGUEIRAS  CASA 01 , BAIRRO RES SANTA FÉ",2,2,2,1,1
AUTO_ALIAS_1A1_TOTAIS_IGUAIS,goiania,195105,1811,RES SERRA DAS FLORES,,R  SEVILHA,"R SEVILHA  SOBRADO 01 , BAIRRO JD EUROPA",3,3,3,1,1
AUTO_ALIAS_1A1_TOTAIS_IGUAIS,goiania,350125,1678,RES SERRA DOURADA,,R  120,"R 120  ___CASA 01 , BAIRRO S SUL",3,3,3,1,1
AUTO_ALIAS_1A1_TOTAIS_IGUAIS,goiania,221458,9548,RES SERRA DOURADA 01,,R  MDV43,"R MDV43  CASA 01 , BAIRRO LOT MOINHO DOS VENTOS",2,2,2,1,1
AUTO_ALIAS_1A1_TOTAIS_IGUAIS,goiania,145287,9379,RES SERRA NEGRA,,R  C156,"R C156  SOBRADO N.01 , BAIRRO BRO JARDIM AMÉRICA",4,4,4,1,1
AUTO_ALIAS_1A1_TOTAIS_IGUAIS,goiania,150046,1764,RES SERRATE,,R  C145,"R C145 S/N     CASA-02 , BAIRRO BRO JARDIM AMÉRICA",2,2,2,1,1
AUTO_ALIAS_1A1_TOTAIS_IGUAIS,goiania,147383,8561,RES SERRATE REZENDE,,R  C125,"R C125  CASA 01 , BAIRRO BRO JARDIM AMÉRICA",2,2,2,1,1
AUTO_ALIAS_1A1_TOTAIS_IGUAIS,goiania,358775,7657,RES SERVERINO ALVES,,R  DAS OPALAS,"R DAS OPALAS SOB 01 , BAIRRO LOT GOIÂNIA 2",2,2,2,1,1
AUTO_ALIAS_1A1_TOTAIS_IGUAIS,goiania,77064,9124,RES SERVULA HELENA,,R  TOMAZ SOARES,"R TOMAZ SOARES CASA 1 , BAIRRO RES SOLAR VILLE",2,2,2,1,1
AUTO_ALIAS_1A1_TOTAIS_IGUAIS,goiania,164919,6754,RES SE TU UMA BENCAO,,R  DAS MARGARIDAS,"R DAS MARGARIDAS  CASA 01 , BAIRRO RES SANTA FÉ I",2,2,2,1,1
AUTO_ALIAS_1A1_TOTAIS_IGUAIS,goiania,223960,8664,RESS. EVA DA GLORIA,,R  PINTADO,"R PINTADO  CASA 01 , BAIRRO RES AQUÁRIOS II",2,2,2,1,1
AUTO_ALIAS_1A1_TOTAIS_IGUAIS,goiania,16388,6672,RES SEVERINO DOS SANTOS II,,R  20A,"R 20A C-1 , BAIRRO S ESTRELA DALVA",2,2,2,1,1
AUTO_ALIAS_1A1_TOTAIS_IGUAIS,goiania,316249,11480,RES. SEVILHA,,R  RB15,"R RB15 CASA 01 , BAIRRO RES RECANTO DO BOSQUE",2,2,2,1,1
AUTO_ALIAS_1A1_TOTAIS_IGUAIS,goiania,215510,6697,RES SEVILHA III,,R  RS1,"R RS1  CASA 01 , BAIRRO RES SEVILHA",2,2,2,1,1
AUTO_ALIAS_1A1_TOTAIS_IGUAIS,goiania,271350,512,RES SHALLON,,AV ARISTOTELES,"R IMBUIA CASA01 , BAIRRO JD MARILIZA",4,4,4,1,1
AUTO_ALIAS_1A1_TOTAIS_IGUAIS,goiania,153264,7541,RES SHALOM ONE,,R  LAGOA FORMOSA,"R LAGOA FORMOSA  CASA 01 , BAIRRO RES SANTA FÉ",2,2,2,1,1
AUTO_ALIAS_1A1_TOTAIS_IGUAIS,goiania,147792,12109,RES SHALON II,,R  C160,"R C160  , BAIRRO BRO JARDIM AMÉRICA",2,2,2,1,1
AUTO_ALIAS_1A1_TOTAIS_IGUAIS,goiania,159627,12942,RES SHIOBARA I,,AV SEBASTIANA SOARES FARIA,"AV SEBASTIANA SOARES FARIA  CASA02 , BAIRRO RES FIDÉLIS",2,2,2,1,1
AUTO_ALIAS_1A1_TOTAIS_IGUAIS,goiania,196625,6482,RES SHORAYA,,R  ESCOCIA,"R ESCOCIA  CASA-01 , BAIRRO JD EUROPA",3,3,3,1,1
AUTO_ALIAS_1A1_TOTAIS_IGUAIS,goiania,383488,6042,RES SIDALVO I,,R  RB39A,"R RB39A CASA 01 , BAIRRO RES RECANTO DO BOSQUE",2,2,2,1,1
AUTO_ALIAS_1A1_TOTAIS_IGUAIS,goiania,296960,6597,RES SIDALVO II,,R  BM25,"R BM25 CASA 01 , BAIRRO RES BRISAS DA MATA",2,2,2,1,1
AUTO_ALIAS_1A1_TOTAIS_IGUAIS,goiania,171852,1606,RES SILERNE,,R  W8,"R W8  C-1 , BAIRRO JD ITAIPÚ",2,2,2,1,1
AUTO_ALIAS_1A1_TOTAIS_IGUAIS,goiania,391815,6718,RES. SILONY,,R  2,"R 2 CASA 01 , BAIRRO RES PAULO ESTRELA",2,2,2,1,1
AUTO_ALIAS_1A1_TOTAIS_IGUAIS,goiania,261518,6719,RES. SILONY I,,R  2,"R 2 CASA 01 , BAIRRO RES PAULO ESTRELA",2,2,2,1,1
AUTO_ALIAS_1A1_TOTAIS_IGUAIS,goiania,394701,8183,RES SILONY IV,,R  LAGUNA,"R LAGUNA CASA 01 , BAIRRO JD GUANABARA",3,3,3,1,1
AUTO_ALIAS_1A1_TOTAIS_IGUAIS,goiania,248249,8179,RES SILONY V,,R  SR42,"R 11 CASA 01 , BAIRRO RES PAULO ESTRELA",2,2,2,1,1
AUTO_ALIAS_1A1_TOTAIS_IGUAIS,goiania,192872,7731,RES SILVA,,R  IRLANDA,"R IRLANDA  CASA 01 , BAIRRO JD EUROPA",2,2,2,1,1
AUTO_ALIAS_1A1_TOTAIS_IGUAIS,goiania,260368,9020,RES SILVA,,R  DOUTOR AUGUSTO JUNGMANN,"R DOUTOR AUGUSTO JUNGMANN CASA 01 , BAIRRO S CRIMÉIA OESTE",2,2,2,1,1
AUTO_ALIAS_1A1_TOTAIS_IGUAIS,goiania,123434,7319,RES SILVA-0684,,R  JOAO MARQUES DE ABREU,"R JOAO MARQUES DE ABREU  CASA 01 , BAIRRO JD MARQUES DE ABREU",3,3,3,1,1
AUTO_ALIAS_1A1_TOTAIS_IGUAIS,goiania,123780,7318,RES SILVA-0685,,AV SAO JOAO DA ESCOCIA,"R SAO JOAO DA ESCOCIA  CASA 01 , BAIRRO JD MARQUES DE ABREU",2,2,2,1,1
AUTO_ALIAS_1A1_TOTAIS_IGUAIS,goiania,143089,2542,RES SILVA 07-33,,R  PE ORMINDO VIVEIRO DE CASTRO,"R PE ORMINDO VIVEIRO DE CASTRO  CASA 01 , BAIRRO JD SÃO JOSÉ",2,2,2,1,1
AUTO_ALIAS_1A1_TOTAIS_IGUAIS,goiania,139072,7855,RES SILVA 4313,,R  RMP2,"R RMP2  CASA 01 , BAIRRO RES MONTE PASCOAL",2,2,2,1,1
AUTO_ALIAS_1A1_TOTAIS_IGUAIS,goiania,103975,5907,RES. SILVA 710,,R  BOLIVIA,"R BOLIVIA  CASA 01 , BAIRRO S DAS NAÇÕES",2,2,2,1,1
AUTO_ALIAS_1A1_TOTAIS_IGUAIS,goiania,104177,5822,RES SILVA-711,,R  BOLIVIA,"R BOLIVIA  CASA 01 , BAIRRO S DAS NAÇÕES",3,3,3,1,1
AUTO_ALIAS_1A1_TOTAIS_IGUAIS,goiania,86193,5908,RES. SILVA 783,,R  CORUMBE,"R CORUMBE C-1 , BAIRRO S BARRA DA TIJUCA",2,2,2,1,1
AUTO_ALIAS_1A1_TOTAIS_IGUAIS,goiania,159334,6563,RES.SILVA-802,,R  ALPHA24,"R ALPHA24  C-1 , BAIRRO LOT ALPHAVILLE RESIDENCIAL",2,2,2,1,1
AUTO_ALIAS_1A1_TOTAIS_IGUAIS,goiania,143160,5104,RES.SILVA 949,,R  PAULO RODRIGUES,"R PAULO RODRIGUES  CASA 01 , BAIRRO RES BUENA VISTA III",2,2,2,1,1
AUTO_ALIAS_1A1_TOTAIS_IGUAIS,goiania,322819,12082,RES. SILVA ATALAIA I,,R  A2,"R A2 CASA 01 , BAIRRO RES ATALAIA",2,2,2,1,1
AUTO_ALIAS_1A1_TOTAIS_IGUAIS,goiania,149470,7697,RES SILVA CESA,,R  C163,"R C163  CASA 01 , BAIRRO BRO JARDIM AMÉRICA",2,2,2,1,1
AUTO_ALIAS_1A1_TOTAIS_IGUAIS,goiania,201335,7222,RES SILVA COELHO I,,R  MMM6,"R MMM6  CASA 01 , BAIRRO S TRÊS MARIAS",2,2,2,1,1
AUTO_ALIAS_1A1_TOTAIS_IGUAIS,goiania,306134,4484,RES SILVA CORREA II,,AV PIO CORREIA,"AV PIO CORREA CASA 01 , BAIRRO JD MARILIZA",2,2,2,1,1
AUTO_ALIAS_1A1_TOTAIS_IGUAIS,goiania,328705,1715,RES SILVA DE OLIVEIRA I,,R  NSM9,"R NSM9 CASA 01 , BAIRRO RES NOSSA MORADA",3,3,3,1,1
AUTO_ALIAS_1A1_TOTAIS_IGUAIS,goiania,155032,9334,RES SILVA E CASTRO I,,R  JERONIMO SIMOES DE LIMA,"R JERONIMO SIMOES DE LIMA  CASA 01 , BAIRRO RES KÁTIA",2,2,2,1,1
AUTO_ALIAS_1A1_TOTAIS_IGUAIS,goiania,359981,5270,RES. SILVA E FEITOSA,,R  RIO GRANDE,"R RIO GRANDE CASA02 , BAIRRO RES RIO JORDÃO",2,2,2,1,1
AUTO_ALIAS_1A1_TOTAIS_IGUAIS,goiania,86095,8340,RES SILVA E FREITAS I,,R  SOL DAGUA,"R SOL DAGUA  CASA 01 , BAIRRO LOT TROPICAL VILLE",2,2,2,1,1
AUTO_ALIAS_1A1_TOTAIS_IGUAIS,goiania,198178,8628,RES SILVA E SILVA,,R  LA PALMA,"R LA PALMA  CASA 01 , BAIRRO S TRÊS MARIAS",2,2,2,1,1
AUTO_ALIAS_1A1_TOTAIS_IGUAIS,goiania,219444,2540,RES SILVA E SILVA VIII,,R  MDV7,"R MDV7  CASA01 , BAIRRO LOT MOINHO DOS VENTOS",2,2,2,1,1
AUTO_ALIAS_1A1_TOTAIS_IGUAIS,goiania,88430,8233,RES SILVA FIGUEIREDO,,R  ERECHIN,"R ERECHIN CASA 01 , BAIRRO S BARRA DA TIJUCA",2,2,2,1,1
AUTO_ALIAS_1A1_TOTAIS_IGUAIS,goiania,222273,12737,RES SILVA FLAUZINO,,R  MDV2,"R MDV2  CASA 02 , BAIRRO LOT MOINHO DOS VENTOS",3,3,3,1,1
AUTO_ALIAS_1A1_TOTAIS_IGUAIS,goiania,88818,8117,RES SILVA GUIMARAES II,,R  SV21,"R SV21 CASA 01 , BAIRRO RES PARK SOLAR",2,2,2,1,1
AUTO_ALIAS_1A1_TOTAIS_IGUAIS,goiania,88344,8833,RES SILVA GUIMARAES III,,R  SV21,"R SV21 CASA 01 , BAIRRO RES PARK SOLAR",2,2,2,1,1
AUTO_ALIAS_1A1_TOTAIS_IGUAIS,goiania,178634,8362,RES SILVA I,,R  I-10,"R I-10  CASA 01 , BAIRRO JD IPANEMA",3,3,3,1,1
AUTO_ALIAS_1A1_TOTAIS_IGUAIS,goiania,172868,5655,RES SILVA LEAL,,R  ARRAIAL DO CABO,"R ARRAIAL DO CABO  C-1 , BAIRRO RES CAMPOS DOURADOS",2,2,2,1,1
AUTO_ALIAS_1A1_TOTAIS_IGUAIS,goiania,224927,12885,RES SILVA LEAO XL,,R  CARANHA,"R CARANHA  CASA 01 , BAIRRO RES AQUÁRIOS",2,2,2,1,1
AUTO_ALIAS_1A1_TOTAIS_IGUAIS,goiania,160881,5451,RES.SILVA-LT05,,R  JOAO ALVES FORTES,"R JOAO ALVES FORTES  CASA 01 , BAIRRO RES FORTEVILLE",2,2,2,1,1
AUTO_ALIAS_1A1_TOTAIS_IGUAIS,goiania,137838,11208,RES SILVA & MACEDO I,,R  JOSE PEREIRA BORGES,"R JOSE PEREIRA BORGES  CASA1 , BAIRRO JD SÃO JOSÉ",2,2,2,1,1
AUTO_ALIAS_1A1_TOTAIS_IGUAIS,goiania,245501,9066,RES. SILVA NASCIMENTO I,,R  BRASIL,"R BRASIL CASA 03 , BAIRRO RES LUCY PINHEIRO",3,3,3,1,1
AUTO_ALIAS_1A1_TOTAIS_IGUAIS,goiania,300739,6636,RES.SILVA NEVES,,AV 15 DE NOVEMBRO,"AV 15 DE NOVEMBRO CASA 01 , BAIRRO VL PEDROSO",2,2,2,1,1
AUTO_ALIAS_1A1_TOTAIS_IGUAIS,goiania,345498,8277,RES SILVA OLIVEIRA,,R  BM8,"R BM8 CASA 01 , BAIRRO RES BRISAS DA MATA",2,2,2,1,1
AUTO_ALIAS_1A1_TOTAIS_IGUAIS,goiania,53608,8300,RES SILVA OLIVEIRA,,R  J,"R J LT 08 CS 01 , BAIRRO S PROGRESSO",2,2,2,1,1
AUTO_ALIAS_1A1_TOTAIS_IGUAIS,goiania,205210,736,RES SILVA PAULA,,R  F5,"R F5  CASA01 , BAIRRO LOT FAIÇALVILLE",2,2,2,1,1
AUTO_ALIAS_1A1_TOTAIS_IGUAIS,goiania,93451,8827,RES SILVA PEIXOTO I,,R  DO OUTONO,"R DO OUTONO  CASA 01 , BAIRRO RES PARQUE OESTE",2,2,2,1,1
AUTO_ALIAS_1A1_TOTAIS_IGUAIS,goiania,139762,2379,RES SILVA PEREIRA XXV,,R  RMP7,"R RMP7  CASA 01 , BAIRRO RES MONTE PASCOAL",2,2,2,1,1
AUTO_ALIAS_1A1_TOTAIS_IGUAIS,goiania,324479,6308,RES SILVA PIRES I,,R  LILIANE BARBOSA,"R LILIANE BARBOSA CASA 01 , BAIRRO RES ALICE BARBOSA",2,2,2,1,1
AUTO_ALIAS_1A1_TOTAIS_IGUAIS,goiania,165896,10436,RES SILVA SANTOS,,R  DO LYCEU,"R DO LYCEU  CASA 1 , BAIRRO RES SANTA FÉ",2,2,2,1,1
AUTO_ALIAS_1A1_TOTAIS_IGUAIS,goiania,175761,2466,RES SILVA & SANTOS I,,R  RI22,"R RI22  CASA 01 , BAIRRO RES ITAIPÚ",3,3,3,1,1
AUTO_ALIAS_1A1_TOTAIS_IGUAIS,goiania,386351,12627,RES. SILVA SOUZA,,R  SR49,"R SR49 CASA-01 , BAIRRO S RECANTO DAS MINAS GERAIS",2,2,2,1,1
AUTO_ALIAS_1A1_TOTAIS_IGUAIS,goiania,61065,8142,RES SILVA SOUZA X,,R  FN21,"R FN21 LT 40 CS 01 , BAIRRO JD FONTE NOVA",2,2,2,1,1
AUTO_ALIAS_1A1_TOTAIS_IGUAIS,goiania,222017,7210,RES SILVA VILELA I,,R  EF7,"R EF7  C-2 , BAIRRO RES ELI FORTE",2,2,2,1,1
AUTO_ALIAS_1A1_TOTAIS_IGUAIS,goiania,53607,2190,RES SILVA X,,AV JOAO DAMASCENO,"AV JOAO DAMASCENO LT 08 CS 01 , BAIRRO S PROGRESSO",3,3,3,1,1
AUTO_ALIAS_1A1_TOTAIS_IGUAIS,goiania,169117,6818,RES SILVEIRA,,R  RI13,"R RI13  CASA 01 , BAIRRO RES ITAIPÚ",2,2,2,1,1
AUTO_ALIAS_1A1_TOTAIS_IGUAIS,goiania,127644,7173,RES SILVEIRA-157,,R  N20,"R N20  CASA 01 , BAIRRO S DAS NAÇÕES EXTENSÃO",2,2,2,1,1
AUTO_ALIAS_1A1_TOTAIS_IGUAIS,goiania,131803,7960,RES SILVEIRA-39.17,,R  EX. ALEIXO MARQUES C. DE ABREU,"R EX. ALEIXO MARQUES C. DE ABREU  CASA 01 , BAIRRO JD MARQUES DE ABREU",3,3,3,1,1
AUTO_ALIAS_1A1_TOTAIS_IGUAIS,goiania,132302,8339,RES SILVEIRA-3918,,R  EX. ALEIXO MARQUES C. DE ABREU,"R EX. ALEIXO MARQUES C. DE ABREU  CASA 01 , BAIRRO JD MARQUES DE ABREU",3,3,3,1,1
AUTO_ALIAS_1A1_TOTAIS_IGUAIS,goiania,143010,2317,RES SILVEIRA CASTRO I,,R  CON. JOSE DE CASTRO,"R CON. JOSE DE CASTRO  CASA02 , BAIRRO RES MONTE PASCOAL",2,2,2,1,1
AUTO_ALIAS_1A1_TOTAIS_IGUAIS,goiania,96205,11385,RES SILVEIRA DOS REIS I,,R  PAULO AFONSO,"R PAULO AFONSO  CASA 01 , BAIRRO BRO SÃO FRANCISCO",2,2,2,1,1
AUTO_ALIAS_1A1_TOTAIS_IGUAIS,goiania,188537,2216,RES SILVEIRA GOMES,,R  DO ALBATROZ,"R DO ALBATROZ  CASA-02 , BAIRRO JD ATLÂNTICO",2,2,2,1,1
AUTO_ALIAS_1A1_TOTAIS_IGUAIS,goiania,169249,9127,RES SILVEIRA II,,R  RI13,"R RI13  CASA 01 , BAIRRO RES ITAIPÚ",2,2,2,1,1
AUTO_ALIAS_1A1_TOTAIS_IGUAIS,goiania,326277,5149,RES.SILVERIO,,AV FRANCA,"AV FRANCA CASA 01 , BAIRRO RES VILLE DE FRANCE",2,2,2,1,1
AUTO_ALIAS_1A1_TOTAIS_IGUAIS,goiania,152979,1848,RES SILVERIO 10,,R  SB11,"R SB11  CASA 02 , BAIRRO RES SOLAR BOUGAINVILLE",2,2,2,1,1
AUTO_ALIAS_1A1_TOTAIS_IGUAIS,goiania,280492,11941,RES. SILVERIO CAETANO I,,R  CB5,"R CB5 CASA01 , BAIRRO RES CLEA BORGES",2,2,2,1,1
AUTO_ALIAS_1A1_TOTAIS_IGUAIS,goiania,269672,9358,RES SILVERIO VIII,,R  CHILE,"R CHILE CASA-01 , BAIRRO VL MARIA LUIZA",3,3,3,1,1
AUTO_ALIAS_1A1_TOTAIS_IGUAIS,goiania,218111,1612,RES SILVESTRE 07,,R  CV36,"R CV36  CASA-01 , BAIRRO RES CENTER VILLE",3,3,3,1,1
AUTO_ALIAS_1A1_TOTAIS_IGUAIS,goiania,169663,1433,RES SILVESTRE COSTA,,R  RI5,"R RI5  CASA 01 , BAIRRO RES ITAIPÚ",2,2,2,1,1
AUTO_ALIAS_1A1_TOTAIS_IGUAIS,goiania,197988,12703,RES. SILVIO MOURA,,R  DO ATUM,"R DO ATUM  CASA 01 , BAIRRO JD ATLÂNTICO",2,2,2,1,1
AUTO_ALIAS_1A1_TOTAIS_IGUAIS,goiania,95415,5880,RES. SINERIO GOMES,,R  ALCOBACA,"R ALCOBACA  CASA-01 , BAIRRO RES JARDIM LEBLON",2,2,2,1,1
AUTO_ALIAS_1A1_TOTAIS_IGUAIS,goiania,314118,2157,RES SINIMBU I,,R  RSL13,"R RSL13 CASA 02 , BAIRRO RES PAULO ESTRELA",2,2,2,1,1
AUTO_ALIAS_1A1_TOTAIS_IGUAIS,goiania,41672,1321,RES SIQUEIRA,,R  S,"R S LT 01 CS 01 , BAIRRO S PROGRESSO",2,2,2,1,1
AUTO_ALIAS_1A1_TOTAIS_IGUAIS,goiania,356730,2181,RES SIQUEIRA,,R  MACHADO DE ASSIS,"R MACHADO DE ASSIS CASA 01 , BAIRRO VL JARDIM SÃO JUDAS TADEU",2,2,2,1,1
AUTO_ALIAS_1A1_TOTAIS_IGUAIS,goiania,189202,14483,RES SIQUEIRA,,R  DO GOLFINHO,"R DO GOLFINHO  , BAIRRO JD ATLÂNTICO",2,2,2,1,1
AUTO_ALIAS_1A1_TOTAIS_IGUAIS,goiania,170781,8594,RES SIQUEIRA E PIMENTA RESIDENCI,,AV VILA RICA,"AV VILA RICA  CASA 01 , BAIRRO RES CAMPOS DOURADOS",2,2,2,1,1
AUTO_ALIAS_1A1_TOTAIS_IGUAIS,goiania,155339,7243,RES. SIQUEIRA GONCALVES,,AV BURITIS,"AV BURITIS  CASA 02 , BAIRRO VLG SANTA RITA",2,2,2,1,1
AUTO_ALIAS_1A1_TOTAIS_IGUAIS,goiania,205619,427,RES SIRIA LUIZA,,R  PRESIDENTE CLEVELAND,"R PRESIDENTE CLEVELAND  CASA 01 , BAIRRO JD PRESIDENTE",2,2,2,1,1
AUTO_ALIAS_1A1_TOTAIS_IGUAIS,goiania,207442,7741,RES SIRLEIDE,,AL BERNARDO GUIMARAES,"AL BERNARDO GUIMARAES  CASA 01 , BAIRRO LOT FAIÇALVILLE",2,2,2,1,1
AUTO_ALIAS_1A1_TOTAIS_IGUAIS,goiania,362779,1172,RES SIRLENE AMARAL,,VIADE ACESSO ORIENTAL,"VIADE ACESSO ORIENTAL CASA01 , BAIRRO GRJ CRUZEIRO DO SUL",2,2,2,1,1
AUTO_ALIAS_1A1_TOTAIS_IGUAIS,goiania,158182,5075,RES.SIRLON CORONEL,,R  AGENOR ALVES DE OLIVEIRA,"R AGENOR ALVES DE OLIVEIRA  C-1 , BAIRRO RES KÁTIA",2,2,2,1,1
AUTO_ALIAS_1A1_TOTAIS_IGUAIS,goiania,142600,13155,RES SLAR ANTONIETA II,,R  IRMA ANTONIETA ESMERALDA CABRA,"R IRMA ANTONIETA ESMERALDA CABRA  CASA 02 , BAIRRO JD SÃO JOSÉ",2,2,2,1,1
AUTO_ALIAS_1A1_TOTAIS_IGUAIS,goiania,130565,11323,RES SLFM,,R  SM37,"R SM37  CASA 02 , BAIRRO RES SÃO MARCOS",2,2,2,1,1
AUTO_ALIAS_1A1_TOTAIS_IGUAIS,goiania,358493,7540,RES SL PEREIRA RESIDENCI,,R  OM18,"R OM18 CASA 01 , BAIRRO RES ORLANDO DE MORAIS",2,2,2,1,1
AUTO_ALIAS_1A1_TOTAIS_IGUAIS,goiania,129796,6590,RES SM-36,,R  SM36,"R SM36  CASA 01 , BAIRRO RES SÃO MARCOS",3,3,3,1,1
AUTO_ALIAS_1A1_TOTAIS_IGUAIS,goiania,95729,1748,RES SM ALIMOS,,R  AIMORES,"R AIMORES  CASA 01 , BAIRRO RES PETRÓPOLIS",2,2,2,1,1
AUTO_ALIAS_1A1_TOTAIS_IGUAIS,goiania,309205,5844,RES SM FERRARA,,R  FELIX MARANHAO,"R FELIX MARANHAO  SN     CASA 01 , BAIRRO JD BALNEÁRIO MEIA PONTE",2,2,2,1,1
AUTO_ALIAS_1A1_TOTAIS_IGUAIS,goiania,14690,1147,RES SMITH,,R  RENASCER,"R RENASCER LT 11 CS 01 , BAIRRO S MORADA DO SOL",2,2,2,1,1
AUTO_ALIAS_1A1_TOTAIS_IGUAIS,goiania,79584,6802,RES SM REGGIO CALABRIA,,R  RITA ALVES MONTEIRO,"R RITA ALVES MONTEIRO  CASA 01 , BAIRRO RES PILAR DOS SONHOS",2,2,2,1,1
AUTO_ALIAS_1A1_TOTAIS_IGUAIS,goiania,95730,2362,RES SM TERUEL,,R  TUPIS,"R TUPIS  CASA 01 , BAIRRO RES PETRÓPOLIS",2,2,2,1,1
AUTO_ALIAS_1A1_TOTAIS_IGUAIS,goiania,97455,2364,RES SM XANTHI,,R  XERENTES,"R XERENTES  CASA01 , BAIRRO RES PETRÓPOLIS",2,2,2,1,1
AUTO_ALIAS_1A1_TOTAIS_IGUAIS,goiania,355037,10519,RES SOAREA DA SILVA VI,,R  RIO VERDE,"R RIO VERDE S/N     SOB 01 , BAIRRO VL ABAJÁ",6,6,6,1,1
AUTO_ALIAS_1A1_TOTAIS_IGUAIS,goiania,352928,10771,RES. SOARES,,R  RSL9,"R RSL9 SN      CASA 01 , BAIRRO RES SÃO LEOPOLDO",2,2,2,1,1
AUTO_ALIAS_1A1_TOTAIS_IGUAIS,goiania,117367,14513,RES SOARES 25.018,,R  DAS MISSOES,"R DAS MISSOES S/N     CASA 01 , BAIRRO PRQ INDUSTRIAL JOÃO BRAZ",2,2,2,1,1
AUTO_ALIAS_1A1_TOTAIS_IGUAIS,goiania,122536,8965,RES SOARES-354.438,,R  FRANCISCO ALVES DE ASSIS,"R FRANCISCO ALVES DE ASSIS  CASA 01 , BAIRRO LOT SOLANGE PARQUE I",2,2,2,1,1
AUTO_ALIAS_1A1_TOTAIS_IGUAIS,goiania,206755,7522,RES SOARES CASTRO I,,AL ABEL SOARES DE CASTRO,"AL ABEL SOARES DE CASTRO  CASA-01 , BAIRRO LOT FAIÇALVILLE",2,2,2,1,1
AUTO_ALIAS_1A1_TOTAIS_IGUAIS,goiania,223170,7253,RES SOARES DE CASTRO V,,R  MDV17,"R MDV17  CASA02 , BAIRRO LOT MOINHO DOS VENTOS",2,2,2,1,1
AUTO_ALIAS_1A1_TOTAIS_IGUAIS,goiania,170415,9070,RES SOARES DE CASTRO XII,,R  W14,"R W14  CASA 01 , BAIRRO JD ITAIPÚ",2,2,2,1,1
AUTO_ALIAS_1A1_TOTAIS_IGUAIS,goiania,166897,9600,RES SOARES DE CASTRO XIII,,R  RI12,"R RI12  CASA-01 , BAIRRO RES ITAIPÚ",2,2,2,1,1
AUTO_ALIAS_1A1_TOTAIS_IGUAIS,goiania,156938,12608,RES.SOARES DE JESUS VI,,R  FV32,"R FV32  CASA 01 , BAIRRO RES FORTE VILLE - EXTENSÃO",2,2,2,1,1
AUTO_ALIAS_1A1_TOTAIS_IGUAIS,goiania,124769,12604,RES. SOARES DE JESUS VII,,R  DOS JASMIN,"R DOS JASMIN  CASA 01 , BAIRRO BRO JARDIM BOTÂNICO",4,4,4,1,1
AUTO_ALIAS_1A1_TOTAIS_IGUAIS,goiania,328984,12526,RES SOARES DE OLIVEIRA IV,,R  BM18,"R BM18 CASA 1 , BAIRRO RES BRISAS DA MATA",2,2,2,1,1
AUTO_ALIAS_1A1_TOTAIS_IGUAIS,goiania,362554,9237,RES SOARES E COSTA,,R  8,"R 8 82      CASA 01 , BAIRRO VL ISAURA",2,2,2,1,1
AUTO_ALIAS_1A1_TOTAIS_IGUAIS,goiania,392166,10635,RES. SOARES E SOARES,,R  BM17,"R BM17 CASA-01 , BAIRRO RES BRISAS DA MATA",2,2,2,1,1
AUTO_ALIAS_1A1_TOTAIS_IGUAIS,goiania,141145,8853,RES SOARES FRAGA,,R  PORTO FRANCO,"R PORTO FRANCO  CASA 01 , BAIRRO RES BUENA VISTA IV",2,2,2,1,1
AUTO_ALIAS_1A1_TOTAIS_IGUAIS,goiania,89252,7814,RES SOARES NETO,,R  TRINDADE,"R TRINDADE  CASA 01 , BAIRRO RES DEZOPI",5,5,5,1,1
AUTO_ALIAS_1A1_TOTAIS_IGUAIS,goiania,126306,11170,RES SOARES SILVA VII,,R  D. NINFA DA SILVA ABREU,"R D. NINFA DA SILVA ABREU  CASA-01 , BAIRRO JD MARQUES DE ABREU",2,2,2,1,1
AUTO_ALIAS_1A1_TOTAIS_IGUAIS,goiania,107792,12060,RES. SOCCER,,R  CRP6,"R CRP6  CASA 02 , BAIRRO RES PRIMAVERA",2,2,2,1,1
AUTO_ALIAS_1A1_TOTAIS_IGUAIS,goiania,188549,4386,RES. SOFIA II,,R  DO TRITAO,"R DO TRITAO  CASA 01 , BAIRRO JD ATLÂNTICO",2,2,2,1,1
AUTO_ALIAS_1A1_TOTAIS_IGUAIS,goiania,195004,7424,RES SOFIA III,,R  SEVILHA,"R SEVILHA  CASA 02 , BAIRRO JD EUROPA",2,2,2,1,1
AUTO_ALIAS_1A1_TOTAIS_IGUAIS,goiania,167812,9968,RES SOFIA IX,,R  W10,"R W10  CASA01 , BAIRRO JD ITAIPÚ",2,2,2,1,1
AUTO_ALIAS_1A1_TOTAIS_IGUAIS,goiania,195072,9789,RES SOFIA V,,R  SEVILHA,"R SEVILHA S/N     CASA 01 , BAIRRO JD EUROPA",2,2,2,1,1
AUTO_ALIAS_1A1_TOTAIS_IGUAIS,goiania,202035,1517,RES SOFIA VII,,R  F61,"R F61  CASA01 , BAIRRO LOT FAIÇALVILLE",2,2,2,1,1
AUTO_ALIAS_1A1_TOTAIS_IGUAIS,goiania,189784,1781,RES SOIA I,,R  DA SOIA,"R DA SOIA S/N     CASA 01 , BAIRRO JD ATLÂNTICO",2,2,2,1,1
AUTO_ALIAS_1A1_TOTAIS_IGUAIS,goiania,152287,7647,RES SOL,,AV SERINGUEIRAS,"AV SERINGUEIRAS SN      C-1 , BAIRRO PRQ SANTA RITA",2,2,2,1,1
AUTO_ALIAS_1A1_TOTAIS_IGUAIS,goiania,314190,5849,RES. SOLAR,,R  2,"R 2 CASA 01 , BAIRRO RES PAULO ESTRELA",2,2,2,1,1
AUTO_ALIAS_1A1_TOTAIS_IGUAIS,goiania,155095,13946,RES. SOLAR BERTOLINO,,R  EF09,"R EF09  CASA 1 , BAIRRO RES SOLAR BOUGAINVILLE",2,2,2,1,1
AUTO_ALIAS_1A1_TOTAIS_IGUAIS,goiania,87451,8800,RES SOLAR BORGES,,R  SV21,"R SV21 CASA 01 , BAIRRO RES PARK SOLAR",2,2,2,1,1
AUTO_ALIAS_1A1_TOTAIS_IGUAIS,goiania,77961,8861,RES SOLAR BORGES I,,R  PENIDO BURNIER,"R PENIDO BURNIER CASA 01 , BAIRRO PRQ INDUSTRIAL PAULISTA",2,2,2,1,1
AUTO_ALIAS_1A1_TOTAIS_IGUAIS,goiania,87964,8779,RES SOLAR BORGES II,,R  SV21,"R SV21 CASA 01 , BAIRRO RES PARK SOLAR",2,2,2,1,1
AUTO_ALIAS_1A1_TOTAIS_IGUAIS,goiania,160464,6002,RES.SOLAR BOUGAINVILLE SB 2144,,R  SB24,"R SB24  CASA 02 , BAIRRO RES SOLAR BOUGAINVILLE",2,2,2,1,1
AUTO_ALIAS_1A1_TOTAIS_IGUAIS,goiania,193366,3316,RES SOLAR BRENNER II,,R  PIZA,"R PIZA  SOB 01 , BAIRRO JD EUROPA",2,2,2,1,1
AUTO_ALIAS_1A1_TOTAIS_IGUAIS,goiania,176972,10598,RES SOLAR DA LUZ,,R  RI15,"R RI15 S/N     CASA 01 , BAIRRO RES ITAIPÚ",5,5,5,1,1
AUTO_ALIAS_1A1_TOTAIS_IGUAIS,goiania,280978,6755,RES SOLAR DAS AMAS,,R  J71,"R J71 SOBRADO 02 , BAIRRO S JAÓ",2,2,2,1,1
AUTO_ALIAS_1A1_TOTAIS_IGUAIS,goiania,32485,5517,RES SOLAR DAS FLORES VII,,R  SC43,"R SC43 LT 11 CS 01 , BAIRRO JD COLORADO I",2,2,2,1,1
AUTO_ALIAS_1A1_TOTAIS_IGUAIS,goiania,33714,6172,RES SOLAR DAS FLORES VIII,,R  SC43,"R SC43 LT 15 CS 01 , BAIRRO JD COLORADO I",2,2,2,1,1
AUTO_ALIAS_1A1_TOTAIS_IGUAIS,goiania,198768,6675,RES SOLAR DAS OLIVEIRAS,,R  DOS MOROS,"R DOS MOROS  CASA 02 , BAIRRO S TRÊS MARIAS",2,2,2,1,1
AUTO_ALIAS_1A1_TOTAIS_IGUAIS,goiania,374991,5523,RES SOLAR DIAS,,R  MARMORE,"R MARMORE SOBRADO 01 , BAIRRO LOT GOIÂNIA 2",2,2,2,1,1
AUTO_ALIAS_1A1_TOTAIS_IGUAIS,goiania,356475,12286,RES. SOLAR DO JAO,,AV RIO BRANCO,"AV RIO BRANCO CASA 02 , BAIRRO S JAÓ",2,2,2,1,1
AUTO_ALIAS_1A1_TOTAIS_IGUAIS,goiania,321910,13614,RES SOLAR DOS FERREIAS,,R  CHAGAL,"R CHAGAL  SOBRADO 01 , BAIRRO S GENTIL MEIRELLES",2,2,2,1,1
AUTO_ALIAS_1A1_TOTAIS_IGUAIS,goiania,100000,11483,RES.SOLAR DOS IPES III,,R  VI9,"R VI9 CASA01 , BAIRRO CJ VERA CRUZ",5,5,5,1,1
AUTO_ALIAS_1A1_TOTAIS_IGUAIS,goiania,143485,5491,RES SOLAR ELDORADO OESTE II,,R  ELO7,"R ELO7  CASA 01 , BAIRRO PRQ ELDORADO OESTE",2,2,2,1,1
AUTO_ALIAS_1A1_TOTAIS_IGUAIS,goiania,148175,7808,RES SOLAR FERREIRA OLIVEIRA,,R  C137,"R C137 S/N     CASA 01 , BAIRRO BRO JARDIM AMÉRICA",2,2,2,1,1
AUTO_ALIAS_1A1_TOTAIS_IGUAIS,goiania,153948,5469,RES.SOLAR I,,R  EF09,"R EF09  CASA 02 , BAIRRO RES SOLAR BOUGAINVILLE",2,2,2,1,1
AUTO_ALIAS_1A1_TOTAIS_IGUAIS,goiania,177821,7552,RES. SOLAR ITAIPU,,R  RI15,"R RI15  CASA 01 , BAIRRO RES ITAIPÚ",2,2,2,1,1
AUTO_ALIAS_1A1_TOTAIS_IGUAIS,goiania,351270,4544,RES SOLAR JURITI,,R  JURITI,"R PATATIVA CASA-01 , BAIRRO BRO SANTA GENOVEVA",4,4,4,1,1
AUTO_ALIAS_1A1_TOTAIS_IGUAIS,goiania,126318,14377,RES SOLAR MARQUES DE ABREU II,,AV CASSIMIRO J MARQUES DE ABREU,"AV CASSIMIRO J MARQUES DE ABREU  CASA 01 , BAIRRO JD MARQUES DE ABREU",3,3,3,1,1
AUTO_ALIAS_1A1_TOTAIS_IGUAIS,goiania,366294,9027,RES SOLAR PESSOA II,,R  PIRES FIGUEREDO,"R PIRES FIGUEREDO CASA 01 , BAIRRO RES VILLE DE FRANCE",2,2,2,1,1
AUTO_ALIAS_1A1_TOTAIS_IGUAIS,goiania,156746,13005,RES SOLAR SANTA RITA,,R  R5,"R R5  CASA 01 , BAIRRO S SOLAR SANTA RITA",2,2,2,1,1
AUTO_ALIAS_1A1_TOTAIS_IGUAIS,goiania,152628,7596,RES SOLAR SANTOS 22,,R  SB13,"R SB22  CASA01 , BAIRRO RES SOLAR BOUGAINVILLE",2,2,2,1,1
AUTO_ALIAS_1A1_TOTAIS_IGUAIS,goiania,138103,10491,RES SOLAR SAO JOSE XIII,,R  IRMA LAURA CHAER,"R IRMA LAURA CHAER  CASA 02 , BAIRRO JD SÃO JOSÉ",2,2,2,1,1
AUTO_ALIAS_1A1_TOTAIS_IGUAIS,goiania,141538,8269,RES SOLAR SAO JOSE XXXVI,,R  BENEDITO DE MELO,"R BENEDITO DE MELO  SOB 01 , BAIRRO JD SÃO JOSÉ",3,3,3,1,1
AUTO_ALIAS_1A1_TOTAIS_IGUAIS,goiania,141671,7358,RES SOLAR SAO JOSE XXXVII,,R  NAZARENO RORIZ,"R NAZARENO RORIZ  CASA 01 , BAIRRO JD SÃO JOSÉ",3,3,3,1,1
AUTO_ALIAS_1A1_TOTAIS_IGUAIS,goiania,133538,1392,RES SOLAR TELLMAN,,R  MONS RODOLFO TELLMAN,"R MONS. RODOLFO TELLMAN  CASA 01 , BAIRRO JD SÃO JOSÉ",2,2,2,1,1
AUTO_ALIAS_1A1_TOTAIS_IGUAIS,goiania,158660,10045,RES SOLAR THARLEY I,,AV SERINGUEIRAS,"AV SERINGUEIRAS  CASA 1 , BAIRRO PRQ SANTA RITA",3,3,3,1,1
AUTO_ALIAS_1A1_TOTAIS_IGUAIS,goiania,151320,13024,RES SOL POENTE,,R  C24,"R C31  SOBRADO 02 , BAIRRO BRO JARDIM AMÉRICA",2,2,2,1,1
AUTO_ALIAS_1A1_TOTAIS_IGUAIS,goiania,58065,5862,RES SONISLEI XX,,AV FONTE NOVA,"AV FONTE NOVA LT 10 CS 01 , BAIRRO JD FONTE NOVA",3,3,3,1,1
AUTO_ALIAS_1A1_TOTAIS_IGUAIS,goiania,210348,10323,RES. SOUSA,,AL PRESIDENTE JEFFERSON,"AL PRESIDENTE JEFFERSON  CASA 01 , BAIRRO LOT FAIÇALVILLE",2,2,2,1,1
AUTO_ALIAS_1A1_TOTAIS_IGUAIS,goiania,127087,6196,RES.SOUSA-300,,R  N24,"R N24  CASA 01 , BAIRRO S DAS NAÇÕES EXTENSÃO",4,4,4,1,1
AUTO_ALIAS_1A1_TOTAIS_IGUAIS,goiania,210227,6721,RES SOUSA 647,,R  PRESIDENTE LINCOLN,"R PRESIDENTE LINCOLN  CASA 01 , BAIRRO JD PRESIDENTE",2,2,2,1,1
AUTO_ALIAS_1A1_TOTAIS_IGUAIS,goiania,267595,7178,RES. SOUSA-918*,,AV ODICIA MORAIS,"AV ODICIA MORAIS CASA 01 , BAIRRO RES ORLANDO DE MORAIS",2,2,2,1,1
AUTO_ALIAS_1A1_TOTAIS_IGUAIS,goiania,223435,11983,RES SOUSA ALENCAR I,,R  CARANHA,"R CARANHA  CASA 01 , BAIRRO RES AQUÁRIOS",2,2,2,1,1
AUTO_ALIAS_1A1_TOTAIS_IGUAIS,goiania,157048,14122,RES SOUSA ALMEIDA II,,R  R10,"R R10  CASA 01 , BAIRRO S SOLAR SANTA RITA",2,2,2,1,1
AUTO_ALIAS_1A1_TOTAIS_IGUAIS,goiania,46861,10031,RES. SOUSA ANDRADE,,R  BELO HORIZONTE,"R BELO HORIZONTE LT 02 CASA 01 , BAIRRO VL JOÃO VAZ",2,2,2,1,1
AUTO_ALIAS_1A1_TOTAIS_IGUAIS,goiania,159175,6447,RES SOUSA BARCELOS RESIDENCE III,,R  ANTONIO LUIZ DE PINA,"R ANTONIO LUIZ DE PINA  CASA 01 , BAIRRO RES SANTA FÉ",2,2,2,1,1
AUTO_ALIAS_1A1_TOTAIS_IGUAIS,goiania,334328,10090,RES SOUSA & CORREIA I,,R  MARIA BENEDITA SIQUEIRA,"R MARIA BENEDITA SIQUEIRA  CASA 01 , BAIRRO RES DAS ACÁCIAS",2,2,2,1,1
AUTO_ALIAS_1A1_TOTAIS_IGUAIS,goiania,156652,1714,RES SOUSA DANTAS VI,,R  ANTONIO LUIZ DE PINA,"R ANTONIO LUIZ DE PINA  CASA 01 , BAIRRO RES SANTA FÉ",2,2,2,1,1
AUTO_ALIAS_1A1_TOTAIS_IGUAIS,goiania,156422,1626,RES SOUSA DANTAS VII,,R  FV30,"R FV30  CASA 01 , BAIRRO RES FORTE VILLE - EXTENSÃO",2,2,2,1,1
AUTO_ALIAS_1A1_TOTAIS_IGUAIS,goiania,390155,9159,RES SOUSA LIMA ENGENHARIA II,,R  RB2A,"R RB2A CASA 01 , BAIRRO RES RECANTO DO BOSQUE",2,2,2,1,1
AUTO_ALIAS_1A1_TOTAIS_IGUAIS,goiania,346469,739,RES SOUSA MENDES,,R  CRUZEIRO DO SUL,"R CRUZEIRO DO SUL CASA01 , BAIRRO JD BELA VISTA",2,2,2,1,1
AUTO_ALIAS_1A1_TOTAIS_IGUAIS,goiania,241250,1384,RES SOUSA NAVES,,R  T30,"R T30 12-A    SOBRADO 02 , BAIRRO S BUENO",4,4,4,1,1
AUTO_ALIAS_1A1_TOTAIS_IGUAIS,goiania,209002,13480,RES SOUSAVELAR,,AV OLAVO BILAC,"AV OLAVO BILAC  CASA 01 , BAIRRO JD VILA BOA",2,2,2,1,1
AUTO_ALIAS_1A1_TOTAIS_IGUAIS,goiania,191159,13086,RES SOUTO,,R  V4,"R V4  CASA 01 , BAIRRO VL REZENDE",2,2,2,1,1
AUTO_ALIAS_1A1_TOTAIS_IGUAIS,goiania,171826,13181,RES SOUTO-256649,,R  W10,"R W10  CASA 01 , BAIRRO JD ITAIPÚ",2,2,2,1,1
AUTO_ALIAS_1A1_TOTAIS_IGUAIS,goiania,61784,9134,RES SOUZA-147.828,,R  RP1,"R RP1 LT 09 CASA 01 , BAIRRO RES RECREIO PANORAMA",2,2,2,1,1
AUTO_ALIAS_1A1_TOTAIS_IGUAIS,goiania,33065,6227,RES SOUZA-532,,R  CASTRO,"R CASTRO LT 13 CASA 01 , BAIRRO S PARQUE TREMENDÃO",2,2,2,1,1
AUTO_ALIAS_1A1_TOTAIS_IGUAIS,goiania,205912,1877,RES SOUZA BARBOSA,,R  PRESIDENTE CAFE FILHO,"R PRESIDENTE CAFE FILHO  CASA 01 , BAIRRO JD PRESIDENTE",2,2,2,1,1
AUTO_ALIAS_1A1_TOTAIS_IGUAIS,goiania,22817,9146,RES SOUZA & BARCELOS II,,R  JC48,"R JC48 CASA 01 , BAIRRO JD CURITIBA",2,2,2,1,1
AUTO_ALIAS_1A1_TOTAIS_IGUAIS,goiania,71242,8593,RES SOUZA & BARCELOS III,,R  DO ANIL,"R DO ANIL CASA 01 , BAIRRO BRO FLORESTA",2,2,2,1,1
AUTO_ALIAS_1A1_TOTAIS_IGUAIS,goiania,172700,8091,RES SOUZA BARCELOS REIS I,,R  BAIA FORMOSA,"R BAIA FORMOSA  CASA 01 , BAIRRO RES CAMPOS DOURADOS",2,2,2,1,1
AUTO_ALIAS_1A1_TOTAIS_IGUAIS,goiania,322777,10540,RES. SOUZA BRAVO XI,,AV BRASIL,"AV BRASIL CASA 01 , BAIRRO VL PEDROSO",2,2,2,1,1
AUTO_ALIAS_1A1_TOTAIS_IGUAIS,goiania,279865,10020,RES. SOUZA BRAVO XIV,,R  PROF. EDESIA C RABELO,"R PROF. EDESIA C RABELO CASA 01 , BAIRRO BRO SANTO HILÁRIO",3,3,3,1,1
AUTO_ALIAS_1A1_TOTAIS_IGUAIS,goiania,384740,8396,RES SOUZA BRAVO XVII,,AV PARACATU,"AV PARACATU CASA 01 , BAIRRO VL PEDROSO",2,2,2,1,1
AUTO_ALIAS_1A1_TOTAIS_IGUAIS,goiania,314088,12319,RES SOUZA BRAVO XVII,,R  SR45,"R SR45 CASA 01 , BAIRRO RES SÃO LEOPOLDO",2,2,2,1,1
AUTO_ALIAS_1A1_TOTAIS_IGUAIS,goiania,317185,9291,RES. SOUZA BRAVO XVIII,,R  SR45,"R SR45 CASA 01 , BAIRRO RES SÃO LEOPOLDO",2,2,2,1,1
AUTO_ALIAS_1A1_TOTAIS_IGUAIS,goiania,279888,13574,RES SOUZA BRAVO XXIII,,R  PROF. BENJAMIM FLORES,"R PROF. BENJAMIM FLORES CASA 01 , BAIRRO BRO SANTO HILÁRIO",3,3,3,1,1
AUTO_ALIAS_1A1_TOTAIS_IGUAIS,goiania,363693,11706,RES SOUZA BRAVO XXV,,AV MINAS GERAIS,"AV MINAS GERAIS CASA 01 , BAIRRO VL PEDROSO",2,2,2,1,1
AUTO_ALIAS_1A1_TOTAIS_IGUAIS,goiania,267256,10888,RES SOUZA BRAVO XXVII,,AV BRASIL,"AV BRASIL CASA 01 , BAIRRO VL PEDROSO",2,2,2,1,1
AUTO_ALIAS_1A1_TOTAIS_IGUAIS,goiania,17240,7992,RES SOUZA E BARCELLOS,,R  IRACY DE OLIVEIRA,"R IRACY DE OLIVEIRA CS 01 , BAIRRO S MORADA DO SOL",2,2,2,1,1
AUTO_ALIAS_1A1_TOTAIS_IGUAIS,goiania,216388,8274,RES SOUZA E GUIRELLI,,R  CV8,"R CV8  CASA 01 , BAIRRO RES CENTER VILLE",2,2,2,1,1
AUTO_ALIAS_1A1_TOTAIS_IGUAIS,goiania,318961,13930,RES SOUZA FARIA III,,R  RH11,"R RH11 CASA01 , BAIRRO RES HUMAITA",2,2,2,1,1
AUTO_ALIAS_1A1_TOTAIS_IGUAIS,goiania,260332,1898,RES SOUZA PACHECO I,,R  8,"R 8  SOBRADO 01 , BAIRRO S MARECHAL RONDON",2,2,2,1,1
AUTO_ALIAS_1A1_TOTAIS_IGUAIS,goiania,119409,8164,RES SP 09.28,,R  DONA CHIQUITA,"R DONA CHIQUITA  CASA 01 , BAIRRO LOT SOLANGE PARQUE II",2,2,2,1,1
AUTO_ALIAS_1A1_TOTAIS_IGUAIS,goiania,119671,8140,RES SP 16A 03,,R  PH9,"R PH9  CASA 01 , BAIRRO LOT SOLANGE PARQUE III",3,3,3,1,1
AUTO_ALIAS_1A1_TOTAIS_IGUAIS,goiania,396448,7354,RES SPA RB 11A,,R  RB11A,"R RB11A CASA 01 , BAIRRO RES RECANTO DO BOSQUE",2,2,2,1,1
AUTO_ALIAS_1A1_TOTAIS_IGUAIS,goiania,369022,9590,RES SPA RB 25,,R  RB25,"R RB25 CASA 01 , BAIRRO RES RECANTO DO BOSQUE",2,2,2,1,1
AUTO_ALIAS_1A1_TOTAIS_IGUAIS,goiania,155331,7612,RES S.S.T.I.,,R  R15,"R R15  CASA 01 , BAIRRO S SOLAR SANTA RITA",2,2,2,1,1
AUTO_ALIAS_1A1_TOTAIS_IGUAIS,goiania,313822,11390,RES STACH,,R  1014,"R 1014 SOB 01 , BAIRRO S PEDRO LUDOVICO",3,3,3,1,1
AUTO_ALIAS_1A1_TOTAIS_IGUAIS,goiania,96877,1290,RES STAFEN,,R  CRAOS,"R CRAOS  CASA 01 , BAIRRO RES PETRÓPOLIS",2,2,2,1,1
AUTO_ALIAS_1A1_TOTAIS_IGUAIS,goiania,15714,4491,RES.STANKS VIII,,R  ERNESTO MELCHIOR DA COSTA,"R ERNESTO MELCHIOR DA COSTA CASA 01 , BAIRRO S ESTRELA DALVA",2,2,2,1,1
AUTO_ALIAS_1A1_TOTAIS_IGUAIS,goiania,15078,6086,RES. STARKS XXV,,R  7 DE SETEMBRO,"R 7 DE SETEMBRO CASA 01 , BAIRRO S ESTRELA DALVA",2,2,2,1,1
AUTO_ALIAS_1A1_TOTAIS_IGUAIS,goiania,164992,13907,RES STIVAL IV,,R  DA PAZ,"R DA PAZ  CASA 01 , BAIRRO RES SANTA FÉ",2,2,2,1,1
AUTO_ALIAS_1A1_TOTAIS_IGUAIS,goiania,230870,6148,RES. STORTI,,R  UMIRI,"AL IMBE  CASA 01 , BAIRRO PRQ AMAZÔNIA",5,5,5,1,1
AUTO_ALIAS_1A1_TOTAIS_IGUAIS,goiania,353987,8251,RES SUCUPIRA,,R  CARNAUBA,"R SUCUPIRA CASA 01 , BAIRRO JD MARILIZA",2,2,2,1,1
AUTO_ALIAS_1A1_TOTAIS_IGUAIS,goiania,168340,8360,RES SUCUPIRA I,,R  35,"R 35  CASA 01 , BAIRRO CON DAS ESMERALDAS",2,2,2,1,1
AUTO_ALIAS_1A1_TOTAIS_IGUAIS,goiania,157422,7486,RES SUDARIO RIBEIRO,,R  ELPIDIO JOSE FARIA,"R ELPIDIO JOSE FARIA  CASA 01 , BAIRRO RES FORTE VILLE - EXTENSÃO",2,2,2,1,1
AUTO_ALIAS_1A1_TOTAIS_IGUAIS,goiania,9830,11863,RES. SUDOESTE II,,R  C40,"R C40  CASA-01 , BAIRRO S SUDOESTE",2,2,2,1,1
AUTO_ALIAS_1A1_TOTAIS_IGUAIS,goiania,195779,8167,RES. SUECIA III,,R  SUECIA,"R SUECIA  CASA 01 , BAIRRO JD EUROPA",2,2,2,1,1
AUTO_ALIAS_1A1_TOTAIS_IGUAIS,goiania,193222,7108,RES SUELY,,R  CARLOS GOMES,"R CARLOS GOMES  CASA 01 , BAIRRO PRQ ANHANGÜERA",3,3,3,1,1
AUTO_ALIAS_1A1_TOTAIS_IGUAIS,goiania,178272,8364,RES SUIATI E SILVA RESIDENCI I,,R  CARACAS,"R CARACAS  CASA 01 , BAIRRO S ANDRÉIA",2,2,2,1,1
AUTO_ALIAS_1A1_TOTAIS_IGUAIS,goiania,238121,5959,RES SUICA,,R  C266,"R C266 S/N     CASA 01 , BAIRRO BRO NOVA SUIÇA",2,2,2,1,1
AUTO_ALIAS_1A1_TOTAIS_IGUAIS,goiania,197218,1713,RES S W P,,R  PRUDENTE DE MORAIS,"R MARECHAL FLORIANO  CASA 02 , BAIRRO PRQ ANHANGÜERA",2,2,2,1,1
AUTO_ALIAS_1A1_TOTAIS_IGUAIS,goiania,325393,7157,RES TAF LIII,,R  ACP02,"R ACP02 C-2 , BAIRRO RES ANTONIO CARLOS PIRES",2,2,2,1,1
AUTO_ALIAS_1A1_TOTAIS_IGUAIS,goiania,281478,7891,RES TAICON I,,R  WILSON PEREIRA DE BRITO,"R WILSON PEREIRA DE BRITO  CASA 01 , BAIRRO JD BALNEÁRIO MEIA PONTE",2,2,2,1,1
AUTO_ALIAS_1A1_TOTAIS_IGUAIS,goiania,189701,10050,RES TAINHA I,,R  DA TAINHA,"R DA TAINHA  CASA-01 , BAIRRO JD ATLÂNTICO",2,2,2,1,1
AUTO_ALIAS_1A1_TOTAIS_IGUAIS,goiania,385796,8272,RES TAKAOKA VUKOJICIC,,AV G VUKOJICIC,"AV G VUKOJICIC  SOB 01 , BAIRRO JD BALNEÁRIO MEIA PONTE",4,4,4,1,1
AUTO_ALIAS_1A1_TOTAIS_IGUAIS,goiania,391123,8586,RES TALISMA,,R  CPR2,"R CPR2 CASA 02 , BAIRRO RES COSTA PARANHOS",2,2,2,1,1
AUTO_ALIAS_1A1_TOTAIS_IGUAIS,goiania,220377,9073,RES TALISMA-598,,R  RT13,"R RT13  CASA 01 , BAIRRO RES TALISMÃ I",2,2,2,1,1
AUTO_ALIAS_1A1_TOTAIS_IGUAIS,goiania,217342,6879,RES TALISMA X,,R  RT8,"R RT8  CASA 01 , BAIRRO RES TALISMÃ",2,2,2,1,1
AUTO_ALIAS_1A1_TOTAIS_IGUAIS,goiania,223286,8151,RES TALONE III,,R  MDV18,"R MDV18  CASA 1 , BAIRRO LOT MOINHO DOS VENTOS",3,3,3,1,1
AUTO_ALIAS_1A1_TOTAIS_IGUAIS,goiania,232248,1810,RES TAMBORIL I,,R  SANTAREM,"R SANTAREM  SOBRADO 001 , BAIRRO PRQ AMAZÔNIA",4,4,4,1,1
AUTO_ALIAS_1A1_TOTAIS_IGUAIS,goiania,169610,12192,RES. TANIA LUCIA II,,R  RI5,"R RI5  CASA 01 , BAIRRO RES ITAIPÚ",2,2,2,1,1
AUTO_ALIAS_1A1_TOTAIS_IGUAIS,goiania,198270,8607,RES TARANCON,,R  TARANCON,"R TARANCON  CASA 02 , BAIRRO S TRÊS MARIAS",2,2,2,1,1
AUTO_ALIAS_1A1_TOTAIS_IGUAIS,goiania,197990,10969,RES TARCILIA,,R  DO ATUM,"R DO ATUM  CASA 1 , BAIRRO JD ATLÂNTICO",2,2,2,1,1
AUTO_ALIAS_1A1_TOTAIS_IGUAIS,goiania,373576,8765,RES. TARCISO MENDONCA,,R  ANTONIO VIEIRA ROSA,"R ANTONIO VIEIRA ROSA CASA 01 , BAIRRO RES VALE DO ARAGUAIA",2,2,2,1,1
AUTO_ALIAS_1A1_TOTAIS_IGUAIS,goiania,386494,9646,RES. TARCISO MENDONCA II,,R  ANTONIO VIEIRA ROSA,"R ANTONIO VIEIRA ROSA CASA 01 , BAIRRO RES VALE DO ARAGUAIA",2,2,2,1,1
AUTO_ALIAS_1A1_TOTAIS_IGUAIS,goiania,242697,9530,RES TATIANA,,R  15,"R 15 S/N     , BAIRRO S MARISTA",3,3,3,1,1
AUTO_ALIAS_1A1_TOTAIS_IGUAIS,goiania,194233,12460,RES TATIANA I,,R  BARCELONA,"R BARCELONA  CASA 02 , BAIRRO JD EUROPA",2,2,2,1,1
AUTO_ALIAS_1A1_TOTAIS_IGUAIS,goiania,136112,10046,RES TAVARES E CAVENAGHI II,,R  RY9,"R RY9  CASA 02 , BAIRRO RES YTAPUÃ",2,2,2,1,1
AUTO_ALIAS_1A1_TOTAIS_IGUAIS,goiania,132939,14034,RES TAVARES FALCAO,,R  IRMA ALICE BITAR,"R IRMA ALICE BITAR  CASA 01 , BAIRRO JD SÃO JOSÉ",2,2,2,1,1
AUTO_ALIAS_1A1_TOTAIS_IGUAIS,goiania,134037,2921,RES TDG GONCALVES,,R  RY3,"R RY3  CASA 02 , BAIRRO RES YTAPUÃ",2,2,2,1,1
AUTO_ALIAS_1A1_TOTAIS_IGUAIS,goiania,221109,10629,RES. TEIXEIRA E SILVA RESIDENCI I,,R  VB10,"R VB10  CASA 01 , BAIRRO RES VEREDA DOS BURITIS",2,2,2,1,1
AUTO_ALIAS_1A1_TOTAIS_IGUAIS,goiania,293333,5432,RES.TEIXEIRA FREITAS,,AV ACARY PASSOS,"AV ACARY PASSOS SOB 01 , BAIRRO RES VALE DO ARAGUAIA",3,3,3,1,1
AUTO_ALIAS_1A1_TOTAIS_IGUAIS,goiania,160706,6395,RES TEIXEIRA I,,R  JOAO XXIII,"R JOAO XXIII  C-1 , BAIRRO RES SANTA FÉ",2,2,2,1,1
AUTO_ALIAS_1A1_TOTAIS_IGUAIS,goiania,161691,6857,RES TEIXEIRA II,,R  FV13,"R FV13  CASA 01 , BAIRRO RES FORTEVILLE",2,2,2,1,1
AUTO_ALIAS_1A1_TOTAIS_IGUAIS,goiania,303075,7295,RES TEIXEIRA II,,R  DO BOSQUE,"R DO BOSQUE CASA 02 , BAIRRO RES RECANTO DO BOSQUE",2,2,2,1,1
AUTO_ALIAS_1A1_TOTAIS_IGUAIS,goiania,155756,8615,RES TEIXEIRA III,,R  AGENOR ALVES DE OLIVEIRA,"R AGENOR ALVES DE OLIVEIRA  CASA 01 , BAIRRO RES KÁTIA",2,2,2,1,1
AUTO_ALIAS_1A1_TOTAIS_IGUAIS,goiania,125473,14250,RES TEIXEIRA LEITE VII,,R  HOMERO R. FILHO,"R HOMERO R. FILHO  CASA 01 , BAIRRO RES SÃO MARCOS",2,2,2,1,1
AUTO_ALIAS_1A1_TOTAIS_IGUAIS,goiania,130200,7497,RES TEIXEIRA LEITE XI,,R  SM36,"R SM36  CASA 02 , BAIRRO RES SÃO MARCOS",2,2,2,1,1
AUTO_ALIAS_1A1_TOTAIS_IGUAIS,goiania,392556,12352,RES TEIXEIRA SANTOS II,,R  VS2,"R VS2 CASA 02 , BAIRRO RES VALE DA SERRA",2,2,2,1,1
AUTO_ALIAS_1A1_TOTAIS_IGUAIS,goiania,207854,7943,RES TEIXEIRA V,,R  F45,"R F45  CASA 01 , BAIRRO LOT FAIÇALVILLE",2,2,2,1,1
AUTO_ALIAS_1A1_TOTAIS_IGUAIS,goiania,87989,7150,RES.TELES-04,,AV PERIMETRAL OESTE,"AV PERIMETRAL OESTE CASA 01 , BAIRRO JD BONANZA",2,2,2,1,1
AUTO_ALIAS_1A1_TOTAIS_IGUAIS,goiania,127320,7437,RES TELES 384,,R  CP 50,"R CP 50  CASA 01 , BAIRRO LOT CAROLINA PARQUE - COMPLEMENTO",2,2,2,1,1
AUTO_ALIAS_1A1_TOTAIS_IGUAIS,goiania,129037,7298,RES TELES 582,,R  CP 48,"R CP 48  CASA 01 , BAIRRO LOT CAROLINA PARQUE - COMPLEMENTO",2,2,2,1,1
AUTO_ALIAS_1A1_TOTAIS_IGUAIS,goiania,340515,8679,RES TELES BARBOSA II,,R  BM10,"R BM10 CASA 02 , BAIRRO RES BRISAS DA MATA",2,2,2,1,1
AUTO_ALIAS_1A1_TOTAIS_IGUAIS,goiania,84514,10487,RES TELES CARDOSO II,,R  CC7,"R CC7 CASA 01 , BAIRRO RES CARLA CRISTINA",2,2,2,1,1
AUTO_ALIAS_1A1_TOTAIS_IGUAIS,goiania,88347,9529,RES. TELES CARDOSO V,,AV PEROLA,"AV PEROLA CASA 01 , BAIRRO RES PARK SOLAR",3,3,3,1,1
AUTO_ALIAS_1A1_TOTAIS_IGUAIS,goiania,172382,1630,RES TELES FRANCO I,,R  RI3,"R RI3  CASA 01 , BAIRRO RES ITAIPÚ",4,4,4,1,1
AUTO_ALIAS_1A1_TOTAIS_IGUAIS,goiania,187972,6139,RES TELES MELLO I,,R  DA LAGOSTA,"R DA LAGOSTA  SOB. 01 , BAIRRO JD ATLÂNTICO",2,2,2,1,1
AUTO_ALIAS_1A1_TOTAIS_IGUAIS,goiania,157957,12246,RES TELES NETO XII,,R  FV32,"R FV19  CASA 01 , BAIRRO RES FORTE VILLE - EXTENSÃO",2,2,2,1,1
AUTO_ALIAS_1A1_TOTAIS_IGUAIS,goiania,80329,9150,RES TELLES MERG RESIDENCI I,,R  MARIA ABADIA DA COSTA,"R MARIA ABADIA DA COSTA CASA 01 , BAIRRO RES RECANTO DAS GARÇAS",2,2,2,1,1
AUTO_ALIAS_1A1_TOTAIS_IGUAIS,goiania,357141,9160,RES TELMA STILLO III,,R  AB9,"R AB9 CASA 01 , BAIRRO RES ALICE BARBOSA",2,2,2,1,1
AUTO_ALIAS_1A1_TOTAIS_IGUAIS,goiania,350601,7100,RES TELMA STILLO IV,,R  DOS DIAMANTES,"R DOS DIAMANTES SOB 01 , BAIRRO LOT GOIÂNIA 2",2,2,2,1,1
AUTO_ALIAS_1A1_TOTAIS_IGUAIS,goiania,85511,5664,RES TEMPO-33,,R  TN7,"R TN7 CASA 01 , BAIRRO RES TEMPO NOVO",2,2,2,1,1
AUTO_ALIAS_1A1_TOTAIS_IGUAIS,goiania,177839,12982,RES TEMPONI IX,,R  RI16,"R RI16  CASA 01 , BAIRRO RES ITAIPÚ",2,2,2,1,1
AUTO_ALIAS_1A1_TOTAIS_IGUAIS,goiania,198225,6322,RES TENERIFE RESIDENCE,,R  TENERIFE,"R TENERIFE S/N     CASA 01 , BAIRRO S TRÊS MARIAS",3,3,3,1,1
AUTO_ALIAS_1A1_TOTAIS_IGUAIS,goiania,293268,9055,RES TENTIL,,R  SR36,"R SR36 CASA 01 , BAIRRO S RECANTO DAS MINAS GERAIS",2,2,2,1,1
AUTO_ALIAS_1A1_TOTAIS_IGUAIS,goiania,222414,1530,RES TEODORA MENDES,,R  MDV20,"R MDV20  CASA 01 , BAIRRO LOT MOINHO DOS VENTOS",2,2,2,1,1
AUTO_ALIAS_1A1_TOTAIS_IGUAIS,goiania,222422,6942,RES TEODORA MENDES I,,R  MDV20,"R MDV20  CASA 01 , BAIRRO LOT MOINHO DOS VENTOS",2,2,2,1,1
AUTO_ALIAS_1A1_TOTAIS_IGUAIS,goiania,31906,10488,RES TEODORO V,,R  SC20,"R SC20 LT S/N CS 01 , BAIRRO RES JARDIM HELOU",2,2,2,1,1
AUTO_ALIAS_1A1_TOTAIS_IGUAIS,goiania,340071,6138,RES TEREZINHA MARIA CRUVINEL I,,R  DA MACONARIA,"R DA MACONARIA SOB 01 , BAIRRO VL JARDIM SÃO JUDAS TADEU",2,2,2,1,1
AUTO_ALIAS_1A1_TOTAIS_IGUAIS,goiania,168490,2389,RES THATI I,,R  39,"R 39  CASA 3 , BAIRRO CON DAS ESMERALDAS",5,5,5,1,1
AUTO_ALIAS_1A1_TOTAIS_IGUAIS,goiania,125969,2184,RES THE AVENGERS,,R  SM15,"R SM15  CASA 01 , BAIRRO RES SÃO MARCOS",3,3,3,1,1
AUTO_ALIAS_1A1_TOTAIS_IGUAIS,goiania,206738,8687,RES THE LESTER,,R  F44,"R F44  CASA 01 , BAIRRO LOT FAIÇALVILLE",2,2,2,1,1
AUTO_ALIAS_1A1_TOTAIS_IGUAIS,goiania,272211,8220,RES THEMIS E LEANDRO,,AL P2,"AL P2  CASA 01 , BAIRRO S DOS FUNCIONÁRIOS",2,2,2,1,1
AUTO_ALIAS_1A1_TOTAIS_IGUAIS,goiania,358225,8016,RES THIAGO FL 27,,R  FL27,"R FL27 CASA 01 , BAIRRO PRQ DAS FLORES",3,3,3,1,1
AUTO_ALIAS_1A1_TOTAIS_IGUAIS,goiania,156551,6287,RES THOMPSON OLIVEIRA I,,R  SB11,"R SB11  CASA 01 , BAIRRO RES SOLAR BOUGAINVILLE",2,2,2,1,1
AUTO_ALIAS_1A1_TOTAIS_IGUAIS,goiania,164744,8452,RES THOMPSON RESIDENCI I,,AV RITA CAETANO,"AV RITA CAETANO  CASA 01 , BAIRRO RES SANTA FÉ I",3,3,3,1,1
AUTO_ALIAS_1A1_TOTAIS_IGUAIS,goiania,164165,8887,RES THOMPSON RESIDENCI III,,AV RITA CAETANO,"AV RITA CAETANO  CASA 01 , BAIRRO RES SANTA FÉ I",3,3,3,1,1
AUTO_ALIAS_1A1_TOTAIS_IGUAIS,goiania,117591,9229,RES THOMPSON RESIDENCI IV,,R  13 DE MAIO,"R 13 DE MAIO  CASA 02 , BAIRRO PRQ INDUSTRIAL JOÃO BRAZ",2,2,2,1,1
AUTO_ALIAS_1A1_TOTAIS_IGUAIS,goiania,361440,5287,RES TIAGO I,,R  BM25,"R BM25 CASA 02 , BAIRRO RES BRISAS DA MATA",2,2,2,1,1
AUTO_ALIAS_1A1_TOTAIS_IGUAIS,goiania,233382,11248,RES TIA JO,,R  IMBAUBA,"R MUIRAQUITA  CASA 01 , BAIRRO PRQ AMAZÔNIA",3,3,3,1,1
AUTO_ALIAS_1A1_TOTAIS_IGUAIS,goiania,90929,8920,RES TIJUCO,,AV JOAQUIM PEDRO DIAS,"AV JOAQUIM PEDRO DIAS  SOB 01 , BAIRRO BRO GOIÁ 2",2,2,2,1,1
AUTO_ALIAS_1A1_TOTAIS_IGUAIS,goiania,222204,13863,RES TINA I,,R  MDV28,"R MDV28  CASA 02 , BAIRRO LOT MOINHO DOS VENTOS",2,2,2,1,1
AUTO_ALIAS_1A1_TOTAIS_IGUAIS,goiania,308113,2253,RES TIRADENTES I,,R  TIRADENTES,"R TIRADENTES SOB 01 , BAIRRO VL JARDIM VITÓRIA",2,2,2,1,1
AUTO_ALIAS_1A1_TOTAIS_IGUAIS,goiania,78587,7331,RES TOLENTINO X,,R  SILVERIO FERNANDES DO NASCIMEN,"R SILVERIO FERNANDES DO NASCIMEN  CASA 01 , BAIRRO RES PILAR DOS SONHOS",2,2,2,1,1
AUTO_ALIAS_1A1_TOTAIS_IGUAIS,goiania,140685,6982,RES.TOME-2037,,R  JOSE PEREIRA BORGES,"R JOSE PEREIRA BORGES  CASA 01 , BAIRRO JD SÃO JOSÉ",2,2,2,1,1
AUTO_ALIAS_1A1_TOTAIS_IGUAIS,goiania,133947,11509,RES TOMIO OKAZIMA IV,,R  ELO11,"R ELO11  CASA 01 , BAIRRO PRQ ELDORADO OESTE",2,2,2,1,1
AUTO_ALIAS_1A1_TOTAIS_IGUAIS,goiania,173007,7031,RES TONISMAR W5,,R  W5,"R W5  CASA 01 , BAIRRO JD ITAIPÚ",2,2,2,1,1
AUTO_ALIAS_1A1_TOTAIS_IGUAIS,goiania,221234,7327,RES TORONTO I,,AV TORONTO,"AV TORONTO  CASA 01 , BAIRRO LOT MOINHO DOS VENTOS",2,2,2,1,1
AUTO_ALIAS_1A1_TOTAIS_IGUAIS,goiania,219576,8121,RES TORONTO I,,AV TORONTO,"AV TORONTO  CASA 02 , BAIRRO LOT MOINHO DOS VENTOS",2,2,2,1,1
AUTO_ALIAS_1A1_TOTAIS_IGUAIS,goiania,219244,10274,RES TORONTO V,,AV TORONTO,"AV TORONTO  CASA 03 , BAIRRO LOT MOINHO DOS VENTOS",3,3,3,1,1
AUTO_ALIAS_1A1_TOTAIS_IGUAIS,goiania,201316,8693,RES TORRES PORTO II,,R  MMM3,"R MMM3  CASA 01 , BAIRRO S TRÊS MARIAS",2,2,2,1,1
AUTO_ALIAS_1A1_TOTAIS_IGUAIS,goiania,125050,7687,RES TOSTA,,R  PANDO,"R PANDO  CASA 01 , BAIRRO RES NOVA AURORA",2,2,2,1,1
AUTO_ALIAS_1A1_TOTAIS_IGUAIS,goiania,330895,7778,RES TOULON,,AV LICO SAMPAIO,"AV LICO SAMPAIO CASA 01 , BAIRRO JD BALNEÁRIO MEIA PONTE",2,2,2,1,1
AUTO_ALIAS_1A1_TOTAIS_IGUAIS,goiania,170653,13240,RES TOWNER V,,R  DIAMANTINA,"R DIAMANTINA  CASA 1 , BAIRRO RES CAMPOS DOURADOS",3,3,3,1,1
AUTO_ALIAS_1A1_TOTAIS_IGUAIS,goiania,298353,13915,RES TRES AMIGOS,,R  CICERO,"R CICERO CASA 01 , BAIRRO VL ROMANA",2,2,2,1,1
AUTO_ALIAS_1A1_TOTAIS_IGUAIS,goiania,198771,10270,RES TRES MARIAS,,R  LAS VELAS,"R LAS VELAS  CASA 01 , BAIRRO S TRÊS MARIAS",2,2,2,1,1
AUTO_ALIAS_1A1_TOTAIS_IGUAIS,goiania,278916,9892,RES TRIGUEIRO,,R  1,"R 1 CASA 01 , BAIRRO S LESTE UNIVERSITÁRIO",2,2,2,1,1
AUTO_ALIAS_1A1_TOTAIS_IGUAIS,goiania,136755,7868,RES TRIGUEIROS II,,R  IRMA LUIZA DIAS LIMA,"R IRMA LUIZA DIAS LIMA  CASA 01 , BAIRRO JD SÃO JOSÉ",2,2,2,1,1
AUTO_ALIAS_1A1_TOTAIS_IGUAIS,goiania,92964,9977,RES TRIGUEIROS II,,R  DOS INCONFIDENTES,"R DOS INCONFIDENTES  CASA 02 , BAIRRO BRO GOIÁ IV",2,2,2,1,1
AUTO_ALIAS_1A1_TOTAIS_IGUAIS,goiania,87794,6497,RES TRINDADE-580,,R  SEBASTIANA FAUSTA DA SILVA,"R SEBASTIANA FAUSTA DA SILVA  CASA 01 , BAIRRO RES PILAR DOS SONHOS",2,2,2,1,1
AUTO_ALIAS_1A1_TOTAIS_IGUAIS,goiania,85332,6972,RES.TRINDADE -751,,R  OTHON GALDINO,"R OTHON GALDINO C-1 , BAIRRO RES RECANTO DAS GARÇAS",2,2,2,1,1
AUTO_ALIAS_1A1_TOTAIS_IGUAIS,goiania,327379,12387,RES TRINDADE E SILVA,,R  RSL10,"R RSL10 CASA 01 , BAIRRO RES SÃO LEOPOLDO",2,2,2,1,1
AUTO_ALIAS_1A1_TOTAIS_IGUAIS,goiania,188559,10549,RES TRITAO 10,,R  DO TRITAO,"R DO TRITAO S/N     CASA 01 , BAIRRO JD ATLÂNTICO",2,2,2,1,1
AUTO_ALIAS_1A1_TOTAIS_IGUAIS,goiania,188557,2228,RES TRITAO 22,,R  DO TRITAO,"R DO TRITAO  CASA 1 , BAIRRO JD ATLÂNTICO",2,2,2,1,1
AUTO_ALIAS_1A1_TOTAIS_IGUAIS,goiania,211282,1254,RES TRIUNFO,,R  CP3,"R CP3  CASA 01 , BAIRRO LOT CELINA PARK",2,2,2,1,1
AUTO_ALIAS_1A1_TOTAIS_IGUAIS,goiania,265784,10747,RES. TROPICAL,,R  TROPICAL,"R TROPICAL CASA 01 , BAIRRO RES RECANTO DO BOSQUE",2,2,2,1,1
AUTO_ALIAS_1A1_TOTAIS_IGUAIS,goiania,329795,8582,RES TROPICALLIENTE DA MATA,,AV TROPICAL,"R TROPICAL CASA01 , BAIRRO RES BRISAS DA MATA",3,3,3,1,1
AUTO_ALIAS_1A1_TOTAIS_IGUAIS,goiania,401562,6727,"RES. TROPICALVILLE BELMONTE 12,09",,R  BELMONTE,"R BELMONTE  CASA 01 , BAIRRO LOT TROPICAL VILLE",2,2,2,1,1
AUTO_ALIAS_1A1_TOTAIS_IGUAIS,goiania,232512,8399,RES TSA 3,,R  SANTAREM,"R SANTAREM  SOB 01 , BAIRRO BRO DA SERRINHA",2,2,2,1,1
AUTO_ALIAS_1A1_TOTAIS_IGUAIS,goiania,157370,8161,RES T.S.A I,,R  LAGOA FORMOSA,"R LAGOA FORMOSA  CASA 01 , BAIRRO RES SANTA FÉ",2,2,2,1,1
AUTO_ALIAS_1A1_TOTAIS_IGUAIS,goiania,327634,7881,RES TTAF 001,,R  ACP07,"R ACP07 CASA 02 , BAIRRO RES ANTONIO CARLOS PIRES",2,2,2,1,1
AUTO_ALIAS_1A1_TOTAIS_IGUAIS,goiania,349121,7984,RES TTAF 002,,R  ACP01,"R ACP01 CASA 02 , BAIRRO RES ANTONIO CARLOS PIRES",2,2,2,1,1
AUTO_ALIAS_1A1_TOTAIS_IGUAIS,goiania,392092,7834,RES TTAF 003,,R  ACP27,"R ACP27 CASA 01 , BAIRRO RES ANTONIO CARLOS PIRES",2,2,2,1,1
AUTO_ALIAS_1A1_TOTAIS_IGUAIS,goiania,316183,7835,RES TTAF 004,,R  ACP24,"R ACP24 CASA 02 , BAIRRO RES ANTONIO CARLOS PIRES",2,2,2,1,1
AUTO_ALIAS_1A1_TOTAIS_IGUAIS,goiania,349943,8518,RES. TTAF 011,,R  OM21,"R OM21 CASA 02 , BAIRRO RES ANTONIO CARLOS PIRES",2,2,2,1,1
AUTO_ALIAS_1A1_TOTAIS_IGUAIS,goiania,389290,9045,RES TTAF 014,,AV ELZA PIRES,"AV ELZA PIRES CASA 01 , BAIRRO RES ORLANDO DE MORAIS",2,2,2,1,1
AUTO_ALIAS_1A1_TOTAIS_IGUAIS,goiania,300801,8994,RES TTAF 016,,AV SAMAMBAIA,"R OM24 S/N CASA 01 , BAIRRO RES ORLANDO DE MORAIS",3,3,3,1,1
AUTO_ALIAS_1A1_TOTAIS_IGUAIS,goiania,293619,9068,RES TTAF 018,,R  OM17,"CASA 01 , BAIRRO RES ORLANDO DE MORAIS",2,2,2,1,1
AUTO_ALIAS_1A1_TOTAIS_IGUAIS,goiania,378757,9118,RES TTAF 019,,R  ACP11,"R ACP11 CASA 02 , BAIRRO RES ANTONIO CARLOS PIRES",2,2,2,1,1
AUTO_ALIAS_1A1_TOTAIS_IGUAIS,goiania,255391,9454,RES TTAF 020,,AV SAMAMBAIA,"AV SAMAMBAIA CASA 01 , BAIRRO RES ORLANDO DE MORAIS",2,2,2,1,1
AUTO_ALIAS_1A1_TOTAIS_IGUAIS,goiania,341422,6479,RES TTAF L,,R  OM21,"R OM21 CASA 02 , BAIRRO RES ANTONIO CARLOS PIRES",2,2,2,1,1
AUTO_ALIAS_1A1_TOTAIS_IGUAIS,goiania,291128,6481,RES TTAF LI,,R  OM41,"R OM41 CASA 01 , BAIRRO RES ORLANDO DE MORAIS",2,2,2,1,1
AUTO_ALIAS_1A1_TOTAIS_IGUAIS,goiania,329738,6588,RES TTAF LII,,R  OM17,"R OM17 CASA 01 , BAIRRO RES ORLANDO DE MORAIS",2,2,2,1,1
AUTO_ALIAS_1A1_TOTAIS_IGUAIS,goiania,360924,6587,RES TTAF LIII,,R  OM18,"R OM18 CASA 02 , BAIRRO RES ORLANDO DE MORAIS",2,2,2,1,1
AUTO_ALIAS_1A1_TOTAIS_IGUAIS,goiania,267633,6682,RES TTAF LIV,,R  OM21,"R OM21 CASA 02 , BAIRRO RES ANTONIO CARLOS PIRES",2,2,2,1,1
AUTO_ALIAS_1A1_TOTAIS_IGUAIS,goiania,347250,7161,RES TTAF LIV,,R  ACP01,"R ACP01 C-2 , BAIRRO RES ANTONIO CARLOS PIRES",2,2,2,1,1
AUTO_ALIAS_1A1_TOTAIS_IGUAIS,goiania,363773,6683,RES TTAF LV,,R  OM21,"R OM21 CASA 02 , BAIRRO RES ANTONIO CARLOS PIRES",2,2,2,1,1
AUTO_ALIAS_1A1_TOTAIS_IGUAIS,goiania,331650,6814,RES TTAF LVI,,R  OM17,"R OM17 CASA 01 , BAIRRO RES ORLANDO DE MORAIS",2,2,2,1,1
AUTO_ALIAS_1A1_TOTAIS_IGUAIS,goiania,324581,6904,RES.TTAF LVII,,R  ACP30,"R ACP30 CASA 01 , BAIRRO RES ANTONIO CARLOS PIRES",2,2,2,1,1
AUTO_ALIAS_1A1_TOTAIS_IGUAIS,goiania,371745,7158,RES TTAF LVIII,,R  ACP02,"R ACP02 C-2 , BAIRRO RES ANTONIO CARLOS PIRES",2,2,2,1,1
AUTO_ALIAS_1A1_TOTAIS_IGUAIS,goiania,329756,7338,RES TTAF LX,,R  OM21,"R OM21 CASA 02 , BAIRRO RES ANTONIO CARLOS PIRES",2,2,2,1,1
AUTO_ALIAS_1A1_TOTAIS_IGUAIS,goiania,341416,7641,RES TTAF LXII,,R  OM38,"R OM38 CASA 01 , BAIRRO RES ANTONIO CARLOS PIRES",2,2,2,1,1
AUTO_ALIAS_1A1_TOTAIS_IGUAIS,goiania,333453,7626,RES TTAF LXIII,,R  ACP07,"R ACP07 C-2 , BAIRRO RES ANTONIO CARLOS PIRES",2,2,2,1,1
AUTO_ALIAS_1A1_TOTAIS_IGUAIS,goiania,319280,3335,RES TTAF XI,,R  OM19,"R OM19 CASA 01 , BAIRRO RES ORLANDO DE MORAIS",2,2,2,1,1
AUTO_ALIAS_1A1_TOTAIS_IGUAIS,goiania,290996,5597,RES. TTAF XL,,R  ACP24,"R ACP24 CASA 02 , BAIRRO RES ANTONIO CARLOS PIRES",2,2,2,1,1
AUTO_ALIAS_1A1_TOTAIS_IGUAIS,goiania,347591,6022,RES. TTAF XLI B,,R  OM21,"R OM21 CASA 02 , BAIRRO RES ANTONIO CARLOS PIRES",2,2,2,1,1
AUTO_ALIAS_1A1_TOTAIS_IGUAIS,goiania,341421,6060,RES TTAF XLII,,R  ACP07,"R ACP07 CASA 02 , BAIRRO RES ANTONIO CARLOS PIRES",2,2,2,1,1
AUTO_ALIAS_1A1_TOTAIS_IGUAIS,goiania,359972,5911,RES. TTAF XLIV,,R  OM21,"R OM21 CASA 02 , BAIRRO RES ANTONIO CARLOS PIRES",2,2,2,1,1
AUTO_ALIAS_1A1_TOTAIS_IGUAIS,goiania,342918,6480,RES TTAF XLIX,,R  OM21,"R OM21 CASA 02 , BAIRRO RES ANTONIO CARLOS PIRES",2,2,2,1,1
AUTO_ALIAS_1A1_TOTAIS_IGUAIS,goiania,309364,6211,RES TTAF XLVI,,R  OM21,"R OM21 CASA 02 , BAIRRO RES ANTONIO CARLOS PIRES",2,2,2,1,1
AUTO_ALIAS_1A1_TOTAIS_IGUAIS,goiania,378751,6275,RES TTAF XLVII,,R  ACP27,"R ACP27 CASA 01 , BAIRRO RES ANTONIO CARLOS PIRES",2,2,2,1,1
AUTO_ALIAS_1A1_TOTAIS_IGUAIS,goiania,393696,6478,RES TTAF XLVIII,,R  ACP07,"R ACP07 CASA 02 , BAIRRO RES ANTONIO CARLOS PIRES",2,2,2,1,1
AUTO_ALIAS_1A1_TOTAIS_IGUAIS,goiania,314261,4031,RES TTAF XV,,R  OM41,"R OM41 CASA 01 , BAIRRO RES ORLANDO DE MORAIS",2,2,2,1,1
AUTO_ALIAS_1A1_TOTAIS_IGUAIS,goiania,322930,4478,RES.TTAF XXII,,R  ACP27,"R ACP27 CASA 01 , BAIRRO RES ANTONIO CARLOS PIRES",2,2,2,1,1
AUTO_ALIAS_1A1_TOTAIS_IGUAIS,goiania,348516,4953,RES.TTAF XXX,,R  OM38,"R OM38 CASA 01 , BAIRRO RES ANTONIO CARLOS PIRES",2,2,2,1,1
AUTO_ALIAS_1A1_TOTAIS_IGUAIS,goiania,351309,5487,RES.TTAF XXXV,,R  ACP24,"R ACP24 CASA 02 , BAIRRO RES ANTONIO CARLOS PIRES",2,2,2,1,1
AUTO_ALIAS_1A1_TOTAIS_IGUAIS,goiania,342908,5488,RES.TTAF XXXVII,,R  ACP03,"R ACP03 CASA 02 , BAIRRO RES ANTONIO CARLOS PIRES",2,2,2,1,1
AUTO_ALIAS_1A1_TOTAIS_IGUAIS,goiania,59395,5769,RES TURATE X,,R  RB15,"R RB15 LT S/N CS 01 , BAIRRO S ALTO DO VALE",2,2,2,1,1
AUTO_ALIAS_1A1_TOTAIS_IGUAIS,goiania,366095,6305,RES TURIBIO MEIRA I,,R  TAPAJOS,"R TAPAJOS CASA 01 , BAIRRO BRO JARDIM CALIFÓRNIA",2,2,2,1,1
AUTO_ALIAS_1A1_TOTAIS_IGUAIS,goiania,107073,8884,RES TUZIMOTO XII,,R  RT9,"R RT9  CASA 02 , BAIRRO RES TUZIMOTO",2,2,2,1,1
AUTO_ALIAS_1A1_TOTAIS_IGUAIS,goiania,103275,9161,RES TUZIMOTO XXII,,AV VINICIUS DE MORAES,"AV VINICIUS DE MORAES  CASA 02 , BAIRRO RES TUZIMOTO",2,2,2,1,1
AUTO_ALIAS_1A1_TOTAIS_IGUAIS,goiania,29650,2456,RES TYRION LANNISTER III,,R  11,"R 11 CASA 01 , BAIRRO S ESTRELA DALVA",2,2,2,1,1
AUTO_ALIAS_1A1_TOTAIS_IGUAIS,goiania,261386,12719,RES UBALDINA NAVES,,AV UBALDINA NAVES DE BRITO,"AV UBALDINA NAVES DE BRITO CASA 02 , BAIRRO JD BALNEÁRIO MEIA PONTE",2,2,2,1,1
AUTO_ALIAS_1A1_TOTAIS_IGUAIS,goiania,240132,9116,RES UBATUBA I,,R  1142,"R 1142 S/N     SOBRADO 01 , BAIRRO S MARISTA",2,2,2,1,1
AUTO_ALIAS_1A1_TOTAIS_IGUAIS,goiania,194149,3437,RES UBERABA I,,R  UBERABA,"R UBERABA LT 19 CS 01 , BAIRRO JD ANA LÚCIA",2,2,2,1,1
AUTO_ALIAS_1A1_TOTAIS_IGUAIS,goiania,261348,5209,RES.UBIRATAN,,AV DO CAFE,"AV DO CAFE SOB01 , BAIRRO BRO SANTA GENOVEVA",5,5,5,1,1
AUTO_ALIAS_1A1_TOTAIS_IGUAIS,goiania,292158,7230,RES UCHOA I,,R  1001,"R 1001 SOB 01 , BAIRRO S PEDRO LUDOVICO",2,2,2,1,1
AUTO_ALIAS_1A1_TOTAIS_IGUAIS,goiania,121170,7555,RES. UILSON DINIZ,,AV RIO DE JANEIRO,"AV RIO DE JANEIRO  CASA 01 , BAIRRO PRQ INDUSTRIAL JOÃO BRAZ",2,2,2,1,1
AUTO_ALIAS_1A1_TOTAIS_IGUAIS,goiania,28200,5667,RES. UIRI SILVA I,,R  JOANA B. SANTOS,"R JOANA B. SANTOS LT 06 CS 01/02 , BAIRRO S PARQUE TREMENDÃO",2,2,2,1,1
AUTO_ALIAS_1A1_TOTAIS_IGUAIS,goiania,20241,5968,RES UIRI SILVA II,,R  J,"R J LT 02 CS 01/02 , BAIRRO S PARQUE TREMENDÃO",2,2,2,1,1
AUTO_ALIAS_1A1_TOTAIS_IGUAIS,goiania,302221,1557,RES UNIAO,,R  DOM JOAO VI,"R DOM JOAO VI CASA 01 , BAIRRO RES VILLE DE FRANCE",2,2,2,1,1
AUTO_ALIAS_1A1_TOTAIS_IGUAIS,goiania,145336,7652,RES UNIAO FELIZ,,R  C167,"R C167  SOBRADO 02 , BAIRRO BRO JARDIM AMÉRICA",2,2,2,1,1
AUTO_ALIAS_1A1_TOTAIS_IGUAIS,goiania,221262,3283,RES URIEL CANADA I,,R  RC5,"R RC5  CASA 01 , BAIRRO RES CANADÁ",2,2,2,1,1
AUTO_ALIAS_1A1_TOTAIS_IGUAIS,goiania,220638,9171,RES URUGUAIANA,,R  RC16,"R RC16  CASA-01 , BAIRRO RES CANADÁ",2,2,2,1,1
AUTO_ALIAS_1A1_TOTAIS_IGUAIS,goiania,104993,12061,RES URUGUAI V,,R  MONTIVIDEU,"R MONTIVIDEU  CASA01 , BAIRRO S DAS NAÇÕES",2,2,2,1,1
AUTO_ALIAS_1A1_TOTAIS_IGUAIS,goiania,189543,6806,RES. VALADAO,,R  DO XAREU,"R DO XAREU S/N     CASA-1 , BAIRRO JD ATLÂNTICO",2,2,2,1,1
AUTO_ALIAS_1A1_TOTAIS_IGUAIS,goiania,315638,13281,RES VALDECI II,,R  JUIZ DE FORA,"R JUIZ DE FORA CASA 01 , BAIRRO JD GUANABARA",2,2,2,1,1
AUTO_ALIAS_1A1_TOTAIS_IGUAIS,goiania,155314,6336,RES.VALDEMAR,,R  VALDEMAR BARBOSA,"R VALDEMAR BARBOSA  CASA 01 , BAIRRO RES KÁTIA",2,2,2,1,1
AUTO_ALIAS_1A1_TOTAIS_IGUAIS,goiania,146692,13409,RES VALDEREIS C 151 A,,R  C151A,"R C151A  SOB 01 , BAIRRO BRO JARDIM AMÉRICA",2,2,2,1,1
AUTO_ALIAS_1A1_TOTAIS_IGUAIS,goiania,208757,9197,RES. VALDEREIS J RESIDENCI VI,,AV PRESIDENTE EPITACIO PESSOA,"AV PRESIDENTE DUTRA  CASA 01 , BAIRRO JD PRESIDENTE - EXTENSÃO III",2,2,2,1,1
AUTO_ALIAS_1A1_TOTAIS_IGUAIS,goiania,178033,7686,RES VALDEREIS J SOARES DESIDENCI I,,R  RI12,"R RI12  CASA 01 , BAIRRO RES ITAIPÚ",2,2,2,1,1
AUTO_ALIAS_1A1_TOTAIS_IGUAIS,goiania,176601,8393,RES VALDEREIS J SOARES RESDENCI V,,R  RI30,"R RI30  CASA 01 , BAIRRO RES ITAIPÚ",3,3,3,1,1
AUTO_ALIAS_1A1_TOTAIS_IGUAIS,goiania,208092,7923,RES VALDEREIS J SOARES RESIDENCI II,,AL ALCIDES DE ARAUJO ROMAO,"R F32  CASA 01 , BAIRRO LOT FAIÇALVILLE",4,4,4,1,1
AUTO_ALIAS_1A1_TOTAIS_IGUAIS,goiania,176604,8754,RES VALDEREIS J SOARES RESIDENCI IV,,R  RI 20,"R RI30  CASA 01 , BAIRRO RES ITAIPÚ",2,2,2,1,1
AUTO_ALIAS_1A1_TOTAIS_IGUAIS,goiania,208756,9946,RES. VALDEREIS J SOARES RESIDENCI VII,,AV PRESIDENTE EPITACIO PESSOA,"AV PRESIDENTE DUTRA  CASA 01 , BAIRRO JD PRESIDENTE - EXTENSÃO III",2,2,2,1,1
AUTO_ALIAS_1A1_TOTAIS_IGUAIS,goiania,177654,5603,RES VALDEREIS RESIDENCE I,,R  RI17,"R RI17  CASA 01 , BAIRRO RES ITAIPÚ",4,4,4,1,1
AUTO_ALIAS_1A1_TOTAIS_IGUAIS,goiania,386171,10781,RES VALDETE PEREIRA,,R  PEROBA,"R COQUEIROS CASA 01 , BAIRRO JD MARILIZA",2,2,2,1,1
AUTO_ALIAS_1A1_TOTAIS_IGUAIS,goiania,133727,10900,RES VALDIR YTAPUA I,,R  VALDIR AZEVEDO,"R VALDIR AZEVEDO  CASA 02 , BAIRRO RES YTAPUÃ",2,2,2,1,1
AUTO_ALIAS_1A1_TOTAIS_IGUAIS,goiania,121300,2187,RES VALDIVINO 05,,R  TV7,"R TV7  CASA 01 , BAIRRO LOT TROPICAL VERDE",2,2,2,1,1
AUTO_ALIAS_1A1_TOTAIS_IGUAIS,goiania,210245,6321,RES VALE DA LUA,,R  PRESIDENTE JEFFERSON,"R PRESIDENTE JEFFERSON  CASA 01 , BAIRRO JD PRESIDENTE",2,2,2,1,1
AUTO_ALIAS_1A1_TOTAIS_IGUAIS,goiania,301554,6032,RES. VALE DA SERRA I,,R  VS1,"R VS1 CASA 01 , BAIRRO RES VALE DA SERRA",2,2,2,1,1
AUTO_ALIAS_1A1_TOTAIS_IGUAIS,goiania,256309,7712,RES. VALE DO ARAGUAIA,,R  JERONIMO MONTEIRO DA COSTA,"R JERONIMO MONTEIRO DA COSTA SOB 01 , BAIRRO RES VALE DO ARAGUAIA",2,2,2,1,1
AUTO_ALIAS_1A1_TOTAIS_IGUAIS,goiania,256273,1675,RES VALE DO ARAGUAIA I,,R  MARIA GABRIELA DE JESUS,"R MARIA GABRIELA DE JESUS CASA 01 , BAIRRO RES VALE DO ARAGUAIA",2,2,2,1,1
AUTO_ALIAS_1A1_TOTAIS_IGUAIS,goiania,379616,7527,RES VALE DO ARAGUAIA II,,R  MARIA GABRIELA DE JESUS,"R MARIA GABRIELA DE JESUS CASA 01 , BAIRRO RES VALE DO ARAGUAIA",2,2,2,1,1
AUTO_ALIAS_1A1_TOTAIS_IGUAIS,goiania,301341,9176,RES VALE DO ARAGUAIA II,,R  MARIA GABRIELA DE JESUS,"R MARIA GABRIELA DE JESUS CASA 01 , BAIRRO RES VALE DO ARAGUAIA",2,2,2,1,1
AUTO_ALIAS_1A1_TOTAIS_IGUAIS,goiania,148622,10167,RES VALE DO SOL V,,R  C162,"R C163 S/N     CASA 01 , BAIRRO BRO JARDIM AMÉRICA",3,3,3,1,1
AUTO_ALIAS_1A1_TOTAIS_IGUAIS,goiania,306731,6503,RES.VALE DOS PASSAROS VI,,R  22 DE ABRIL,"R 22 DE ABRIL CASA 1 , BAIRRO RES PARQUE FLAMBOYANT",2,2,2,1,1
AUTO_ALIAS_1A1_TOTAIS_IGUAIS,goiania,58787,6899,RES VALEJO I,,R  JOSE LUDOVICO DE ALMEIDA,"R JOSE LUDOVICO DE ALMEIDA LT16 CASA 01 , BAIRRO RES BARRAVENTO",2,2,2,1,1
AUTO_ALIAS_1A1_TOTAIS_IGUAIS,goiania,194220,9640,RES VALENCA,,R  VALENCA,"R VALENCA  CASA02 , BAIRRO JD EUROPA",2,2,2,1,1
AUTO_ALIAS_1A1_TOTAIS_IGUAIS,goiania,331154,2073,RES VALENTIM I,,R  JARACATIA,"R JARACATIA S/N     CASA01 , BAIRRO BRO SANTA GENOVEVA",2,2,2,1,1
AUTO_ALIAS_1A1_TOTAIS_IGUAIS,goiania,80140,9386,RES VALENTINO,,R  30,"R 30 CASA 01 , BAIRRO S SANTOS DUMONT",2,2,2,1,1
AUTO_ALIAS_1A1_TOTAIS_IGUAIS,goiania,284063,6492,RES VALENTINO PIRES V,,AV ARISTOTELES,"AV ARISTOTELES S/N SOBRADO 01 , BAIRRO JD MARILIZA",2,2,2,1,1
AUTO_ALIAS_1A1_TOTAIS_IGUAIS,goiania,315790,9772,RES VALERIA BORGES,,R  TAMBORIL,"R TAMBORIL SOBRADO 01 , BAIRRO BRO SANTA GENOVEVA",2,2,2,1,1
AUTO_ALIAS_1A1_TOTAIS_IGUAIS,goiania,160353,8997,RES V ALMEIDA II,,AV SEBASTIANA SOARES FARIA,"CASA 01 , BAIRRO RES FIDÉLIS",2,2,2,1,1
AUTO_ALIAS_1A1_TOTAIS_IGUAIS,goiania,162063,5898,RES V ALMEIDA RESIDENCI I,,R  RITA CAETANO,"R RITA CAETANO S/N     CASA 01 , BAIRRO RES FIDÉLIS",2,2,2,1,1
AUTO_ALIAS_1A1_TOTAIS_IGUAIS,goiania,189541,9445,RES VALTER PEREIRA DA SILVA I,,R  DO XAREU,"R DO XAREU  SOB 01 , BAIRRO JD ATLÂNTICO",2,2,2,1,1
AUTO_ALIAS_1A1_TOTAIS_IGUAIS,goiania,221318,6901,RES VANCOUVER I,,R  VANCOUVER,"R VANCOUVER  C-1 , BAIRRO RES CANADÁ",2,2,2,1,1
AUTO_ALIAS_1A1_TOTAIS_IGUAIS,goiania,191295,5787,RES VANESSA MENDES,,R  SANTA EFIGENIA,"R ISA LOSTRACCO  SOBRADO-01 , BAIRRO JD PLANALTO",4,4,4,1,1
AUTO_ALIAS_1A1_TOTAIS_IGUAIS,goiania,258138,8028,RES VANIERE OLIVEIRA,,R  J5,"R J5 SOB02 , BAIRRO S JAÓ",2,2,2,1,1
AUTO_ALIAS_1A1_TOTAIS_IGUAIS,goiania,276129,6131,RES VARELA JUNIOR V,,R  FL4,"R FL4 C-1 , BAIRRO PRQ DAS FLORES",2,2,2,1,1
AUTO_ALIAS_1A1_TOTAIS_IGUAIS,goiania,223364,6623,RES. VASCONCELOS,,R  MDV24,"R MDV24  CASA 02 , BAIRRO LOT MOINHO DOS VENTOS",2,2,2,1,1
AUTO_ALIAS_1A1_TOTAIS_IGUAIS,goiania,135900,4479,RES.VAZ-002,,AV GERCINA BORGES TEIXEIRA,"AV GERCINA BORGES TEIXEIRA  CASA 01 , BAIRRO JD SÃO JOSÉ",2,2,2,1,1
AUTO_ALIAS_1A1_TOTAIS_IGUAIS,goiania,129122,6386,RES VAZ 165,,R  N20,"R N20  CASA 01 , BAIRRO S DAS NAÇÕES EXTENSÃO",2,2,2,1,1
AUTO_ALIAS_1A1_TOTAIS_IGUAIS,goiania,125894,6977,RES VAZ-166,,R  CP 50,"R CP 50  CASA 02 , BAIRRO LOT CAROLINA PARQUE - COMPLEMENTO",2,2,2,1,1
AUTO_ALIAS_1A1_TOTAIS_IGUAIS,goiania,206750,9500,RES VAZ 5124,,AL ABEL SOARES DE CASTRO,"AL ABEL SOARES DE CASTRO .       CASA 01 , BAIRRO LOT FAIÇALVILLE",2,2,2,1,1
AUTO_ALIAS_1A1_TOTAIS_IGUAIS,goiania,129533,5621,RES VAZ-568,,R  SM28,"R SM28  CASA 01 , BAIRRO RES SÃO MARCOS",2,2,2,1,1
AUTO_ALIAS_1A1_TOTAIS_IGUAIS,goiania,123435,6616,RES VAZ 612,,AV SAO JOAO DA ESCOCIA,"R SAO JOAO DA ESCOCIA  CASA 01 , BAIRRO JD MARQUES DE ABREU",2,2,2,1,1
AUTO_ALIAS_1A1_TOTAIS_IGUAIS,goiania,131793,6614,RES VAZ 686,,AV SAO JOAO DA ESCOCIA,"R SAO JOAO DA ESCOCIA  CASA 01 , BAIRRO JD MARQUES DE ABREU",2,2,2,1,1
AUTO_ALIAS_1A1_TOTAIS_IGUAIS,goiania,132144,6615,RES VAZ 687,,AV SAO JOAO DA ESCOCIA,"R SAO JOAO DA ESCOCIA  CASA 01 , BAIRRO JD MARQUES DE ABREU",2,2,2,1,1
AUTO_ALIAS_1A1_TOTAIS_IGUAIS,goiania,138001,6551,RES. VAZ-920,,R  RY5,"R RY5  CASA 02 , BAIRRO RES YTAPUÃ",2,2,2,1,1
AUTO_ALIAS_1A1_TOTAIS_IGUAIS,goiania,138256,6552,RES. VAZ-921,,R  RY5,"R RY5  CASA 02 , BAIRRO RES YTAPUÃ",2,2,2,1,1
AUTO_ALIAS_1A1_TOTAIS_IGUAIS,goiania,134740,5619,RES VAZ-967,,R  NAZARENO RORIZ,"R NAZARENO RORIZ  CASA 01 , BAIRRO JD SÃO JOSÉ",2,2,2,1,1
AUTO_ALIAS_1A1_TOTAIS_IGUAIS,goiania,223206,5309,RES VAZ & ALVARENGA I,,R  MDV7,"R MDV7  _C-1 , BAIRRO LOT MOINHO DOS VENTOS",3,3,3,1,1
AUTO_ALIAS_1A1_TOTAIS_IGUAIS,goiania,222220,5295,RES VAZ & ALVARENGA IV,,R  RC8,"R RC8  CASA 01 , BAIRRO RES CANADÁ",2,2,2,1,1
AUTO_ALIAS_1A1_TOTAIS_IGUAIS,goiania,161662,5418,RES.VAZ & ALVARENGA V,,R  BOA VISTA,"R BOA VISTA  C-1 , BAIRRO RES SANTA FÉ I",3,3,3,1,1
AUTO_ALIAS_1A1_TOTAIS_IGUAIS,goiania,221484,9213,RES VAZ DE ALMEIDA RESIDENCE III,,R  VB10,"R VB10  CASA 01 , BAIRRO RES VEREDA DOS BURITIS",2,2,2,1,1
AUTO_ALIAS_1A1_TOTAIS_IGUAIS,goiania,219247,9282,RES VAZ DE ALMEIDA RESIDENCE V,,R  MDV28,"R MDV28  CASA 01 , BAIRRO LOT MOINHO DOS VENTOS",2,2,2,1,1
AUTO_ALIAS_1A1_TOTAIS_IGUAIS,goiania,142310,2311,RES VAZ FALCAO RMP14,,R  RMP14,"R RMP14  CASA01 , BAIRRO RES MONTE PASCOAL",2,2,2,1,1
AUTO_ALIAS_1A1_TOTAIS_IGUAIS,goiania,137531,11911,RES VAZ III,,AV NOSSA SENHORA DAS GRACAS,"AV NOSSA SENHORA DAS GRACAS  CASA 2 , BAIRRO RES MONTE PASCOAL",2,2,2,1,1
AUTO_ALIAS_1A1_TOTAIS_IGUAIS,goiania,224021,11259,RES.VAZ PEREIRA,,R  DOURADO,"R DOURADO  CASA 01 , BAIRRO RES AQUÁRIOS II",2,2,2,1,1
AUTO_ALIAS_1A1_TOTAIS_IGUAIS,goiania,122987,5381,RES V CABRAL DE MORAIS RESIDENCE VII,,R  SM34,"R SM34 NS      CASA 01 , BAIRRO RES SÃO MARCOS",3,3,3,1,1
AUTO_ALIAS_1A1_TOTAIS_IGUAIS,goiania,157563,6439,RES V CABRAL DE MORAIS RESIDENCE VIII,,R  SR10,"R SRM5  CASA 03 , BAIRRO PRQ SANTA RITA",3,3,3,1,1
AUTO_ALIAS_1A1_TOTAIS_IGUAIS,goiania,218273,11781,RES. V. C. FERREIRA,,R  CV15,"R CV15  CASA 01 , BAIRRO RES CENTER VILLE",3,3,3,1,1
AUTO_ALIAS_1A1_TOTAIS_IGUAIS,goiania,164960,4547,RES.VC IV RESIDENCE,,AV GYN23,"AV GYN23  CASA 01 , BAIRRO RES SANTA FÉ I",2,2,2,1,1
AUTO_ALIAS_1A1_TOTAIS_IGUAIS,goiania,165979,6399,RES.VC VIII,,AV RITA CAETANO,"AV RITA CAETANO  CASA 01 , BAIRRO RES SANTA FÉ I",3,3,3,1,1
AUTO_ALIAS_1A1_TOTAIS_IGUAIS,goiania,158581,4864,RES VC VI RESIDENCE,,R  DAS OLIVEIRAS,"R JG1  CASA 01 , BAIRRO RES SANTA FÉ I",2,2,2,1,1
AUTO_ALIAS_1A1_TOTAIS_IGUAIS,goiania,4627,10072,RES VEGAS,,R  ITUMBIARA,"R ITUMBIARA LT 24 . , BAIRRO BRO CIDADE JARDIM",2,2,2,1,1
AUTO_ALIAS_1A1_TOTAIS_IGUAIS,goiania,131024,7586,RES VENTURA-20.06,,R  SM26,"R SM26  CASA 01 , BAIRRO RES SÃO MARCOS",2,2,2,1,1
AUTO_ALIAS_1A1_TOTAIS_IGUAIS,goiania,77548,1975,RES VENTURA II,,R  JB11,"R JB11 CASA-01 , BAIRRO JD BONANZA",2,2,2,1,1
AUTO_ALIAS_1A1_TOTAIS_IGUAIS,goiania,76344,12383,RES VENTURA V,,R  ANDREIA CARRARA,"R ANDREIA CARRARA CASA 01 , BAIRRO JD CLARISSA",4,4,4,1,1
AUTO_ALIAS_1A1_TOTAIS_IGUAIS,goiania,81594,6484,RES VENTURA VII,,R  ERECHIN,"R ERECHIN C-1 , BAIRRO S BARRA DA TIJUCA",3,3,3,1,1
AUTO_ALIAS_1A1_TOTAIS_IGUAIS,goiania,346827,12917,RES. VERA DAS ACACIAS,,R  AGENOR VIGARIO DA COSTA,"R AGENOR VIGARIO DA COSTA  CASA-01 , BAIRRO RES DAS ACÁCIAS",2,2,2,1,1
AUTO_ALIAS_1A1_TOTAIS_IGUAIS,goiania,191559,6918,RES VERAS DE AGUIAR,,R  LIEGE,"R LIEGE SN      CASA 03 , BAIRRO JD EUROPA",4,4,4,1,1
AUTO_ALIAS_1A1_TOTAIS_IGUAIS,goiania,320281,11062,RES. VERDE JORDAO,,R  RIO VERDE,"R RIO VERDE CASA02 , BAIRRO RES RIO JORDÃO",2,2,2,1,1
AUTO_ALIAS_1A1_TOTAIS_IGUAIS,goiania,170973,13947,RES VERDE PRIMAVERA II,,R  ARACATI,"R ARACATI  CASA 01 , BAIRRO RES CAMPOS DOURADOS",2,2,2,1,1
AUTO_ALIAS_1A1_TOTAIS_IGUAIS,goiania,221117,6346,RES VEREDA DOS BURITIS,,R  VB13,"R VB13  CASA 01 , BAIRRO RES VEREDA DOS BURITIS",2,2,2,1,1
AUTO_ALIAS_1A1_TOTAIS_IGUAIS,goiania,144489,13108,RES VEREDA DOS BURITIS,,R  C134,"R C134  CASA 01 , BAIRRO BRO JARDIM AMÉRICA",3,3,3,1,1
AUTO_ALIAS_1A1_TOTAIS_IGUAIS,goiania,219313,8645,RES VEREDA II,,AV VEREDA DOS BURITIS,"AV VEREDA DOS BURITIS  CASA 01 , BAIRRO RES CANADÁ",3,3,3,1,1
AUTO_ALIAS_1A1_TOTAIS_IGUAIS,goiania,174756,10355,RES VEREDA ITAIPU,,AV BRASIL,"AV BRASIL CASA 02 , BAIRRO JD ITAIPÚ",2,2,2,1,1
AUTO_ALIAS_1A1_TOTAIS_IGUAIS,goiania,153918,5676,RES VEREDAS DO SOL,,AV ORLANDO MARQUES DE ABREU,"AV ORLANDO MARQUES DE ABREU  CASA 01 , BAIRRO RES KÁTIA",2,2,2,1,1
AUTO_ALIAS_1A1_TOTAIS_IGUAIS,goiania,156954,5730,RES VERIDIANY I,,R  RV11,"R RV10  CASA 01 , BAIRRO RES RIO VERDE",2,2,2,1,1
AUTO_ALIAS_1A1_TOTAIS_IGUAIS,goiania,217063,6852,RES VERIDIANY II,,R  EF3,"R EF3  CASA 01 , BAIRRO RES ELI FORTE",2,2,2,1,1
AUTO_ALIAS_1A1_TOTAIS_IGUAIS,goiania,238264,13941,RES VERISSIMO,,R  C268,"R C268  CASA-01 , BAIRRO BRO NOVA SUIÇA",2,2,2,1,1
AUTO_ALIAS_1A1_TOTAIS_IGUAIS,goiania,361769,6767,RES. VEROLLI,,R  VERONA,"R TIVOLI CASA 01 , BAIRRO JD MARIA HELENA",3,3,3,1,1
AUTO_ALIAS_1A1_TOTAIS_IGUAIS,goiania,160762,10333,RES VERONICA BORBA,,AV MANGABEIRAS,"AV MANGABEIRAS  CASA 01 , BAIRRO RES RIO VERDE",2,2,2,1,1
AUTO_ALIAS_1A1_TOTAIS_IGUAIS,goiania,333439,9015,RES VERRI I,,R  OM17,"R OM17 CASA 01 , BAIRRO RES ORLANDO DE MORAIS",2,2,2,1,1
AUTO_ALIAS_1A1_TOTAIS_IGUAIS,goiania,321990,9014,RES VERRI II,,R  OM15,"R OM15 CASA 01 , BAIRRO RES ORLANDO DE MORAIS",2,2,2,1,1
AUTO_ALIAS_1A1_TOTAIS_IGUAIS,goiania,131261,8622,RES VERTICE MARQUES DE ABREU,,R  ARIETE DEFFERRARI,"R ARIETE DEFFERRARI  CASA 01 , BAIRRO JD MARQUES DE ABREU",2,2,2,1,1
AUTO_ALIAS_1A1_TOTAIS_IGUAIS,goiania,158684,10084,RES VERTICE STA RITA,,R  SR10,"R SR10  CASA 02 , BAIRRO PRQ SANTA RITA",2,2,2,1,1
AUTO_ALIAS_1A1_TOTAIS_IGUAIS,goiania,395323,2783,RES VERWAEST SOUZA,,AV CARRINHO CUNHA,"AV CARRINHO CUNHA CASA 01 , BAIRRO PRQ DAS FLORES",2,2,2,1,1
AUTO_ALIAS_1A1_TOTAIS_IGUAIS,goiania,240185,8378,RES VESPER I,,AL CORONEL JOAQUIM DE BASTOS,"R 1125 S/N     SOB 01 , BAIRRO S MARISTA",3,3,3,1,1
AUTO_ALIAS_1A1_TOTAIS_IGUAIS,goiania,164148,7559,RES VIANA 065,,R  ANTONIO DA SILVA ESPINDOLA,"R ANTONIO DA SILVA ESPINDOLA  CASA 01 , BAIRRO CH VILLAGE SANTA RITA",4,4,4,1,1
AUTO_ALIAS_1A1_TOTAIS_IGUAIS,goiania,156682,5984,RES.VIANNA-131,,R  FV30,"R FV30  CASA 01 , BAIRRO RES FORTE VILLE - EXTENSÃO",2,2,2,1,1
AUTO_ALIAS_1A1_TOTAIS_IGUAIS,goiania,161910,13292,RES VIANNA DA CONCEICAO,,R  FV30,"R FV30  CASA 01 , BAIRRO RES FORTE VILLE - EXTENSÃO",2,2,2,1,1
AUTO_ALIAS_1A1_TOTAIS_IGUAIS,goiania,153444,9642,RES VIANNA DA CONCEICAO II,,R  JOAO ALVES FORTES,"R JOAO ALVES FORTES  CASA 01 , BAIRRO RES FORTEVILLE",2,2,2,1,1
AUTO_ALIAS_1A1_TOTAIS_IGUAIS,goiania,365144,1242,RES VICENTE DE PAULA,,R  243,"R 243 APT01 , BAIRRO VL MONTICELLI",4,4,4,1,1
AUTO_ALIAS_1A1_TOTAIS_IGUAIS,goiania,141946,5993,RES.VICENTE FILHO V,,R  PAULO RODRIGUES,"R PAULO RODRIGUES  CASA 01 , BAIRRO RES BUENA VISTA III",2,2,2,1,1
AUTO_ALIAS_1A1_TOTAIS_IGUAIS,goiania,177023,1928,RES VICENTE SILVA I,,R  RI29,"R RI29  CASA01 , BAIRRO RES ITAIPÚ",2,2,2,1,1
AUTO_ALIAS_1A1_TOTAIS_IGUAIS,goiania,84508,7097,RES VICTOR 521,,R  SILVERIO FERNANDES DO NASCIMEN,"R SILVERIO FERNANDES DO NASCIMEN  C-1 , BAIRRO RES PILAR DOS SONHOS",2,2,2,1,1
AUTO_ALIAS_1A1_TOTAIS_IGUAIS,goiania,198438,13496,RES VICTORIA SOARES CARRIJO,,AV BENEDITO GONCALVES DE ARAUJO,"AV BENEDITO GONCALVES DE ARAUJO  CASA 01 , BAIRRO RES FLAMINGO",2,2,2,1,1
AUTO_ALIAS_1A1_TOTAIS_IGUAIS,goiania,378408,5294,RES VIEIRA,,R  L6,"R L15 SOB.01 , BAIRRO BRO FELIZ",2,2,2,1,1
AUTO_ALIAS_1A1_TOTAIS_IGUAIS,goiania,41915,9569,RES VIEIRA,,R  CM12,"R CM12 LT 01 C01 , BAIRRO S CANDIDA DE MORAIS",2,2,2,1,1
AUTO_ALIAS_1A1_TOTAIS_IGUAIS,goiania,154410,2453,RES VIEIRA ALVES,,R  ALPHA7,"R ALPHA7  CASA 01 , BAIRRO LOT ALPHAVILLE RESIDENCIAL",2,2,2,1,1
AUTO_ALIAS_1A1_TOTAIS_IGUAIS,goiania,158136,8216,RES VIEIRA ALVES,,R  JAV9,"R JAV9  CASA 02 , BAIRRO JD ALPHAVILLE",2,2,2,1,1
AUTO_ALIAS_1A1_TOTAIS_IGUAIS,goiania,167767,1926,RES VIEIRA BISPO,,R  35,"R 35  CASA 01 , BAIRRO CON DAS ESMERALDAS",2,2,2,1,1
AUTO_ALIAS_1A1_TOTAIS_IGUAIS,goiania,318725,9767,RES. VIEIRA CAETANO II,,R  ESTRELA DO SUL,"R ESTRELA DO SUL CASA 01 , BAIRRO JD GUANABARA",2,2,2,1,1
AUTO_ALIAS_1A1_TOTAIS_IGUAIS,goiania,240133,9227,RES VIEIRA CRUZ,,R  1142,"R 1142  SOBRADO 01 , BAIRRO S MARISTA",2,2,2,1,1
AUTO_ALIAS_1A1_TOTAIS_IGUAIS,goiania,373582,10304,RES VIEIRA DE MELO I,,R  MA3,"R MA3 CASA01 , BAIRRO RES OLINDA",2,2,2,1,1
AUTO_ALIAS_1A1_TOTAIS_IGUAIS,goiania,387408,7285,RES VIEIRA DE MELO III,,R  MA7,"R MA7 CASA-01 , BAIRRO RES OLINDA",2,2,2,1,1
AUTO_ALIAS_1A1_TOTAIS_IGUAIS,goiania,165614,7747,RES VIEIRA DE PAULA,,R  BENEDITO ROCHA,"R BENEDITO ROCHA  CASA 01 , BAIRRO RES SANTA FÉ",2,2,2,1,1
AUTO_ALIAS_1A1_TOTAIS_IGUAIS,goiania,172050,6716,RES VIEIRA I,,R  PEDRO VIEIRA DOS SANTOS,"R PEDRO VIEIRA DOS SANTOS  SOBRADO 01 , BAIRRO JD ITAIPÚ",3,3,3,1,1
AUTO_ALIAS_1A1_TOTAIS_IGUAIS,goiania,383461,5736,RES VIEIRA LIMA,,R  TROPICAL,"R TROPICAL CASA 01 , BAIRRO RES RECANTO DO BOSQUE",2,2,2,1,1
AUTO_ALIAS_1A1_TOTAIS_IGUAIS,goiania,365751,7830,RES VIEIRA LIMA,,R  11,"R 11 C-1 , BAIRRO BRO ÁGUA BRANCA",3,3,3,1,1
AUTO_ALIAS_1A1_TOTAIS_IGUAIS,goiania,219322,7359,RES VIEIRA OLIVEIRA I,,R  RC15,"R RC15  CASA 01 , BAIRRO RES CANADÁ",2,2,2,1,1
AUTO_ALIAS_1A1_TOTAIS_IGUAIS,goiania,29854,1677,RES VIEIRA PAIVA,,R  GUSTAVO HENRIQUE DE SA,"R GUSTAVO HENRIQUE DE SA LT 08 CS 01 , BAIRRO S MORADA DO SOL",2,2,2,1,1
AUTO_ALIAS_1A1_TOTAIS_IGUAIS,goiania,30598,1887,RES VIEIRA PAIVA 1,,R  GUSTAVO HENRIQUE DE SA,"R GUSTAVO HENRIQUE DE SA LT 09 CS 01 , BAIRRO S MORADA DO SOL",2,2,2,1,1
AUTO_ALIAS_1A1_TOTAIS_IGUAIS,goiania,138707,7887,RES VIEIRA ROCHA II,,R  RMP21,"R RMP21  CASA 01 , BAIRRO RES MONTE PASCOAL",2,2,2,1,1
AUTO_ALIAS_1A1_TOTAIS_IGUAIS,goiania,133542,8579,RES. VIEIRA ROCHA III,,R  PE ORMINDO VIVEIRO DE CASTRO,"R PE ORMINDO VIVEIRO DE CASTRO  CASA 01 , BAIRRO JD SÃO JOSÉ",3,3,3,1,1
AUTO_ALIAS_1A1_TOTAIS_IGUAIS,goiania,175756,9440,RES VIEIRA RODRIGUES,,R  RI2,"R RI2  CASA01 , BAIRRO RES ITAIPÚ",5,5,5,1,1
AUTO_ALIAS_1A1_TOTAIS_IGUAIS,goiania,87856,8926,RES VIEIRA RODRIGUES I,,R  8A,"R 8A CASA 01 , BAIRRO GLEBA",2,2,2,1,1
AUTO_ALIAS_1A1_TOTAIS_IGUAIS,goiania,117554,6776,RES VIEIRA ROSA,,R  GRANADA,"R GRANADA  CASA 01 , BAIRRO PRQ INDUSTRIAL JOÃO BRAZ",2,2,2,1,1
AUTO_ALIAS_1A1_TOTAIS_IGUAIS,goiania,17874,11649,RES VILA AMARAL 30,,R  MS1,"R MS1 LT 16 CASA 01 , BAIRRO S MORADA DO SOL",2,2,2,1,1
AUTO_ALIAS_1A1_TOTAIS_IGUAIS,goiania,357259,9802,RES. VILA BERNARDES 33,,R  RB25,"R RB25 CASA 01 , BAIRRO RES RECANTO DO BOSQUE",2,2,2,1,1
AUTO_ALIAS_1A1_TOTAIS_IGUAIS,goiania,200604,12148,RES VILA BOA II,,AV PEDRO I,"AV PEDRO I  CASA 1 , BAIRRO JD VILA BOA",2,2,2,1,1
AUTO_ALIAS_1A1_TOTAIS_IGUAIS,goiania,367033,1212,RES VILAGE NIEDERMEIER,,AV ARAPOEMA,"R GOIANAZES CASA 01 , BAIRRO LOT SHANGRY-LA",7,7,7,1,1
AUTO_ALIAS_1A1_TOTAIS_IGUAIS,goiania,198168,8257,RES VILAGE TENERIFE,,R  TENERIFE,"R TENERIFE  CASA-01 , BAIRRO S TRÊS MARIAS",2,2,2,1,1
AUTO_ALIAS_1A1_TOTAIS_IGUAIS,goiania,392094,6115,RES. VILA ROSE,,R  10,"R 10 CASA 01 , BAIRRO VL PEDROSO",2,2,2,1,1
AUTO_ALIAS_1A1_TOTAIS_IGUAIS,goiania,286129,5441,RES VILELA I,,R  FINLANDIA,"R FINLANDIA C-1 , BAIRRO RES JOSÉ VIANDELI",2,2,2,1,1
AUTO_ALIAS_1A1_TOTAIS_IGUAIS,goiania,151711,12343,RES VILELA II,,AV C198,"AV C198  CASA-02 , BAIRRO BRO JARDIM AMÉRICA",2,2,2,1,1
AUTO_ALIAS_1A1_TOTAIS_IGUAIS,goiania,150227,12811,RES. VILELA V,,R  C218,"R C218  SOBRADO 01 , BAIRRO BRO JARDIM AMÉRICA",2,2,2,1,1
AUTO_ALIAS_1A1_TOTAIS_IGUAIS,goiania,148147,11206,RES VILLA CAPRI,,AV C106,"AV C106  CASA 01 , BAIRRO BRO JARDIM AMÉRICA",2,2,2,1,1
AUTO_ALIAS_1A1_TOTAIS_IGUAIS,goiania,26811,14242,RES VILLA COSTA SILVA XXII,,R  18 DE OUTUBRO,"R 18 DE OUTUBRO CASA 01 , BAIRRO S ESTRELA DALVA",2,2,2,1,1
AUTO_ALIAS_1A1_TOTAIS_IGUAIS,goiania,198262,5059,RES VILLAGE 3 MARIAS RESIDENCE,,R  TORDESILHAS,"R ZAFRA  CASA 01 , BAIRRO S TRÊS MARIAS",4,4,4,1,1
AUTO_ALIAS_1A1_TOTAIS_IGUAIS,goiania,218259,6018,RES VILLAGE 3 MARIAS RESIDENCE II,,R  CV13,"R CV13  CASA 01 , BAIRRO RES CENTER VILLE",2,2,2,1,1
AUTO_ALIAS_1A1_TOTAIS_IGUAIS,goiania,218258,6017,RES VILLAGE 3 MARIAS RESIDENCE III,,R  CV13,"R CV13  CASA 01 , BAIRRO RES CENTER VILLE",2,2,2,1,1
AUTO_ALIAS_1A1_TOTAIS_IGUAIS,goiania,154325,6335,RES VILLAGE 3 MARIAS RESIDENCE IV,,R  FV36,"R FV36  CASA 01 , BAIRRO RES FIDÉLIS",2,2,2,1,1
AUTO_ALIAS_1A1_TOTAIS_IGUAIS,goiania,165837,7226,RES VILLAGE 3 MARIAS RESIDENCE V,,AV SAO FRANCISCO DE ASSIS,"AV SAO FRANCISCO DE ASSIS S/N.    CASA 01 , BAIRRO RES SANTA FÉ",2,2,2,1,1
AUTO_ALIAS_1A1_TOTAIS_IGUAIS,goiania,165692,7606,RES VILLAGE 3 MARIAS RESIDENCE VI,,R  DA MISERICORDIA,"R DA MISERICORDIA  CASA 01 , BAIRRO RES SANTA FÉ I",2,2,2,1,1
AUTO_ALIAS_1A1_TOTAIS_IGUAIS,goiania,119512,9326,RES VILLAGE 3 MARIAS RESIDENCE VIII,,R  CASTRO ALVES,"R CASTRO ALVES  CASA 01 , BAIRRO PRQ INDUSTRIAL JOÃO BRAZ",3,3,3,1,1
AUTO_ALIAS_1A1_TOTAIS_IGUAIS,goiania,357905,11571,RES VILLAGE ABADIA MARQUES,,AL DA MATA,"AL DA MATA CASA 01 , BAIRRO RES BRISAS DA MATA",2,2,2,1,1
AUTO_ALIAS_1A1_TOTAIS_IGUAIS,goiania,222417,8013,RES VILLAGE ABREU JUNIOR I,,R  MDV21,"R MDV21  CASA02 , BAIRRO LOT MOINHO DOS VENTOS",2,2,2,1,1
AUTO_ALIAS_1A1_TOTAIS_IGUAIS,goiania,181195,11020,RES VILLAGE ALEXANDRE COSTA,,R  GETULIO VARGAS,"R GETULIO VARGAS  CASA 01 , BAIRRO S CRISTINA",2,2,2,1,1
AUTO_ALIAS_1A1_TOTAIS_IGUAIS,goiania,166740,9354,RES VILLAGE ALEXVAN,,R  RI-9,"R RI-9  CASA 01 , BAIRRO RES ITAIPÚ",2,2,2,1,1
AUTO_ALIAS_1A1_TOTAIS_IGUAIS,goiania,153627,6837,RES VILLAGE ALLAN KARDEC V,,R  SB5,"R SB5  CASA 01 , BAIRRO RES SOLAR BOUGAINVILLE",2,2,2,1,1
AUTO_ALIAS_1A1_TOTAIS_IGUAIS,goiania,364873,5743,RES. VILLAGE ALVES DA ROCHA I,,R  ALABAMA,"R ALABAMA CASA 01 , BAIRRO JD NOVO MUNDO",2,2,2,1,1
AUTO_ALIAS_1A1_TOTAIS_IGUAIS,goiania,289027,9135,RES VILLAGE ALVES DIAS I,,R  PALMITO,"R PALMITO SOB 01 , BAIRRO VL MORAIS",2,2,2,1,1
AUTO_ALIAS_1A1_TOTAIS_IGUAIS,goiania,218678,12235,RES. VILLAGE ALVES SANTANA III,,R  FP6,"R FP6  CASA 01 , BAIRRO BRO RECREIO DO FUNCIONÁRIO PUBLICO",2,2,2,1,1
AUTO_ALIAS_1A1_TOTAIS_IGUAIS,goiania,129911,1396,RES VILLAGE ALVES SANTANA V,,AV CASSIMIRO J MARQUES DE ABREU,"AV CASSIMIRO J MARQUES DE ABREU  C/EXP.ALE ABREU , BAIRRO JD MARQUES DE ABREU",3,3,3,1,1
AUTO_ALIAS_1A1_TOTAIS_IGUAIS,goiania,218368,14103,RES VILLAGE ALVES SANTANA VIII,,R  FP12,"R FP12  CASA 01 , BAIRRO BRO RECREIO DO FUNCIONÁRIO PUBLICO",3,3,3,1,1
AUTO_ALIAS_1A1_TOTAIS_IGUAIS,goiania,127483,3989,RES VILLAGE ALVES SANTANA XI,,R  MARIA CAROLINA NETO,"R MARIA CAROLINA NETO  CASA 03 , BAIRRO VL RIZZO",3,3,3,1,1
AUTO_ALIAS_1A1_TOTAIS_IGUAIS,goiania,332545,2166,RES VILLAGE AQUINO II,,R  SIMILIANA BARBOSA,"R SIMILIANA BARBOSA CASA 01 , BAIRRO RES ANTÔNIO BARBOSA",2,2,2,1,1
AUTO_ALIAS_1A1_TOTAIS_IGUAIS,goiania,308595,3286,RES VILLAGE AQUINO III,,R  SIMILIANA BARBOSA,"R SIMILIANA BARBOSA CASA 01 , BAIRRO RES ANTÔNIO BARBOSA",2,2,2,1,1
AUTO_ALIAS_1A1_TOTAIS_IGUAIS,goiania,213245,9262,RES VILLAGE AURELIO ADORNO I,,R  VV8,"R VV8  SOBRADO 01 , BAIRRO VLG VENEZA",2,2,2,1,1
AUTO_ALIAS_1A1_TOTAIS_IGUAIS,goiania,126369,5321,RES. VILLAGE BARCELOS V,,R  N17,"R N17  C-1 , BAIRRO S DAS NAÇÕES EXTENSÃO",2,2,2,1,1
AUTO_ALIAS_1A1_TOTAIS_IGUAIS,goiania,159759,5073,RES VILLAGE BARNABE,,AV SERINGUEIRAS,"AV SERINGUEIRAS S/N     CASA 01 , BAIRRO RES FORTEVILLE",2,2,2,1,1
AUTO_ALIAS_1A1_TOTAIS_IGUAIS,goiania,94759,7250,RES. VILLAGE BATISTA DE PAULA I,,R  3A,"R 3A  SOB 01 , BAIRRO RES CIDADE VERDE",2,2,2,1,1
AUTO_ALIAS_1A1_TOTAIS_IGUAIS,goiania,155048,12125,_RES VILLAGE BENTO DA SILVA I,,R  R7,"R R7  CASA 01 , BAIRRO S SOLAR SANTA RITA",2,2,2,1,1
AUTO_ALIAS_1A1_TOTAIS_IGUAIS,goiania,103471,2278,RES VILLAGE BERCHO,,R  P-11,"R P-11  CASA 01 , BAIRRO RES PORTINARI",4,4,4,1,1
AUTO_ALIAS_1A1_TOTAIS_IGUAIS,goiania,101613,2318,RES VILLAGE BERNARDO BATISTA I,,R  P-11,"R P-11  CASA 01 , BAIRRO RES PORTINARI",3,3,3,1,1
AUTO_ALIAS_1A1_TOTAIS_IGUAIS,goiania,161439,8530,RES VILLAGE BESSA I,,R  FV30,"R FV30  CASA 01 , BAIRRO RES FORTE VILLE - EXTENSÃO",2,2,2,1,1
AUTO_ALIAS_1A1_TOTAIS_IGUAIS,goiania,128207,8636,RES VILLAGE BLESSED,,R  SM35,"R SM35  CASA 01 , BAIRRO RES SÃO MARCOS",2,2,2,1,1
AUTO_ALIAS_1A1_TOTAIS_IGUAIS,goiania,152665,12189,RES VILLAGE BOUGAINVILLE I,,AV ORLANDO MARQUES DE ABREU,"AV ORLANDO MARQUES DE ABREU  CASA 01 , BAIRRO RES SOLAR BOUGAINVILLE",2,2,2,1,1
AUTO_ALIAS_1A1_TOTAIS_IGUAIS,goiania,382384,7846,RES VILLAGE BRASIL ARTIAGA I,,R  AB8,"R AB8 SOB01 , BAIRRO RES ALICE BARBOSA",2,2,2,1,1
AUTO_ALIAS_1A1_TOTAIS_IGUAIS,goiania,342106,12107,RES. VILLAGE BRASIL I,,AV BRASIL,"AV BRASIL SOB 01 , BAIRRO BRO SANTA GENOVEVA",2,2,2,1,1
AUTO_ALIAS_1A1_TOTAIS_IGUAIS,goiania,391757,9613,RES VILLAGE CAETANO DINIZ I,,R  J62,"R J62 CASA 01 , BAIRRO S JAÓ",2,2,2,1,1
AUTO_ALIAS_1A1_TOTAIS_IGUAIS,goiania,201338,12188,RES VILLAGE CALACA I,,R  MMM6,"R MMM6  CASA 01 , BAIRRO S TRÊS MARIAS",2,2,2,1,1
AUTO_ALIAS_1A1_TOTAIS_IGUAIS,goiania,332342,6504,RES. VILLAGE CAMERON I,,AV MARGINAL LESTE,"AV MARGINAL LESTE CASA 01 , BAIRRO RES ARCO VERDE",2,2,2,1,1
AUTO_ALIAS_1A1_TOTAIS_IGUAIS,goiania,53604,13629,RES VILLAGE CAMILO COSTA I,,R  HM3,"R HM3 LT 08 SOB 01 , BAIRRO RES HUGO DE MORAES",2,2,2,1,1
AUTO_ALIAS_1A1_TOTAIS_IGUAIS,goiania,161958,7257,RES.VILLAGE CAMPOS FARIA I,,R  JOAO LUIS DE OLIVEIRA,"R JOAO LUIS DE OLIVEIRA  CASA 02 , BAIRRO RES SANTA FÉ",2,2,2,1,1
AUTO_ALIAS_1A1_TOTAIS_IGUAIS,goiania,220629,7763,RES VILLAGE CANADA COELHO,,R  RC19,"R RC19  CASA 01 , BAIRRO RES CANADÁ",2,2,2,1,1
AUTO_ALIAS_1A1_TOTAIS_IGUAIS,goiania,130396,10117,RES VILLAGE CARDOSO NETO I,,R  GP1,"R GP1  CASA 02 , BAIRRO RES GOYAZ PARK",2,2,2,1,1
AUTO_ALIAS_1A1_TOTAIS_IGUAIS,goiania,58318,4768,RES VILLAGE CARVALHO E BATISTA I,,R  FN8,"R FN8 LT 12 SOB 01 , BAIRRO JD FONTE NOVA",3,3,3,1,1
AUTO_ALIAS_1A1_TOTAIS_IGUAIS,goiania,98735,1575,RES VILLAGE CASTRO JR I,,R  P-12,"R P-12  C-1 , BAIRRO RES PORTINARI",2,2,2,1,1
AUTO_ALIAS_1A1_TOTAIS_IGUAIS,goiania,137499,11620,RES.VILLAGE CAVALVANTE COSTA II,,R  JOAO JOSE DE OLIVEIRA,"R JOAO JOSE DE OLIVEIRA  CASA 02 , BAIRRO RES YTAPUÃ",2,2,2,1,1
AUTO_ALIAS_1A1_TOTAIS_IGUAIS,goiania,353333,6507,RES VILLAGE CERRADO II,,AV LICO SAMPAIO,"AV LICO SAMPAIO  CASA 01 , BAIRRO JD BALNEÁRIO MEIA PONTE",2,2,2,1,1
AUTO_ALIAS_1A1_TOTAIS_IGUAIS,goiania,60013,8190,RES. VILLAGE CERRADO V,,R  RP7,"R RP7 LT 27 CS 01 , BAIRRO RES RECREIO PANORAMA",2,2,2,1,1
AUTO_ALIAS_1A1_TOTAIS_IGUAIS,goiania,218632,5967,RES VILLAGE COSTA PINTO I,,R  FP8,"R FP8  CASA 01 , BAIRRO BRO RECREIO DO FUNCIONÁRIO PUBLICO",2,2,2,1,1
AUTO_ALIAS_1A1_TOTAIS_IGUAIS,goiania,356275,11879,RES. VILLAGE COSTA PRATES I,,R  MINEIROS,"R PIRIPIRI , BAIRRO JD GUANABARA",2,2,2,1,1
AUTO_ALIAS_1A1_TOTAIS_IGUAIS,goiania,154643,11538,RES VILLAGE CRISPIM III,,R  ANTONIO COMEROTE,"R ANTONIO COMEROTE  CASA01 , BAIRRO RES SANTA FÉ",2,2,2,1,1
AUTO_ALIAS_1A1_TOTAIS_IGUAIS,goiania,153074,10251,RES VILLAGE CRISPIM V,,R  BENEDITO BORGES,"R BENEDITO BORGES  CASA 01 , BAIRRO RES SANTA FÉ",2,2,2,1,1
AUTO_ALIAS_1A1_TOTAIS_IGUAIS,goiania,281243,9279,RES VILLAGE DA FONSECA I,,R  LN7,"R LN7 CASA 01 , BAIRRO RES LICARDINO NEY",2,2,2,1,1
AUTO_ALIAS_1A1_TOTAIS_IGUAIS,goiania,140974,1405,RES VILLAGE DA MATA V,,R  ELO32,"R ELO32  CASA 02 , BAIRRO PRQ ELDORADO OESTE",2,2,2,1,1
AUTO_ALIAS_1A1_TOTAIS_IGUAIS,goiania,142876,1406,RES VILLAGE DA MATA XIII,,R  ELO3,"R ELO3  CASA 01 , BAIRRO PRQ ELDORADO OESTE",2,2,2,1,1
AUTO_ALIAS_1A1_TOTAIS_IGUAIS,goiania,375115,14275,RES VILLAGE DAS FLORES II,,R  FL15,"R FL15 CASA 1 , BAIRRO PRQ DAS FLORES",2,2,2,1,1
AUTO_ALIAS_1A1_TOTAIS_IGUAIS,goiania,175351,4483,RES VILLAGE DATENA NETO I,,R  DOURADOS,"R DOURADOS  CASA 01 , BAIRRO RES ANA CLARA",2,2,2,1,1
AUTO_ALIAS_1A1_TOTAIS_IGUAIS,goiania,140479,1727,RES VILLAGE DA TETO,,R  ELO33,"R ELO33  CASA 02 , BAIRRO PRQ ELDORADO OESTE",2,2,2,1,1
AUTO_ALIAS_1A1_TOTAIS_IGUAIS,goiania,140651,1669,RES VILLAGE DA TETO I,,R  ELO33,"R ELO33  CASA 02 , BAIRRO PRQ ELDORADO OESTE",2,2,2,1,1
AUTO_ALIAS_1A1_TOTAIS_IGUAIS,goiania,139677,1726,RES VILLAGE DA TETO II,,AV SAO BERNARDO,"AV SAO BERNARDO CASA 01 , BAIRRO RES MONTE PASCOAL",2,2,2,1,1
AUTO_ALIAS_1A1_TOTAIS_IGUAIS,goiania,181680,12474,RES VILLAGE DAVI AMARAL I,,AL SONECA,"AL SONECA  CASA-01 , BAIRRO JD IPANEMA",2,2,2,1,1
AUTO_ALIAS_1A1_TOTAIS_IGUAIS,goiania,308344,7387,RES. VILLAGE DE BONI I,,R  J17,"R J49 SIBRADO 01 , BAIRRO S JAÓ",4,4,4,1,1
AUTO_ALIAS_1A1_TOTAIS_IGUAIS,goiania,297614,10196,RES VILLAGE DE PAULA I,,R  DONA MARIA C. M. DE FIGUEIREDO,"R BENTO GONCALVES CASA 01 , BAIRRO CJ CAIÇARA",2,2,2,1,1
AUTO_ALIAS_1A1_TOTAIS_IGUAIS,goiania,105079,1592,RES VILLAGE DE SOUZA I,,R  P-04,"R P-04  CASA 01 , BAIRRO RES PORTINARI",2,2,2,1,1
AUTO_ALIAS_1A1_TOTAIS_IGUAIS,goiania,160612,1581,RES VILLAGE DIAS ALENCAR I,,R  FV18,"R PEDRO LUIZ PEREIRA  CASA 01 , BAIRRO RES FORTEVILLE",2,2,2,1,1
AUTO_ALIAS_1A1_TOTAIS_IGUAIS,goiania,165212,7980,RES. VILLAGE DIAS CUSTODIO X,,R  HERMANTINO FERNANDES,"R HERMANTINO FERNANDES  CASA 01 , BAIRRO RES SANTA FÉ",2,2,2,1,1
AUTO_ALIAS_1A1_TOTAIS_IGUAIS,goiania,223167,10142,RES. VILLAGE DI FERREIRA I,,R  MDV18,"R MDV18  CASA 01 , BAIRRO LOT MOINHO DOS VENTOS",2,2,2,1,1
AUTO_ALIAS_1A1_TOTAIS_IGUAIS,goiania,223288,8641,RES VILLAGE DI FERREIRA II,,R  MDV18,"R MDV18  CASA 01 , BAIRRO LOT MOINHO DOS VENTOS",2,2,2,1,1
AUTO_ALIAS_1A1_TOTAIS_IGUAIS,goiania,223164,12517,RES. VILLAGE DI FERREIRA III,,R  MDV18,"R MDV18  CASA 01 , BAIRRO LOT MOINHO DOS VENTOS",3,3,3,1,1
AUTO_ALIAS_1A1_TOTAIS_IGUAIS,goiania,129906,8176,RES VILLAGE DONIZETE LOPES I,,R  DR. MOACIR CICERO DE SA,"R DR. MOACIR CICERO DE SA  CASA 01 , BAIRRO JD MARQUES DE ABREU",2,2,2,1,1
AUTO_ALIAS_1A1_TOTAIS_IGUAIS,goiania,250102,11825,RES. VILLAGE DOS DIAMANTES,,R  DOS DIAMANTES,"R DOS DIAMANTES CASA 01 , BAIRRO JD NOVO MUNDO",3,3,3,1,1
AUTO_ALIAS_1A1_TOTAIS_IGUAIS,goiania,99655,12348,RES VILLAGE DOS IPES,,R  VI11,"R VI11 CASA01 , BAIRRO CJ VERA CRUZ",5,5,5,1,1
AUTO_ALIAS_1A1_TOTAIS_IGUAIS,goiania,385280,6067,RES VILLAGE ELEONE GUIMARAES I,,R  J44,"R J44 S/N     CASA 01 , BAIRRO S JAÓ",2,2,2,1,1
AUTO_ALIAS_1A1_TOTAIS_IGUAIS,goiania,143664,10769,RES VILLAGE EMILIO GONTIJO I,,R  RMP2,"R RMP2  CASA 01 , BAIRRO RES MONTE PASCOAL",2,2,2,1,1
AUTO_ALIAS_1A1_TOTAIS_IGUAIS,goiania,128691,7870,RES VILLAGE EMPREENDIMENTOS II,,R  SM37,"R SM37  CASA 02 , BAIRRO RES SÃO MARCOS",2,2,2,1,1
AUTO_ALIAS_1A1_TOTAIS_IGUAIS,goiania,201589,1820,RES VILLAGE FAICALVILLE,,R  F57,"R F57  SOB 01 , BAIRRO LOT FAIÇALVILLE",4,4,4,1,1
AUTO_ALIAS_1A1_TOTAIS_IGUAIS,goiania,348796,11705,RES VILLAGE FARIAS V,,R  BM18,"R BM18 CASA 01 , BAIRRO RES BRISAS DA MATA",2,2,2,1,1
AUTO_ALIAS_1A1_TOTAIS_IGUAIS,goiania,329571,2718,RES VILLAGE FELIPE RIBEIRO II,,R  LONDRINA,"R LONDRINA CASA01 , BAIRRO JD NOVO MUNDO",2,2,2,1,1
AUTO_ALIAS_1A1_TOTAIS_IGUAIS,goiania,154612,8323,RES VILLAGE FE NA VIDA,,R  GOMES DE SANTANA RAMOS,"R GOMES DE SANTANA RAMOS  CASA 01 , BAIRRO RES SANTA FÉ",2,2,2,1,1
AUTO_ALIAS_1A1_TOTAIS_IGUAIS,goiania,160198,9938,RES VILLAGE FERREIRA DA SILVA I,,AV SERINGUEIRAS,"AV SERINGUEIRAS  CASA 01 , BAIRRO PRQ SANTA RITA",2,2,2,1,1
AUTO_ALIAS_1A1_TOTAIS_IGUAIS,goiania,118186,2589,RES VILLAGE FGH PARQUE II,,R  1,"AL ANICUNS  CASA06 , BAIRRO PRQ INDUSTRIAL JOÃO BRAZ",10,10,10,1,1
AUTO_ALIAS_1A1_TOTAIS_IGUAIS,goiania,153693,5764,RES. VILLAGE FGH PARQUE IV,,R  CONCORDIA,"R CONCORDIA  CASA 01 , BAIRRO RES SANTA FÉ",2,2,2,1,1
AUTO_ALIAS_1A1_TOTAIS_IGUAIS,goiania,142480,6011,RES. VILLAGE FGH PARQUE XXII,,R  PAULO RODRIGUES,"R PAULO RODRIGUES  CASA 01 , BAIRRO RES BUENA VISTA III",3,3,3,1,1
AUTO_ALIAS_1A1_TOTAIS_IGUAIS,goiania,221741,6070,RES VILLAGE FGH XV,,R  CV4,"R CV4  CASA 01 , BAIRRO RES CENTER VILLE",2,2,2,1,1
AUTO_ALIAS_1A1_TOTAIS_IGUAIS,goiania,359101,1599,RES VILLAGE FLAMBOYANT II,,R  RB2,"R RB2 CASA 01 , BAIRRO RES RECANTO DO BOSQUE",2,2,2,1,1
AUTO_ALIAS_1A1_TOTAIS_IGUAIS,goiania,329789,10920,RES VILLAGE FLORENTINO DA SILVA MATA,,R  BM27,"R BM22 CASA 01 , BAIRRO RES BRISAS DA MATA",3,3,3,1,1
AUTO_ALIAS_1A1_TOTAIS_IGUAIS,goiania,88968,14085,RES VILLAGE FOX IV,,R  6,"R 4 CASA 01 , BAIRRO S SANTOS DUMONT",4,4,4,1,1
AUTO_ALIAS_1A1_TOTAIS_IGUAIS,goiania,76350,2720,RES VILLAGE FOX VII,,R  RB1,"R RB1 SOB01 , BAIRRO S BARRA DA TIJUCA",3,3,3,1,1
AUTO_ALIAS_1A1_TOTAIS_IGUAIS,goiania,77374,11959,RES VILLAGE FOX-X,,R  26,"R 26 CASA 02 , BAIRRO S SANTOS DUMONT",2,2,2,1,1
AUTO_ALIAS_1A1_TOTAIS_IGUAIS,goiania,76370,4163,RES VILLAGE FOX XXI,,R  VERLINO JOSE DA CUNHA,"R VERLINO JOSE DA CUNHA CASA01 , BAIRRO RES PARK SOLAR",4,4,4,1,1
AUTO_ALIAS_1A1_TOTAIS_IGUAIS,goiania,79030,7356,RES VILLAGE FRANCA DE FARIA I,,R  JB1,"R RB1 C-1 , BAIRRO JD BONANZA",2,2,2,1,1
AUTO_ALIAS_1A1_TOTAIS_IGUAIS,goiania,207317,14160,RES  VILLAGE FURTADO DA SILVA I,,R  CARTAGENA,"R CARTAGENA  CASA 01 , BAIRRO S TRÊS MARIAS",2,2,2,1,1
AUTO_ALIAS_1A1_TOTAIS_IGUAIS,goiania,79999,3421,RES VILLAGE GARDEN TELES II,,R  VERLINO JOSE DA CUNHA,"R VERLINO JOSE DA CUNHA C-1 , BAIRRO RES PARK SOLAR",3,3,3,1,1
AUTO_ALIAS_1A1_TOTAIS_IGUAIS,goiania,105208,2406,RES VILLAGE GEVIC CONFALLONI I,,AV FREI CONFALLONI,"AV FREI CONFALLONI  CASA02 , BAIRRO RES ANA MORAES",2,2,2,1,1
AUTO_ALIAS_1A1_TOTAIS_IGUAIS,goiania,176118,13103,RES.VILLAGE GOMES FERREIRA III,,R  RI19,"R RI19  CASA 02 , BAIRRO RES ITAIPÚ",2,2,2,1,1
AUTO_ALIAS_1A1_TOTAIS_IGUAIS,goiania,206809,6404,RES VILLAGE GOMES FERREIRA IV,,R  F41,"R F41  CASA 01 , BAIRRO LOT FAIÇALVILLE",2,2,2,1,1
AUTO_ALIAS_1A1_TOTAIS_IGUAIS,goiania,16526,2558,RES VILLAGE GOMES II,,R  DR JAIRO,"R DR JAIRO LT 132 CASA 02 , BAIRRO S PARQUE TREMENDÃO",2,2,2,1,1
AUTO_ALIAS_1A1_TOTAIS_IGUAIS,goiania,321798,6491,RES VILLAGE GONCALVES CUSTODIO I,,R  AB2,"R AB2 CASA 01 , BAIRRO RES ALICE BARBOSA",2,2,2,1,1
AUTO_ALIAS_1A1_TOTAIS_IGUAIS,goiania,309106,6657,RES VILLAGE GONZAGA DE CASTRO V,,AV AUTA FERRAZ DE CAMARGO,"AV AUTA FERRAZ DE CAMARGO  CASA 01 , BAIRRO JD BALNEÁRIO MEIA PONTE",3,3,3,1,1
AUTO_ALIAS_1A1_TOTAIS_IGUAIS,goiania,76949,9911,RES VILLAGE GREAT ADOBE XXIII,,R  CRIXAS,"R CRIXAS CASA 01 , BAIRRO S MAYSA EXTENSÃO",2,2,2,1,1
AUTO_ALIAS_1A1_TOTAIS_IGUAIS,goiania,199931,6959,RES VILLAGE GUAIANASES,,AV PARQUE,"AV PARQUE  CASA 01 , BAIRRO S TRÊS MARIAS",2,2,2,1,1
AUTO_ALIAS_1A1_TOTAIS_IGUAIS,goiania,155084,10921,RES VILLAGE HENRIQUE ROCHA I,,R  SRM21,"R SRM21  CASA01 , BAIRRO RES VILLAGE SANTA RITA IV",2,2,2,1,1
AUTO_ALIAS_1A1_TOTAIS_IGUAIS,goiania,243381,5860,RES VILLAGE I,,R  1132,"R 1132 316     CASA-03 , BAIRRO S MARISTA",4,4,4,1,1
AUTO_ALIAS_1A1_TOTAIS_IGUAIS,goiania,225953,4773,RES.VILLAGE ISSA I,,R  SR9,"R SR10  CASA01 , BAIRRO RES SANTA RITA - 4A ETAPA",4,4,4,1,1
AUTO_ALIAS_1A1_TOTAIS_IGUAIS,goiania,200050,9740,RES. VILLAGE ITAGUAI,,R  MARIA GONCALVES DE ARAUJO,"R MARIA GONCALVES DE ARAUJO  CASA 01 , BAIRRO S TRÊS MARIAS",2,2,2,1,1
AUTO_ALIAS_1A1_TOTAIS_IGUAIS,goiania,305328,11399,RES VILLAGE ITALO I,,R  FL6,"R FL6 CASA 01 , BAIRRO CH RIO BRANCO",2,2,2,1,1
AUTO_ALIAS_1A1_TOTAIS_IGUAIS,goiania,124450,5183,RES.VILLAGE JAW EMP.XIII,,R  N18,"R N18  CASA 01 , BAIRRO S DAS NAÇÕES EXTENSÃO",4,4,4,1,1
AUTO_ALIAS_1A1_TOTAIS_IGUAIS,goiania,182029,7464,RES VILLAGE JURUENA,,R  DR JOAQUIM BORGES MENEZES,"R DR JOAQUIM BORGES MENEZES  APTO 01 , BAIRRO S ORIENTVILLE",8,8,8,1,1
AUTO_ALIAS_1A1_TOTAIS_IGUAIS,goiania,376806,14067,RES VILLAGE KAISER I,,R  RB53A,"R RB53A CASA 1 , BAIRRO RES RECANTO DO BOSQUE",2,2,2,1,1
AUTO_ALIAS_1A1_TOTAIS_IGUAIS,goiania,155164,11955,RES VILLAGE LOPES CARDOSO I,,R  SB12,"R SB12  CASA02 , BAIRRO RES SOLAR BOUGAINVILLE",2,2,2,1,1
AUTO_ALIAS_1A1_TOTAIS_IGUAIS,goiania,155454,10229,RES VILLAGE LOPES DE OLIVEIRA III,,R  SR1,"R SR1  CASA01 , BAIRRO PRQ SANTA RITA",2,2,2,1,1
AUTO_ALIAS_1A1_TOTAIS_IGUAIS,goiania,84041,2137,RES VILLAGE LUANDA XII,,R  JARAGUA,"R JARAGUA CASA 01 , BAIRRO RES SOLAR VILLE",2,2,2,1,1
AUTO_ALIAS_1A1_TOTAIS_IGUAIS,goiania,76335,2341,RES VILLAGE LUANDA XV,,R  MIGUEL ABDALA,"R MIGUEL ABDALA CASA 01 , BAIRRO JD CLARISSA",3,3,3,1,1
AUTO_ALIAS_1A1_TOTAIS_IGUAIS,goiania,173233,14060,RES VILLAGE LUCENA I,,R  W19,"R W19  CASA 01 , BAIRRO JD ITAIPÚ",4,4,4,1,1
AUTO_ALIAS_1A1_TOTAIS_IGUAIS,goiania,15771,6396,RES VILLAGE MAIA VI,,R  SANTA TEREZA,"R SANTA TEREZA CASA 01 , BAIRRO S ESTRELA DALVA",2,2,2,1,1
AUTO_ALIAS_1A1_TOTAIS_IGUAIS,goiania,372119,8215,RES VILLAGE MANSOES DO CAMPUS,,R  MARQUES DE PARANAGUA,"R MARQUES DE PARANAGUA CASA 01 , BAIRRO SIR MANSÕES DO CAMPUS",20,20,20,1,1
AUTO_ALIAS_1A1_TOTAIS_IGUAIS,goiania,118503,1657,RES VILLAGE MARCIANO VIEIRA I,,R  DONA CRISTINA,"R DONA CRISTINA  CASA 01 , BAIRRO LOT SOLANGE PARQUE III",2,2,2,1,1
AUTO_ALIAS_1A1_TOTAIS_IGUAIS,goiania,126725,7539,RES VILLAGE MARIA CONSTANTINO I,,R  CP21,"R CP21  CASA 02 , BAIRRO LOT CAROLINA PARQUE",2,2,2,1,1
AUTO_ALIAS_1A1_TOTAIS_IGUAIS,goiania,135430,10272,RES VILLAGE MARIA LUCIA I,,R  DR LAURO DA VEIGA JARDIM,"R DR LAURO DA VEIGA JARDIM  CASA 01 , BAIRRO JD SÃO JOSÉ",2,2,2,1,1
AUTO_ALIAS_1A1_TOTAIS_IGUAIS,goiania,308112,1277,RES VILLAGE MARQUES III,,AV NOSSA SENHORA DO ROSARIO,"R DF11 CASA 01 , BAIRRO VL JARDIM VITÓRIA",2,2,2,1,1
AUTO_ALIAS_1A1_TOTAIS_IGUAIS,goiania,97878,9827,RES VILLAGE MARTINS MOTA I,,R  PAULO AFONSO,"R PAULO AFONSO  CASA 01 , BAIRRO BRO SÃO FRANCISCO",2,2,2,1,1
AUTO_ALIAS_1A1_TOTAIS_IGUAIS,goiania,105242,8383,RES VILLAGE MCMV ALVES I,,VIA3 VIA,"VIATERCEIRA  CASA 01 , BAIRRO CH MARINGÁ",2,2,2,1,1
AUTO_ALIAS_1A1_TOTAIS_IGUAIS,goiania,90603,9999,RES. VILLAGE MONTE APARECIDO I,,R  MONTE NEGRO,"R MONTE NEGRO  CASA 02 , BAIRRO CON SANTA RITA",2,2,2,1,1
AUTO_ALIAS_1A1_TOTAIS_IGUAIS,goiania,218174,6147,RES.VILLAGE MORADA VILLE,,R  CV15,"R CV15  CASA 01 , BAIRRO RES CENTER VILLE",2,2,2,1,1
AUTO_ALIAS_1A1_TOTAIS_IGUAIS,goiania,342317,11764,RES VILLAGE NASCIMENTO DA SILVA I,,R  7 DE SETEMBRO,"R 7 DE SETEMBRO  SOBRADO 01 , BAIRRO JD BALNEÁRIO MEIA PONTE",2,2,2,1,1
AUTO_ALIAS_1A1_TOTAIS_IGUAIS,goiania,207803,5657,RES VILLAGE NETO I,,AL LICARDINO DE O NEY,"AL LICARDINO DE O NEY  CASA 01 , BAIRRO LOT FAIÇALVILLE",2,2,2,1,1
AUTO_ALIAS_1A1_TOTAIS_IGUAIS,goiania,220672,13360,RES VILLAGE NOGUEIRA II,,R  RC18,"R RC18  CASA 01 , BAIRRO RES CANADÁ",2,2,2,1,1
AUTO_ALIAS_1A1_TOTAIS_IGUAIS,goiania,181269,2315,RES VILLAGE NOGUEIRA XII,,R  DA VITORIA,"R DA VITORIA  CASA 01 , BAIRRO S GRAJAÚ",2,2,2,1,1
AUTO_ALIAS_1A1_TOTAIS_IGUAIS,goiania,31146,10636,RES. VILLAGE NOROESTE I,,R  H,"R H LT 97 CS 01 , BAIRRO S PARQUE TREMENDÃO",3,3,3,1,1
AUTO_ALIAS_1A1_TOTAIS_IGUAIS,goiania,167805,8374,RES VILLAGE NUMES SOBRINHO II,,R  OSORIO DE MORAES,"R OSORIO DE MORAES  CASA 01 , BAIRRO JD ITAIPÚ",2,2,2,1,1
AUTO_ALIAS_1A1_TOTAIS_IGUAIS,goiania,219223,9144,RES VILLAGE NUNES RIBEIRO IV,,R  MDV29,"R MDV29  CASA 01 , BAIRRO LOT MOINHO DOS VENTOS",2,2,2,1,1
AUTO_ALIAS_1A1_TOTAIS_IGUAIS,goiania,169372,5492,RES VILLAGE NUNES SOBRINHO,,R  RI-9,"R RI-9  CASA 01 , BAIRRO RES ITAIPÚ",2,2,2,1,1
AUTO_ALIAS_1A1_TOTAIS_IGUAIS,goiania,388389,7713,RES VILLAGE OLIVEIRA MORAES I,,R  J10,"R J10 CASA 01 , BAIRRO S JAÓ",2,2,2,1,1
AUTO_ALIAS_1A1_TOTAIS_IGUAIS,goiania,324402,11296,RES VILLAGE OLIVEIRA V,,R  AB18,"R AB18 CASA 01 , BAIRRO RES ALICE BARBOSA",2,2,2,1,1
AUTO_ALIAS_1A1_TOTAIS_IGUAIS,goiania,252400,6450,RES VILLAGE PADRAO AMORIM II,,AV SAMAMBAIA,"R ACP25 CASA 03 , BAIRRO RES ANTONIO CARLOS PIRES",3,3,3,1,1
AUTO_ALIAS_1A1_TOTAIS_IGUAIS,goiania,125072,9359,RES VILLAGE PAULO ALVES I,,R  DAS ACACIAS,"CASA 01 , BAIRRO BRO JARDIM BOTÂNICO",2,2,2,1,1
AUTO_ALIAS_1A1_TOTAIS_IGUAIS,goiania,222349,13141,RES VILLAGE PEDON,,R  MDV7,"R MDV7  CASA 02 , BAIRRO LOT MOINHO DOS VENTOS",2,2,2,1,1
AUTO_ALIAS_1A1_TOTAIS_IGUAIS,goiania,342415,7561,RES VILLAGE PETROCHELI II,,R  OM11,"R OM11 CASA 01 , BAIRRO RES ORLANDO DE MORAIS",2,2,2,1,1
AUTO_ALIAS_1A1_TOTAIS_IGUAIS,goiania,89048,6238,RES VILLAGE PILARES SILVA,,R  CRIXAS,"R CRIXAS CASA 02 , BAIRRO S MAYSA EXTENSÃO",2,2,2,1,1
AUTO_ALIAS_1A1_TOTAIS_IGUAIS,goiania,174917,8007,RES VILLAGE PINHEIRO VII,,R  18,"R 18  CASA 01 , BAIRRO CON DAS ESMERALDAS",2,2,2,1,1
AUTO_ALIAS_1A1_TOTAIS_IGUAIS,goiania,169734,5921,RES VILLAGE PIRES DA SILVA I,,R  RI-9,"R RI-9  CASA 01 , BAIRRO RES ITAIPÚ",2,2,2,1,1
AUTO_ALIAS_1A1_TOTAIS_IGUAIS,goiania,58677,13959,RES. VILLAGE PITANGUEIRA I,,R  RP5,"R RP5 LT S/N . , BAIRRO RES RECREIO PANORAMA",2,2,2,1,1
AUTO_ALIAS_1A1_TOTAIS_IGUAIS,goiania,88967,10902,RES VILLAGE PITANGUEIRA II,,R  19,"R 19 CASA-01 , BAIRRO S SANTOS DUMONT",2,2,2,1,1
AUTO_ALIAS_1A1_TOTAIS_IGUAIS,goiania,100688,5706,RES VILLAGE PLAINAR EMPREENDIMENTOS I,,R  NATHALIA MEIRELES JUNQUEIRA,"R NATHALIA MEIRELES JUNQUEIRA  CASA 01 , BAIRRO RES JUNQUEIRA",2,2,2,1,1
AUTO_ALIAS_1A1_TOTAIS_IGUAIS,goiania,268463,1767,RES VILLAGE POVOA II,,R  PROFESSOR JOSE AVELINO,"R PROFESSOR JOSE AVELINO CASA 01 , BAIRRO VL MARTINS",2,2,2,1,1
AUTO_ALIAS_1A1_TOTAIS_IGUAIS,goiania,85101,10837,RES VILLAGE QUEIROZ VI,,R  JB5,"R JB5 CASA 01 , BAIRRO JD BONANZA",2,2,2,1,1
AUTO_ALIAS_1A1_TOTAIS_IGUAIS,goiania,61195,6722,RES VILLAGE RENIO RIBEIRO I,,R  ERONDINA M RODRIGUES,"R ERONDINA M RODRIGUES LT 44 CS 01 , BAIRRO RES BARRAVENTO",2,2,2,1,1
AUTO_ALIAS_1A1_TOTAIS_IGUAIS,goiania,61508,8752,RES. VILLAGE RESIDENCE I,,R  MANOEL MARINI,"R MANOEL MARINI LT 06 CS 01 , BAIRRO RES BARRAVENTO",2,2,2,1,1
AUTO_ALIAS_1A1_TOTAIS_IGUAIS,goiania,210400,7995,RES VILLAGE REST OF LIFE,,R  PRESIDENTE VARGAS,"CASA 01 , BAIRRO LOT FAIÇALVILLE",2,2,2,1,1
AUTO_ALIAS_1A1_TOTAIS_IGUAIS,goiania,169474,10144,RES VILLAGE RIBEIRO DOS SANTOS I,,R  RI-9,"R RI-9  CASA 01 , BAIRRO RES ITAIPÚ",2,2,2,1,1
AUTO_ALIAS_1A1_TOTAIS_IGUAIS,goiania,376362,8067,RES VILLAGE RIBEIRO NETO I,,R  RB41A,"AL DO CAPIM CASA 01 , BAIRRO RES RECANTO DO BOSQUE",4,4,4,1,1
AUTO_ALIAS_1A1_TOTAIS_IGUAIS,goiania,156692,9492,RES VILLAGE RIO VERDE II,,R  RV10,"R RV10  CASA-01 , BAIRRO RES RIO VERDE",2,2,2,1,1
AUTO_ALIAS_1A1_TOTAIS_IGUAIS,goiania,96945,8621,RES VILLAGE ROCHA I,,R  MANAUS,"R MANAUS  CASA 01 , BAIRRO RES PETRÓPOLIS",2,2,2,1,1
AUTO_ALIAS_1A1_TOTAIS_IGUAIS,goiania,155690,1827,RES VILLAGE ROCHA IV,,R  SRM25,"R SRM25  CASA 01 , BAIRRO RES VILLAGE SANTA RITA IV",3,3,3,1,1
AUTO_ALIAS_1A1_TOTAIS_IGUAIS,goiania,217082,6119,RES VILLAGE RODRIGUES BOAVENTURA I,,R  CV14,"R CV14  CASA 01 , BAIRRO RES CENTER VILLE",2,2,2,1,1
AUTO_ALIAS_1A1_TOTAIS_IGUAIS,goiania,134154,1615,RES VILLAGE ROMAO II,,R  ATAULFO ALVES,"R ATAULFO ALVES  CASA 01 , BAIRRO JD SÃO JOSÉ",3,3,3,1,1
AUTO_ALIAS_1A1_TOTAIS_IGUAIS,goiania,119838,14147,RES VILLAGE ROQUE BARROS I,,R  TV4,"R TV4  SOB 01 , BAIRRO LOT TROPICAL VERDE",2,2,2,1,1
AUTO_ALIAS_1A1_TOTAIS_IGUAIS,goiania,176714,8870,RES VILLAGE ROSA RIBEIRO I,,R  RI16,"R RI16  CASA 01 , BAIRRO RES ITAIPÚ",2,2,2,1,1
AUTO_ALIAS_1A1_TOTAIS_IGUAIS,goiania,130135,10583,RES VILLAGE ROSAS DOURADAS,,R  HOMERO ROSA,"R HOMERO ROSA  CASA 01 , BAIRRO JD DAS ROSAS",2,2,2,1,1
AUTO_ALIAS_1A1_TOTAIS_IGUAIS,goiania,276499,6210,RES VILLAGE ROSY I,,R  OM03,"R OM03 CASA 01 , BAIRRO RES ORLANDO DE MORAIS",2,2,2,1,1
AUTO_ALIAS_1A1_TOTAIS_IGUAIS,goiania,319273,7034,RES VILLAGE ROSY II,,R  OM15,"R OM15 CASA 01 , BAIRRO RES ORLANDO DE MORAIS",2,2,2,1,1
AUTO_ALIAS_1A1_TOTAIS_IGUAIS,goiania,367659,9879,RES. VILLAGE ROSY III,,R  OM11,"R OM11 CASA 01 , BAIRRO RES ORLANDO DE MORAIS",2,2,2,1,1
AUTO_ALIAS_1A1_TOTAIS_IGUAIS,goiania,127733,5304,RES.VILLAGE RPA EMPRED.I,,R  SM37,"R SM37  CASA 01 , BAIRRO RES SÃO MARCOS",2,2,2,1,1
AUTO_ALIAS_1A1_TOTAIS_IGUAIS,goiania,267210,10359,RES VILLAGE S5,,R  DA AMETISTA,"R DA AMETISTA CASA 01 , BAIRRO LOT GOIÂNIA 2",2,2,2,1,1
AUTO_ALIAS_1A1_TOTAIS_IGUAIS,goiania,161249,14246,RES VILLAGE SANTA RITA XVIII,,R  SRM18,"R SRM18  CASA 01 , BAIRRO RES VILLAGE SANTA RITA II",2,2,2,1,1
AUTO_ALIAS_1A1_TOTAIS_IGUAIS,goiania,332142,8874,RES VILLAGE SCHWARTZ II,,R  MURICI,"R MURICI CASA01 , BAIRRO LOT GOIÂNIA 2",2,2,2,1,1
AUTO_ALIAS_1A1_TOTAIS_IGUAIS,goiania,361158,7775,RES VILLAGE SILVA I,,R  RB8,"R RB8 CASA 01 , BAIRRO RES RECANTO DO BOSQUE",2,2,2,1,1
AUTO_ALIAS_1A1_TOTAIS_IGUAIS,goiania,297483,8967,RES VILLAGE SILVA MARQUES III,,R  DANIEL JOAQUIM RODOVALHO,"R DANIEL JOAQUIM RODOVALHO C-1 , BAIRRO RES VALE DO ARAGUAIA",2,2,2,1,1
AUTO_ALIAS_1A1_TOTAIS_IGUAIS,goiania,151397,7680,RES VILLAGE SOARES SANTANA I,,R  C162,"R C162  SOB 02 , BAIRRO BRO JARDIM AMÉRICA",2,2,2,1,1
AUTO_ALIAS_1A1_TOTAIS_IGUAIS,goiania,87298,6001,RES.VILLAGE SONHOS GOMES,,R  LUIS JOSE COSTA,"R AGENORA FERNANDES RODRIGUES  CASA 01 , BAIRRO RES PILAR DOS SONHOS",3,3,3,1,1
AUTO_ALIAS_1A1_TOTAIS_IGUAIS,goiania,28937,6872,RES VILLAGE SONHOS GOMES II,,R  HENRIQUE MACHADO,"R HENRIQUE MACHADO LT 69 CS 01/02 , BAIRRO S PARQUE TREMENDÃO",2,2,2,1,1
AUTO_ALIAS_1A1_TOTAIS_IGUAIS,goiania,188504,6830,RES VILLAGE SOUSA RESENDE VI,,R  DO MARISCO,"R DO MARISCO  SOB01 , BAIRRO JD ATLÂNTICO",2,2,2,1,1
AUTO_ALIAS_1A1_TOTAIS_IGUAIS,goiania,154799,11898,RES VILLAGE SOUZA AVELINO I,,R  ERNESTO TEODORO DE MORAIS,"R ERNESTO TEODORO DE MORAIS  CASA 02 , BAIRRO RES SANTA FÉ",2,2,2,1,1
AUTO_ALIAS_1A1_TOTAIS_IGUAIS,goiania,359496,10431,RES. VILLAGE SOUZA BRAVO XXX,,AV DR JAHYR ABRAO ESTRELA,"AV DR JAHYR ABRAO ESTRELA CASA 02 , BAIRRO RES PAULO ESTRELA",2,2,2,1,1
AUTO_ALIAS_1A1_TOTAIS_IGUAIS,goiania,359928,9439,RES. VILLAGE SOUZA BRAVO XXXVI,,AV DR JAHYR ABRAO ESTRELA,"AV DR JAHYR ABRAO ESTRELA CASA 02 , BAIRRO RES PAULO ESTRELA",2,2,2,1,1
AUTO_ALIAS_1A1_TOTAIS_IGUAIS,goiania,58062,9745,RES VILLAGE SOUZA NOVA I,,R  FN17,"R FN17 LT 10 CS 01 , BAIRRO JD FONTE NOVA",2,2,2,1,1
AUTO_ALIAS_1A1_TOTAIS_IGUAIS,goiania,253842,9233,RES VILLAGE STEFLI,,R  AB9,"R AB9 CASA01 , BAIRRO RES ALICE BARBOSA",2,2,2,1,1
AUTO_ALIAS_1A1_TOTAIS_IGUAIS,goiania,216930,7720,RES VILLAGE SWEET HOME I,,R  MARIA CAROLINA DE JESUS,"R MARIA CAROLINA DE JESUS  CASA 01 , BAIRRO RES ELI FORTE",2,2,2,1,1
AUTO_ALIAS_1A1_TOTAIS_IGUAIS,goiania,162061,9502,RES VILLAGE SWEET HOME II,,R  F6,"R F6  CASA 01 , BAIRRO RES FIDÉLIS",2,2,2,1,1
AUTO_ALIAS_1A1_TOTAIS_IGUAIS,goiania,157787,8668,RES VILLAGE SWEET HOME III,,R  SB13,"R SB13  CASA 02 , BAIRRO RES SOLAR BOUGAINVILLE",2,2,2,1,1
AUTO_ALIAS_1A1_TOTAIS_IGUAIS,goiania,209237,9647,RES VILLAGE SWEET HOME M,,AL ANA MARIA MORAES VERANO,"AL ANA MARIA MORAES VERANO  CASA 01 , BAIRRO LOT FAIÇALVILLE",4,4,4,1,1
AUTO_ALIAS_1A1_TOTAIS_IGUAIS,goiania,160960,8849,RES VILLAGE SWEET HOME XI,,R  EF09,"R EF09  CASA 01 , BAIRRO RES SOLAR BOUGAINVILLE",2,2,2,1,1
AUTO_ALIAS_1A1_TOTAIS_IGUAIS,goiania,18318,9378,RES VILLAGE SWEET HOME XX,,AV OTAVIO LUCIO,"AV OTAVIO LUCIO CASA 01 , BAIRRO S ESTRELA DALVA",2,2,2,1,1
AUTO_ALIAS_1A1_TOTAIS_IGUAIS,goiania,178575,12744,RES VILLAGE TEIXEIRA DE PAULA,,R  I-4,"R I-4  CASA 01 , BAIRRO JD IPANEMA",2,2,2,1,1
AUTO_ALIAS_1A1_TOTAIS_IGUAIS,goiania,319948,9054,RES. VILLAGE THIAGO TOME DE OLIVEIRA I,,R  RSL8,"R RSL8 SOB. 02 , BAIRRO RES SÃO LEOPOLDO",2,2,2,1,1
AUTO_ALIAS_1A1_TOTAIS_IGUAIS,goiania,130214,1265,RES VILLAGE TOMEH II,,R  GP5,"R GP5  CASA 01 , BAIRRO RES GOYAZ PARK",2,2,2,1,1
AUTO_ALIAS_1A1_TOTAIS_IGUAIS,goiania,201346,13022,RES. VILLAGE TRES MARIAS,,R  MMM6,"R MMM6  SOBRADO-1 , BAIRRO S TRÊS MARIAS",3,3,3,1,1
AUTO_ALIAS_1A1_TOTAIS_IGUAIS,goiania,275500,9726,RES. VILLAGE UNIQUE,,R  RB-2,"R RECANTO DOS BURITIS SOB 01 , BAIRRO RES RECANTO DOS BURITIS",2,2,2,1,1
AUTO_ALIAS_1A1_TOTAIS_IGUAIS,goiania,159250,1565,RES VILLAGE VALLE,,R  RV6,"R RV6  CASA 02 , BAIRRO RES RIO VERDE",2,2,2,1,1
AUTO_ALIAS_1A1_TOTAIS_IGUAIS,goiania,86335,8454,RES VILLAGE VIVIAN MOURA I,,R  TN4,"R TN4 CASA 01 , BAIRRO RES TEMPO NOVO",2,2,2,1,1
AUTO_ALIAS_1A1_TOTAIS_IGUAIS,goiania,189546,6542,RES VILLAGE XAREU I,,R  DO XAREU,"R DO XAREU S/N     CASA 01 , BAIRRO JD ATLÂNTICO",2,2,2,1,1
AUTO_ALIAS_1A1_TOTAIS_IGUAIS,goiania,124788,7244,RES VILLAGE XAVIER PARQUE I,,AV JARDIM BOTANICO,"AV JARDIM BOTANICO  SOB 01 , BAIRRO BRO JARDIM BOTÂNICO",5,5,5,1,1
AUTO_ALIAS_1A1_TOTAIS_IGUAIS,goiania,295598,2287,RES VILLAGIO GUANABARA,,R  GB6,"R GB6 SOBRADO 09 , BAIRRO JD GUANABARA II",20,20,20,1,1
AUTO_ALIAS_1A1_TOTAIS_IGUAIS,goiania,169561,1631,RES VILLA IZABEL 20,,R  RI26,"R RI26  CASA 01 , BAIRRO RES ITAIPÚ",3,3,3,1,1
AUTO_ALIAS_1A1_TOTAIS_IGUAIS,goiania,342929,3133,RES VILLA REAL II,,R  SR7,"R SR7 CASA02 , BAIRRO RES RIO JORDÃO",2,2,2,1,1
AUTO_ALIAS_1A1_TOTAIS_IGUAIS,goiania,233670,11221,RES VILLA TIVOLI II,,R  MANAUS,"R MANAUS  CASA-01 , BAIRRO PRQ AMAZÔNIA",2,2,2,1,1
AUTO_ALIAS_1A1_TOTAIS_IGUAIS,goiania,294767,7050,RES VILLA VERDE,,R  J65,"R J65 SOBRADO 01 , BAIRRO S JAÓ",2,2,2,1,1
AUTO_ALIAS_1A1_TOTAIS_IGUAIS,goiania,58967,1924,RES VILLA WISA 23,,AV FONTE NOVA,"AV FONTE NOVA LT S/N CS 01 , BAIRRO S ALTO DO VALE",3,3,3,1,1
AUTO_ALIAS_1A1_TOTAIS_IGUAIS,goiania,182933,6695,RES VILLE BEY I,,R  JOAO MANOEL BARCELOS,"R JOAO MANOEL BARCELOS  CASA 03 , BAIRRO S ORIENTVILLE",3,3,3,1,1
AUTO_ALIAS_1A1_TOTAIS_IGUAIS,goiania,334064,11518,RES. VILLE DE ELISE,,R  DOM PEDRO I,"R DOM PEDRO I CASA 01 , BAIRRO RES VILLE DE FRANCE",2,2,2,1,1
AUTO_ALIAS_1A1_TOTAIS_IGUAIS,goiania,275305,11973,RES. VILLE DU HAST,,R  PRINCESA IZABEL,"R PRINCESA IZABEL CASA 01 , BAIRRO RES VILLE DE FRANCE",2,2,2,1,1
AUTO_ALIAS_1A1_TOTAIS_IGUAIS,goiania,41194,8829,RES VINCENZO,,R  SC42,"R SC42 LT 09 CS 01 , BAIRRO JD COLORADO I",2,2,2,1,1
AUTO_ALIAS_1A1_TOTAIS_IGUAIS,goiania,189174,855,RES VINICIUS,,R  DO GUAJA,"R DO GUAJA  CASA 01 , BAIRRO JD ATLÂNTICO",2,2,2,1,1
AUTO_ALIAS_1A1_TOTAIS_IGUAIS,goiania,173438,1387,RES VINICIUS FERREIRA,,R  RI37,"R RI37  CASA-01 , BAIRRO RES ITAIPÚ",2,2,2,1,1
AUTO_ALIAS_1A1_TOTAIS_IGUAIS,goiania,167590,8504,RES VINICIUS ITAIPU I,,R  W11,"R W11  CASA 01 , BAIRRO JD ITAIPÚ",2,2,2,1,1
AUTO_ALIAS_1A1_TOTAIS_IGUAIS,goiania,135149,8207,RES VISTA BELLA,,R  DR WALTER COSTA,"R DR WALTER COSTA  CASA 01 , BAIRRO JD SÃO JOSÉ",2,2,2,1,1
AUTO_ALIAS_1A1_TOTAIS_IGUAIS,goiania,147642,11071,RES VITALINA ALVES,,R  C179,"R C179  SOBRADO 01 , BAIRRO BRO JARDIM AMÉRICA",2,2,2,1,1
AUTO_ALIAS_1A1_TOTAIS_IGUAIS,goiania,266789,1521,RES VITORIA,,R  5,"R 6 CASA01 , BAIRRO JD SANTO ANTÔNIO",2,2,2,1,1
AUTO_ALIAS_1A1_TOTAIS_IGUAIS,goiania,312283,10893,RES.VITORIA,,R  GONCALVES,"R GONCALVES CASA 01 , BAIRRO VL JARDIM VITÓRIA",2,2,2,1,1
AUTO_ALIAS_1A1_TOTAIS_IGUAIS,goiania,154192,8039,RES. VITORIA 14,,R  DA VITORIA,"R DA VITORIA  CASA 02 , BAIRRO RES SANTA FÉ I",2,2,2,1,1
AUTO_ALIAS_1A1_TOTAIS_IGUAIS,goiania,290104,11429,RES. VITORIA ARAUJO,,R  CRUZEIRO DO SUL,"R CRUZEIRO DO SUL CASA 02 , BAIRRO JD BELA VISTA",2,2,2,1,1
AUTO_ALIAS_1A1_TOTAIS_IGUAIS,goiania,207325,1695,RES VITORIA IRIS E GIULIANA,,AV VALENCIA,"AV VALENCIA  CASA 01 , BAIRRO S TRÊS MARIAS",3,3,3,1,1
AUTO_ALIAS_1A1_TOTAIS_IGUAIS,goiania,58384,14003,RES VITORIA IV,,R  JOSE LUDOVICO DE ALMEIDA,"R JOSE LUDOVICO DE ALMEIDA LT S/N CASA 01 , BAIRRO RES BARRAVENTO",2,2,2,1,1
AUTO_ALIAS_1A1_TOTAIS_IGUAIS,goiania,67962,7299,RES VITORIA QUENIS JUNIOR,,R  A3,"R A3 CASA 01 , BAIRRO BRO DA VITÓRIA",2,2,2,1,1
AUTO_ALIAS_1A1_TOTAIS_IGUAIS,goiania,8879,6304,RES VITORIA REGIA I,,AV C11,"AV C11  SOB02 , BAIRRO S SUDOESTE",2,2,2,1,1
AUTO_ALIAS_1A1_TOTAIS_IGUAIS,goiania,219656,2108,RES VITORIA RIBEIRO,,R  MDV29,"R MDV29  CASA 01 , BAIRRO LOT MOINHO DOS VENTOS",2,2,2,1,1
AUTO_ALIAS_1A1_TOTAIS_IGUAIS,goiania,177301,9874,RES. VITORIA XII,,R  W11,"R W11  CASA 01 , BAIRRO RES ANA CLARA",2,2,2,1,1
AUTO_ALIAS_1A1_TOTAIS_IGUAIS,goiania,85803,13265,RES VIVENDA ALVES OLIVEIRA,,R  DONA MARIA TEREZA DE JESUS.,"R DONA MARIA TEREZA DE JESUS.  CASA 01 , BAIRRO RES SÃO BERNARDO",2,2,2,1,1
AUTO_ALIAS_1A1_TOTAIS_IGUAIS,goiania,357027,10899,RES. VIVENDA GOMES I,,R  AB11,"R AB11 CASA 01 , BAIRRO RES ALICE BARBOSA",2,2,2,1,1
AUTO_ALIAS_1A1_TOTAIS_IGUAIS,goiania,29670,1913,RES VIVENDA MAFRA I,,R  ED5,"R ED5 CASA 01 , BAIRRO S ESTRELA DALVA",2,2,2,1,1
AUTO_ALIAS_1A1_TOTAIS_IGUAIS,goiania,308587,7973,RES VIVENDA M CARDOSO I,,R  FRANCISCO BARBOSA,"R FRANCISCO BARBOSA CASA 01 , BAIRRO RES ANTÔNIO BARBOSA",2,2,2,1,1
AUTO_ALIAS_1A1_TOTAIS_IGUAIS,goiania,291007,9851,RES VIVENDA P. SILVA I,,R  AB24,"R AB24 CASA 01 , BAIRRO RES ALICE BARBOSA",4,4,4,1,1
AUTO_ALIAS_1A1_TOTAIS_IGUAIS,goiania,376695,7301,RES VIVENDAS SANTA GENOVEVA,,R  TAMBORIL,"R TAMBORIL CASA 2 , BAIRRO BRO SANTA GENOVEVA",3,3,3,1,1
AUTO_ALIAS_1A1_TOTAIS_IGUAIS,goiania,134521,6757,RES VIVER MAIS,,R  OSMAR RODRIGUES,"R OSMAR RODRIGUES  CASA 01 , BAIRRO RES BUENA VISTA III",2,2,2,1,1
AUTO_ALIAS_1A1_TOTAIS_IGUAIS,goiania,146719,6259,RES VOLARE,,R  C143,"R C143 485     SOBRADO 02 , BAIRRO BRO JARDIM AMÉRICA",4,4,4,1,1
AUTO_ALIAS_1A1_TOTAIS_IGUAIS,goiania,299295,7156,RES V.P.L. I,,R  ACP24,"R ACP24 CASA 02 , BAIRRO RES ANTONIO CARLOS PIRES",2,2,2,1,1
AUTO_ALIAS_1A1_TOTAIS_IGUAIS,goiania,183072,6514,RES. V.Q.S,,R  G8,"R G8  CASA 01 , BAIRRO S GRAJAÚ",2,2,2,1,1
AUTO_ALIAS_1A1_TOTAIS_IGUAIS,goiania,218077,7379,RES VS 17,,R  VB17,"R VB17  CASA 01 , BAIRRO RES VEREDA DOS BURITIS",3,3,3,1,1
AUTO_ALIAS_1A1_TOTAIS_IGUAIS,goiania,178926,9490,RES VS ALMEIDA BATISTA,,R  G13,"R G13  CASA 01 , BAIRRO S GRAJAÚ",2,2,2,1,1
AUTO_ALIAS_1A1_TOTAIS_IGUAIS,goiania,123263,5178,RES.V'SANTOS RESIDENCE IV,,R  THAIS CRISTINE,"R THAIS CRISTINE  CASA 01 , BAIRRO JD DAS ROSAS",2,2,2,1,1
AUTO_ALIAS_1A1_TOTAIS_IGUAIS,goiania,218697,5923,RES.V'SANTOS RESIDENCE VI,,R  FP3,"R FP3  CASA 02 , BAIRRO BRO RECREIO DO FUNCIONÁRIO PUBLICO",2,2,2,1,1
AUTO_ALIAS_1A1_TOTAIS_IGUAIS,goiania,154509,7854,RES V SANTOS RESIDENCE VII,,R  SRM16,"R SRM16  CASA 01 , BAIRRO RES VILLAGE SANTA RITA I",2,2,2,1,1
AUTO_ALIAS_1A1_TOTAIS_IGUAIS,goiania,187953,8079,RES VSDR 1,,R  DO GUAIAMUM,"R DO GUAIAMUM  CASA 01 , BAIRRO JD ATLÂNTICO",2,2,2,1,1
AUTO_ALIAS_1A1_TOTAIS_IGUAIS,goiania,210254,6646,RES VSJ JEFFFERSON,,R  PRESIDENTE JEFFERSON,"R PRESIDENTE NILO PECANHA  CASA 01 , BAIRRO JD PRESIDENTE",4,4,4,1,1
AUTO_ALIAS_1A1_TOTAIS_IGUAIS,goiania,119608,7184,RES V.S.P RESIDENCI I,,R  PN3,"R PN3  CASA 01 , BAIRRO RES PONTA NEGRA",3,3,3,1,1
AUTO_ALIAS_1A1_TOTAIS_IGUAIS,goiania,121995,7201,RES V.S.P XII,,R  TV2,"R TV2  CASA 01 , BAIRRO LOT TROPICAL VERDE",2,2,2,1,1
AUTO_ALIAS_1A1_TOTAIS_IGUAIS,goiania,126317,13008,RES V.S.P XIII,,AV CASSIMIRO J MARQUES DE ABREU,"AV CASSIMIRO J MARQUES DE ABREU  CASA 01 , BAIRRO JD MARQUES DE ABREU",3,3,3,1,1
AUTO_ALIAS_1A1_TOTAIS_IGUAIS,goiania,123081,1701,RES V.S.P XIV,,R  D. NINFA DA SILVA ABREU,"R D. NINFA DA SILVA ABREU  CASA 01 , BAIRRO JD MARQUES DE ABREU",3,3,3,1,1
AUTO_ALIAS_1A1_TOTAIS_IGUAIS,goiania,125280,2974,RES VSP XVIII,,R  ABADIO EGIDIO DA SILVA,"R ABADIO EGIDIO DA SILVA  CASA 01 , BAIRRO JD MARQUES DE ABREU",4,4,4,1,1
AUTO_ALIAS_1A1_TOTAIS_IGUAIS,goiania,121787,2131,RES V.S.P XX,,R  PN3,"R PN3  CASA 01 , BAIRRO RES PONTA NEGRA",3,3,3,1,1
AUTO_ALIAS_1A1_TOTAIS_IGUAIS,goiania,257064,2882,RES WAGNER VIEIRA RODRIGUES FILHO,,R  BM1,"R BM1 CASA 01 , BAIRRO RES BRISAS DA MATA",2,2,2,1,1
AUTO_ALIAS_1A1_TOTAIS_IGUAIS,goiania,248025,8345,RES WALDEMAR DOHLER,,R  54,"R 54 S/N SOBRADO 01 , BAIRRO JD GOIÁS",2,2,2,1,1
AUTO_ALIAS_1A1_TOTAIS_IGUAIS,goiania,317407,6744,RES WALDEMAR LUDWIG,,R  BM17,"R BM17 CASA01 , BAIRRO RES BRISAS DA MATA",2,2,2,1,1
AUTO_ALIAS_1A1_TOTAIS_IGUAIS,goiania,320917,6525,RES WALDINEY-NSM-9,,R  NSM9,"R NSM9 CASA 01 , BAIRRO RES NOSSA MORADA",2,2,2,1,1
AUTO_ALIAS_1A1_TOTAIS_IGUAIS,goiania,191911,12114,RES. WALKER ASSIS,,R  PIZA,"R PIZA  CASA 01 , BAIRRO JD EUROPA",2,2,2,1,1
AUTO_ALIAS_1A1_TOTAIS_IGUAIS,goiania,58982,8051,RES. W-ALMEIDA,,R  FN17,"R FN17 LT 18 CS 01 , BAIRRO JD FONTE NOVA",2,2,2,1,1
AUTO_ALIAS_1A1_TOTAIS_IGUAIS,goiania,37002,6928,RES. WALTER ELIAS,,R  B,"R B LT 28 CASA 01 , BAIRRO JD DAS HORTÊNCIAS",3,3,3,1,1
AUTO_ALIAS_1A1_TOTAIS_IGUAIS,goiania,187596,5991,RES.WALTER HS,,R  DO ESPADARTE,"R DO ESPADARTE  SOB 01 , BAIRRO JD ATLÂNTICO",2,2,2,1,1
AUTO_ALIAS_1A1_TOTAIS_IGUAIS,goiania,206810,6426,RES WALTER H.S.II,,R  F41,"R F41  CASA 01 , BAIRRO LOT FAIÇALVILLE",3,3,3,1,1
AUTO_ALIAS_1A1_TOTAIS_IGUAIS,goiania,149547,9723,RES WANESSA CHRISTIME,,R  C137,"R C137  CASA 01 , BAIRRO BRO JARDIM AMÉRICA",2,2,2,1,1
AUTO_ALIAS_1A1_TOTAIS_IGUAIS,goiania,53229,9240,RES W ANTONIO DE FARIA NETO I,,R  ANDRE LEAO,"R DA INDEPENDENCIA LT 08 CS 01 , BAIRRO BRO CAPUAVA",2,2,2,1,1
AUTO_ALIAS_1A1_TOTAIS_IGUAIS,goiania,194992,5446,RES WARKEN,,AV VIENA,"R GETULIO VARGAS  CASA 01 , BAIRRO JD EUROPA",2,2,2,1,1
AUTO_ALIAS_1A1_TOTAIS_IGUAIS,goiania,23304,7795,RES WASHINGTON JC 63,,R  JC63,"R JC63 CASA 02 , BAIRRO JD CURITIBA",2,2,2,1,1
AUTO_ALIAS_1A1_TOTAIS_IGUAIS,goiania,121052,6009,RES W.A.S. PALCE I,,R  LP1,"R LP1  04-07-07A CS.01 , BAIRRO RES LUANA PARK",3,3,3,1,1
AUTO_ALIAS_1A1_TOTAIS_IGUAIS,goiania,121055,8451,RES W.A.S. PLACE IV,,R  LP1,"R LP1  CASA 01 , BAIRRO RES LUANA PARK",2,2,2,1,1
AUTO_ALIAS_1A1_TOTAIS_IGUAIS,goiania,121056,8602,RES. W.A.S. PLACE V,,R  LP1,"R LP1  CASA 01 , BAIRRO RES LUANA PARK",2,2,2,1,1
AUTO_ALIAS_1A1_TOTAIS_IGUAIS,goiania,121057,9226,RES W.A.S-PLACE VI,,R  LP1,"R LP1  CASA 01 , BAIRRO RES LUANA PARK",2,2,2,1,1
AUTO_ALIAS_1A1_TOTAIS_IGUAIS,goiania,138856,6195,RES.WATSON I,,R  CON JOSE TRINDADE DA F.E SILVA,"R CON JOSE TRINDADE DA F.E SILVA  CASA 01 , BAIRRO JD SÃO JOSÉ",2,2,2,1,1
AUTO_ALIAS_1A1_TOTAIS_IGUAIS,goiania,317002,8939,RES WB,,R  RSL9,"R RSL9 CASA-01 , BAIRRO RES SÃO LEOPOLDO",2,2,2,1,1
AUTO_ALIAS_1A1_TOTAIS_IGUAIS,goiania,152252,1545,RES WCO III,,R  SR22,"R SR22  CASA 01 , BAIRRO PRQ SANTA RITA",3,3,3,1,1
AUTO_ALIAS_1A1_TOTAIS_IGUAIS,goiania,221349,5574,RES. W.C.O.J III RESIDENCE,,R  RC2,"R RC2  CASA 01 , BAIRRO RES CANADÁ",2,2,2,1,1
AUTO_ALIAS_1A1_TOTAIS_IGUAIS,goiania,222321,5783,RES.W.D.R ASSIS,,R  MDV23,"R MDV23  CASA 01 , BAIRRO LOT MOINHO DOS VENTOS",3,3,3,1,1
AUTO_ALIAS_1A1_TOTAIS_IGUAIS,goiania,34401,1171,RES WEDERSON TELES III,,R  JH34,"R JH34 LT 18 CASA 01 , BAIRRO JD DAS HORTÊNCIAS",2,2,2,1,1
AUTO_ALIAS_1A1_TOTAIS_IGUAIS,goiania,204298,7476,RES WELDER DE SOUZA,,AV OLAVO BILAC,"AV OLAVO BILAC  CASA 01 , BAIRRO JD VILA BOA",2,2,2,1,1
AUTO_ALIAS_1A1_TOTAIS_IGUAIS,goiania,274505,7646,RES WELLS,,R  JUSCELINO DA FONCECA RIBEIRO,"R JUSCELINO DA FONCECA RIBEIRO CASA 01 , BAIRRO BRO SANTO HILÁRIO",2,2,2,1,1
AUTO_ALIAS_1A1_TOTAIS_IGUAIS,goiania,254347,8295,RES WELLS II,,R  2,"R 2 CASA 01 , BAIRRO BRO SANTO HILÁRIO - EXPANSÃO",2,2,2,1,1
AUTO_ALIAS_1A1_TOTAIS_IGUAIS,goiania,325044,6474,RES WELLYDA,,R  NINA DI GREGORIO,"R NINA DI GREGORIO CASA 01 , BAIRRO JD BALNEÁRIO MEIA PONTE",2,2,2,1,1
AUTO_ALIAS_1A1_TOTAIS_IGUAIS,goiania,174478,7982,RES WENDEL RI-17,,R  RI17,"R RI17  CASA 01 , BAIRRO RES ITAIPÚ",2,2,2,1,1
AUTO_ALIAS_1A1_TOTAIS_IGUAIS,goiania,314121,8196,RES. WESLLEY NO HAWAI I,,R  H9,"R H9 CASA 02 , BAIRRO RES HAWAÍ",2,2,2,1,1
AUTO_ALIAS_1A1_TOTAIS_IGUAIS,goiania,219499,8474,RES WESTER ALVES II,,AV VEREDA DOS BURITIS,"AV VEREDA DOS BURITIS  CASA 01 , BAIRRO LOT MOINHO DOS VENTOS",2,2,2,1,1
AUTO_ALIAS_1A1_TOTAIS_IGUAIS,goiania,102666,6493,RES WESTER I,,AV WAGNER STELITA CAMPOS,"AV WAGNER STELITA CAMPOS CASA 01 , BAIRRO CJ VERA CRUZ",6,6,6,1,1
AUTO_ALIAS_1A1_TOTAIS_IGUAIS,goiania,105250,8784,RES WF JUNIOR I,,AV VINICIUS DE MORAES,"AV VINICIUS DE MORAES  CASA 01 , BAIRRO RES PORTINARI",2,2,2,1,1
AUTO_ALIAS_1A1_TOTAIS_IGUAIS,goiania,278764,8918,RES WF SILVA I,,R  41,"R 41 295     CASA 01 , BAIRRO S CENTRO OESTE",2,2,2,1,1
AUTO_ALIAS_1A1_TOTAIS_IGUAIS,goiania,177202,7772,RES W II,,R  W11,"R W11  CASA 01 , BAIRRO JD ITAIPÚ",3,3,3,1,1
AUTO_ALIAS_1A1_TOTAIS_IGUAIS,goiania,154319,1751,RES WILLIAM GUIDA I,,R  ALUISIO ALVARENGA,"R ALUISIO ALVARENGA  CASA 01 , BAIRRO RES SANTA FÉ",3,3,3,1,1
AUTO_ALIAS_1A1_TOTAIS_IGUAIS,goiania,306083,10294,RES. WILLIANS JUNIOR,,R  BACURI,"R BACURI CASA 01 , BAIRRO JD MARILIZA",2,2,2,1,1
AUTO_ALIAS_1A1_TOTAIS_IGUAIS,goiania,354310,7128,RES WILSON-4,,AV CRISTAL,"AV CRISTAL CASA 01 , BAIRRO RES VALE DO ARAGUAIA",2,2,2,1,1
AUTO_ALIAS_1A1_TOTAIS_IGUAIS,goiania,158969,6820,RES WILSON ALVES I,,R  SB23,"R SB23  CASA 01 , BAIRRO RES SOLAR BOUGAINVILLE",3,3,3,1,1
AUTO_ALIAS_1A1_TOTAIS_IGUAIS,goiania,152482,8174,RES WIRLLAN FERREIRA II,,AV ALPHAVILLE,"AV ALPHAVILLE  CASA 01 , BAIRRO LOT ALPHAVILLE RESIDENCIAL",4,4,4,1,1
AUTO_ALIAS_1A1_TOTAIS_IGUAIS,goiania,174715,6162,RES.WJA I,,R  W10,"R W10  C-1 , BAIRRO JD ITAIPÚ",3,3,3,1,1
AUTO_ALIAS_1A1_TOTAIS_IGUAIS,goiania,296419,8790,RES WL XXI,,R  SR22,"R SR22 CASA 01 , BAIRRO S RECANTO DAS MINAS GERAIS",3,3,3,1,1
AUTO_ALIAS_1A1_TOTAIS_IGUAIS,goiania,195462,7525,RES WM,,R  V8,"R V8  CASA-01 , BAIRRO VL REZENDE",2,2,2,1,1
AUTO_ALIAS_1A1_TOTAIS_IGUAIS,goiania,280816,5335,RES WM JAO 2,,AV BELO HORIZONTE,"R J12 SOBRADO 01 , BAIRRO S JAÓ",4,4,4,1,1
AUTO_ALIAS_1A1_TOTAIS_IGUAIS,goiania,394430,5986,RES. W.M. LIMA I,,R  SANTA TEREZINHA,"R SANTA TEREZINHA CASA 01 , BAIRRO VL JARDIM VITÓRIA",2,2,2,1,1
AUTO_ALIAS_1A1_TOTAIS_IGUAIS,goiania,177282,7144,RES.W.P.F.I,,R  AC1,"R AC1  CASA 01 , BAIRRO RES ANA CLARA",2,2,2,1,1
AUTO_ALIAS_1A1_TOTAIS_IGUAIS,goiania,177281,7203,RES W.P.F. II,,R  AC1,"R AC1  CASA 01 , BAIRRO RES ANA CLARA",2,2,2,1,1
AUTO_ALIAS_1A1_TOTAIS_IGUAIS,goiania,177263,7145,RES.W.P.F III,,R  AC1,"R AC1  CASA 01 , BAIRRO RES ANA CLARA",2,2,2,1,1
AUTO_ALIAS_1A1_TOTAIS_IGUAIS,goiania,124918,9411,RES W.S.I,,R  SM30,"R SM30  CASA 01 , BAIRRO RES SÃO MARCOS",2,2,2,1,1
AUTO_ALIAS_1A1_TOTAIS_IGUAIS,goiania,59106,6206,RES. WW I,,R  MANOEL MARINI,"R MANOEL MARINI LT 19 CS 01 , BAIRRO RES BARRAVENTO",2,2,2,1,1
AUTO_ALIAS_1A1_TOTAIS_IGUAIS,goiania,188665,2025,RES XAREU ROSA,,R  DO XAREU,"R DO XAREU  CASA 01 , BAIRRO JD ATLÂNTICO",2,2,2,1,1
AUTO_ALIAS_1A1_TOTAIS_IGUAIS,goiania,251930,5766,RES.XAVIER,,R  J8,"R J2 C-1 , BAIRRO S JAÓ",3,3,3,1,1
AUTO_ALIAS_1A1_TOTAIS_IGUAIS,goiania,175708,1655,RES XAVIER BARBOSA I,,R  60,"R 60 144     CASA 01 , BAIRRO CON DAS ESMERALDAS",2,2,2,1,1
AUTO_ALIAS_1A1_TOTAIS_IGUAIS,goiania,361142,2562,RES XAVIER CUNHA I,,R  BM26,"R BM26 CASA01 , BAIRRO RES BRISAS DA MATA",2,2,2,1,1
AUTO_ALIAS_1A1_TOTAIS_IGUAIS,goiania,126570,13312,RES XAVIER DE GODOY RESIDENCE,,R  SM1,"R SM1  CASA 01 , BAIRRO RES SÃO MARCOS",2,2,2,1,1
AUTO_ALIAS_1A1_TOTAIS_IGUAIS,goiania,233181,10451,RES XAVIER MATTOS,,R  BELO HORIZONTE,"R BELO HORIZONTE  CASA 01 , BAIRRO PRQ AMAZÔNIA",2,2,2,1,1
AUTO_ALIAS_1A1_TOTAIS_IGUAIS,goiania,159533,7051,RES XAVIER RV 04,,R  RV4,"R RV4  CASA 01 , BAIRRO RES RIO VERDE",2,2,2,1,1
AUTO_ALIAS_1A1_TOTAIS_IGUAIS,goiania,62103,13558,RES XIMENES,,R  C92,"R C92 LT 12 CASA 01 , BAIRRO S SUDOESTE",2,2,2,1,1
AUTO_ALIAS_1A1_TOTAIS_IGUAIS,goiania,194880,5582,RES XIMENES 21,,R  BELGICA,"R BELGICA  CASA 02 , BAIRRO JD EUROPA",2,2,2,1,1
AUTO_ALIAS_1A1_TOTAIS_IGUAIS,goiania,191720,11527,RES XIMENES 6,,R  POCOS DE CALDAS,"R POCOS DE CALDAS LT 12 CASA 01 , BAIRRO JD ANA LÚCIA",2,2,2,1,1
AUTO_ALIAS_1A1_TOTAIS_IGUAIS,goiania,193562,5835,RES. XIMENES BARBOSA I,,R  PIRAPORA,"R PIRAPORA  CASA 01 , BAIRRO JD ANA LÚCIA",2,2,2,1,1
AUTO_ALIAS_1A1_TOTAIS_IGUAIS,goiania,190558,10869,RES. XIMENES XV,,R  MONTE BRANCO,"R MONTE BRANCO  CASA 01 , BAIRRO JD PLANALTO",2,2,2,1,1
AUTO_ALIAS_1A1_TOTAIS_IGUAIS,goiania,194881,3387,RES XIMENES XXIX,,R  BELGICA,"R BELGICA S/N     CASA 02 , BAIRRO JD EUROPA",2,2,2,1,1
AUTO_ALIAS_1A1_TOTAIS_IGUAIS,goiania,194038,1411,RES XIMENES XXX,,R  OURO PRETO,"R OURO PRETO LT 06 CS 01 , BAIRRO JD ANA LÚCIA",2,2,2,1,1
AUTO_ALIAS_1A1_TOTAIS_IGUAIS,goiania,233512,749,RES XINGU,,R  CANANEIA,"R CANANEIA  CASA 01 , BAIRRO PRQ AMAZÔNIA",2,2,2,1,1
AUTO_ALIAS_1A1_TOTAIS_IGUAIS,goiania,264854,4729,RES.XIX DAN,,R  JOSE DE SOUZA BEIXIGA,"R JOSE DE SOUZA BEIXIGA  CASA 01 , BAIRRO RES MARIA LOURENÇA",2,2,2,1,1
AUTO_ALIAS_1A1_TOTAIS_IGUAIS,goiania,15460,2566,RES XV DAN,,R  19 DE NOVEMBRO,"R 19 DE NOVEMBRO CASA01 , BAIRRO S ESTRELA DALVA",2,2,2,1,1
AUTO_ALIAS_1A1_TOTAIS_IGUAIS,goiania,395358,6258,RES XXI DAN,,R  JOSE DE SOUZA BEIXIGA,"R JOSE DE SOUZA BEIXIGA  CASA 01 , BAIRRO RES MARIA LOURENÇA",2,2,2,1,1
AUTO_ALIAS_1A1_TOTAIS_IGUAIS,goiania,308958,8324,RES XXII DAN,,R  CR4,"R CR4  CASA 01 , BAIRRO RES ITÁLIA",2,2,2,1,1
AUTO_ALIAS_1A1_TOTAIS_IGUAIS,goiania,138352,8175,RES YALLE CUNHA 28,,R  PE NELSON ANTONINO,"R PE NELSON ANTONINO  C02 , BAIRRO JD SÃO JOSÉ",2,2,2,1,1
AUTO_ALIAS_1A1_TOTAIS_IGUAIS,goiania,352902,420,RES YANCOVITH,,R  12,"R 12 CASA 01 , BAIRRO JD SANTO ANTÔNIO",2,2,2,1,1
AUTO_ALIAS_1A1_TOTAIS_IGUAIS,goiania,279257,11698,RES YASMIN,,R  MA2,"R MA2 CASA 01 , BAIRRO RES OLINDA",2,2,2,1,1
AUTO_ALIAS_1A1_TOTAIS_IGUAIS,goiania,323307,6402,RES.YASMIN,,R  JOSE BENEDITO DE MORAIS,"R JOSE BENEDITO DE MORAIS C-1 , BAIRRO RES VALE DO ARAGUAIA",2,2,2,1,1
AUTO_ALIAS_1A1_TOTAIS_IGUAIS,goiania,156430,1648,RES YASMIN VILLAGE I,,R  FV28,"R FV28  CASA 01 , BAIRRO RES FORTE VILLE - EXTENSÃO",2,2,2,1,1
AUTO_ALIAS_1A1_TOTAIS_IGUAIS,goiania,143878,1686,RES YTAPUA,,R  RY8,"R RY8  CASA 02 , BAIRRO RES YTAPUÃ",2,2,2,1,1
AUTO_ALIAS_1A1_TOTAIS_IGUAIS,goiania,168430,12468,RES. YURI II,,R  70,"R 70  CASA 01 , BAIRRO CON DAS ESMERALDAS",2,2,2,1,1
AUTO_ALIAS_1A1_TOTAIS_IGUAIS,goiania,130673,5654,RES YURIKO TOMO V,,R  NOSSA SRA. DA ABADIA,"R NOSSA SRA. DA ABADIA  CASA 01 , BAIRRO JD MARQUES DE ABREU",2,2,2,1,1
AUTO_ALIAS_1A1_TOTAIS_IGUAIS,goiania,365070,2091,RES Z3 II,,AV TUPIRAMA,"AV TUPIRAMA NS SOBRADO 01 , BAIRRO LOT SHANGRY-LA",8,8,8,1,1
AUTO_ALIAS_1A1_TOTAIS_IGUAIS,goiania,182746,9023,RES ZACCOLI DI BORBA III,,R  DUQUE DE CAXIAS,"R DUQUE DE CAXIAS  CASA 01 , BAIRRO S CRISTINA",2,2,2,1,1
AUTO_ALIAS_1A1_TOTAIS_IGUAIS,goiania,349453,9035,RES ZAFRED I,,R  RB2,"R RB2 CASA 01 , BAIRRO RES RECANTO DO BOSQUE",2,2,2,1,1
AUTO_ALIAS_1A1_TOTAIS_IGUAIS,goiania,271973,10452,RES ZAGAIA,,R  R4,"R R4 S/N     CASA 02 , BAIRRO S OESTE",2,2,2,1,1
AUTO_ALIAS_1A1_TOTAIS_IGUAIS,goiania,198376,2686,RES ZANNINI,,R  PRESIDENTE HEUSS,"R PRESIDENTE HEUSS  CASA 01 , BAIRRO JD PRESIDENTE",2,2,2,1,1
AUTO_ALIAS_1A1_TOTAIS_IGUAIS,goiania,248409,5566,RES.ZELIA MARIA XI,,AV CRISTIANO MACHADO,"AV CRISTIANO MACHADO CASA 01 , BAIRRO LOT GRANDE RETIRO",2,2,2,1,1
AUTO_ALIAS_1A1_TOTAIS_IGUAIS,goiania,154160,6351,RES ZENITE ELI FORTES,,R  EF11,"R EF11  CASA 01 , BAIRRO JD ELI FORTE - COMPLEMENTO",2,2,2,1,1
AUTO_ALIAS_1A1_TOTAIS_IGUAIS,goiania,168392,2713,RES ZENITE ESMERALDA,,R  56,"R 56  CASA01 , BAIRRO CON DAS ESMERALDAS",2,2,2,1,1
AUTO_ALIAS_1A1_TOTAIS_IGUAIS,goiania,155675,6298,RES. ZENITE SANTA FE,,R  PARIS,"R PARIS  C-1 , BAIRRO RES SANTA FÉ",2,2,2,1,1
AUTO_ALIAS_1A1_TOTAIS_IGUAIS,goiania,129904,1958,RES ZILMA OLIVEIRA,,R  ORLANDO M. DE ABREU,"R ORLANDO M. DE ABREU  CASA01 , BAIRRO JD MARQUES DE ABREU",2,2,2,1,1
AUTO_ALIAS_1A1_TOTAIS_IGUAIS,goiania,366557,1251,RES ZITA SILVERIO MOURA,,AV DOM PEDRO I,"AV DOM PEDRO I S/N CASA 01 , BAIRRO SIR MANSÕES DO CAMPUS",6,6,6,1,1
AUTO_ALIAS_1A1_TOTAIS_IGUAIS,goiania,231968,3351,RES ZURIEL I,,R  1108,"R 1111  CASA 01 , BAIRRO S PEDRO LUDOVICO",2,2,2,1,1
AUTO_ALIAS_1A1_TOTAIS_IGUAIS,goiania,165904,6398,RE.VC VII,,AV RITA CAETANO,"AV RITA CAETANO  CASA 01 , BAIRRO RES SANTA FÉ I",3,3,3,1,1
AUTO_ALIAS_1A1_TOTAIS_IGUAIS,goiania,165521,11378,REWS ALVES FERNANDES II,,AV SAO FRANCISCO DE ASSIS,"AV SAO FRANCISCO DE ASSIS  CASA 01 , BAIRRO RES SANTA FÉ",2,2,2,1,1
AUTO_ALIAS_1A1_TOTAIS_IGUAIS,goiania,77338,13416,REZENDE,,R  JOAO CARVALHO REZENDE,"R JOAO CARVALHO REZENDE  CASA 01 , BAIRRO JD REAL",2,2,2,1,1
AUTO_ALIAS_1A1_TOTAIS_IGUAIS,goiania,132079,1697,REZENTE DE PAULA V,,R  SM27,"R SM27  CASA 01 , BAIRRO RES SÃO MARCOS",2,2,2,1,1
AUTO_ALIAS_1A1_TOTAIS_IGUAIS,goiania,61680,7014,RIBEIRO COSTA FONTE DEZ,,R  FN4,"R FN4 LT 08 CS 01 , BAIRRO JD FONTE NOVA",3,3,3,1,1
AUTO_ALIAS_1A1_TOTAIS_IGUAIS,goiania,16698,3096,RIBEIRO NARDES II,,R  ALVORECER,"R ALVORECER LT 14 CS 01 , BAIRRO S MORADA DO SOL",2,2,2,1,1
AUTO_ALIAS_1A1_TOTAIS_IGUAIS,goiania,255968,10717,RICCIOPPO,,AV SEXTA AVENIDA,"AV SEXTA AVENIDA LOJA 02 , BAIRRO S LESTE VILA NOVA",4,4,4,1,1
AUTO_ALIAS_1A1_TOTAIS_IGUAIS,goiania,169578,5388,RIO ARAGUAIA XIV,,R  RI25,"R RI25  CASA 01 , BAIRRO RES ITAIPÚ",2,2,2,1,1
AUTO_ALIAS_1A1_TOTAIS_IGUAIS,goiania,173338,5568,RIO ARAGUAIA XXII,,R  W2,"R W2  CASA 01 , BAIRRO JD ITAIPÚ",2,2,2,1,1
AUTO_ALIAS_1A1_TOTAIS_IGUAIS,goiania,173336,5744,RIO ARAGUAIA XXIII,,R  W2,"R W2  CASA 01 , BAIRRO JD ITAIPÚ",2,2,2,1,1
AUTO_ALIAS_1A1_TOTAIS_IGUAIS,goiania,78795,1834,RIO DAS GARCAS,,R  RIO MEIA PONTE,"R RIO MEIA PONTE  CASA-01 , BAIRRO JD NOVO PETRÓPOLIS",2,2,2,1,1
AUTO_ALIAS_1A1_TOTAIS_IGUAIS,goiania,239137,379,RIO FORMOSO,,R  T36,"R T36 SN      CASA01 , BAIRRO S BUENO",3,3,3,1,1
AUTO_ALIAS_1A1_TOTAIS_IGUAIS,goiania,142177,2191,RMA PASCOAL XXIII,,R  RMP22,"R RMP22  CASA 01 , BAIRRO RES MONTE PASCOAL",2,2,2,1,1
AUTO_ALIAS_1A1_TOTAIS_IGUAIS,goiania,141519,2223,RM PASCOAL XIII,,R  RMP13,"R RMP13  CASA 01 , BAIRRO RES MONTE PASCOAL",2,2,2,1,1
AUTO_ALIAS_1A1_TOTAIS_IGUAIS,goiania,142013,2222,RM PASCOAL XXII,,R  RMP22,"R RMP22  CASA 01 , BAIRRO RES MONTE PASCOAL",2,2,2,1,1
AUTO_ALIAS_1A1_TOTAIS_IGUAIS,goiania,228839,801,ROBERTA,,R  210,"R 210 S/N     LOJA 02 , BAIRRO S COIMBRA",19,19,19,1,1
AUTO_ALIAS_1A1_TOTAIS_IGUAIS,goiania,222190,6358,ROCHA-469,,AV TORONTO,"AV TORONTO  CASA 01 , BAIRRO RES CANADÁ",2,2,2,1,1
AUTO_ALIAS_1A1_TOTAIS_IGUAIS,goiania,128449,5786,RODRIGUES COQUEIRO RESIDENCE II,,R  CP28,"R CP28 S/N     CASA 01 , BAIRRO LOT CAROLINA PARQUE EXTENSÃO",3,3,3,1,1
AUTO_ALIAS_1A1_TOTAIS_IGUAIS,goiania,3670,1857,RODRIGUES DA ROCHA,,R  ITUMBIARA,"R ITUMBIARA LT S/N . , BAIRRO BRO CIDADE JARDIM",2,2,2,1,1
AUTO_ALIAS_1A1_TOTAIS_IGUAIS,goiania,159837,1671,RODRIGUES DE MELO VIII,,R  SR11,"R SR11  CASA 01 , BAIRRO VLG SANTA RITA",2,2,2,1,1
AUTO_ALIAS_1A1_TOTAIS_IGUAIS,goiania,114926,2029,RODRIGUES SOARES I,,R  TV12,"R TV12  CASA 01 , BAIRRO LOT TROPICAL VERDE",2,2,2,1,1
AUTO_ALIAS_1A1_TOTAIS_IGUAIS,goiania,300146,4990,ROGER SANTO HILARIO,,R  SH5,"R SH5 SN      CASA 01 , BAIRRO BRO SANTO HILÁRIO - EXPANSÃO",2,2,2,1,1
AUTO_ALIAS_1A1_TOTAIS_IGUAIS,goiania,352090,802,ROLIMAN,,AV ANHANGUERA,"AV ANHANGUERA 5964    SALA 103 , BAIRRO S CAMPINAS",14,14,14,1,1
AUTO_ALIAS_1A1_TOTAIS_IGUAIS,goiania,221948,5540,ROSA BATISTA RESIDENCE II,,R  MARIA CAROLINA DE JESUS,"R MARIA CAROLINA DE JESUS  CASA 01 , BAIRRO RES ELI FORTE",2,2,2,1,1
AUTO_ALIAS_1A1_TOTAIS_IGUAIS,goiania,193220,5752,ROSA DOS VENTOS I,,R  GENERAL OSORIO,"R GENERAL OSORIO  CASA 01 , BAIRRO PRQ ANHANGÜERA",2,2,2,1,1
AUTO_ALIAS_1A1_TOTAIS_IGUAIS,goiania,368407,804,ROSANE,,AV PARANAIBA,"AV PARANAIBA 126 AP 02 , BAIRRO S CENTRAL",24,24,24,1,1
AUTO_ALIAS_1A1_TOTAIS_IGUAIS,goiania,201342,1867,ROSA RIBEIRO,,AV BENEDICTO GONCALVES DE ARAUJO,"AV BENEDICTO GONCALVES DE ARAUJO  CASA 01 , BAIRRO S TRÊS MARIAS",2,2,2,1,1
AUTO_ALIAS_1A1_TOTAIS_IGUAIS,goiania,117005,5843,RS. NOVA JERUZALEM,,R  2,"R 2  CASA-01 , BAIRRO RES PONTA NEGRA",2,2,2,1,1
AUTO_ALIAS_1A1_TOTAIS_IGUAIS,goiania,292688,6091,RS.TTAF XLV,,R  OM21,"R OM21 C-2 , BAIRRO RES ANTONIO CARLOS PIRES",2,2,2,1,1
AUTO_ALIAS_1A1_TOTAIS_IGUAIS,goiania,155687,5882,SAGRADA FAMILIA-586,,R  EF5,"R EF5  CASA 02 , BAIRRO JD ELI FORTE",2,2,2,1,1
AUTO_ALIAS_1A1_TOTAIS_IGUAIS,goiania,127050,6499,SAGRADA FAMILIA-630,,R  CP41,"R CP41  CASA 01 , BAIRRO LOT CAROLINA PARQUE EXTENSÃO",3,3,3,1,1
AUTO_ALIAS_1A1_TOTAIS_IGUAIS,goiania,59916,2115,SALATIEL IV,,R  FN22,"R FN22 LT 26 CS 01 , BAIRRO JD FONTE NOVA",3,3,3,1,1
AUTO_ALIAS_1A1_TOTAIS_IGUAIS,goiania,251976,14002,SALES YASHIDA,,R  ARAPONGA,"R ARAPONGA CASA 01 , BAIRRO BRO SANTA GENOVEVA",2,2,2,1,1
AUTO_ALIAS_1A1_TOTAIS_IGUAIS,goiania,200053,2151,SAMUEL PEREIRA,,R  MARIA GONCALVES DE ARAUJO,"R MARIA GONCALVES DE ARAUJO  SOB 01 , BAIRRO S TRÊS MARIAS",2,2,2,1,1
AUTO_ALIAS_1A1_TOTAIS_IGUAIS,goiania,307378,5962,SANTANA,,AV GAMELEIRA,"AV GAMELEIRA S/N CASA 01 , BAIRRO JD BRASIL",2,2,2,1,1
AUTO_ALIAS_1A1_TOTAIS_IGUAIS,goiania,159314,1536,SANTANA BERIGO I,,AL HERMINIO COELHO DE MORAES,"AL HERMINIO COELHO DE MORAES  CASA 01 , BAIRRO RES RIO VERDE",2,2,2,1,1
AUTO_ALIAS_1A1_TOTAIS_IGUAIS,goiania,139220,5848,SANTIAGO DE ASSIS RESIDENCE I,,R  OSMAR RODRIGUES,"R OSMAR RODRIGUES  CASA 01 , BAIRRO RES BUENA VISTA III",2,2,2,1,1
AUTO_ALIAS_1A1_TOTAIS_IGUAIS,goiania,217963,6416,SANTOS-711,,R  VB48,"R VB48  CASA 01 , BAIRRO RES VEREDA DOS BURITIS",2,2,2,1,1
AUTO_ALIAS_1A1_TOTAIS_IGUAIS,goiania,129244,5778,SANTOS E BESSA RES I,,R  N18,"R N18  CASA 01 , BAIRRO S DAS NAÇÕES EXTENSÃO",2,2,2,1,1
AUTO_ALIAS_1A1_TOTAIS_IGUAIS,goiania,177810,6604,SANTOS REIS,,R  RI15,"R RI15  CASA 01 , BAIRRO RES ITAIPÚ",2,2,2,1,1
AUTO_ALIAS_1A1_TOTAIS_IGUAIS,goiania,223427,11054,SAN UM,,R  CARANHA,"R CARANHA  CASA-01 , BAIRRO RES AQUÁRIOS",2,2,2,1,1
AUTO_ALIAS_1A1_TOTAIS_IGUAIS,goiania,389751,327,SAO JORGE,,AV D,"AV D 4492    AP 401 , BAIRRO S OESTE",4,4,4,1,1
AUTO_ALIAS_1A1_TOTAIS_IGUAIS,goiania,334930,818,SAO JORGE,,AV TOCANTINS,"AV TOCANTINS 1200 AP 102 , BAIRRO S AEROPORTO",18,18,18,1,1
AUTO_ALIAS_1A1_TOTAIS_IGUAIS,goiania,292572,6874,SAO LEOPOLDO L 17,,R  RSL1,"R RSL1 CASA 01 , BAIRRO RES SÃO LEOPOLDO - COMPLEMENTO",2,2,2,1,1
AUTO_ALIAS_1A1_TOTAIS_IGUAIS,goiania,296466,6966,SAO LEOPOLDO L-18,,R  RSL1,"R RSL10 CASA 02 , BAIRRO RES SÃO LEOPOLDO - COMPLEMENTO",2,2,2,1,1
AUTO_ALIAS_1A1_TOTAIS_IGUAIS,goiania,300409,6679,SAO LEOPOLDO L-19,,R  RSL1,"R RSL1 CASA 01 , BAIRRO RES SÃO LEOPOLDO - COMPLEMENTO",2,2,2,1,1
AUTO_ALIAS_1A1_TOTAIS_IGUAIS,goiania,287961,6873,SAO LEOPOLDO RSL 1,,R  RSL1,"R RSL10 CASA 01 , BAIRRO RES SÃO LEOPOLDO - COMPLEMENTO",2,2,2,1,1
AUTO_ALIAS_1A1_TOTAIS_IGUAIS,goiania,175405,6712,SC SOARES,,R  AC4,"R AC4  CASA 01 , BAIRRO RES ANA CLARA",2,2,2,1,1
AUTO_ALIAS_1A1_TOTAIS_IGUAIS,goiania,361455,5893,SENOMAR SILVERIO,,R  RB2,"R RB2 CASA 01 , BAIRRO RES RECANTO DO BOSQUE",2,2,2,1,1
AUTO_ALIAS_1A1_TOTAIS_IGUAIS,goiania,401041,2284,SHOPPING CENTER SUL,,R  134,"R 134 S/N     L 01 , BAIRRO S OESTE",63,63,63,1,1
AUTO_ALIAS_1A1_TOTAIS_IGUAIS,goiania,131929,6368,SILVA-459,,R  CP 50,"R CP 50  CASA 01 , BAIRRO LOT CAROLINA PARQUE - COMPLEMENTO",2,2,2,1,1
AUTO_ALIAS_1A1_TOTAIS_IGUAIS,goiania,166782,6793,SILVA DOS SANTOS I,,R  RI12,"R RI12  CASA 01 , BAIRRO RES ITAIPÚ",2,2,2,1,1
AUTO_ALIAS_1A1_TOTAIS_IGUAIS,goiania,157476,9207,SILVA VIANA I,,R  R10,"R R10  CASA 01 , BAIRRO S SOLAR SANTA RITA",2,2,2,1,1
AUTO_ALIAS_1A1_TOTAIS_IGUAIS,goiania,345027,6831,SILVERIO CABRAL I,,R  RB16,"R RB16 CASA01 , BAIRRO RES RECANTO DO BOSQUE",2,2,2,1,1
AUTO_ALIAS_1A1_TOTAIS_IGUAIS,goiania,317344,2149,SIQUEIRA XV,,AV SAMAMBAIA,"AV SAMAMBAIA CASA 01 , BAIRRO RES ANTONIO CARLOS PIRES",2,2,2,1,1
AUTO_ALIAS_1A1_TOTAIS_IGUAIS,goiania,118306,6778,SOARES-811,,R  EDUARDO FORTES,"R EDUARDO FORTES  CASA 01 , BAIRRO LOT LORENA PARQUE",2,2,2,1,1
AUTO_ALIAS_1A1_TOTAIS_IGUAIS,goiania,127262,6836,SOARES DE OLIVEIRA I,,R  EX. ALEIXO MARQUES C. DE ABREU,"R EX. ALEIXO MARQUES C. DE ABREU  CASA 01 , BAIRRO JD MARQUES DE ABREU",2,2,2,1,1
AUTO_ALIAS_1A1_TOTAIS_IGUAIS,goiania,343719,1528,SOLAR ANA ROSA II,,R  AB19,"R AB19 CASA 01 , BAIRRO RES ALICE BARBOSA",2,2,2,1,1
AUTO_ALIAS_1A1_TOTAIS_IGUAIS,goiania,195130,1556,SOLAR BRENNER,,R  SEVILHA,"CASA 01 , BAIRRO JD EUROPA",5,5,5,1,1
AUTO_ALIAS_1A1_TOTAIS_IGUAIS,goiania,190476,1333,SOLAR FIGUEIREDO,,R  MONTE CASTELO,"R MONTE CASTELO S/N     CASA 01 , BAIRRO JD PLANALTO",2,2,2,1,1
AUTO_ALIAS_1A1_TOTAIS_IGUAIS,goiania,316174,10506,SOLAR PAULO HENRIQUE,,R  AB19,"R AB19 CASA 01 , BAIRRO RES ALICE BARBOSA",2,2,2,1,1
AUTO_ALIAS_1A1_TOTAIS_IGUAIS,goiania,139144,5539,SOLAR SAO JOSE XXII,,R  NAZARENO RORIZ,"R NAZARENO RORIZ  CASA 02 , BAIRRO JD SÃO JOSÉ",2,2,2,1,1
AUTO_ALIAS_1A1_TOTAIS_IGUAIS,goiania,143667,1431,SOLAR SAO JOSE XXIX,,R  DOM CELSO PEREIRA DE ALMEIDA,"R DOM CELSO PEREIRA DE ALMEIDA  CASA 01 , BAIRRO JD SÃO JOSÉ",2,2,2,1,1
AUTO_ALIAS_1A1_TOTAIS_IGUAIS,goiania,143287,6968,SOLAR SAO JOSE XXXIV,,R  MONS ALDORANDO MENDES,"R MONS ALDORANDO MENDES  CASA 02 , BAIRRO JD SÃO JOSÉ",2,2,2,1,1
AUTO_ALIAS_1A1_TOTAIS_IGUAIS,goiania,140560,2224,SOLAR VIEIRAS II,,R  MONS PRIMO VIEIRA,"R MONS PRIMO VIEIRA  CASA 01 , BAIRRO JD SÃO JOSÉ",2,2,2,1,1
AUTO_ALIAS_1A1_TOTAIS_IGUAIS,goiania,299942,6166,SONHO CALIFORNIA,,R  URUCARA,"R URUCARA S/N APT 01 , BAIRRO BRO JARDIM CALIFÓRNIA",5,5,5,1,1
AUTO_ALIAS_1A1_TOTAIS_IGUAIS,goiania,152889,5709,SOUZA BARCELOS RESIDENCE II,,R  DAS FADAS,"R DAS FADAS  CASA 01 , BAIRRO RES SANTA FÉ I",2,2,2,1,1
AUTO_ALIAS_1A1_TOTAIS_IGUAIS,goiania,182603,1334,SOUZA DE VILLE,,R  JOAO MANOEL DE AGUIAR,"R ADELI GUIRADELLI  CASA01 , BAIRRO S ORIENTVILLE",2,2,2,1,1
AUTO_ALIAS_1A1_TOTAIS_IGUAIS,goiania,266676,5640,SOUZA E CRUVINEL,,R  SR32,"R SR32 CASA 01 , BAIRRO S RECANTO DAS MINAS GERAIS",2,2,2,1,1
AUTO_ALIAS_1A1_TOTAIS_IGUAIS,goiania,138447,1623,SOUZA ROSA I,,R  RY10,"R RY6  CASA 02 , BAIRRO JD SÃO JOSÉ",2,2,2,1,1
AUTO_ALIAS_1A1_TOTAIS_IGUAIS,goiania,61718,2127,STAR WARS I,,R  RP9,"R RP9 08 CS 01 , BAIRRO RES RECREIO PANORAMA",3,3,3,1,1
AUTO_ALIAS_1A1_TOTAIS_IGUAIS,goiania,159527,2194,SUCUPIRA III,,R  ANTONIO LUIZ DE PINA,"R ANTONIO LUIZ DE PINA  CASA 01 , BAIRRO RES SANTA FÉ",2,2,2,1,1
AUTO_ALIAS_1A1_TOTAIS_IGUAIS,goiania,382457,11451,SUZETH REZENDE,,R  BM17,"R BM17 CASA 01 , BAIRRO RES BRISAS DA MATA",2,2,2,1,1
AUTO_ALIAS_1A1_TOTAIS_IGUAIS,goiania,159493,1776,SUZI & ALICE,,R  FABIO NASSER,"R FABIO NASSER  CASA 01 , BAIRRO RES KÁTIA",2,2,2,1,1
AUTO_ALIAS_1A1_TOTAIS_IGUAIS,goiania,177813,6296,TAVARES,,R  RI15,"R RI32  CASA 01 , BAIRRO RES ITAIPÚ",4,4,4,1,1
AUTO_ALIAS_1A1_TOTAIS_IGUAIS,goiania,87636,910,TAYNARA LL,,R  CRUZ DE MALTA,"R CRUZ DE MALTA CASA 01 , BAIRRO JD PETRÓPOLIS",2,2,2,1,1
AUTO_ALIAS_1A1_TOTAIS_IGUAIS,goiania,126223,6097,TEIXEIRA LEITE 01,,R  SM15,"R SM15  CASA 01 , BAIRRO RES SÃO MARCOS",2,2,2,1,1
AUTO_ALIAS_1A1_TOTAIS_IGUAIS,goiania,123346,5510,TEIXEIRA LEITE 02,,R  SM15,"R SM15  CASA 01 , BAIRRO RES SÃO MARCOS",3,3,3,1,1
AUTO_ALIAS_1A1_TOTAIS_IGUAIS,goiania,77672,6432,TEMPO-942,,R  SALOA,"R SALOA  CASA 01 , BAIRRO LOT TROPICAL VILLE",2,2,2,1,1
AUTO_ALIAS_1A1_TOTAIS_IGUAIS,goiania,316879,2014,THE VICTORY,,R  3,"R 3 CASA 01 , BAIRRO JD SANTO ANTÔNIO",3,3,3,1,1
AUTO_ALIAS_1A1_TOTAIS_IGUAIS,goiania,61100,4789,TH MACHADO I,,R  ANADIA LEITE PINHEIRO,"R ANADIA LEITE PINHEIRO LT41 CASA 01 , BAIRRO RES BARRAVENTO",2,2,2,1,1
AUTO_ALIAS_1A1_TOTAIS_IGUAIS,goiania,158930,6411,THOMPSON OLIVEIRA,,R  SRM23,"R SRM23  CASA 01 , BAIRRO RES VILLAGE SANTA RITA III",2,2,2,1,1
AUTO_ALIAS_1A1_TOTAIS_IGUAIS,goiania,79875,12129,TOMEYOCHI FUKUDA,,R  TOMAZ SOARES,"R TOMAZ SOARES CASA 01 , BAIRRO RES SOLAR VILLE",2,2,2,1,1
AUTO_ALIAS_1A1_TOTAIS_IGUAIS,goiania,184656,6159,TOP CASAS RESIDENCE II,,R  3B,"R 3B  C-1 , BAIRRO S GARAVELO",3,3,3,1,1
AUTO_ALIAS_1A1_TOTAIS_IGUAIS,goiania,177059,6783,TORRES-838,,R  RI29,"R RI29  C-1 , BAIRRO RES ITAIPÚ",2,2,2,1,1
AUTO_ALIAS_1A1_TOTAIS_IGUAIS,goiania,308656,2193,TOSTA RIBEIRO II,,R  DO PARAISO,"R DO PARAISO CASA01 , BAIRRO VL JARDIM POMPÉIA",3,3,3,1,1
AUTO_ALIAS_1A1_TOTAIS_IGUAIS,goiania,294800,2195,TOTE ALVES II,,R  SIMILIANA BARBOSA,"R SIMILIANA BARBOSA CASA 01 , BAIRRO RES ANTÔNIO BARBOSA",3,3,3,1,1
AUTO_ALIAS_1A1_TOTAIS_IGUAIS,goiania,309345,5632,TTAF XLI,,R  OM38,"R OM38 CASA 01 , BAIRRO RES ORLANDO DE MORAIS",2,2,2,1,1
AUTO_ALIAS_1A1_TOTAIS_IGUAIS,goiania,286409,5631,TTAF XXXIX,,R  ACP24,"R ACP24 CASA 02 , BAIRRO RES ANTONIO CARLOS PIRES",2,2,2,1,1
AUTO_ALIAS_1A1_TOTAIS_IGUAIS,goiania,288247,5630,TTAF XXXVIII,,R  ACP27,"R ACP27 C-1 , BAIRRO RES ANTONIO CARLOS PIRES",2,2,2,1,1
AUTO_ALIAS_1A1_TOTAIS_IGUAIS,goiania,229271,7021,UNID. HABIT. LOTE 9-22 QD 43-A SET COIMBRA,,R  229,"R 229 ___206  CASA B , BAIRRO S COIMBRA",2,2,2,1,1
AUTO_ALIAS_1A1_TOTAIS_IGUAIS,goiania,264651,7440,URZEDA,,R  DA AMETISTA,"R DA AMETISTA CASA 01 , BAIRRO LOT GOIÂNIA 2",2,2,2,1,1
AUTO_ALIAS_1A1_TOTAIS_IGUAIS,goiania,238426,9228,VALDEMAR DE CARVALHO,,R  T38,"R T38 275     CASA 01 , BAIRRO S BUENO",5,5,5,1,1
AUTO_ALIAS_1A1_TOTAIS_IGUAIS,goiania,9580,2863,VALE DO ARAGUAIA,,AV PEDRO LUDOVICO,"AV PEDRO LUDOVICO LT S/N . , BAIRRO BRO CIDADE JARDIM",12,12,12,1,1
AUTO_ALIAS_1A1_TOTAIS_IGUAIS,goiania,365456,1243,VALE DOS PASSAROS V,,R  DONA EMILIA,"R DONA EMILIA CASA 1 , BAIRRO JD BELA VISTA",2,2,2,1,1
AUTO_ALIAS_1A1_TOTAIS_IGUAIS,goiania,376603,9,VALERIA,,R  74,"R 74 550 AP 02 , BAIRRO S CENTRAL",24,24,24,1,1
AUTO_ALIAS_1A1_TOTAIS_IGUAIS,goiania,153294,2174,V'ALMEIDA III,,R  SB24,"R SB24  CASA 01 , BAIRRO RES SOLAR BOUGAINVILLE",2,2,2,1,1
AUTO_ALIAS_1A1_TOTAIS_IGUAIS,goiania,133205,2123,VASCO RMP 04,,R  RMP4,"R RMP4  CASA 01 , BAIRRO RES MONTE PASCOAL",2,2,2,1,1
AUTO_ALIAS_1A1_TOTAIS_IGUAIS,goiania,166166,5442,VAZ & ALVARENGA VI,,R  DAS CAMELIAS,"R DAS CAMELIAS  C-1 , BAIRRO RES SANTA FÉ I",2,2,2,1,1
AUTO_ALIAS_1A1_TOTAIS_IGUAIS,goiania,142249,2133,VAZ FALCAO RMP14-V,,R  RMP14,"R RMP14  CASA01 , BAIRRO RES MONTE PASCOAL",2,2,2,1,1
AUTO_ALIAS_1A1_TOTAIS_IGUAIS,goiania,153924,4849,V CABRAL DE MORAIS RESIDENCE IV,,R  ORLANDO ALVES CARNEIRO,"R ORLANDO ALVES CARNEIRO  CASA 01 , BAIRRO RES KÁTIA",2,2,2,1,1
AUTO_ALIAS_1A1_TOTAIS_IGUAIS,goiania,223315,2008,V C FERREIRA III,,R  MDV11,"R MDV11  CASA 01 , BAIRRO LOT MOINHO DOS VENTOS",3,3,3,1,1
AUTO_ALIAS_1A1_TOTAIS_IGUAIS,goiania,166034,6400,VC IX RESIDENCE,,AV RITA CAETANO,"AV RITA CAETANO  CASA 01 , BAIRRO RES SANTA FÉ I",3,3,3,1,1
AUTO_ALIAS_1A1_TOTAIS_IGUAIS,goiania,219327,5369,VEREDAS DO CANADA,,AV VEREDA DOS BURITIS,"AV VEREDA DOS BURITIS  CASA 01 , BAIRRO RES CANADÁ",3,3,3,1,1
AUTO_ALIAS_1A1_TOTAIS_IGUAIS,goiania,119609,1689,VERTICE PONTA NEGRA II,,R  2,"R 2  CASA 02 , BAIRRO RES PONTA NEGRA",2,2,2,1,1
AUTO_ALIAS_1A1_TOTAIS_IGUAIS,goiania,124419,7251,VIANA-543,,R  DONA MORENA,"R DONA MORENA  SOBRADO 01 , BAIRRO JD MARQUES DE ABREU",3,3,3,1,1
AUTO_ALIAS_1A1_TOTAIS_IGUAIS,goiania,295126,5796,VIEIRA DE SOUZA,,R  AB19,"R AB19 CASA 01 , BAIRRO RES ALICE BARBOSA",2,2,2,1,1
AUTO_ALIAS_1A1_TOTAIS_IGUAIS,goiania,296954,10417,VILA ALEIXO 44,,R  BM10,"R BM10 CASA 02 , BAIRRO RES BRISAS DA MATA",2,2,2,1,1
AUTO_ALIAS_1A1_TOTAIS_IGUAIS,goiania,259900,2128,VILA ALMEIDA 15,,R  RB28A,"R RB28A CASA 01 , BAIRRO RES RECANTO DO BOSQUE",2,2,2,1,1
AUTO_ALIAS_1A1_TOTAIS_IGUAIS,goiania,299417,8481,VILA ALMEIDA 25,,R  OM17,"R OM17 CASA 01 , BAIRRO RES ORLANDO DE MORAIS",2,2,2,1,1
AUTO_ALIAS_1A1_TOTAIS_IGUAIS,goiania,396551,6881,VILA ALMEIDA 33,,R  RB39A,"R RB39A CASA 01 , BAIRRO RES RECANTO DO BOSQUE",2,2,2,1,1
AUTO_ALIAS_1A1_TOTAIS_IGUAIS,goiania,265624,2164,VILA ALMEIDA II,,R  RB29A,"R RB29A CASA 01 , BAIRRO RES RECANTO DO BOSQUE",2,2,2,1,1
AUTO_ALIAS_1A1_TOTAIS_IGUAIS,goiania,29515,1890,VILA ALVES 12,,R  GUARAI,"R GUARAI CASA 01 , BAIRRO S ESTRELA DALVA",2,2,2,1,1
AUTO_ALIAS_1A1_TOTAIS_IGUAIS,goiania,396475,10547,VILA ANDRADE XX,,R  RB29A,"R RB29A CASA 01 , BAIRRO RES RECANTO DO BOSQUE",2,2,2,1,1
AUTO_ALIAS_1A1_TOTAIS_IGUAIS,goiania,395666,1190,VILA BRANDAO XX,,R  RB6,"R RB6 CASA01 , BAIRRO RES RECANTO DO BOSQUE",2,2,2,1,1
AUTO_ALIAS_1A1_TOTAIS_IGUAIS,goiania,305551,7572,VILA CLEITON XX,,R  RB4,"R RB4 SOBRADO 01 , BAIRRO RES RECANTO DO BOSQUE",2,2,2,1,1
AUTO_ALIAS_1A1_TOTAIS_IGUAIS,goiania,310946,2173,VILA COUTRIM 15,,R  BM17,"R BM17 CASA 01 , BAIRRO RES BRISAS DA MATA",3,3,3,1,1
AUTO_ALIAS_1A1_TOTAIS_IGUAIS,goiania,247251,5193,VILA DIAS,,R  18A,"R 18A SALA 01 UD02 , BAIRRO S AEROPORTO",9,9,9,1,1
AUTO_ALIAS_1A1_TOTAIS_IGUAIS,goiania,256381,1692,VILA DULTRA 33,,R  COLONIA,"R COLONIA CASA 01 , BAIRRO JD NOVO MUNDO",3,3,3,1,1
AUTO_ALIAS_1A1_TOTAIS_IGUAIS,goiania,281602,7254,VILA EDUARDO 40,,R  RB25,"R RB25 CASA 01 , BAIRRO RES RECANTO DO BOSQUE",2,2,2,1,1
AUTO_ALIAS_1A1_TOTAIS_IGUAIS,goiania,14434,1457,VILA FALEIRO 2,,R  ANGICO,"R ANGICO CASA01 , BAIRRO S ESTRELA DALVA",2,2,2,1,1
AUTO_ALIAS_1A1_TOTAIS_IGUAIS,goiania,258373,2245,VILA FERREIRA 15,,R  TIA BEIJA,"R TIA BEIJA CASA 01 , BAIRRO RES ANTÔNIO BARBOSA",3,3,3,1,1
AUTO_ALIAS_1A1_TOTAIS_IGUAIS,goiania,60541,9718,VILA FONSECA 20,,R  RP5,"R RP5 LT 33 CS 01 , BAIRRO RES RECREIO PANORAMA",2,2,2,1,1
AUTO_ALIAS_1A1_TOTAIS_IGUAIS,goiania,337756,2067,VILAGE TOME DE O SILVA I,,R  DA PLATINA,"R DA PLATINA CASA 01 , BAIRRO JD NOVO MUNDO",2,2,2,1,1
AUTO_ALIAS_1A1_TOTAIS_IGUAIS,goiania,80105,7066,VILAGE TRINDADE,,R  ELAINE GALDINO DE SOUZA,"R ONERIO MARTINS VIEIRA CASA 1 , BAIRRO RES RECANTO DAS GARÇAS",3,3,3,1,1
AUTO_ALIAS_1A1_TOTAIS_IGUAIS,goiania,378860,13560,VILA GLAUBER 1,,AL DA MATA,"AL DA MATA CASA 01 , BAIRRO RES RECANTO DO BOSQUE",2,2,2,1,1
AUTO_ALIAS_1A1_TOTAIS_IGUAIS,goiania,169668,2129,VILA IZABEL 26,,R  RI2,"R RI2  CASA 01 , BAIRRO RES ITAIPÚ",5,5,5,1,1
AUTO_ALIAS_1A1_TOTAIS_IGUAIS,goiania,390000,1487,VILA JOSIAS 8,,R  RB47A,"R RB47A CASA 01 , BAIRRO RES RECANTO DO BOSQUE",2,2,2,1,1
AUTO_ALIAS_1A1_TOTAIS_IGUAIS,goiania,26121,9153,VILA KAYO 2,,R  CLAUDIO MOREIRA DOS SANTOS,"R CLAUDIO MOREIRA DOS SANTOS LT 04 CS 01 , BAIRRO S PARQUE TREMENDÃO",2,2,2,1,1
AUTO_ALIAS_1A1_TOTAIS_IGUAIS,goiania,24787,5316,VILA KIYOSHI 11,,R  20 DE JANEIRO,"R 20 DE JANEIRO CASA 01 , BAIRRO S ESTRELA DALVA",2,2,2,1,1
AUTO_ALIAS_1A1_TOTAIS_IGUAIS,goiania,19294,2051,VILA KIYOSHI 22,,R  19 DE NOVEMBRO,"R 19 DE NOVEMBRO CASA 01 , BAIRRO S ESTRELA DALVA",2,2,2,1,1
AUTO_ALIAS_1A1_TOTAIS_IGUAIS,goiania,30274,1538,VILA LUCAS 22,,R  PRINCESA DAIANA,"R PRINCESA DAIANA C-1 , BAIRRO S ESTRELA DALVA",2,2,2,1,1
AUTO_ALIAS_1A1_TOTAIS_IGUAIS,goiania,17096,1478,VILA LUZ 42,,R  CLAUDIO HENRIQUE,"R CLAUDIO HENRIQUE CASA01 , BAIRRO S ESTRELA DALVA",2,2,2,1,1
AUTO_ALIAS_1A1_TOTAIS_IGUAIS,goiania,314315,10548,VILA MATHEUS 17,,R  BM15,"R BM15 CASA01 , BAIRRO RES BRISAS DA MATA",2,2,2,1,1
AUTO_ALIAS_1A1_TOTAIS_IGUAIS,goiania,349880,9168,VILA MENDANHA 20,,AV DONA MELINHA,"AV DONA MELINHA CASA 01 , BAIRRO RES BRISAS DA MATA",2,2,2,1,1
AUTO_ALIAS_1A1_TOTAIS_IGUAIS,goiania,363867,2189,VILA NORBA 17,,R  RB18,"R RB18 CASA 01 , BAIRRO RES RECANTO DO BOSQUE",2,2,2,1,1
AUTO_ALIAS_1A1_TOTAIS_IGUAIS,goiania,25168,1567,VILA OLIVEIRA 33,,R  LORENA,"R LORENA CASA 01 , BAIRRO S ESTRELA DALVA",2,2,2,1,1
AUTO_ALIAS_1A1_TOTAIS_IGUAIS,goiania,28697,2225,VILA PAIVA 10,,R  BERDINAZI,"R BERDINAZI CASA 01 , BAIRRO S ESTRELA DALVA",2,2,2,1,1
AUTO_ALIAS_1A1_TOTAIS_IGUAIS,goiania,359479,5663,VILA RESIDENCIAL,,AL DO BOTAFOGO,"AL DO BOTAFOGO 415 CASA 01 , BAIRRO S CENTRAL",8,8,8,1,1
AUTO_ALIAS_1A1_TOTAIS_IGUAIS,goiania,348545,11506,VILA SILVESTRE 3,,R  BM20,"R BM20 CASA 01 , BAIRRO RES BRISAS DA MATA",2,2,2,1,1
AUTO_ALIAS_1A1_TOTAIS_IGUAIS,goiania,281227,1561,VILA TRAP ZAP,,R  DOS CRAVOS,"R DOS CRAVOS CASA 01 , BAIRRO LOT GOIÂNIA 2",2,2,2,1,1
AUTO_ALIAS_1A1_TOTAIS_IGUAIS,goiania,161054,1860,VILA WENDER XXI,,R  LAGOA FORMOSA,"R LAGOA FORMOSA  CASA 01 , BAIRRO RES SANTA FÉ",2,2,2,1,1
AUTO_ALIAS_1A1_TOTAIS_IGUAIS,goiania,28729,1247,VILA WISA 4,,R  3,"R 3 CASA01 , BAIRRO S ESTRELA DALVA",2,2,2,1,1
AUTO_ALIAS_1A1_TOTAIS_IGUAIS,goiania,29486,1249,VILA WISA 5,,R  3,"R 3 CASA 01 , BAIRRO S ESTRELA DALVA",2,2,2,1,1
AUTO_ALIAS_1A1_TOTAIS_IGUAIS,goiania,15779,11036,VILA WISA 9,,R  25 DE OUTUBRO,"R 25 DE OUTUBRO CASA 01 , BAIRRO S ESTRELA DALVA",2,2,2,1,1
AUTO_ALIAS_1A1_TOTAIS_IGUAIS,goiania,322971,14413,VILA WISA II,,R  BM16,"R BM24 CASA 1 , BAIRRO RES BRISAS DA MATA",3,3,3,1,1
AUTO_ALIAS_1A1_TOTAIS_IGUAIS,goiania,19518,1226,VILLA CANDIDA DE SOUSA,,R  19A,"R 19A CASA01 , BAIRRO S ESTRELA DALVA",2,2,2,1,1
AUTO_ALIAS_1A1_TOTAIS_IGUAIS,goiania,24847,1275,VILLA COSTA SILVA XXII,,R  GUARAI,"R GUARAI CASA 01 , BAIRRO S ESTRELA DALVA",2,2,2,1,1
AUTO_ALIAS_1A1_TOTAIS_IGUAIS,goiania,23130,11007,VILLA FERREIRA SILVA 5,,R  18 DE NOVEMBRO,"R 18 DE NOVEMBRO CASA 01 , BAIRRO S ESTRELA DALVA",2,2,2,1,1
AUTO_ALIAS_1A1_TOTAIS_IGUAIS,goiania,261527,6377,VILLAGE,,R  RSL10,"R RSL10 C-1 , BAIRRO RES SÃO LEOPOLDO",2,2,2,1,1
AUTO_ALIAS_1A1_TOTAIS_IGUAIS,goiania,212875,11070,VILLAGE,,R  VV8,"R VV8  CASA 01 , BAIRRO VLG VENEZA",2,2,2,1,1
AUTO_ALIAS_1A1_TOTAIS_IGUAIS,goiania,181428,5747,VILLAGE ALVES AMARAL VI,,AL SONECA,"AL SONECA  , BAIRRO JD IPANEMA",2,2,2,1,1
AUTO_ALIAS_1A1_TOTAIS_IGUAIS,goiania,175349,1759,VILLAGE ALVES CORDEIRO,,R  AC3,"R AC3  C-1 , BAIRRO RES ANA CLARA",2,2,2,1,1
AUTO_ALIAS_1A1_TOTAIS_IGUAIS,goiania,339791,7131,VILLAGE ALVES MARTINS I,,R  GAMELEIRA,"R GAMELEIRA CASA 01 , BAIRRO BRO SANTA GENOVEVA",2,2,2,1,1
AUTO_ALIAS_1A1_TOTAIS_IGUAIS,goiania,365601,5470,VILLAGE ARMANDO DE CASTILHO I,,R  TAMOIOS,"R GOIANAZES S/N CASA 04 , BAIRRO LOT SHANGRY-LA",3,3,3,1,1
AUTO_ALIAS_1A1_TOTAIS_IGUAIS,goiania,279416,5612,VILLAGE BATISTA AMARAL III,,R  MEXICO,"R MEXICO SOBRADO 01 , BAIRRO VL MARIA LUIZA",2,2,2,1,1
AUTO_ALIAS_1A1_TOTAIS_IGUAIS,goiania,172744,1529,VILLAGE BELELI DOS SANTOS,,R  UNAI,"R UNAI  CASA 01 , BAIRRO RES CAMPOS DOURADOS",2,2,2,1,1
AUTO_ALIAS_1A1_TOTAIS_IGUAIS,goiania,403015,9945,VILLAGE CAMILO LOBO I,,R  8,"R 8 CASA 01 , BAIRRO S SANTOS DUMONT",3,3,3,1,1
AUTO_ALIAS_1A1_TOTAIS_IGUAIS,goiania,76838,5738,VILLAGE CARMO RO,,R  FILOMENA FAUSTA,"R FILOMENA FAUSTA  CASA 01 , BAIRRO RES PILAR DOS SONHOS",3,3,3,1,1
AUTO_ALIAS_1A1_TOTAIS_IGUAIS,goiania,127751,2036,VILLAGE CORREIA MARQUES II,,R  SM28,"R SM28  CASA 01 , BAIRRO RES SÃO MARCOS",2,2,2,1,1
AUTO_ALIAS_1A1_TOTAIS_IGUAIS,goiania,115138,2017,VILLAGE COSTA III,,R  PH9,"R PH9  CASA 01 , BAIRRO LOT SOLANGE PARQUE III",2,2,2,1,1
AUTO_ALIAS_1A1_TOTAIS_IGUAIS,goiania,127637,2105,VILLAGE DAVID II,,R  SM3,"R SM3  CASA01 , BAIRRO RES SÃO MARCOS",3,3,3,1,1
AUTO_ALIAS_1A1_TOTAIS_IGUAIS,goiania,249607,1795,VILLAGE DEZZEN V,,R  DAS PAINEIRAS,"R DAS PAINEIRAS CASA 01 , BAIRRO JD MARILIZA",2,2,2,1,1
AUTO_ALIAS_1A1_TOTAIS_IGUAIS,goiania,223348,1861,VILLAGE DI FERREIRA V,,R  MDV21,"R MDV21  CASA 01 , BAIRRO LOT MOINHO DOS VENTOS",2,2,2,1,1
AUTO_ALIAS_1A1_TOTAIS_IGUAIS,goiania,223345,2188,VILLAGE DI FERREIRA VI,,R  MDV21,"R MDV21  CASA01 , BAIRRO LOT MOINHO DOS VENTOS",2,2,2,1,1
AUTO_ALIAS_1A1_TOTAIS_IGUAIS,goiania,236128,10904,VILLAGE DOS ANJOS,,AV PADRE ORLANDO MORAIS,"R PADRE JOAO PIAN SN      CASA 01 , BAIRRO PRQ AMAZÔNIA",2,2,2,1,1
AUTO_ALIAS_1A1_TOTAIS_IGUAIS,goiania,159503,4974,VILLAGE ELISIOS PEREIRA DA SILVA I,,R  DOS CAMPOS ELISIOS,"R DOS CAMPOS ELISIOS  SOB 01 , BAIRRO RES SANTA FÉ",3,3,3,1,1
AUTO_ALIAS_1A1_TOTAIS_IGUAIS,goiania,156218,1858,VILLAGE FELIZARDO PINHEIRO II,,R  R15,"R R15  CASA 01 , BAIRRO RES VILLAGE SANTA RITA I",2,2,2,1,1
AUTO_ALIAS_1A1_TOTAIS_IGUAIS,goiania,369916,1297,VILLAGE FERREIRA PONTES I,,R  ZULNEY FERREIRA,"R ZULNEY FERREIRA CASA01 , BAIRRO RES ARUANÃ - COMPLEMENTO",2,2,2,1,1
AUTO_ALIAS_1A1_TOTAIS_IGUAIS,goiania,346105,2219,VILLAGE FLANBOYANT I,,R  AB7,"R AB7 C-1 , BAIRRO RES ALICE BARBOSA",2,2,2,1,1
AUTO_ALIAS_1A1_TOTAIS_IGUAIS,goiania,360241,2220,VILLAGE FLANBOYANT III,,R  RB15A,"R RB15A CASA 01 , BAIRRO RES RECANTO DO BOSQUE",2,2,2,1,1
AUTO_ALIAS_1A1_TOTAIS_IGUAIS,goiania,381646,5813,VILLAGE F. MACHADO I,,R  J57,"R J57 SOBRADO 01 , BAIRRO S JAÓ",2,2,2,1,1
AUTO_ALIAS_1A1_TOTAIS_IGUAIS,goiania,15216,6926,VILLAGE GOMES 114,,R  DR JAIRO,"R DR JAIRO LT S/N . , BAIRRO S PARQUE TREMENDÃO",2,2,2,1,1
AUTO_ALIAS_1A1_TOTAIS_IGUAIS,goiania,154201,1425,VILLAGE HENRIQUE ROCHA III,,R  SRM21,"R SRM21  CASA 2 , BAIRRO RES VILLAGE SANTA RITA IV",3,3,3,1,1
AUTO_ALIAS_1A1_TOTAIS_IGUAIS,goiania,242236,2000,VILLAGE II,,R  T51,"R T51 S/N     CASA 01 , BAIRRO S BUENO",4,4,4,1,1
AUTO_ALIAS_1A1_TOTAIS_IGUAIS,goiania,116573,5450,VILLAGE ISABELA MELO I,,R  LUCIANO CAPUZZO,"R LUCIANO CAPUZZO  CASA01 , BAIRRO LOT SOLANGE PARQUE II",2,2,2,1,1
AUTO_ALIAS_1A1_TOTAIS_IGUAIS,goiania,311844,5370,VILLAGE LAG.DA SILVA III,,R  MOGNO,"R MOGNO SOBRADO 01 , BAIRRO LOT GOIÂNIA 2",3,3,3,1,1
AUTO_ALIAS_1A1_TOTAIS_IGUAIS,goiania,77766,2126,VILLAGE LUANDA V,,R  GUAIBIM,"R GUAIBIM CASA 01 , BAIRRO S BARRA DA TIJUCA",2,2,2,1,1
AUTO_ALIAS_1A1_TOTAIS_IGUAIS,goiania,159713,2169,VILLAGE LUANDA VIII,,AV SEBASTIANA SOARES FARIA,"AV SEBASTIANA SOARES FARIA  CASA 02 , BAIRRO RES FIDÉLIS",2,2,2,1,1
AUTO_ALIAS_1A1_TOTAIS_IGUAIS,goiania,178007,2176,VILLAGE LUCIA SOARES I,,R  RI11,"R RI11  CASA 01 , BAIRRO RES ITAIPÚ",2,2,2,1,1
AUTO_ALIAS_1A1_TOTAIS_IGUAIS,goiania,234954,1502,VILLAGE MACEDO MONTEIRO I,,R  IGARAPE,"R IGARAPE  SOB 01 , BAIRRO PRQ AMAZÔNIA",3,3,3,1,1
AUTO_ALIAS_1A1_TOTAIS_IGUAIS,goiania,363722,6932,VILLAGE MARIA DA SILVA I,,R  QUEIROZ BARRETO,"R QUEIROZ BARRETO C-1 , BAIRRO PRQ DAS AMENDOEIRAS",2,2,2,1,1
AUTO_ALIAS_1A1_TOTAIS_IGUAIS,goiania,190000,1519,VILLAGE MARQUES FAGUNDES,,R  DA OSTRA,"R DA OSTRA  CASA 01 , BAIRRO JD ATLÂNTICO",2,2,2,1,1
AUTO_ALIAS_1A1_TOTAIS_IGUAIS,goiania,322612,5565,VILLAGE MARTINS REZENDE I,,R  SR2,"AV AMERICA SOB 01 , BAIRRO S RECANTO DAS MINAS GERAIS",4,4,4,1,1
AUTO_ALIAS_1A1_TOTAIS_IGUAIS,goiania,183103,1547,VILLAGE NOGUEIRA XI,,R  G6,"R G6  CASA 01 , BAIRRO S GRAJAÚ",2,2,2,1,1
AUTO_ALIAS_1A1_TOTAIS_IGUAIS,goiania,31147,2170,VILLAGE NOROESTE II,,R  H,"R H LT S/N . , BAIRRO S PARQUE TREMENDÃO",3,3,3,1,1
AUTO_ALIAS_1A1_TOTAIS_IGUAIS,goiania,126176,1481,VILLAGE NOVA AURORA I,,R  COCHABAMBA,"R COCHABAMBA  CASA 01 , BAIRRO RES NOVA AURORA",5,5,5,1,1
AUTO_ALIAS_1A1_TOTAIS_IGUAIS,goiania,122018,7200,VILLAGE NUNES RIBEIRO I,,R  INHUMAS,"R INHUMAS  CASA 01 , BAIRRO PRQ INDUSTRIAL JOÃO BRAZ",3,3,3,1,1
AUTO_ALIAS_1A1_TOTAIS_IGUAIS,goiania,252458,6453,VILLAGE PADRAO AMORIM I,,R  FL45,"R FL45 C-1 , BAIRRO PRQ DAS FLORES",2,2,2,1,1
AUTO_ALIAS_1A1_TOTAIS_IGUAIS,goiania,392946,1802,VILLAGE P ALVES DA SILVA I,,R  JOAO BORGES DA MATTA,"R MAGDA ROSA CASA 01 , BAIRRO RES VALE DO ARAGUAIA",2,2,2,1,1
AUTO_ALIAS_1A1_TOTAIS_IGUAIS,goiania,139541,12434,VILLAGE PASCOAL BORGES II,,R  RMP5,"R RMP5  CASA 01 , BAIRRO RES MONTE PASCOAL",2,2,2,1,1
AUTO_ALIAS_1A1_TOTAIS_IGUAIS,goiania,284372,6556,VILLAGE QUINTINO I,,R  ILLINOIS,"R ILLINOIS S/N CASA 01 , BAIRRO JD NOVO MUNDO",2,2,2,1,1
AUTO_ALIAS_1A1_TOTAIS_IGUAIS,goiania,380613,1642,VILLAGE RESENDE FRAGA I,,AV ACARI PASSOS,"AV ACARI PASSOS CASA 01 , BAIRRO RES OLINDA",2,2,2,1,1
AUTO_ALIAS_1A1_TOTAIS_IGUAIS,goiania,340224,5669,VILLAGE RIBEIRO E AMORIM XL,,R  CR4,"R FL42  CASA 01 , BAIRRO RES ITÁLIA",2,2,2,1,1
AUTO_ALIAS_1A1_TOTAIS_IGUAIS,goiania,298231,5644,VILLAGE RIBEIRO E AMORIM XLI,,R  OM24,"R OM21 CASA 01 , BAIRRO RES ORLANDO DE MORAIS",3,3,3,1,1
AUTO_ALIAS_1A1_TOTAIS_IGUAIS,goiania,248960,5549,VILLAGE RIBEIRO E AMORIM XXL,,R  OM19,"R OM19 CASA 01 , BAIRRO RES ORLANDO DE MORAIS",2,2,2,1,1
AUTO_ALIAS_1A1_TOTAIS_IGUAIS,goiania,261662,4930,VILLAGE RIBEIRO E AMORIM XXV,,R  ACP22,"R ACP22 CASA 02 , BAIRRO RES ANTONIO CARLOS PIRES",2,2,2,1,1
AUTO_ALIAS_1A1_TOTAIS_IGUAIS,goiania,319253,5550,VILLAGE RIBEIRO E AMORIM XXX,,R  AB1,"R AB01 CASA 01 , BAIRRO RES ALICE BARBOSA",2,2,2,1,1
AUTO_ALIAS_1A1_TOTAIS_IGUAIS,goiania,222284,5520,VILLAGE RODRIGUES DE ASSIS,,R  MDV22,"R MDV22  CASA 01 , BAIRRO LOT MOINHO DOS VENTOS",2,2,2,1,1
AUTO_ALIAS_1A1_TOTAIS_IGUAIS,goiania,285404,4362,VILLAGE RORIZ E SILVA I,,AV FRANCA,"AV FRANCA CASA-01 , BAIRRO RES VILLE DE FRANCE",2,2,2,1,1
AUTO_ALIAS_1A1_TOTAIS_IGUAIS,goiania,156486,2018,VILLAGE ROSA DA SILVA V,,R  SRM16,"R SRM16  CASA 01 , BAIRRO RES VILLAGE SANTA RITA I",2,2,2,1,1
AUTO_ALIAS_1A1_TOTAIS_IGUAIS,goiania,361615,1661,VILLAGE ROSA PIRES,,R  ACP03,"R ACP22 CASA 02 , BAIRRO RES ANTONIO CARLOS PIRES",2,2,2,1,1
AUTO_ALIAS_1A1_TOTAIS_IGUAIS,goiania,284187,1884,VILLAGE SANTOS MARTINS I,,R  AFONSO VIEIRA ROSA,"R JOVINO BORGES DA SILVA CASA 01 , BAIRRO RES VALE DO ARAGUAIA",2,2,2,1,1
AUTO_ALIAS_1A1_TOTAIS_IGUAIS,goiania,209608,1659,VILLAGE SENA LOPES I,,R  CARTAGENA,"R CARTAGENA  CASA 01 , BAIRRO S TRÊS MARIAS",2,2,2,1,1
AUTO_ALIAS_1A1_TOTAIS_IGUAIS,goiania,188458,4740,VILLAGE SOUSA RESENDE V,,R  DO MARISCO,"R DO MARISCO  C-1 , BAIRRO JD ATLÂNTICO",2,2,2,1,1
AUTO_ALIAS_1A1_TOTAIS_IGUAIS,goiania,123199,2202,VILLAGE TELES CARDOSO XX,,AV BURITI,"AV BURITI  CASA 01 , BAIRRO BRO JARDIM BOTÂNICO",5,5,5,1,1
AUTO_ALIAS_1A1_TOTAIS_IGUAIS,goiania,165967,6573,VILLAGE TELES DE CARVALHO II,,R  BENEDITO ROCHA,"R BENEDITO ROCHA  CASA 01 , BAIRRO RES SANTA FÉ",2,2,2,1,1
AUTO_ALIAS_1A1_TOTAIS_IGUAIS,goiania,133447,1735,VILLAGE TELLMAN II,,R  JOSE PEREIRA BORGES,"R JOSE PEREIRA BORGES  CASA 01 , BAIRRO JD SÃO JOSÉ",2,2,2,1,1
AUTO_ALIAS_1A1_TOTAIS_IGUAIS,goiania,388929,1832,VILLA HELENA XX,,R  ALCIDIA SANTANA,"R ALCIDIA SANTANA  CASA 01 , BAIRRO RES DAS ACÁCIAS",2,2,2,1,1
AUTO_ALIAS_1A1_TOTAIS_IGUAIS,goiania,259675,14499,VILLA MAGGI,,R  RB28A,"R RB28A CASA 01 , BAIRRO RES RECANTO DO BOSQUE",2,2,2,1,1
AUTO_ALIAS_1A1_TOTAIS_IGUAIS,goiania,86123,9106,VILLA SILVESTRE 10,,R  SV15,"R SV15 CASA 01 , BAIRRO RES SOLAR VILLE",2,2,2,1,1
AUTO_ALIAS_1A1_TOTAIS_IGUAIS,goiania,237179,6323,VILLA TIVOLI I,,R  MANAUS,"R MANAUS  CASA 01 , BAIRRO PRQ AMAZÔNIA",2,2,2,1,1
AUTO_ALIAS_1A1_TOTAIS_IGUAIS,goiania,216474,5725,VILLE CENTER,,R  CV16,"R CV16  CASA 01 , BAIRRO RES CENTER VILLE",2,2,2,1,1
AUTO_ALIAS_1A1_TOTAIS_IGUAIS,goiania,318502,6449,VILLE DE CASTRO II,,AV FRANCA,"AV FRANCA CASA 01 , BAIRRO RES VILLE DE FRANCE",2,2,2,1,1
AUTO_ALIAS_1A1_TOTAIS_IGUAIS,goiania,171988,2002,VINICIUS DE MORAES,,R  W9,"R W9  CASA-01 , BAIRRO JD ITAIPÚ",2,2,2,1,1
AUTO_ALIAS_1A1_TOTAIS_IGUAIS,goiania,84028,7140,VITORIA CARNEIRO,,R  3,"R 3 CASA 01 , BAIRRO S SANTOS DUMONT",3,3,3,1,1
AUTO_ALIAS_1A1_TOTAIS_IGUAIS,goiania,147131,5981,VITORIA MACHADO,,R  C125,"R C125 S/N     CASA 02 , BAIRRO BRO JARDIM AMÉRICA",2,2,2,1,1
AUTO_ALIAS_1A1_TOTAIS_IGUAIS,goiania,344205,5609,VIVENDA PEREIRA SILVA IV,,R  AB9,"R AB9 C-1 , BAIRRO RES ALICE BARBOSA",2,2,2,1,1
AUTO_ALIAS_1A1_TOTAIS_IGUAIS,goiania,121083,5740,V.S.P RESIDENCI III,,R  PN3,"R PN3  CASA 01 , BAIRRO RES PONTA NEGRA",3,3,3,1,1
AUTO_ALIAS_1A1_TOTAIS_IGUAIS,goiania,170309,5383,W-ALMEIDA 03,,R  RI3,"R RI3  CASA01 , BAIRRO RES ITAIPÚ",3,3,3,1,1
AUTO_ALIAS_1A1_TOTAIS_IGUAIS,goiania,224886,6205,W.C.O.J IV RESIDENCE,,R  JOAO LUIZ,"R JOAO LUIZ  CASA 01 , BAIRRO VL SANTA RITA - 5ª ETAPA",2,2,2,1,1
AUTO_ALIAS_1A1_TOTAIS_IGUAIS,goiania,203409,6796,W.C.O.J RESIDENCE,,R  OSVALDO CRUZ,"R OSVALDO CRUZ  CASA 01 , BAIRRO JD VILA BOA",2,2,2,1,1
AUTO_ALIAS_1A1_TOTAIS_IGUAIS,goiania,175401,2158,WELLINGTON ANA CLARA,,R  AC3,"R AC3  CASA 01 , BAIRRO RES ANA CLARA",3,3,3,1,1
AUTO_ALIAS_1A1_TOTAIS_IGUAIS,goiania,378753,2277,WESLEY CASTRO II,,R  ACP28,"R ACP28 CASA 01 , BAIRRO RES ANTONIO CARLOS PIRES",2,2,2,1,1
AUTO_ALIAS_1A1_TOTAIS_IGUAIS,goiania,198255,6419,WILLIAN TELES,,R  HIGUERAS,"R HIGUERAS  CASA 01 , BAIRRO S TRÊS MARIAS",2,2,2,1,1
AUTO_ALIAS_1A1_TOTAIS_IGUAIS,goiania,157815,5708,WIRLLAN FERREIRA,,R  ALPHA28,"R ALPHA28  CASA 01 , BAIRRO LOT ALPHAVILLE RESIDENCIAL",3,3,3,1,1
AUTO_ALIAS_1A1_TOTAIS_IGUAIS,goiania,279237,2156,ZELIA MARIA II,,R  11,"R 11 CASA01 , BAIRRO RES PAULO ESTRELA",2,2,2,1,1
AUTO_ALIAS_1A1_TOTAIS_IGUAIS,goiania,352939,6244,ZELIA MARIA XII,,R  COSTA PARANHOS,"R COSTA PARANHOS CASA 01 , BAIRRO PRQ DAS AMENDOEIRAS",2,2,2,1,1
AUTO_ALIAS_1A1_TOTAIS_IGUAIS,goiania,363974,6194,ZELIA MARIA XIII,,R  COSTA PARANHOS,"R COSTA PARANHOS CASA 01 , BAIRRO PRQ DAS AMENDOEIRAS",2,2,2,1,1
